Time (s),Intensity
1,455
2,455
3,454
4,454
5,454
6,454
7,455
8,455
9,454
10,455
11,455
12,455
13,454
14,455
16,401
17,440
18,411
19,440
20,412
21,416
22,412
23,411
24,447
25,418
26,434
27,414
28,421
29,424
30,423
31,448
32,422
33,423
34,422
35,431
36,444
37,423
38,448
39,426
40,429
41,429
42,431
43,449
44,431
45,441
46,436
47,429
48,432
49,439
50,450
51,434
52,438
53,436
54,435
55,445
56,435
58,448
59,438
60,440
61,437
62,439
63,450
64,435
65,440
66,436
67,437
68,445
69,438
70,450
71,438
72,441
73,440
74,443
75,452
76,439
77,446
78,437
79,439
80,437
81,439
82,452
83,442
84,442
85,438
86,439
87,448
88,442
89,450
90,439
91,441
92,438
93,443
94,452
95,439
96,442
97,440
98,443
99,447
101,439
102,452
103,442
104,441
105,436
106,443
107,452
108,442
109,443
110,442
111,441
112,445
113,442
114,451
115,440
116,441
117,442
118,443
119,451
120,442
121,447
122,439
123,441
124,442
125,443
126,452
127,443
128,444
129,438
130,445
131,448
132,442
133,452
134,442
135,441
136,442
137,443
138,450
139,444
140,447
141,439
142,445
144,442
145,441
146,452
147,442
148,442
149,442
150,443
151,449
152,443
153,450
154,441
155,443
156,438
157,445
158,452
159,440
160,447
161,442
162,441
163,448
164,442
165,451
166,443
167,443
168,444
169,443
170,451
171,444
172,446
173,440
174,445
175,444
176,445
177,452
178,439
179,444
180,440
181,445
182,452
183,447
184,453
186,448
187,454
188,454
189,452
190,455
191,455
192,464
193,456
194,456
195,454
196,451
197,454
198,455
199,458
200,456
201,456
202,455
203,455
204,456
205,455
206,459
207,455
208,455
209,447
210,455
211,455
212,453
213,454
214,455
215,454
216,455
217,455
218,455
219,455
220,455
221,454
222,455
223,455
224,455
225,456
226,455
227,455
229,455
230,455
231,454
232,455
233,454
234,448
235,455
236,455
237,455
238,454
239,453
240,455
241,455
242,456
243,455
244,455
245,455
246,454
247,454
248,455
249,455
250,455
251,456
252,455
253,454
254,448
255,454
256,454
257,455
258,455
259,449
260,455
261,455
262,454
263,454
264,454
265,455
266,456
267,456
268,455
269,455
270,455
272,455
273,455
274,455
275,455
276,455
277,455
278,455
279,454
280,454
281,454
282,455
283,455
284,456
285,455
286,455
287,454
288,454
289,455
290,455
291,455
292,456
293,456
294,455
295,455
296,454
297,454
298,455
299,455
300,455
301,455
302,455
303,455
304,455
305,455
306,455
307,455
308,455
309,455
310,455
311,455
312,455
314,455
315,455
316,455
317,455
318,455
319,455
320,455
321,454
322,454
323,455
324,455
325,455
326,455
327,455
328,455
329,454
330,454
331,455
332,456
333,456
334,455
335,455
336,455
337,454
338,455
339,455
340,455
341,455
342,455
343,455
344,455
345,455
346,454
347,454
348,455
349,456
350,455
351,456
352,455
353,455
354,455
355,455
357,454
358,454
359,455
360,455
361,453
362,454
363,454
364,454
365,454
366,455
367,455
368,454
369,455
370,455
371,455
372,455
373,455
374,455
375,455
376,455
377,454
378,455
379,454
380,454
381,454
382,455
383,455
384,455
385,455
386,455
387,455
388,454
389,455
390,455
391,456
392,456
393,455
394,455
395,454
396,454
397,455
398,455
400,455
401,455
402,455
403,455
404,454
405,454
406,455
407,455
408,455
409,455
410,455
411,455
412,455
413,455
414,454
415,455
416,455
417,455
418,455
419,455
420,455
421,454
422,454
423,455
424,455
425,455
426,455
427,455
428,455
429,454
430,455
431,455
432,455
433,455
434,455
435,455
436,455
437,454
438,454
439,455
440,455
442,455
443,455
444,455
445,455
446,454
447,455
448,455
449,455
450,455
451,456
452,456
453,455
454,455
455,454
456,455
457,455
458,455
459,455
460,455
461,455
462,454
463,454
464,454
465,455
466,456
467,456
468,455
469,455
470,454
471,455
472,455
473,455
474,455
475,455
476,455
477,455
478,455
479,454
480,454
481,455
482,455
483,455
485,456
486,455
487,455
488,455
489,454
490,455
491,455
492,456
493,456
494,455
495,455
496,454
497,455
498,455
499,455
500,456
501,455
502,455
503,455
504,455
505,454
506,455
507,455
508,455
509,456
510,455
511,455
512,455
513,455
514,455
515,455
516,455
517,455
518,455
519,455
520,454
521,455
522,455
523,455
524,455
525,455
526,455
528,455
529,454
530,454
531,455
532,455
533,456
534,456
535,455
536,455
537,455
538,455
539,454
540,455
541,455
542,456
543,455
544,455
545,454
546,454
547,454
548,455
549,455
550,455
551,456
552,456
553,455
554,454
555,455
556,455
557,455
558,455
559,455
560,455
561,455
562,454
563,454
564,455
565,455
566,455
567,456
568,455
570,455
571,455
572,455
573,455
574,455
575,455
576,455
577,455
578,455
579,454
580,455
581,455
582,455
583,456
584,455
585,455
586,455
587,454
588,454
589,455
590,455
591,456
592,456
593,456
594,455
595,454
596,454
597,454
598,455
599,455
600,455
601,455
602,455
603,455
604,455
605,455
606,455
607,455
608,456
609,455
610,455
611,455
613,455
614,455
615,455
616,455
617,455
618,456
619,455
620,455
621,455
622,454
623,455
624,455
625,455
626,455
627,455
628,455
629,454
630,454
631,455
632,456
633,456
634,455
635,455
636,455
637,454
638,454
639,455
640,455
641,455
642,456
643,455
644,455
645,454
646,454
647,455
648,455
649,455
650,456
651,456
652,456
653,455
654,455
656,455
657,455
658,455
659,455
660,455
661,455
662,454
663,454
664,454
665,455
666,455
667,455
668,455
669,455
670,455
671,455
672,455
673,456
674,455
675,455
676,455
677,455
678,454
679,454
680,454
681,455
682,455
683,455
684,455
685,455
686,455
687,454
688,454
689,455
690,455
691,456
692,456
693,455
694,455
695,454
696,454
698,452
699,455
700,456
701,455
702,455
703,454
704,454
705,454
706,455
707,455
708,455
709,455
710,455
711,455
712,455
713,455
714,455
715,455
716,455
717,455
718,455
719,455
720,454
721,454
722,454
723,455
724,455
725,455
726,455
727,455
728,454
729,454
730,454
731,455
732,456
733,455
734,455
735,455
736,455
737,454
738,454
739,454
741,455
742,455
743,455
744,453
745,455
746,455
747,454
748,455
749,453
750,455
751,455
752,456
753,455
754,454
755,454
756,455
757,454
758,454
759,455
760,455
761,455
762,454
763,454
764,454
765,455
766,455
767,455
768,455
769,455
770,454
771,455
772,455
773,455
774,455
775,455
776,455
777,455
778,454
779,454
780,454
781,455
782,455
784,455
785,455
786,455
787,454
788,454
789,454
790,455
791,455
792,456
793,456
794,455
795,455
796,454
797,454
798,455
799,455
800,455
801,455
802,455
803,455
804,454
805,454
806,455
807,455
808,455
809,455
810,455
811,455
812,455
813,455
814,454
815,455
816,455
817,455
818,455
819,455
820,455
821,454
822,455
823,455
824,455
826,455
827,455
828,454
829,454
830,454
831,454
832,455
833,456
834,455
835,455
836,455
837,443
838,453
839,455
840,455
841,455
842,455
843,455
844,455
845,455
846,454
847,454
848,455
849,455
850,455
851,455
852,455
853,454
854,454
855,454
856,455
857,455
858,455
859,454
860,455
861,454
862,454
863,454
864,455
865,455
866,455
867,455
869,455
870,455
871,454
872,455
873,455
874,455
875,455
876,455
877,455
878,455
879,455
880,454
881,455
882,455
883,455
884,455
885,455
886,455
887,454
888,454
889,455
890,455
891,456
892,455
893,455
894,455
895,455
896,455
897,455
898,455
899,455
900,455
901,455
902,455
903,455
904,454
905,455
906,455
907,455
908,455
909,455
910,455
912,455
913,455
914,454
915,455
916,455
917,456
918,455
919,455
920,454
921,454
922,454
923,455
924,455
925,455
926,455
927,455
928,455
929,454
930,454
931,455
932,456
933,456
934,455
935,455
936,455
937,454
938,454
939,454
940,455
941,455
942,455
943,455
944,455
945,454
946,454
947,455
948,455
949,455
950,455
951,456
952,455
954,454
955,454
956,454
957,454
958,455
959,455
960,455
961,454
962,454
963,454
964,454
965,455
966,455
967,455
968,455
969,455
970,455
971,455
972,455
973,455
974,455
975,455
976,455
977,455
978,455
979,454
980,454
981,455
982,455
983,455
984,455
985,455
986,455
987,455
988,454
989,455
990,455
991,456
992,456
993,455
994,455
995,454
997,455
998,455
999,455
1000,455
1001,455
1002,455
1003,454
1004,454
1005,454
1006,454
1007,455
1008,455
1009,455
1010,455
1011,455
1012,455
1013,455
1014,455
1015,455
1016,455
1017,455
1018,455
1019,455
1020,454
1021,454
1022,454
1023,455
1024,455
1025,455
1026,455
1027,455
1028,455
1029,454
1030,454
1031,455
1032,456
1033,455
1034,455
1035,455
1036,454
1037,454
1038,454
1040,455
1041,455
1042,455
1043,455
1044,455
1045,454
1046,454
1047,454
1048,455
1049,455
1050,455
1051,455
1052,456
1053,455
1054,454
1055,454
1056,455
1057,455
1058,455
1059,455
1060,455
1061,455
1062,454
1063,454
1064,454
1065,455
1066,455
1067,455
1068,455
1069,455
1070,455
1071,455
1072,455
1073,455
1074,456
1075,455
1076,455
1077,455
1078,454
1079,454
1080,454
1082,455
1083,455
1084,455
1085,455
1086,455
1087,455
1088,454
1089,454
1090,455
1091,455
1092,456
1093,456
1094,455
1095,455
1096,455
1097,454
1098,455
1099,455
1100,455
1101,455
1102,455
1103,455
1104,454
1105,455
1106,455
1107,455
1108,455
1109,456
1110,455
1111,455
1112,455
1113,455
1114,455
1115,455
1116,455
1117,455
1118,454
1119,448
1120,454
1121,455
1122,455
1123,455
1125,455
1126,455
1127,453
1128,455
1129,454
1130,454
1131,454
1132,455
1133,456
1134,455
1135,455
1136,447
1137,454
1138,455
1139,454
1140,454
1141,455
1142,455
1143,455
1144,455
1145,454
1146,454
1147,454
1148,454
1149,455
1150,455
1151,456
1152,456
1153,455
1154,454
1155,454
1156,455
1157,455
1158,455
1159,455
1160,455
1161,454
1162,454
1163,455
1164,455
1165,455
1166,456
1168,455
1169,455
1170,454
1171,454
1172,455
1173,455
1174,455
1175,455
1176,455
1177,455
1178,454
1179,454
1180,454
1181,455
1182,455
1183,455
1184,455
1185,455
1186,455
1187,454
1188,454
1189,455
1190,455
1191,456
1192,456
1193,456
1194,455
1195,454
1196,454
1197,454
1198,455
1199,455
1200,455
1201,455
1202,455
1203,454
1204,454
1205,454
1206,455
1207,455
1208,456
1210,455
1211,455
1212,455
1213,455
1214,455
1215,455
1216,455
1217,454
1218,455
1219,454
1220,455
1221,454
1222,455
1223,455
1224,455
1225,455
1226,456
1227,455
1228,455
1229,454
1230,454
1231,455
1232,456
1233,456
1234,455
1235,455
1236,454
1237,454
1238,454
1239,453
1240,455
1241,455
1242,455
1243,455
1244,454
1245,454
1246,454
1247,455
1248,455
1249,455
1250,455
1251,456
1253,455
1254,454
1255,454
1256,454
1257,455
1258,455
1259,455
1260,455
1261,455
1262,454
1263,454
1264,455
1265,455
1266,455
1267,455
1268,455
1269,455
1270,454
1271,454
1272,454
1273,455
1274,455
1275,455
1276,455
1277,455
1278,454
1279,454
1280,454
1281,455
1282,455
1283,455
1284,454
1285,455
1286,454
1287,454
1288,454
1289,455
1290,455
1291,456
1292,455
1293,455
1294,455
1296,454
1297,453
1298,455
1299,455
1300,455
1301,455
1302,455
1303,454
1304,454
1305,454
1306,455
1307,455
1308,455
1309,455
1310,455
1311,455
1312,455
1313,455
1314,454
1315,455
1316,455
1317,455
1318,455
1319,455
1320,454
1321,454
1322,454
1323,455
1324,455
1325,455
1326,455
1327,455
1328,454
1329,454
1330,455
1331,455
1332,456
1333,455
1334,455
1335,455
1336,454
1338,454
1339,454
1340,455
1341,455
1342,455
1343,455
1344,455
1345,454
1346,454
1347,455
1348,455
1349,455
1350,456
1351,456
1352,455
1353,455
1354,454
1355,454
1356,455
1357,455
1358,455
1359,455
1360,455
1361,455
1362,454
1363,454
1364,455
1365,455
1366,456
1367,455
1368,455
1369,455
1370,455
1371,455
1372,455
1373,455
1374,455
1375,455
1376,455
1377,455
1378,454
1379,454
1381,455
1382,455
1383,455
1384,455
1385,455
1386,455
1387,455
1388,454
1389,454
1390,455
1391,455
1392,455
1393,456
1394,455
1395,454
1396,454
1397,455
1398,455
1399,455
1400,455
1401,455
1402,455
1403,454
1404,454
1405,454
1406,455
1407,455
1408,455
1409,455
1410,455
1411,455
1412,455
1413,454
1414,454
1415,455
1416,455
1417,455
1418,455
1419,454
1420,454
1421,454
1422,455
1424,455
1425,455
1426,455
1427,455
1428,455
1429,454
1430,454
1431,454
1432,456
1433,456
1434,455
1435,455
1436,455
1437,455
1438,454
1439,455
1440,455
1441,455
1442,455
1443,455
1444,454
1445,454
1446,454
1447,454
1448,455
1449,455
1450,455
1451,456
1452,455
1453,455
1454,454
1455,454
1456,455
1457,455
1458,455
1459,455
1460,454
1461,454
1462,454
1463,454
1464,455
1466,455
1467,455
1468,455
1469,455
1470,454
1471,454
1472,455
1473,455
1474,455
1475,455
1476,455
1477,455
1478,455
1479,454
1480,454
1481,455
1482,455
1483,455
1484,456
1485,455
1486,455
1487,454
1488,454
1489,455
1490,455
1491,456
1492,456
1493,456
1494,455
1495,454
1496,454
1497,454
1498,455
1499,455
1500,455
1501,455
1502,454
1503,454
1504,454
1505,455
1506,455
1507,455
1509,455
1510,455
1511,455
1512,455
1513,455
1514,455
1515,455
1516,455
1517,455
1518,455
1519,454
1520,454
1521,454
1522,454
1523,455
1524,455
1525,455
1526,455
1527,455
1528,455
1529,454
1530,454
1531,455
1532,456
1533,456
1534,455
1535,455
1536,454
1537,454
1538,454
1539,455
1540,455
1541,455
1542,455
1543,455
1544,455
1545,454
1546,454
1547,455
1548,455
1549,455
1550,455
1552,455
1553,455
1554,454
1555,454
1556,454
1557,454
1558,455
1559,455
1560,455
1561,454
1562,454
1563,454
1564,454
1565,455
1566,455
1567,455
1568,455
1569,455
1570,454
1571,454
1572,455
1573,455
1574,455
1575,455
1576,455
1577,454
1578,454
1579,454
1580,454
1581,455
1582,455
1583,455
1584,455
1585,455
1586,454
1587,454
1588,454
1589,454
1590,455
1591,456
1592,455
1594,455
1595,454
1596,454
1597,454
1598,454
1599,455
1600,455
1601,455
1602,455
1603,454
1604,454
1605,454
1606,454
1607,455
1608,455
1609,455
1610,455
1611,455
1612,454
1613,455
1614,454
1615,455
1616,455
1617,455
1618,455
1619,455
1620,454
1621,454
1622,454
1623,455
1624,455
1625,455
1626,455
1627,455
1628,454
1629,454
1630,455
1631,455
1632,455
1633,455
1634,455
1635,455
1637,453
1638,452
1639,449
1640,454
1641,455
1642,455
1643,454
1644,451
1645,454
1646,454
1647,454
1648,454
1649,455
1650,455
1651,455
1652,455
1653,454
1654,454
1655,453
1656,451
1657,454
1658,455
1659,455
1660,454
1661,453
1662,454
1663,454
1664,455
1665,455
1666,455
1667,455
1668,455
1669,454
1670,454
1671,455
1672,455
1673,455
1674,455
1675,455
1676,455
1677,455
1678,454
1680,454
1681,454
1682,455
1683,455
1684,455
1685,455
1686,455
1687,454
1688,454
1689,454
1690,455
1691,455
1692,455
1693,456
1694,455
1695,454
1696,454
1697,454
1698,455
1699,455
1700,455
1701,455
1702,455
1703,454
1704,454
1705,454
1706,455
1707,455
1708,455
1709,455
1710,454
1711,455
1712,455
1713,454
1714,455
1715,455
1716,455
1717,455
1718,455
1719,454
1720,454
1722,454
1723,454
1724,455
1725,455
1726,455
1727,454
1728,454
1729,454
1730,454
1731,454
1732,455
1733,456
1734,455
1735,455
1736,454
1737,454
1738,454
1739,454
1740,455
1741,455
1742,455
1743,455
1744,454
1745,454
1746,454
1747,454
1748,455
1749,455
1750,455
1751,455
1752,455
1753,455
1754,454
1755,454
1756,454
1757,455
1758,455
1759,455
1760,455
1761,454
1762,454
1763,454
1765,455
1766,455
1767,455
1768,455
1769,455
1770,454
1771,454
1772,455
1773,455
1774,455
1775,455
1776,455
1777,455
1778,454
1779,454
1780,454
1781,454
1782,455
1783,455
1784,455
1785,454
1786,454
1787,454
1788,454
1789,454
1790,455
1791,455
1792,455
1793,455
1794,454
1795,454
1796,454
1797,455
1798,455
1799,455
1800,455
1801,455
1802,454
1803,454
1804,454
1805,454
1806,455
1808,455
1809,455
1810,455
1811,455
1812,455
1813,455
1814,454
1815,455
1816,455
1817,455
1818,455
1819,455
1820,454
1821,454
1822,454
1823,455
1824,455
1825,455
1826,455
1827,455
1828,454
1829,454
1830,454
1831,455
1832,456
1833,456
1834,455
1835,455
1836,454
1837,454
1838,454
1839,455
1840,455
1841,455
1842,455
1843,454
1844,454
1845,454
1846,454
1847,454
1848,455
1850,455
1851,455
1852,455
1853,455
1854,454
1855,454
1856,454
1857,455
1858,455
1859,455
1860,455
1861,454
1862,454
1863,454
1864,455
1865,455
1866,455
1867,455
1868,455
1869,455
1870,454
1871,454
1872,455
1873,455
1874,455
1875,455
1876,455
1877,454
1878,454
1879,454
1880,454
1881,455
1882,455
1883,455
1884,455
1885,454
1886,454
1887,454
1888,454
1889,454
1890,455
1891,456
1893,455
1894,455
1895,454
1896,454
1897,454
1898,454
1899,455
1900,455
1901,455
1902,455
1903,454
1904,454
1905,454
1906,454
1907,455
1908,455
1909,455
1910,455
1911,454
1912,455
1913,455
1914,454
1915,455
1916,455
1917,455
1918,455
1919,454
1920,454
1921,454
1922,454
1923,455
1924,455
1925,455
1926,455
1927,454
1928,454
1929,454
1930,454
1931,455
1932,455
1933,455
1934,455
1936,454
1937,454
1938,454
1939,454
1940,455
1941,455
1942,455
1943,455
1944,455
1945,454
1946,454
1947,454
1948,455
1949,455
1950,455
1951,455
1952,455
1953,455
1954,454
1955,454
1956,454
1957,455
1958,455
1959,455
1960,455
1961,454
1962,454
1963,454
1964,455
1965,455
1966,455
1967,455
1968,455
1969,454
1970,454
1971,455
1972,455
1973,455
1974,455
1975,455
1976,455
1978,454
1979,454
1980,454
1981,455
1982,455
1983,455
1984,455
1985,455
1986,455
1987,454
1988,454
1989,454
1990,455
1991,455
1992,456
1993,455
1994,455
1995,454
1996,454
1997,454
1998,455
1999,455
2000,455
2001,455
2002,455
2003,455
2004,454
2005,454
2006,455
2007,455
2008,455
2009,455
2010,455
2011,455
2012,455
2013,455
2014,455
2015,455
2016,455
2017,455
2018,455
2019,454
2021,454
2022,454
2023,454
2024,455
2025,455
2026,455
2027,455
2028,454
2029,454
2030,454
2031,455
2032,455
2033,455
2034,455
2035,454
2036,454
2037,454
2038,454
2039,454
2040,455
2041,455
2042,455
2043,455
2044,454
2045,454
2046,454
2047,454
2048,455
2049,455
2050,455
2051,455
2052,455
2053,455
2054,454
2055,454
2056,454
2057,455
2058,455
2059,455
2060,454
2061,454
2062,454
2064,454
2065,455
2066,455
2067,455
2068,455
2069,455
2070,454
2071,454
2072,455
2073,455
2074,455
2075,455
2076,455
2077,455
2078,454
2079,454
2080,455
2081,455
2082,455
2083,455
2084,455
2085,455
2086,454
2087,454
2088,454
2089,455
2090,455
2091,455
2092,455
2093,455
2094,454
2095,454
2096,454
2097,454
2098,455
2099,455
2100,455
2101,455
2102,454
2103,454
2104,454
2106,454
2107,455
2108,455
2109,455
2110,455
2111,455
2112,455
2113,455
2114,454
2115,455
2116,455
2117,455
2118,455
2119,455
2120,454
2121,454
2122,454
2123,455
2124,455
2125,455
2126,455
2127,454
2128,454
2129,454
2130,454
2131,455
2132,455
2133,455
2134,455
2135,454
2136,454
2137,454
2138,454
2139,455
2140,455
2141,455
2142,455
2143,455
2144,454
2145,454
2146,454
2147,455
2149,455
2150,455
2151,455
2152,455
2153,455
2154,454
2155,454
2156,454
2157,455
2158,455
2159,455
2160,455
2161,454
2162,454
2163,454
2164,454
2165,455
2166,455
2167,455
2168,455
2169,455
2170,454
2171,454
2172,455
2173,455
2174,455
2175,455
2176,455
2177,455
2178,454
2179,454
2180,454
2181,455
2182,455
2183,455
2184,455
2185,455
2186,454
2187,454
2188,454
2189,455
2190,455
2192,456
2193,456
2194,455
2195,454
2196,454
2197,454
2198,455
2199,455
2200,455
2201,455
2202,455
2203,454
2204,454
2205,454
2206,454
2207,455
2208,455
2209,455
2210,455
2211,454
2212,455
2213,455
2214,454
2215,455
2216,455
2217,455
2218,455
2219,454
2220,454
2221,454
2222,455
2223,455
2224,455
2225,455
2226,455
2227,454
2228,454
2229,454
2230,454
2231,455
2232,455
2234,455
2235,455
2236,454
2237,454
2238,454
2239,454
2240,454
2241,455
2242,455
2243,455
2244,455
2245,454
2246,454
2247,454
2248,455
2249,455
2250,455
2251,455
2252,455
2253,455
2254,454
2255,454
2256,455
2257,455
2258,455
2259,455
2260,455
2261,454
2262,454
2263,454
2264,455
2265,455
2266,455
2267,455
2268,455
2269,454
2270,454
2271,455
2272,455
2273,455
2274,455
2275,455
2277,455
2278,454
2279,454
2280,454
2281,454
2282,455
2283,455
2284,455
2285,455
2286,454
2287,454
2288,454
2289,454
2290,455
2291,455
2292,455
2293,455
2294,454
2295,454
2296,454
2297,454
2298,455
2299,455
2300,455
2301,455
2302,455
2303,454
2304,454
2305,454
2306,455
2307,455
2308,455
2309,455
2310,454
2311,454
2312,455
2313,455
2314,455
2315,455
2316,455
2317,455
2318,455
2320,454
2321,454
2322,454
2323,454
2324,455
2325,455
2326,455
2327,455
2328,454
2329,454
2330,454
2331,454
2332,455
2333,455
2334,455
2335,454
2336,454
2337,454
2338,454
2339,454
2340,454
2341,455
2342,455
2343,455
2344,454
2345,454
2346,454
2347,454
2348,454
2349,455
2350,455
2351,455
2352,455
2353,455
2354,454
2355,454
2356,455
2357,455
2358,455
2359,455
2360,455
2362,454
2363,454
2364,454
2365,454
2366,455
2367,455
2368,455
2369,454
2370,454
2371,454
2372,455
2373,455
2374,455
2375,455
2376,455
2377,454
2378,454
2379,454
2380,454
2381,455
2382,455
2383,455
2384,455
2385,454
2386,454
2387,454
2388,454
2389,454
2390,455
2391,455
2392,455
2393,455
2394,454
2395,454
2396,454
2397,455
2398,455
2399,455
2400,455
2401,455
2402,454
2403,454
2405,454
2406,454
2407,455
2408,455
2409,455
2410,455
2411,455
2412,455
2413,455
2414,454
2415,455
2416,455
2417,455
2418,455
2419,454
2420,454
2421,454
2422,454
2423,455
2424,455
2425,455
2426,455
2427,454
2428,454
2429,454
2430,454
2431,455
2432,456
2433,456
2434,455
2435,455
2436,454
2437,454
2438,454
2439,455
2440,455
2441,455
2442,455
2443,454
2444,454
2445,454
2446,454
2448,454
2449,455
2450,455
2451,455
2452,455
2453,455
2454,454
2455,454
2456,454
2457,455
2458,455
2459,455
2460,455
2461,454
2462,454
2463,454
2464,455
2465,455
2466,455
2467,455
2468,454
2469,454
2470,454
2471,454
2472,455
2473,455
2474,455
2475,455
2476,455
2477,454
2478,454
2479,454
2480,454
2481,455
2482,455
2483,455
2484,455
2485,455
2486,454
2487,454
2488,454
2490,454
2491,455
2492,455
2493,455
2494,455
2495,454
2496,454
2497,454
2498,454
2499,450
2500,455
2501,455
2502,455
2503,454
2504,454
2505,454
2506,453
2507,455
2508,455
2509,454
2510,454
2511,454
2512,455
2513,455
2514,454
2515,455
2516,455
2517,455
2518,454
2519,449
2520,454
2521,454
2522,454
2523,455
2524,455
2525,455
2526,455
2527,454
2528,454
2529,454
2530,454
2531,455
2533,456
2534,455
2535,455
2536,454
2537,454
2538,454
2539,454
2540,455
2541,455
2542,455
2543,455
2544,454
2545,454
2546,454
2547,454
2548,455
2549,455
2550,455
2551,455
2552,455
2553,454
2554,454
2555,454
2556,455
2557,455
2558,454
2559,455
2560,455
2561,454
2562,454
2563,454
2564,455
2565,455
2566,455
2567,455
2568,455
2569,454
2570,454
2571,454
2572,455
2573,455
2574,455
2576,455
2577,454
2578,454
2579,454
2580,452
2581,455
2582,455
2583,455
2584,455
2585,454
2586,454
2587,454
2588,454
2589,454
2590,455
2591,455
2592,455
2593,455
2594,454
2595,454
2596,454
2597,454
2598,455
2599,455
2600,455
2601,455
2602,454
2603,454
2604,454
2605,454
2606,455
2607,455
2608,455
2609,455
2610,454
2611,455
2612,455
2613,455
2614,454
2615,455
2616,455
2618,455
2619,454
2620,454
2621,454
2622,454
2623,453
2624,455
2625,455
2626,455
2627,454
2628,454
2629,454
2630,454
2631,454
2632,455
2633,455
2634,455
2635,455
2636,454
2637,454
2638,454
2639,454
2640,455
2641,455
2642,455
2643,455
2644,454
2645,454
2646,454
2647,454
2648,455
2649,455
2650,455
2651,455
2652,455
2653,454
2654,454
2655,454
2656,454
2657,453
2658,455
2659,454
2661,454
2662,454
2663,454
2664,454
2665,455
2666,455
2667,455
2668,455
2669,455
2670,454
2671,454
2672,455
2673,455
2674,455
2675,455
2676,455
2677,454
2678,454
2679,454
2680,454
2681,455
2682,455
2683,455
2684,455
2685,455
2686,454
2687,454
2688,453
2689,455
2690,455
2691,455
2692,456
2693,455
2694,454
2695,454
2696,454
2697,455
2698,455
2699,455
2700,455
2701,455
2702,454
2704,454
2705,454
2706,454
2707,455
2708,455
2709,455
2710,455
2711,455
2712,455
2713,455
2714,455
2715,455
2716,455
2717,455
2718,455
2719,455
2720,454
2721,454
2722,454
2723,455
2724,455
2725,455
2726,455
2727,455
2728,454
2729,454
2730,454
2731,455
2732,456
2733,456
2734,455
2735,455
2736,454
2737,454
2738,454
2739,455
2740,455
2741,455
2742,455
2743,454
2744,454
2746,454
2747,454
2748,455
2749,455
2750,455
2751,455
2752,455
2753,455
2754,454
2755,454
2756,455
2757,455
2758,455
2759,455
2760,455
2761,454
2762,454
2763,454
2764,454
2765,455
2766,455
2767,455
2768,455
2769,454
2770,454
2771,454
2772,455
2773,455
2774,455
2775,455
2776,455
2777,454
2778,454
2779,454
2780,454
2781,455
2782,455
2783,455
2784,455
2785,454
2786,454
2787,454
2789,454
2790,455
2791,455
2792,455
2793,455
2794,454
2795,454
2796,454
2797,454
2798,455
2799,455
2800,455
2801,455
2802,454
2803,454
2804,454
2805,454
2806,455
2807,455
2808,455
2809,455
2810,455
2811,454
2812,455
2813,455
2814,454
2815,455
2816,455
2817,455
2818,455
2819,454
2820,454
2821,454
2822,455
2823,455
2824,455
2825,455
2826,455
2827,454
2828,454
2829,454
2830,455
2832,455
2833,455
2834,455
2835,455
2836,454
2837,454
2838,454
2839,454
2840,455
2841,455
2842,455
2843,455
2844,454
2845,454
2846,454
2847,454
2848,455
2849,455
2850,455
2851,455
2852,455
2853,454
2854,454
2855,454
2856,455
2857,455
2858,455
2859,455
2860,455
2861,454
2862,454
2863,454
2864,455
2865,455
2866,455
2867,455
2868,454
2869,454
2870,454
2871,455
2872,455
2874,455
2875,455
2876,455
2877,454
2878,454
2879,454
2880,454
2881,455
2882,455
2883,455
2884,455
2885,455
2886,454
2887,454
2888,454
2889,454
2890,455
2891,455
2892,455
2893,455
2894,454
2895,454
2896,454
2897,454
2898,455
2899,455
2900,455
2901,455
2902,455
2903,454
2904,454
2905,454
2906,455
2907,455
2908,455
2909,455
2910,454
2911,455
2912,455
2913,455
2914,455
2915,455
2917,455
2918,455
2919,455
2920,454
2921,454
2922,454
2923,455
2924,455
2925,455
2926,455
2927,454
2928,454
2929,454
2930,454
2931,454
2932,455
2933,456
2934,455
2935,454
2936,454
2937,454
2938,454
2939,454
2940,455
2941,455
2942,455
2943,455
2944,454
2945,454
2946,454
2947,454
2948,455
2949,455
2950,455
2951,455
2952,454
2953,454
2954,454
2955,454
2956,454
2957,455
2958,455
2960,454
2961,454
2962,454
2963,453
2964,454
2965,454
2966,455
2967,455
2968,455
2969,454
2970,454
2971,454
2972,455
2973,455
2974,455
2975,455
2976,455
2977,454
2978,454
2979,454
2980,455
2981,455
2982,455
2983,455
2984,455
2985,455
2986,454
2987,454
2988,454
2989,454
2990,455
2991,455
2992,455
2993,455
2994,454
2995,454
2996,454
2997,454
2998,455
2999,455
3000,455
3002,455
3003,454
3004,454
3005,454
3006,454
3007,455
3008,455
3009,455
3010,454
3011,454
3012,454
3013,454
3014,454
3015,455
3016,454
3017,454
3018,454
3019,453
3020,454
3021,454
3022,454
3023,454
3024,451
3025,454
3026,454
3027,454
3028,453
3029,454
3030,454
3031,452
3032,455
3033,455
3034,455
3035,454
3036,454
3037,450
3038,454
3039,454
3040,455
3041,455
3042,455
3043,454
3045,454
3046,454
3047,454
3048,454
3049,455
3050,455
3051,455
3052,455
3053,454
3054,454
3055,454
3056,454
3057,455
3058,455
3059,455
3060,454
3061,454
3062,454
3063,454
3064,454
3065,455
3066,455
3067,454
3068,454
3069,454
3070,454
3071,454
3072,455
3073,455
3074,455
3075,455
3076,455
3077,454
3078,454
3079,454
3080,454
3081,454
3082,455
3083,455
3084,454
3085,454
3086,454
3088,454
3089,454
3090,454
3091,455
3092,455
3093,455
3094,454
3095,454
3096,454
3097,454
3098,454
3099,455
3100,455
3101,454
3102,454
3103,454
3104,454
3105,454
3106,454
3107,455
3108,455
3109,455
3110,454
3111,454
3112,454
3113,454
3114,454
3115,455
3116,455
3117,454
3118,454
3119,454
3120,454
3121,454
3122,454
3123,455
3124,455
3125,455
3126,455
3127,454
3128,454
3130,454
3131,455
3132,455
3133,456
3134,455
3135,455
3136,454
3137,453
3138,450
3139,454
3140,455
3141,455
3142,455
3143,454
3144,454
3145,454
3146,454
3147,454
3148,455
3149,455
3150,455
3151,455
3152,455
3153,454
3154,454
3155,454
3156,455
3157,455
3158,455
3159,455
3160,454
3161,454
3162,454
3163,454
3164,454
3165,455
3166,455
3167,455
3168,454
3169,454
3170,454
3171,454
3173,455
3174,455
3175,455
3176,455
3177,454
3178,454
3179,454
3180,454
3181,455
3182,455
3183,455
3184,455
3185,455
3186,454
3187,454
3188,454
3189,454
3190,455
3191,455
3192,455
3193,455
3194,454
3195,454
3196,454
3197,454
3198,455
3199,455
3200,455
3201,455
3202,454
3203,454
3204,454
3205,454
3206,454
3207,455
3208,455
3209,454
3210,454
3211,454
3212,455
3213,455
3214,455
3216,455
3217,455
3218,455
3219,454
3220,454
3221,454
3222,454
3223,454
3224,455
3225,455
3226,455
3227,454
3228,454
3229,454
3230,454
3231,455
3232,455
3233,455
3234,455
3235,455
3236,454
3237,454
3238,454
3239,454
3240,455
3241,455
3242,455
3243,455
3244,454
3245,454
3246,454
3247,455
3248,455
3249,455
3250,455
3251,455
3252,455
3253,454
3254,454
3255,454
3256,455
3258,455
3259,455
3260,454
3261,454
3262,454
3263,454
3264,454
3265,455
3266,455
3267,455
3268,455
3269,454
3270,454
3271,454
3272,455
3273,455
3274,455
3275,455
3276,455
3277,454
3278,454
3279,454
3280,454
3281,455
3282,455
3283,454
3284,455
3285,454
3286,454
3287,454
3288,454
3289,454
3290,455
3291,455
3292,455
3293,455
3294,454
3295,454
3296,454
3297,455
3298,455
3299,455
3301,455
3302,454
3303,454
3304,454
3305,454
3306,454
3307,455
3308,455
3309,455
3310,454
3311,454
3312,454
3313,455
3314,454
3315,455
3316,455
3317,455
3318,455
3319,454
3320,454
3321,454
3322,454
3323,454
3324,455
3325,455
3326,454
3327,454
3328,454
3329,454
3330,454
3331,455
3332,455
3333,455
3334,455
3335,454
3336,454
3337,454
3338,454
3339,454
3340,455
3341,455
3342,455
3344,454
3345,454
3346,453
3347,454
3348,454
3349,455
3350,455
3351,455
3352,455
3353,455
3354,454
3355,454
3356,454
3357,455
3358,455
3359,455
3360,454
3361,454
3362,454
3363,454
3364,454
3365,455
3366,455
3367,455
3368,455
3369,454
3370,453
3371,454
3372,455
3373,455
3374,455
3375,455
3376,454
3377,454
3378,454
3379,454
3380,454
3381,455
3382,455
3383,455
3384,455
3386,454
3387,454
3388,454
3389,454
3390,454
3391,455
3392,456
3393,455
3394,454
3395,454
3396,454
3397,454
3398,454
3399,454
3400,454
3401,451
3402,454
3403,454
3404,454
3405,454
3406,453
3407,455
3408,455
3409,455
3410,454
3411,453
3412,454
3413,454
3414,454
3415,455
3416,455
3417,455
3418,454
3419,453
3420,454
3421,454
3422,454
3423,455
3424,455
3425,455
3426,453
3427,454
3429,454
3430,454
3431,454
3432,455
3433,455
3434,455
3435,454
3436,454
3437,454
3438,454
3439,454
3440,455
3441,455
3442,455
3443,455
3444,454
3445,454
3446,454
3447,454
3448,455
3449,455
3450,455
3451,455
3452,455
3453,455
3454,454
3455,454
3456,454
3457,455
3458,455
3459,455
3460,454
3461,453
3462,454
3463,454
3464,455
3465,455
3466,455
3467,455
3468,454
3469,454
3470,454
3472,455
3473,455
3474,455
3475,455
3476,455
3477,454
3478,454
3479,454
3480,454
3481,454
3482,455
3483,455
3484,455
3485,455
3486,454
3487,454
3488,454
3489,454
3490,454
3491,455
3492,455
3493,455
3494,454
3495,454
3496,454
3497,454
3498,455
3499,455
3500,455
3501,455
3502,454
3503,454
3504,454
3505,454
3506,455
3507,455
3508,455
3509,454
3510,454
3511,454
3512,454
3514,455
3515,455
3516,455
3517,455
3518,455
3519,454
3520,454
3521,454
3522,454
3523,455
3524,455
3525,455
3526,455
3527,454
3528,454
3529,454
3530,454
3531,454
3532,455
3533,455
3534,455
3535,454
3536,454
3537,454
3538,454
3539,454
3540,455
3541,455
3542,455
3543,454
3544,454
3545,454
3546,454
3547,454
3548,455
3549,455
3550,455
3551,455
3552,454
3553,454
3554,454
3555,454
3557,455
3558,455
3559,455
3560,455
3561,454
3562,454
3563,454
3564,455
3565,455
3566,455
3567,455
3568,455
3569,454
3570,454
3571,454
3572,455
3573,455
3574,455
3575,455
3576,454
3577,454
3578,454
3579,454
3580,454
3581,455
3582,455
3583,455
3584,455
3585,454
3586,454
3587,454
3588,454
3589,454
3590,454
3591,455
3592,455
3593,455
3594,454
3595,454
3596,454
3597,454
3598,455
3600,455
3601,455
3602,454
3603,454
3604,454
3605,454
3606,455
3607,455
3608,455
3609,455
3610,454
3611,454
3612,455
3613,455
3614,455
3615,455
3616,455
3617,455
3618,455
3619,454
3620,454
3621,454
3622,455
3623,455
3624,455
3625,455
3626,455
3627,454
3628,454
3629,454
3630,454
3631,455
3632,455
3633,455
3634,454
3635,454
3636,454
3637,454
3638,454
3639,453
3640,455
3642,455
3643,455
3644,454
3645,454
3646,454
3647,453
3648,455
3649,455
3650,455
3651,455
3652,455
3653,454
3654,454
3655,454
3656,454
3657,453
3658,455
3659,454
3660,454
3661,454
3662,454
3663,454
3664,454
3665,455
3666,455
3667,455
3668,454
3669,454
3670,454
3671,454
3672,455
3673,455
3674,455
3675,455
3676,454
3677,454
3678,454
3679,454
3680,454
3681,455
3682,455
3683,455
3685,454
3686,454
3687,454
3688,454
3689,454
3690,454
3691,455
3692,455
3693,455
3694,454
3695,454
3696,454
3697,454
3698,455
3699,455
3700,455
3701,455
3702,454
3703,454
3704,454
3705,454
3706,454
3707,455
3708,455
3709,454
3710,454
3711,454
3712,455
3713,455
3714,455
3715,455
3716,455
3717,455
3718,454
3719,454
3720,454
3721,454
3722,455
3723,455
3724,455
3725,455
3726,454
3728,454
3729,454
3730,454
3731,454
3732,455
3733,456
3734,455
3735,455
3736,454
3737,454
3738,454
3739,454
3740,455
3741,455
3742,455
3743,455
3744,454
3745,454
3746,454
3747,455
3748,455
3749,455
3750,455
3751,454
3752,455
3753,454
3754,454
3755,454
3756,455
3757,455
3758,455
3759,454
3760,454
3761,454
3762,454
3763,454
3764,454
3765,455
3766,455
3767,455
3768,454
3770,454
3771,454
3772,455
3773,455
3774,455
3775,455
3776,455
3777,454
3778,454
3779,454
3780,454
3781,454
3782,455
3783,455
3784,455
3785,455
3786,454
3787,454
3788,454
3789,454
3790,455
3791,455
3792,456
3793,455
3794,454
3795,454
3796,454
3797,454
3798,455
3799,455
3800,455
3801,454
3802,454
3803,454
3804,454
3805,454
3806,455
3807,455
3808,455
3809,454
3810,454
3811,454
3813,455
3814,455
3815,455
3816,455
3817,455
3818,455
3819,454
3820,454
3821,454
3822,454
3823,454
3824,455
3825,455
3826,454
3827,454
3828,454
3829,454
3830,454
3831,454
3832,455
3833,455
3834,455
3835,454
3836,454
3837,454
3838,454
3839,455
3840,455
3841,455
3842,455
3843,454
3844,454
3845,454
3846,454
3847,454
3848,455
3849,455
3850,455
3851,454
3852,454
3853,454
3854,454
3856,454
3857,455
3858,455
3859,454
3860,454
3861,454
3862,454
3863,454
3864,454
3865,455
3866,455
3867,455
3868,455
3869,454
3870,454
3871,454
3872,455
3873,455
3874,455
3875,455
3876,454
3877,454
3878,454
3879,454
3880,454
3881,455
3882,455
3883,455
3884,455
3885,454
3886,454
3887,454
3888,455
3889,455
3890,455
3891,455
3892,455
3893,455
3894,454
3895,454
3896,454
3898,454
3899,455
3900,455
3901,455
3902,455
3903,454
3904,454
3905,454
3906,455
3907,455
3908,455
3909,455
3910,455
3911,454
3912,455
3913,455
3914,455
3915,455
3916,455
3917,455
3918,455
3919,454
3920,454
3921,454
3922,455
3923,455
3924,455
3925,455
3926,455
3927,454
3928,454
3929,454
3930,455
3931,455
3932,455
3933,455
3934,455
3935,454
3936,454
3937,454
3938,454
3939,455
3941,455
3942,455
3943,455
3944,454
3945,454
3946,454
3947,455
3948,455
3949,455
3950,455
3951,455
3952,455
3953,454
3954,454
3955,454
3956,455
3957,454
3958,455
3959,455
3960,454
3961,453
3962,454
3963,454
3964,455
3965,454
3966,455
3967,455
3968,454
3969,454
3970,454
3971,454
3972,455
3973,455
3974,455
3975,455
3976,454
3977,453
3978,454
3979,454
3980,454
3981,454
3982,455
3984,455
3985,454
3986,454
3987,454
3988,454
3989,454
3990,454
3991,455
3992,455
3993,455
3994,454
3995,454
3996,454
3997,454
3998,455
3999,455
4000,455
4001,454
4002,454
4003,454
4004,454
4005,454
4006,454
4007,455
4008,455
4009,454
4010,454
4011,454
4012,454
4013,455
4014,454
4015,455
4016,455
4017,454
4018,454
4019,453
4020,453
4021,454
4022,454
4023,455
4024,455
4026,454
4027,454
4028,454
4029,454
4030,454
4031,453
4032,455
4033,456
4034,455
4035,454
4036,454
4037,451
4038,454
4039,453
4040,454
4041,455
4042,455
4043,454
4044,454
4045,454
4046,454
4047,454
4048,455
4049,455
4050,455
4051,454
4052,455
4053,454
4054,454
4055,454
4056,454
4057,455
4058,455
4059,454
4060,454
4061,454
4062,454
4063,454
4064,455
4065,455
4066,455
4067,455
4069,454
4070,454
4071,454
4072,454
4073,455
4074,455
4075,455
4076,455
4077,454
4078,454
4079,454
4080,454
4081,454
4082,455
4083,455
4084,454
4085,454
4086,454
4087,454
4088,454
4089,454
4090,454
4091,455
4092,456
4093,455
4094,454
4095,454
4096,454
4097,454
4098,455
4099,455
4100,455
4101,454
4102,454
4103,454
4104,454
4105,454
4106,455
4107,455
4108,455
4109,454
4110,454
4112,454
4113,455
4114,455
4115,455
4116,455
4117,455
4118,455
4119,454
4120,454
4121,454
4122,454
4123,455
4124,455
4125,455
4126,455
4127,454
4128,454
4129,454
4130,454
4131,455
4132,456
4133,455
4134,455
4135,454
4136,454
4137,454
4138,454
4139,454
4140,454
4141,455
4142,455
4143,454
4144,454
4145,454
4146,454
4147,455
4148,455
4149,455
4150,455
4151,455
4152,455
4154,455
4155,454
4156,455
4157,455
4158,455
4159,455
4160,454
4161,454
4162,454
4163,454
4164,454
4165,455
4166,455
4167,455
4168,455
4169,454
4170,454
4171,454
4172,455
4173,455
4174,455
4175,455
4176,455
4177,454
4178,454
4179,454
4180,454
4181,455
4182,455
4183,455
4184,455
4185,454
4186,454
4187,454
4188,454
4189,455
4190,455
4191,455
4192,455
4193,455
4194,454
4195,454
4197,454
4198,455
4199,455
4200,455
4201,455
4202,454
4203,454
4204,454
4205,454
4206,454
4207,455
4208,455
4209,455
4210,454
4211,454
4212,454
4213,455
4214,455
4215,455
4216,455
4217,455
4218,454
4219,454
4220,454
4221,454
4222,455
4223,455
4224,455
4225,455
4226,455
4227,454
4228,454
4229,454
4230,454
4231,455
4232,455
4233,455
4234,454
4235,454
4236,454
4237,454
4238,454
4240,454
4241,455
4242,455
4243,454
4244,454
4245,454
4246,454
4247,454
4248,455
4249,455
4250,455
4251,455
4252,455
4253,455
4254,454
4255,454
4256,455
4257,455
4258,455
4259,455
4260,454
4261,454
4262,454
4263,454
4264,455
4265,455
4266,455
4267,455
4268,454
4269,454
4270,454
4271,454
4272,455
4273,455
4274,455
4275,455
4276,454
4277,454
4278,454
4279,454
4280,455
4282,455
4283,455
4284,455
4285,454
4286,454
4287,454
4288,454
4289,455
4290,455
4291,455
4292,455
4293,455
4294,454
4295,454
4296,454
4297,454
4298,455
4299,455
4300,455
4301,455
4302,454
4303,454
4304,454
4305,454
4306,455
4307,455
4308,455
4309,455
4310,454
4311,454
4312,455
4313,455
4314,455
4315,455
4316,455
4317,455
4318,454
4319,454
4320,454
4321,454
4322,454
4323,455
4325,455
4326,455
4327,454
4328,454
4329,454
4330,454
4331,454
4332,455
4333,455
4334,455
4335,454
4336,454
4337,454
4338,454
4339,454
4340,455
4341,455
4342,455
4343,454
4344,454
4345,454
4346,454
4347,455
4348,455
4349,455
4350,455
4351,454
4352,454
4353,454
4354,454
4355,454
4356,455
4357,455
4358,455
4359,455
4360,454
4361,454
4362,454
4363,454
4364,455
4365,455
4366,455
4368,454
4369,454
4370,454
4371,454
4372,455
4373,455
4374,455
4375,455
4376,455
4377,454
4378,454
4379,454
4380,454
4381,455
4382,455
4383,455
4384,455
4385,454
4386,453
4387,454
4388,454
4389,455
4390,455
4391,455
4392,455
4393,455
4394,454
4395,454
4396,454
4397,454
4398,455
4399,455
4400,455
4401,454
4402,454
4403,454
4404,454
4405,454
4406,455
4407,455
4408,455
4410,454
4411,454
4412,454
4413,454
4414,455
4415,455
4416,455
4417,455
4418,454
4419,454
4420,454
4421,454
4422,454
4423,455
4424,455
4425,455
4426,455
4427,454
4428,454
4429,454
4430,454
4431,455
4432,455
4433,456
4434,455
4435,454
4436,454
4437,454
4438,454
4439,455
4440,455
4441,455
4442,455
4443,454
4444,454
4445,454
4446,454
4447,454
4448,455
4449,455
4450,455
4451,455
4453,454
4454,455
4455,454
4456,454
4457,455
4458,455
4459,455
4460,454
4461,454
4462,454
4463,454
4464,454
4465,455
4466,455
4467,455
4468,455
4469,454
4470,454
4471,454
4472,455
4473,455
4474,455
4475,455
4476,454
4477,454
4478,454
4479,454
4480,454
4481,455
4482,455
4483,455
4484,455
4485,454
4486,454
4487,454
4488,454
4489,455
4490,455
4491,455
4492,455
4493,455
4494,454
4496,454
4497,454
4498,455
4499,455
4500,455
4501,455
4502,454
4503,454
4504,454
4505,454
4506,455
4507,455
4508,455
4509,455
4510,454
4511,454
4512,454
4513,455
4514,455
4515,455
4516,455
4517,455
4518,454
4519,454
4520,454
4521,454
4522,454
4523,455
4524,455
4525,455
4526,454
4527,454
4528,454
4529,454
4530,454
4531,455
4532,455
4533,455
4534,455
4535,454
4536,454
4538,454
4539,454
4540,455
4541,455
4542,455
4543,454
4544,454
4545,454
4546,454
4547,454
4548,455
4549,455
4550,455
4551,455
4552,455
4553,455
4554,454
4555,454
4556,455
4557,455
4558,455
4559,454
4560,454
4561,454
4562,454
4563,454
4564,454
4565,455
4566,455
4567,455
4568,454
4569,454
4570,454
4571,454
4572,455
4573,455
4574,455
4575,455
4576,454
4577,454
4578,454
4579,454
4581,455
4582,455
4583,455
4584,455
4585,454
4586,454
4587,454
4588,454
4589,454
4590,455
4591,455
4592,455
4593,455
4594,454
4595,454
4596,454
4597,454
4598,455
4599,455
4600,455
4601,454
4602,454
4603,454
4604,454
4605,454
4606,455
4607,455
4608,455
4609,454
4610,454
4611,454
4612,455
4613,455
4614,455
4615,455
4616,455
4617,455
4618,454
4619,454
4620,454
4621,454
4622,455
4624,455
4625,455
4626,454
4627,454
4628,454
4629,454
4630,454
4631,455
4632,455
4633,456
4634,455
4635,454
4636,454
4637,454
4638,454
4639,455
4640,455
4641,455
4642,455
4643,454
4644,454
4645,454
4646,454
4647,454
4648,455
4649,454
4650,455
4651,454
4652,454
4653,454
4654,454
4655,454
4656,454
4657,455
4658,455
4659,454
4660,454
4661,454
4662,454
4663,454
4664,454
4666,455
4667,455
4668,454
4669,454
4670,454
4671,454
4672,455
4673,455
4674,455
4675,455
4676,454
4677,454
4678,454
4679,454
4680,454
4681,455
4682,455
4683,455
4684,455
4685,454
4686,454
4687,454
4688,454
4689,455
4690,455
4691,455
4692,456
4693,455
4694,454
4695,454
4696,454
4697,454
4698,455
4699,455
4700,455
4701,454
4702,454
4703,454
4704,454
4705,454
4706,455
4707,455
4709,455
4710,454
4711,454
4712,454
4713,455
4714,455
4715,455
4716,455
4717,455
4718,454
4719,454
4720,454
4721,454
4722,454
4723,455
4724,455
4725,455
4726,454
4727,454
4728,454
4729,454
4730,454
4731,454
4732,455
4733,455
4734,454
4735,454
4736,454
4737,454
4738,454
4739,454
4740,455
4741,455
4742,455
4743,454
4744,454
4745,454
4746,454
4747,455
4748,455
4749,455
4750,455
4752,454
4753,454
4754,455
4755,454
4756,455
4757,455
4758,455
4759,455
4760,454
4761,454
4762,454
4763,454
4764,454
4765,455
4766,455
4767,455
4768,454
4769,454
4770,454
4771,454
4772,455
4773,455
4774,455
4775,455
4776,454
4777,454
4778,454
4779,454
4780,454
4781,450
4782,455
4783,455
4784,455
4785,454
4786,451
4787,454
4788,454
4789,454
4790,454
4791,455
4792,455
4794,454
4795,454
4796,454
4797,454
4798,455
4799,455
4800,454
4801,453
4802,454
4803,454
4804,454
4805,454
4806,454
4807,454
4808,453
4809,454
4810,454
4811,454
4812,454
4813,455
4814,455
4815,455
4816,455
4817,455
4818,454
4819,454
4820,454
4821,454
4822,454
4823,455
4824,455
4825,455
4826,454
4827,454
4828,454
4829,454
4830,454
4831,454
4832,455
4833,455
4834,454
4835,453
4837,454
4838,454
4839,454
4840,455
4841,455
4842,455
4843,454
4844,454
4845,454
4846,454
4847,454
4848,455
4849,455
4850,454
4851,454
4852,454
4853,454
4854,454
4855,454
4856,454
4857,455
4858,455
4859,454
4860,454
4861,454
4862,454
4863,454
4864,454
4865,455
4866,455
4867,455
4868,454
4869,454
4870,454
4871,454
4872,455
4873,455
4874,455
4875,454
4876,454
4877,454
4878,454
4880,454
4881,454
4882,455
4883,455
4884,454
4885,454
4886,454
4887,454
4888,454
4889,454
4890,455
4891,455
4892,455
4893,455
4894,454
4895,454
4896,454
4897,454
4898,455
4899,454
4900,454
4901,454
4902,454
4903,454
4904,454
4905,454
4906,455
4907,455
4908,455
4909,454
4910,454
4911,454
4912,454
4913,455
4914,455
4915,455
4916,455
4917,454
4918,454
4919,454
4920,453
4922,454
4923,455
4924,455
4925,455
4926,454
4927,454
4928,454
4929,454
4930,454
4931,454
4932,455
4933,455
4934,455
4935,454
4936,454
4937,454
4938,454
4939,454
4940,455
4941,455
4942,454
4943,454
4944,454
4945,454
4946,454
4947,454
4948,454
4949,454
4950,454
4951,454
4952,454
4953,454
4954,454
4955,454
4956,455
4957,455
4958,454
4959,454
4960,454
4961,453
4962,454
4963,454
4965,454
4966,455
4967,455
4968,454
4969,454
4970,454
4971,454
4972,454
4973,455
4974,455
4975,455
4976,454
4977,454
4978,454
4979,454
4980,454
4981,454
4982,454
4983,454
4984,454
4985,454
4986,453
4987,454
4988,454
4989,454
4990,455
4991,455
4992,455
4993,455
4994,453
4995,454
4996,454
4997,455
4998,454
4999,455
5000,454
5001,454
5002,454
5003,454
5004,454
5005,454
5006,454
5008,455
5009,455
5010,454
5011,454
5012,454
5013,455
5014,455
5015,455
5016,454
5017,455
5018,454
5019,454
5020,454
5021,454
5022,454
5023,455
5024,455
5025,454
5026,454
5027,454
5028,454
5029,454
5030,454
5031,454
5032,456
5033,455
5034,454
5035,454
5036,454
5037,454
5038,454
5039,454
5040,454
5041,455
5042,454
5043,454
5044,454
5045,454
5046,454
5047,454
5048,455
5050,455
5051,454
5052,454
5053,454
5054,454
5055,454
5056,454
5057,455
5058,455
5059,454
5060,454
5061,454
5062,454
5063,454
5064,454
5065,455
5066,455
5067,455
5068,454
5069,454
5070,454
5071,453
5072,455
5073,455
5074,455
5075,454
5076,454
5077,454
5078,453
5079,454
5080,454
5081,454
5082,455
5083,455
5084,454
5085,454
5086,454
5087,454
5088,454
5089,454
5090,455
5091,455
5093,455
5094,454
5095,454
5096,454
5097,454
5098,454
5099,454
5100,454
5101,454
5102,454
5103,454
5104,454
5105,454
5106,454
5107,455
5108,455
5109,454
5110,454
5111,453
5112,454
5113,454
5114,455
5115,455
5116,455
5117,454
5118,454
5119,454
5120,454
5121,454
5122,455
5123,455
5124,455
5125,455
5126,454
5127,454
5128,454
5129,454
5130,454
5131,455
5132,455
5133,455
5134,454
5136,454
5137,453
5138,454
5139,454
5140,455
5141,455
5142,455
5143,454
5144,454
5145,454
5146,454
5147,454
5148,455
5149,455
5150,454
5151,454
5152,454
5153,455
5154,454
5155,454
5156,454
5157,455
5158,453
5159,455
5160,454
5161,454
5162,454
5163,454
5164,455
5165,455
5166,455
5167,455
5168,454
5169,454
5170,454
5171,454
5172,455
5173,455
5174,455
5175,454
5176,454
5178,454
5179,454
5180,454
5181,454
5182,455
5183,455
5184,455
5185,454
5186,454
5187,454
5188,454
5189,454
5190,455
5191,455
5192,455
5193,455
5194,455
5195,454
5196,454
5197,454
5198,455
5199,455
5200,455
5201,454
5202,454
5203,454
5204,454
5205,455
5206,455
5207,455
5208,455
5209,455
5210,454
5211,454
5212,454
5213,455
5214,455
5215,455
5216,455
5217,454
5218,454
5219,454
5221,454
5222,454
5223,455
5224,455
5225,455
5226,454
5227,454
5228,454
5229,454
5230,454
5231,454
5232,455
5233,455
5234,455
5235,454
5236,454
5237,454
5238,454
5239,455
5240,455
5241,455
5242,454
5243,454
5244,454
5245,454
5246,454
5247,454
5248,455
5249,455
5250,454
5251,454
5252,454
5253,455
5254,454
5255,454
5256,455
5257,455
5258,455
5259,454
5260,454
5261,454
5262,454
5264,454
5265,455
5266,455
5267,455
5268,455
5269,454
5270,454
5271,454
5272,454
5273,455
5274,456
5275,455
5276,454
5277,454
5278,454
5279,454
5280,454
5281,455
5282,455
5283,455
5284,455
5285,454
5286,454
5287,454
5288,455
5289,455
5290,455
5291,455
5292,455
5293,455
5294,454
5295,454
5296,454
5297,449
5298,455
5299,454
5300,455
5301,454
5302,454
5303,454
5304,452
5306,454
5307,455
5308,454
5309,454
5310,454
5311,454
5312,453
5313,455
5314,455
5315,455
5316,455
5317,455
5318,454
5319,454
5320,450
5321,454
5322,454
5323,455
5324,454
5325,455
5326,454
5327,454
5328,453
5329,454
5330,454
5331,455
5332,455
5333,456
5334,455
5335,454
5336,453
5337,454
5338,454
5339,454
5340,454
5341,455
5342,454
5343,454
5344,454
5345,454
5346,454
5347,455
5349,455
5350,455
5351,455
5352,454
5353,454
5354,455
5355,454
5356,454
5357,455
5358,455
5359,455
5360,454
5361,454
5362,454
5363,454
5364,455
5365,455
5366,455
5367,455
5368,454
5369,454
5370,454
5371,454
5372,455
5373,455
5374,455
5375,455
5376,455
5377,454
5378,454
5379,454
5380,454
5381,455
5382,455
5383,455
5384,454
5385,454
5386,454
5387,454
5388,454
5389,455
5390,455
5392,455
5393,455
5394,455
5395,454
5396,454
5397,454
5398,455
5399,455
5400,455
5401,455
5402,454
5403,454
5404,454
5405,455
5406,455
5407,455
5408,455
5409,455
5410,454
5411,454
5412,454
5413,455
5414,454
5415,455
5416,455
5417,455
5418,454
5419,454
5420,454
5421,454
5422,455
5423,455
5424,455
5425,455
5426,454
5427,454
5428,454
5429,454
5430,454
5431,455
5432,456
5434,455
5435,454
5436,454
5437,454
5438,454
5439,455
5440,455
5441,455
5442,455
5443,454
5444,454
5445,454
5446,454
5447,454
5448,455
5449,455
5450,455
5451,454
5452,454
5453,454
5454,454
5455,454
5456,455
5457,455
5458,454
5459,452
5460,454
5461,454
5462,454
5463,454
5464,454
5465,455
5466,455
5467,454
5468,454
5469,454
5470,454
5471,454
5472,455
5473,455
5474,455
5475,455
5477,454
5478,454
5479,454
5480,454
5481,455
5482,455
5483,455
5484,455
5485,454
5486,454
5487,454
5488,455
5489,455
5490,455
5491,455
5492,455
5493,455
5494,455
5495,454
5496,454
5497,455
5498,455
5499,455
5500,455
5501,454
5502,454
5503,454
5504,454
5505,455
5506,455
5507,455
5508,455
5509,454
5510,454
5511,454
5512,455
5513,455
5514,455
5515,455
5516,455
5517,455
5518,454
5520,454
5521,454
5522,454
5523,455
5524,455
5525,454
5526,454
5527,454
5528,454
5529,454
5530,454
5531,455
5532,455
5533,456
5534,455
5535,454
5536,454
5537,454
5538,455
5539,455
5540,455
5541,455
5542,455
5543,454
5544,454
5545,454
5546,454
5547,454
5548,455
5549,455
5550,455
5551,454
5552,455
5553,455
5554,454
5555,455
5556,455
5557,455
5558,455
5559,454
5560,454
5562,454
5563,454
5564,455
5565,455
5566,455
5567,455
5568,454
5569,454
5570,454
5571,454
5572,455
5573,456
5574,455
5575,455
5576,454
5577,454
5578,453
5579,454
5580,454
5581,455
5582,455
5583,455
5584,455
5585,454
5586,454
5587,454
5588,454
5589,455
5590,455
5591,455
5592,455
5593,455
5594,454
5595,454
5596,454
5597,454
5598,455
5599,455
5600,455
5601,454
5602,454
5603,454
5605,454
5606,454
5607,454
5608,455
5609,455
5610,454
5611,454
5612,454
5613,455
5614,455
5615,454
5616,455
5617,455
5618,454
5619,454
5620,454
5621,454
5622,454
5623,455
5624,455
5625,455
5626,454
5627,454
5628,454
5629,454
5630,454
5631,455
5632,456
5633,455
5634,455
5635,454
5636,454
5637,454
5638,454
5639,455
5640,455
5641,455
5642,455
5643,454
5644,454
5645,454
5646,454
5648,455
5649,455
5650,455
5651,455
5652,454
5653,454
5654,455
5655,454
5656,455
5657,455
5658,455
5659,455
5660,454
5661,454
5662,454
5663,454
5664,455
5665,455
5666,455
5667,455
5668,454
5669,454
5670,454
5671,454
5672,455
5673,455
5674,455
5675,454
5676,454
5677,454
5678,454
5679,454
5680,453
5681,455
5682,454
5683,455
5684,454
5685,454
5686,454
5687,451
5688,453
5690,455
5691,455
5692,455
5693,455
5694,455
5695,454
5696,454
5697,445
5698,453
5699,454
5700,454
5701,455
5702,453
5703,454
5704,454
5705,454
5706,455
5707,455
5708,455
5709,454
5710,454
5711,454
5712,454
5713,455
5714,455
5715,455
5716,455
5717,455
5718,454
5719,454
5720,454
5721,454
5722,455
5723,455
5724,455
5725,455
5726,454
5727,454
5728,454
5729,454
5730,454
5731,455
5733,455
5734,455
5735,454
5736,454
5737,450
5738,454
5739,454
5740,454
5741,453
5742,455
5743,454
5744,454
5745,454
5746,454
5747,454
5748,454
5749,455
5750,455
5751,455
5752,454
5753,455
5754,455
5755,455
5756,455
5757,455
5758,455
5759,455
5760,454
5761,454
5762,454
5763,454
5764,455
5765,455
5766,455
5767,455
5768,454
5769,454
5770,454
5771,454
5772,455
5773,455
5774,455
5776,454
5777,454
5778,454
5779,454
5780,454
5781,454
5782,455
5783,455
5784,454
5785,454
5786,454
5787,454
5788,454
5789,454
5790,455
5791,455
5792,455
5793,455
5794,455
5795,454
5796,454
5797,454
5798,455
5799,455
5800,454
5801,454
5802,453
5803,454
5804,454
5805,454
5806,455
5807,455
5808,455
5809,454
5810,454
5811,454
5812,455
5813,455
5814,455
5815,455
5816,455
5818,455
5819,454
5820,454
5821,454
5822,454
5823,455
5824,455
5825,455
5826,455
5827,454
5828,454
5829,454
5830,455
5831,455
5832,456
5833,456
5834,455
5835,454
5836,454
5837,454
5838,454
5839,455
5840,455
5841,455
5842,455
5843,454
5844,454
5845,454
5846,454
5847,455
5848,455
5849,455
5850,455
5851,454
5852,454
5853,455
5854,454
5855,455
5856,455
5857,455
5858,455
5859,454
5861,454
5862,454
5863,454
5864,454
5865,455
5866,455
5867,455
5868,454
5869,454
5870,454
5871,454
5872,455
5873,456
5874,455
5875,455
5876,455
5877,454
5878,454
5879,454
5880,454
5881,455
5882,455
5883,455
5884,454
5885,454
5886,454
5887,454
5888,454
5889,455
5890,455
5891,455
5892,455
5893,455
5894,454
5895,454
5896,454
5897,455
5898,455
5899,455
5900,454
5901,454
5902,454
5904,454
5905,454
5906,455
5907,455
5908,455
5909,455
5910,454
5911,454
5912,454
5913,455
5914,455
5915,455
5916,455
5917,455
5918,454
5919,454
5920,454
5921,454
5922,454
5923,455
5924,455
5925,455
5926,454
5927,454
5928,454
5929,454
5930,455
5931,455
5932,456
5933,455
5934,455
5935,454
5936,454
5937,454
5938,454
5939,455
5940,455
5941,455
5942,454
5943,454
5944,454
5946,454
5947,454
5948,455
5949,455
5950,455
5951,455
5952,454
5953,454
5954,455
5955,454
5956,455
5957,455
5958,455
5959,455
5960,454
5961,454
5962,454
5963,454
5964,455
5965,455
5966,455
5967,455
5968,454
5969,454
5970,454
5971,454
5972,455
5973,455
5974,455
5975,455
5976,454
5977,454
5978,454
5979,454
5980,455
5981,454
5982,455
5983,455
5984,454
5985,454
5986,454
5987,454
5989,455
5990,455
5991,455
5992,455
5993,455
5994,455
5995,454
5996,454
5997,455
5998,455
5999,455
6000,455
6001,455
6002,454
6003,454
6004,454
6005,454
6006,455
6007,455
6008,455
6009,455
6010,454
6011,454
6012,455
6013,455
6014,455
6015,455
6016,455
6017,454
6018,454
6019,454
6020,454
6021,454
6022,455
6023,455
6024,455
6025,455
6026,454
6027,454
6028,454
6029,454
6030,455
6032,455
6033,456
6034,455
6035,454
6036,454
6037,454
6038,453
6039,453
6040,453
6041,455
6042,455
6043,454
6044,454
6045,454
6046,454
6047,455
6048,455
6049,455
6050,455
6051,455
6052,454
6053,455
6054,455
6055,455
6056,455
6057,455
6058,455
6059,455
6060,454
6061,454
6062,454
6063,454
6064,455
6065,455
6066,455
6067,455
6068,454
6069,454
6070,454
6071,454
6072,455
6074,456
6075,455
6076,455
6077,454
6078,454
6079,454
6080,455
6081,455
6082,455
6083,455
6084,455
6085,454
6086,454
6087,454
6088,454
6089,454
6090,455
6091,455
6092,455
6093,455
6094,455
6095,454
6096,454
6097,455
6098,455
6099,455
6100,454
6101,454
6102,454
6103,454
6104,454
6105,455
6106,455
6107,455
6108,455
6109,454
6110,454
6111,454
6112,455
6113,455
6114,455
6115,455
6117,455
6118,454
6119,454
6120,454
6121,454
6122,454
6123,455
6124,455
6125,454
6126,454
6127,454
6128,454
6129,454
6130,454
6131,454
6132,455
6133,455
6134,455
6135,454
6136,454
6137,454
6138,454
6139,454
6140,455
6141,455
6142,454
6143,454
6144,454
6145,454
6146,454
6147,454
6148,455
6149,455
6150,455
6151,454
6152,455
6153,454
6154,454
6155,454
6156,455
6157,455
6158,454
6160,454
6161,454
6162,454
6163,454
6164,454
6165,455
6166,455
6167,455
6168,454
6169,454
6170,454
6171,454
6172,455
6173,456
6174,456
6175,455
6176,455
6177,454
6178,454
6179,454
6180,455
6181,455
6182,455
6183,455
6184,455
6185,454
6186,454
6187,454
6188,454
6189,455
6190,455
6191,455
6192,455
6193,455
6194,454
6195,454
6196,454
6197,455
6198,455
6199,455
6200,454
6202,454
6203,454
6204,454
6205,454
6206,455
6207,455
6208,455
6209,455
6210,454
6211,454
6212,455
6213,455
6214,455
6215,455
6216,455
6217,455
6218,454
6219,454
6220,454
6221,454
6222,455
6223,455
6224,455
6225,455
6226,454
6227,454
6228,454
6229,454
6230,455
6231,455
6232,456
6233,455
6234,455
6235,454
6236,454
6237,454
6238,455
6239,455
6240,455
6241,455
6242,454
6243,454
6245,454
6246,454
6247,454
6248,455
6249,455
6250,454
6251,454
6252,454
6253,454
6254,454
6255,454
6256,454
6257,455
6258,454
6259,454
6260,454
6261,454
6262,454
6263,454
6264,454
6265,454
6266,454
6267,454
6268,454
6269,454
6270,453
6271,454
6272,455
6273,455
6274,455
6275,454
6276,454
6277,454
6278,454
6279,454
6280,454
6281,455
6282,455
6283,454
6284,454
6285,454
6286,454
6288,454
6289,454
6290,455
6291,455
6292,455
6293,455
6294,455
6295,454
6296,454
6297,454
6298,455
6299,455
6300,452
6301,454
6302,454
6303,454
6304,454
6305,454
6306,454
6307,455
6308,455
6309,454
6310,454
6311,454
6312,453
6313,455
6314,456
6315,455
6316,455
6317,454
6318,444
6319,454
6320,454
6321,454
6322,454
6323,455
6324,455
6325,454
6326,454
6327,454
6328,454
6330,454
6331,454
6332,455
6333,456
6334,455
6335,454
6336,454
6337,454
6338,454
6339,455
6340,455
6341,455
6342,455
6343,454
6344,454
6345,454
6346,454
6347,455
6348,455
6349,455
6350,455
6351,454
6352,454
6353,454
6354,455
6355,454
6356,454
6357,455
6358,455
6359,454
6360,454
6361,454
6362,454
6363,455
6364,455
6365,455
6366,455
6367,455
6368,454
6369,454
6370,454
6371,454
6373,455
6374,455
6375,454
6376,454
6377,454
6378,453
6379,454
6380,454
6381,454
6382,454
6383,454
6384,454
6385,454
6386,453
6387,453
6388,453
6389,454
6390,454
6391,454
6392,454
6393,454
6394,453
6395,453
6396,453
6397,454
6398,454
6399,454
6400,453
6401,453
6402,453
6403,453
6404,453
6405,453
6406,454
6407,454
6408,454
6409,453
6410,453
6411,453
6412,454
6413,454
6414,454
6416,454
6417,454
6418,454
6419,453
6420,453
6421,453
6422,454
6423,454
6424,454
6425,454
6426,454
6427,454
6428,454
6429,454
6430,454
6431,455
6432,455
6433,455
6434,455
6435,454
6436,454
6437,454
6438,454
6439,455
6440,455
6441,455
6442,454
6443,454
6444,454
6445,454
6446,454
6447,455
6448,455
6449,455
6450,454
6451,454
6452,454
6453,454
6454,454
6455,455
6456,455
6458,455
6459,455
6460,454
6461,454
6462,454
6463,454
6464,455
6465,455
6466,455
6467,455
6468,454
6469,454
6470,454
6471,454
6472,454
6473,455
6474,455
6475,454
6476,454
6477,454
6478,454
6479,454
6480,454
6481,454
6482,455
6483,455
6484,454
6485,454
6486,454
6487,454
6488,454
6489,455
6490,455
6491,454
6492,455
6493,454
6494,454
6495,454
6496,454
6497,454
6498,454
6499,454
6501,454
6502,453
6503,453
6504,453
6505,454
6506,454
6507,454
6508,454
6509,454
6510,453
6511,453
6512,453
6513,454
6514,454
6515,454
6516,454
6517,453
6518,453
6519,453
6520,453
6521,453
6522,453
6523,454
6524,454
6525,453
6526,453
6527,453
6528,453
6529,453
6530,453
6531,453
6532,454
6533,454
6534,453
6535,453
6536,453
6537,453
6538,453
6539,454
6540,454
6541,453
6542,453
6544,453
6545,453
6546,453
6547,453
6548,454
6549,454
6550,454
6551,453
6552,453
6553,453
6554,454
6555,454
6556,454
6557,454
6558,454
6559,454
6560,453
6561,453
6562,453
6563,453
6564,454
6565,454
6566,454
6567,454
6568,454
6569,454
6570,454
6571,454
6572,455
6573,455
6574,455
6575,454
6576,454
6577,454
6578,454
6579,454
6580,454
6581,455
6582,454
6583,454
6584,454
6586,454
6587,453
6588,454
6589,454
6590,455
6591,455
6592,455
6593,455
6594,454
6595,454
6596,454
6597,454
6598,454
6599,455
6600,454
6601,454
6602,454
6603,454
6604,454
6605,454
6606,454
6607,455
6608,454
6609,454
6610,454
6611,453
6612,454
6613,454
6614,455
6615,454
6616,454
6617,454
6618,454
6619,453
6620,453
6621,453
6622,454
6623,454
6624,454
6625,454
6626,454
6627,453
6629,453
6630,453
6631,454
6632,454
6633,454
6634,454
6635,453
6636,453
6637,453
6638,453
6639,453
6640,453
6641,453
6642,453
6643,453
6644,453
6645,452
6646,453
6647,453
6648,453
6649,453
6650,452
6651,452
6652,452
6653,453
6654,452
6655,453
6656,453
6657,453
6658,453
6659,453
6660,452
6661,452
6662,452
6663,452
6664,453
6665,453
6666,453
6667,453
6668,452
6669,452
6670,451
6672,453
6673,454
6674,454
6675,453
6676,453
6677,453
6678,453
6679,452
6680,453
6681,453
6682,454
6683,453
6684,453
6685,453
6686,453
6687,453
6688,453
6689,454
6690,454
6691,453
6692,454
6693,454
6694,454
6695,453
6696,453
6697,454
6698,454
6699,454
6700,454
6701,453
6702,453
6703,454
6704,454
6705,454
6706,454
6707,454
6708,454
6709,454
6710,453
6711,453
6712,454
6714,455
6715,455
6716,455
6717,454
6718,453
6719,452
6720,450
6721,454
6722,454
6723,454
6724,455
6725,454
6726,454
6727,453
6728,453
6729,454
6730,454
6731,454
6732,455
6733,455
6734,454
6735,453
6736,453
6737,454
6738,454
6739,454
6740,454
6741,454
6742,454
6743,454
6744,453
6745,454
6746,454
6747,454
6748,454
6749,454
6750,454
6751,453
6752,453
6753,453
6754,453
6755,453
6757,453
6758,453
6759,454
6760,453
6761,453
6762,452
6763,453
6764,453
6765,453
6766,453
6767,453
6768,453
6769,452
6770,452
6771,453
6772,453
6773,453
6774,453
6775,453
6776,453
6777,452
6778,452
6779,452
6780,452
6781,453
6782,453
6783,453
6784,452
6785,452
6786,452
6787,452
6788,452
6789,452
6790,452
6791,452
6792,452
6793,452
6794,452
6795,452
6796,452
6797,453
6798,452
6800,452
6801,452
6802,452
6803,451
6804,452
6805,452
6806,452
6807,452
6808,453
6809,452
6810,452
6811,452
6812,452
6813,453
6814,453
6815,453
6816,453
6817,453
6818,452
6819,452
6820,453
6821,453
6822,453
6823,453
6824,453
6825,453
6826,453
6827,452
6828,452
6829,453
6830,453
6831,454
6832,454
6833,454
6834,453
6835,453
6836,453
6837,453
6838,453
6839,454
6840,454
6842,454
6843,453
6844,453
6845,453
6846,453
6847,454
6848,454
6849,454
6850,454
6851,453
6852,453
6853,453
6854,454
6855,453
6856,454
6857,454
6858,454
6859,454
6860,453
6861,453
6862,453
6863,453
6864,454
6865,454
6866,453
6867,454
6868,453
6869,453
6870,453
6871,453
6872,454
6873,454
6874,454
6875,454
6876,453
6877,453
6878,453
6879,453
6880,453
6881,453
6882,453
6883,453
6885,453
6886,452
6887,452
6888,453
6889,453
6890,453
6891,453
6892,453
6893,453
6894,453
6895,452
6896,452
6897,452
6898,453
6899,453
6900,453
6901,452
6902,451
6903,451
6904,452
6905,452
6906,452
6907,452
6908,452
6909,452
6910,451
6911,451
6912,452
6913,452
6914,452
6915,452
6916,452
6917,451
6918,451
6919,451
6920,451
6921,452
6922,452
6923,452
6924,452
6925,452
6926,451
6928,451
6929,451
6930,452
6931,452
6932,452
6933,453
6934,452
6935,452
6936,451
6937,451
6938,452
6939,452
6940,452
6941,452
6942,452
6943,452
6944,452
6945,452
6946,452
6947,452
6948,453
6949,453
6950,453
6951,452
6952,452
6953,452
6954,453
6955,452
6956,452
6957,453
6958,453
6959,452
6960,452
6961,452
6962,453
6963,453
6964,453
6965,453
6966,453
6967,453
6968,453
6970,452
6971,452
6972,453
6973,454
6974,454
6975,453
6976,453
6977,453
6978,453
6979,453
6980,453
6981,453
6982,454
6983,453
6984,453
6985,452
6986,453
6987,453
6988,453
6989,453
6990,453
6991,453
6992,453
6993,453
6994,453
6995,452
6996,453
6997,453
6998,453
6999,453
7000,453
7001,453
7002,453
7003,452
7004,452
7005,453
7006,453
7007,453
7008,453
7009,452
7010,452
7011,452
7013,453
7014,453
7015,453
7016,453
7017,453
7018,452
7019,452
7020,451
7021,452
7022,452
7023,452
7024,452
7025,452
7026,452
7027,451
7028,451
7029,451
7030,452
7031,452
7032,452
7033,452
7034,452
7035,451
7036,451
7037,451
7038,451
7039,451
7040,451
7041,451
7042,451
7043,451
7044,451
7045,450
7046,451
7047,451
7048,451
7049,451
7050,451
7051,451
7052,451
7053,451
7054,451
7056,451
7057,451
7058,451
7059,451
7060,450
7061,448
7062,451
7063,451
7064,451
7065,452
7066,452
7067,452
7068,449
7069,451
7070,451
7071,451
7072,452
7073,453
7074,452
7075,452
7076,452
7077,451
7078,450
7079,452
7080,452
7081,452
7082,451
7083,452
7084,452
7085,452
7086,451
7087,452
7088,452
7089,452
7090,452
7091,452
7092,452
7093,452
7094,452
7095,451
7096,452
7098,452
7099,452
7100,452
7101,452
7102,452
7103,452
7104,451
7105,452
7106,452
7107,453
7108,453
7109,452
7110,452
7111,452
7112,452
7113,453
7114,453
7115,453
7116,453
7117,452
7118,452
7119,452
7120,452
7121,452
7122,453
7123,453
7124,453
7125,452
7126,452
7127,452
7128,452
7129,452
7130,452
7131,453
7132,453
7133,453
7134,452
7135,452
7136,451
7137,452
7138,452
7139,452
7141,452
7142,452
7143,452
7144,451
7145,451
7146,451
7147,452
7148,452
7149,452
7150,452
7151,452
7152,451
7153,451
7154,452
7155,451
7156,452
7157,452
7158,451
7159,451
7160,451
7161,451
7162,451
7163,451
7164,451
7165,451
7166,451
7167,451
7168,450
7169,450
7170,450
7171,450
7172,451
7173,451
7174,451
7175,450
7176,450
7177,450
7178,450
7179,450
7180,450
7181,451
7182,451
7184,451
7185,450
7186,450
7187,450
7188,450
7189,451
7190,451
7191,451
7192,451
7193,451
7194,451
7195,450
7196,450
7197,451
7198,451
7199,451
7200,451
7201,451
7202,451
7203,451
7204,451
7205,451
7206,451
7207,452
7208,452
7209,451
7210,451
7211,451
7212,451
7213,452
7214,452
7215,452
7216,452
7217,451
7218,451
7219,451
7220,451
7221,451
7222,452
7223,452
7224,452
7226,451
7227,451
7228,451
7229,451
7230,451
7231,452
7232,452
7233,452
7234,452
7235,451
7236,451
7237,451
7238,451
7239,452
7240,452
7241,452
7242,452
7243,451
7244,451
7245,451
7246,451
7247,452
7248,452
7249,452
7250,452
7251,451
7252,451
7253,452
7254,452
7255,451
7256,452
7257,452
7258,452
7259,451
7260,451
7261,451
7262,451
7263,452
7264,452
7265,452
7266,452
7267,451
7269,451
7270,451
7271,451
7272,451
7273,452
7274,452
7275,451
7276,451
7277,451
7278,451
7279,451
7280,451
7281,451
7282,452
7283,452
7284,451
7285,451
7286,450
7287,451
7288,451
7289,451
7290,451
7291,451
7292,451
7293,451
7294,450
7295,450
7296,450
7297,450
7298,451
7299,451
7300,450
7301,450
7302,449
7303,450
7304,450
7305,450
7306,450
7307,451
7308,450
7309,450
7310,450
7312,450
7313,451
7314,451
7315,451
7316,451
7317,451
7318,450
7319,450
7320,450
7321,450
7322,450
7323,451
7324,451
7325,451
7326,451
7327,450
7328,450
7329,451
7330,451
7331,451
7332,451
7333,452
7334,451
7335,451
7336,451
7337,450
7338,451
7339,451
7340,451
7341,451
7342,451
7343,451
7344,450
7345,450
7346,451
7347,451
7348,451
7349,451
7350,451
7351,451
7352,451
7354,451
7355,451
7356,451
7357,451
7358,451
7359,451
7360,450
7361,450
7362,450
7363,451
7364,451
7365,451
7366,451
7367,451
7368,451
7369,450
7370,450
7371,451
7372,451
7373,452
7374,452
7375,451
7376,451
7377,451
7378,451
7379,451
7380,451
7381,451
7382,451
7383,451
7384,451
7385,451
7386,451
7387,451
7388,451
7389,451
7390,451
7391,451
7392,452
7393,451
7394,451
7395,451
7397,451
7398,451
7399,451
7400,450
7401,451
7402,451
7403,451
7404,450
7405,451
7406,451
7407,451
7408,451
7409,451
7410,451
7411,450
7412,450
7413,451
7414,452
7415,451
7416,451
7417,451
7418,450
7419,450
7420,450
7421,450
7422,450
7423,451
7424,451
7425,450
7426,450
7427,450
7428,450
7429,450
7430,450
7431,450
7432,451
7433,451
7434,450
7435,450
7436,449
7437,450
7438,450
7440,450
7441,450
7442,450
7443,450
7444,450
7445,450
7446,450
7447,450
7448,450
7449,451
7450,451
7451,450
7452,450
7453,450
7454,451
7455,450
7456,450
7457,451
7458,451
7459,450
7460,450
7461,450
7462,450
7463,450
7464,451
7465,451
7466,451
7467,450
7468,450
7469,450
7470,450
7471,450
7472,451
7473,451
7474,451
7475,450
7476,450
7477,449
7478,449
7479,450
7480,450
7482,450
7483,450
7484,450
7485,450
7486,449
7487,450
7488,450
7489,450
7490,451
7491,451
7492,450
7493,450
7494,450
7495,450
7496,450
7497,450
7498,451
7499,451
7500,451
7501,450
7502,450
7503,450
7504,450
7505,450
7506,451
7507,451
7508,451
7509,451
7510,451
7511,450
7512,451
7513,451
7514,452
7515,451
7516,451
7517,451
7518,450
7519,451
7520,451
7521,451
7522,451
7523,452
7525,451
7526,451
7527,451
7528,451
7529,451
7530,451
7531,451
7532,452
7533,452
7534,452
7535,451
7536,451
7537,451
7538,451
7539,451
7540,452
7541,451
7542,451
7543,451
7544,450
7545,450
7546,451
7547,451
7548,451
7549,451
7550,451
7551,450
7552,450
7553,451
7554,451
7555,450
7556,451
7557,451
7558,450
7559,450
7560,450
7561,450
7562,450
7563,451
7564,450
7565,451
7566,451
7568,450
7569,450
7570,450
7571,450
7572,450
7573,451
7574,451
7575,451
7576,450
7577,450
7578,449
7579,449
7580,446
7581,451
7582,451
7583,451
7584,450
7585,448
7586,450
7587,449
7588,449
7589,450
7590,450
7591,450
7592,448
7593,450
7594,450
7595,449
7596,450
7597,450
7598,450
7599,447
7600,449
7601,449
7602,449
7603,449
7604,449
7605,449
7606,450
7607,450
7608,450
7610,449
7611,449
7612,449
7613,450
7614,450
7615,450
7616,450
7617,450
7618,450
7619,449
7620,449
7621,449
7622,450
7623,450
7624,450
7625,450
7626,450
7627,450
7628,450
7629,450
7630,450
7631,451
7632,451
7633,452
7634,451
7635,451
7636,450
7637,450
7638,451
7639,451
7640,452
7641,451
7642,451
7643,451
7644,451
7645,451
7646,451
7647,452
7648,452
7649,452
7650,451
7651,451
7653,451
7654,452
7655,452
7656,452
7657,452
7658,452
7659,451
7660,451
7661,451
7662,451
7663,451
7664,452
7665,451
7666,451
7667,451
7668,451
7669,450
7670,450
7671,451
7672,451
7673,452
7674,452
7675,451
7676,450
7677,450
7678,450
7679,451
7680,451
7681,451
7682,451
7683,451
7684,450
7685,450
7686,450
7687,450
7688,450
7689,451
7690,450
7691,451
7692,451
7693,451
7694,450
7696,450
7697,450
7698,451
7699,451
7700,451
7701,450
7702,449
7703,449
7704,450
7705,450
7706,450
7707,450
7708,450
7709,450
7710,449
7711,449
7712,449
7713,450
7714,450
7715,450
7716,450
7717,450
7718,449
7719,449
7720,449
7721,449
7722,449
7723,449
7724,449
7725,449
7726,449
7727,449
7728,449
7729,449
7730,449
7731,449
7732,450
7733,450
7734,449
7735,449
7736,449
7738,449
7739,449
7740,450
7741,450
7742,450
7743,449
7744,449
7745,449
7746,450
7747,450
7748,450
7749,451
7750,451
7751,450
7752,450
7753,451
7754,451
7755,451
7756,451
7757,451
7758,451
7759,450
7760,451
7761,451
7762,451
7763,451
7764,451
7765,452
7766,452
7767,451
7768,451
7769,451
7770,451
7771,451
7772,452
7773,453
7774,453
7775,452
7776,452
7777,451
7778,451
7779,452
7781,452
7782,452
7783,452
7784,452
7785,451
7786,451
7787,451
7788,451
7789,452
7790,452
7791,452
7792,451
7793,451
7794,451
7795,450
7796,451
7797,451
7798,451
7799,451
7800,451
7801,451
7802,450
7803,450
7804,450
7805,451
7806,451
7807,451
7808,451
7809,451
7810,450
7811,450
7812,451
7813,451
7814,451
7815,451
7816,450
7817,450
7818,449
7819,450
7820,450
7821,450
7822,449
7824,450
7825,451
7826,450
7827,450
7828,450
7829,450
7830,450
7831,450
7832,450
7833,450
7834,450
7835,450
7836,449
7837,449
7838,449
7839,450
7840,450
7841,449
7842,449
7843,449
7844,448
7845,449
7846,449
7847,449
7848,449
7849,449
7850,449
7851,449
7852,448
7853,449
7854,449
7855,449
7856,449
7857,449
7858,449
7859,449
7860,449
7861,449
7862,449
7863,449
7864,450
7866,450
7867,450
7868,449
7869,449
7870,449
7871,450
7872,450
7873,451
7874,451
7875,451
7876,450
7877,451
7878,451
7879,451
7880,451
7881,452
7882,452
7883,452
7884,451
7885,451
7886,451
7887,451
7888,452
7889,452
7890,452
7891,452
7892,452
7893,452
7894,452
7895,452
7896,452
7897,452
7898,453
7899,453
7900,452
7901,452
7902,451
7903,451
7904,452
7905,452
7906,453
7907,453
7909,452
7910,451
7911,452
7912,452
7913,452
7914,453
7915,452
7916,452
7917,452
7918,451
7919,451
7920,451
7921,451
7922,452
7923,452
7924,452
7925,451
7926,451
7927,451
7928,451
7929,451
7930,451
7931,452
7932,451
7933,452
7934,451
7935,450
7936,450
7937,450
7938,451
7939,451
7940,451
7941,451
7942,451
7943,451
7944,450
7945,450
7946,451
7947,451
7948,451
7949,451
7950,450
7952,450
7953,450
7954,450
7955,450
7956,450
7957,450
7958,450
7959,448
7960,441
7961,449
7962,449
7963,449
7964,449
7965,450
7966,449
7967,448
7968,449
7969,449
7970,449
7971,448
7972,445
7973,450
7974,449
7975,449
7976,449
7977,449
7978,447
7979,448
7980,449
7981,450
7982,450
7983,450
7984,449
7985,449
7986,449
7987,450
7988,450
7989,451
7990,451
7991,450
7992,451
7994,451
7995,451
7996,451
7997,451
7998,452
7999,452
8000,452
8001,452
8002,451
8003,451
8004,451
8005,451
8006,452
8007,452
8008,452
8009,451
8010,452
8011,452
8012,452
8013,452
8014,453
8015,453
8016,453
8017,452
8018,452
8019,452
8020,452
8021,452
8022,453
8023,453
8024,453
8025,453
8026,452
8027,452
8028,452
8029,452
8030,453
8031,453
8032,453
8033,453
8034,453
8035,452
8037,452
8038,452
8039,452
8040,453
8041,453
8042,452
8043,452
8044,452
8045,451
8046,451
8047,452
8048,452
8049,452
8050,452
8051,452
8052,451
8053,451
8054,451
8055,451
8056,451
8057,452
8058,451
8059,451
8060,450
8061,451
8062,450
8063,451
8064,451
8065,451
8066,451
8067,451
8068,450
8069,450
8070,450
8071,450
8072,451
8073,451
8074,451
8075,450
8076,450
8077,450
8078,439
8080,450
8081,450
8082,451
8083,450
8084,450
8085,449
8086,449
8087,449
8088,449
8089,450
8090,450
8091,450
8092,450
8093,450
8094,450
8095,449
8096,449
8097,450
8098,450
8099,450
8100,450
8101,449
8102,450
8103,449
8104,450
8105,450
8106,451
8107,451
8108,451
8109,450
8110,450
8111,451
8112,451
8113,452
8114,452
8115,452
8116,451
8117,451
8118,451
8119,451
8120,451
8122,452
8123,452
8124,453
8125,452
8126,452
8127,452
8128,452
8129,452
8130,452
8131,453
8132,453
8133,453
8134,453
8135,452
8136,452
8137,452
8138,453
8139,453
8140,454
8141,453
8142,453
8143,453
8144,452
8145,452
8146,453
8147,453
8148,454
8149,453
8150,453
8151,453
8152,453
8153,453
8154,453
8155,453
8156,453
8157,453
8158,453
8159,452
8160,452
8161,452
8162,452
8163,453
8165,453
8166,453
8167,453
8168,452
8169,452
8170,452
8171,452
8172,452
8173,453
8174,453
8175,452
8176,452
8177,451
8178,451
8179,451
8180,451
8181,452
8182,452
8183,452
8184,451
8185,451
8186,451
8187,450
8188,451
8189,452
8190,451
8191,451
8192,451
8193,451
8194,451
8195,451
8196,451
8197,451
8198,449
8199,451
8200,451
8201,450
8202,450
8203,450
8204,450
8205,450
8206,450
8208,451
8209,450
8210,450
8211,449
8212,450
8213,450
8214,451
8215,451
8216,450
8217,450
8218,449
8219,445
8220,450
8221,450
8222,450
8223,451
8224,451
8225,451
8226,451
8227,450
8228,450
8229,451
8230,451
8231,452
8232,452
8233,452
8234,452
8235,451
8236,451
8237,452
8238,452
8239,453
8240,452
8241,452
8242,452
8243,452
8244,452
8245,453
8246,453
8247,453
8248,454
8250,454
8251,453
8252,453
8253,453
8254,453
8255,453
8256,453
8257,454
8258,454
8259,454
8260,453
8261,453
8262,453
8263,453
8264,454
8265,454
8266,454
8267,454
8268,453
8269,453
8270,453
8271,454
8272,454
8273,454
8274,455
8275,454
8276,453
8277,453
8278,453
8279,453
8280,454
8281,454
8282,454
8283,453
8284,453
8285,452
8286,453
8287,453
8288,453
8289,453
8290,453
8291,453
8293,453
8294,453
8295,453
8296,453
8297,453
8298,453
8299,453
8300,453
8301,452
8302,452
8303,452
8304,452
8305,452
8306,452
8307,452
8308,452
8309,452
8310,451
8311,451
8312,451
8313,452
8314,452
8315,452
8316,452
8317,451
8318,451
8319,451
8320,451
8321,451
8322,451
8323,451
8324,451
8325,451
8326,450
8327,450
8328,450
8329,450
8330,451
8331,451
8332,451
8333,451
8334,451
8336,450
8337,450
8338,451
8339,451
8340,451
8341,451
8342,451
8343,451
8344,451
8345,451
8346,451
8347,451
8348,452
8349,452
8350,452
8351,451
8352,452
8353,452
8354,452
8355,452
8356,453
8357,453
8358,453
8359,452
8360,452
8361,452
8362,452
8363,453
8364,453
8365,453
8366,453
8367,453
8368,453
8369,453
8370,453
8371,453
8372,454
8373,454
8374,454
8375,453
8376,453
8378,453
8379,453
8380,453
8381,454
8382,454
8383,454
8384,454
8385,453
8386,453
8387,453
8388,453
8389,454
8390,454
8391,454
8392,454
8393,454
8394,454
8395,453
8396,454
8397,454
8398,454
8399,454
8400,454
8401,453
8402,453
8403,453
8404,453
8405,453
8406,454
8407,454
8408,453
8409,453
8410,453
8411,453
8412,453
8413,454
8414,454
8415,453
8416,453
8417,452
8418,452
8419,453
8421,453
8422,453
8423,453
8424,453
8425,453
8426,452
8427,452
8428,452
8429,452
8430,452
8431,452
8432,453
8433,453
8434,452
8435,452
8436,451
8437,451
8438,452
8439,452
8440,452
8441,451
8442,451
8443,451
8444,451
8445,451
8446,451
8447,451
8448,452
8449,452
8450,451
8451,451
8452,451
8453,451
8454,452
8455,451
8456,451
8457,451
8458,451
8459,451
8460,447
8461,451
8462,451
8464,452
8465,452
8466,452
8467,452
8468,452
8469,451
8470,452
8471,452
8472,452
8473,453
8474,453
8475,453
8476,452
8477,452
8478,452
8479,453
8480,453
8481,453
8482,453
8483,454
8484,453
8485,453
8486,453
8487,453
8488,454
8489,454
8490,454
8491,454
8492,453
8493,454
8494,454
8495,453
8496,454
8497,454
8498,454
8499,454
8500,454
8501,454
8502,453
8503,453
8504,453
8506,454
8507,454
8508,454
8509,454
8510,454
8511,453
8512,453
8513,455
8514,455
8515,454
8516,454
8517,454
8518,454
8519,454
8520,453
8521,454
8522,454
8523,454
8524,454
8525,454
8526,454
8527,453
8528,453
8529,453
8530,454
8531,454
8532,454
8533,454
8534,454
8535,453
8536,453
8537,453
8538,453
8539,453
8540,453
8541,453
8542,452
8543,452
8544,452
8545,452
8546,452
8547,453
8549,453
8550,452
8551,452
8552,452
8553,452
8554,452
8555,452
8556,452
8557,452
8558,452
8559,452
8560,452
8561,451
8562,451
8563,452
8564,452
8565,452
8566,453
8567,452
8568,451
8569,452
8570,452
8571,452
8572,452
8573,453
8574,453
8575,452
8576,451
8577,452
8578,451
8579,452
8580,447
8581,452
8582,453
8583,452
8584,452
8585,451
8586,452
8587,452
8588,452
8589,453
8590,453
8592,453
8593,452
8594,453
8595,453
8596,453
8597,453
8598,453
8599,453
8600,452
8601,453
8602,453
8603,453
8604,453
8605,454
8606,454
8607,454
8608,454
8609,453
8610,453
8611,453
8612,453
8613,454
8614,454
8615,454
8616,454
8617,454
8618,453
8619,453
8620,453
8621,454
8622,454
8623,454
8624,454
8625,454
8626,453
8627,453
8628,453
8629,453
8630,454
8631,454
8632,455
8634,454
8635,454
8636,453
8637,454
8638,454
8639,454
8640,454
8641,454
8642,454
8643,453
8644,452
8645,452
8646,453
8647,453
8648,453
8649,453
8650,453
8651,452
8652,452
8653,452
8654,453
8655,452
8656,453
8657,453
8658,452
8659,452
8660,452
8661,452
8662,452
8663,453
8664,453
8665,453
8666,453
8667,453
8668,452
8669,452
8670,452
8671,453
8672,453
8673,454
8674,453
8675,453
8677,452
8678,452
8679,452
8680,452
8681,453
8682,453
8683,453
8684,452
8685,452
8686,452
8687,452
8688,452
8689,453
8690,452
8691,453
8692,452
8693,453
8694,452
8695,452
8696,452
8697,452
8698,453
8699,453
8700,453
8701,452
8702,452
8703,452
8704,452
8705,453
8706,453
8707,453
8708,453
8709,453
8710,452
8711,452
8712,453
8713,454
8714,454
8715,454
8716,454
8717,453
8718,453
8720,453
8721,453
8722,453
8723,454
8724,454
8725,454
8726,453
8727,453
8728,453
8729,453
8730,454
8731,454
8732,454
8733,454
8734,454
8735,453
8736,453
8737,453
8738,453
8739,454
8740,454
8741,454
8742,453
8743,453
8744,453
8745,453
8746,453
8747,453
8748,454
8749,454
8750,453
8751,453
8752,452
8753,453
8754,453
8755,453
8756,453
8757,452
8758,452
8759,452
8760,451
8762,451
8763,452
8764,452
8765,453
8766,453
8767,453
8768,452
8769,452
8770,452
8771,452
8772,452
8773,453
8774,453
8775,453
8776,452
8777,452
8778,452
8779,452
8780,452
8781,453
8782,453
8783,452
8784,452
8785,452
8786,452
8787,453
8788,452
8789,453
8790,453
8791,453
8792,453
8793,452
8794,453
8795,452
8796,453
8797,453
8798,453
8799,453
8800,453
8801,452
8802,452
8803,452
8805,452
8806,453
8807,453
8808,453
8809,453
8810,452
8811,452
8812,452
8813,453
8814,454
8815,454
8816,453
8817,453
8818,453
8819,453
8820,452
8821,453
8822,453
8823,453
8824,453
8825,453
8826,453
8827,453
8828,453
8829,453
8830,453
8831,453
8832,453
8833,454
8834,453
8835,453
8836,452
8837,453
8838,453
8839,453
8840,453
8841,453
8842,453
8843,453
8844,453
8845,453
8846,453
8848,453
8849,453
8850,453
8851,453
8852,452
8853,453
8854,453
8855,453
8856,453
8857,453
8858,453
8859,453
8860,452
8861,452
8862,452
8863,452
8864,452
8865,453
8866,452
8867,452
8868,452
8869,452
8870,452
8871,452
8872,452
8873,453
8874,453
8875,452
8876,452
8877,451
8878,452
8879,452
8880,452
8881,453
8882,452
8883,452
8884,452
8885,452
8886,452
8887,452
8888,452
8890,453
8891,453
8892,453
8893,452
8894,452
8895,452
8896,452
8897,453
8898,453
8899,453
8900,453
8901,452
8902,452
8903,452
8904,452
8905,452
8906,453
8907,453
8908,453
8909,452
8910,452
8911,452
8912,452
8913,453
8914,453
8915,453
8916,453
8917,453
8918,452
8919,452
8920,452
8921,453
8922,453
8923,453
8924,453
8925,453
8926,452
8927,452
8928,452
8929,453
8930,453
8931,453
8933,454
8934,454
8935,453
8936,453
8937,453
8938,453
8939,454
8940,454
8941,454
8942,453
8943,453
8944,452
8945,452
8946,452
8947,452
8948,452
8949,452
8950,452
8951,451
8952,451
8953,451
8954,451
8955,451
8956,451
8957,451
8958,450
8959,449
8960,449
8961,450
8962,449
8963,450
8964,449
8965,450
8966,449
8967,449
8968,449
8969,449
8970,448
8971,448
8972,449
8973,450
8974,449
8976,448
8977,448
8978,448
8979,448
8980,448
8981,449
8982,449
8983,449
8984,449
8985,449
8986,449
8987,449
8988,449
8989,450
8990,450
8991,450
8992,450
8993,451
8994,451
8995,450
8996,451
8997,451
8998,452
8999,452
9000,452
9001,451
9002,451
9003,451
9004,451
9005,452
9006,452
9007,453
9008,452
9009,452
9010,452
9011,452
9012,453
9013,453
9014,453
9015,453
9016,453
9018,452
9019,452
9020,451
9021,452
9022,452
9023,453
9024,453
9025,453
9026,452
9027,452
9028,452
9029,452
9030,452
9031,453
9032,452
9033,453
9034,453
9035,452
9036,452
9037,452
9038,452
9039,453
9040,453
9041,452
9042,452
9043,452
9044,452
9045,452
9046,452
9047,453
9048,453
9049,452
9050,452
9051,452
9052,452
9053,452
9054,452
9055,452
9056,452
9057,452
9058,442
9059,452
9061,454
9062,455
9063,456
9064,456
9065,457
9066,456
9067,454
9068,453
9069,452
9070,451
9071,451
9072,452
9073,453
9074,453
9075,453
9076,453
9077,454
9078,453
9079,452
9080,452
9081,451
9082,451
9083,449
9084,449
9085,447
9086,446
9087,446
9088,446
9089,445
9090,445
9091,445
9092,444
9093,444
9094,444
9095,444
9096,444
9097,444
9098,444
9099,444
9100,444
9101,443
9102,443
9104,443
9105,444
9106,445
9107,445
9108,446
9109,446
9110,446
9111,447
9112,448
9113,448
9114,449
9115,450
9116,449
9117,449
9118,448
9119,447
9120,448
9121,448
9122,449
9123,450
9124,450
9125,450
9126,450
9127,450
9128,450
9129,450
9130,451
9131,452
9132,452
9133,452
9134,452
9135,451
9136,451
9137,451
9138,452
9139,452
9140,452
9141,452
9142,451
9143,451
9144,451
9146,451
9147,452
9148,452
9149,452
9150,452
9151,451
9152,451
9153,451
9154,452
9155,452
9156,452
9157,452
9158,452
9159,451
9160,451
9161,451
9162,451
9163,451
9164,452
9165,452
9166,452
9167,451
9168,451
9169,451
9170,451
9171,451
9172,451
9173,452
9174,452
9175,451
9176,451
9177,451
9178,451
9179,452
9180,453
9181,454
9182,456
9183,456
9184,457
9185,458
9186,459
9187,459
9189,459
9190,458
9191,456
9192,455
9193,454
9194,452
9195,451
9196,450
9197,450
9198,449
9199,449
9200,448
9201,447
9202,446
9203,445
9204,445
9205,445
9206,444
9207,444
9208,443
9209,442
9210,441
9211,441
9212,440
9213,441
9214,441
9215,440
9216,440
9217,439
9218,439
9219,439
9220,438
9221,438
9222,438
9223,438
9224,438
9225,438
9226,438
9227,438
9228,438
9229,439
9230,440
9232,441
9233,443
9234,444
9235,445
9236,445
9237,446
9238,447
9239,448
9240,449
9241,449
9242,447
9243,446
9244,446
9245,446
9246,446
9247,448
9248,448
9249,449
9250,449
9251,449
9252,448
9253,449
9254,450
9255,450
9256,451
9257,451
9258,451
9259,450
9260,450
9261,451
9262,451
9263,451
9264,451
9265,452
9266,452
9267,451
9268,451
9269,451
9270,451
9271,451
9272,452
9274,452
9275,452
9276,451
9277,451
9278,451
9279,451
9280,451
9281,452
9282,452
9283,452
9284,451
9285,451
9286,450
9287,450
9288,451
9289,451
9290,451
9291,451
9292,450
9293,450
9294,450
9295,450
9296,450
9297,449
9298,450
9299,450
9300,450
9301,449
9302,449
9303,451
9304,452
9305,455
9306,459
9307,462
9308,466
9309,469
9310,471
9311,472
9312,472
9313,471
9314,469
9315,465
9317,462
9318,458
9319,455
9320,452
9321,450
9322,448
9323,446
9324,445
9325,443
9326,441
9327,440
9328,439
9329,439
9330,438
9331,437
9332,434
9333,427
9334,415
9335,400
9336,383
9337,365
9338,344
9339,319
9340,300
9341,279
9342,258
9343,238
9344,217
9345,200
9346,183
9347,167
9348,152
9349,140
9350,125
9351,111
9352,99
9353,89
9354,78
9355,69
9356,61
9357,53
9358,39
9360,41
9361,31
9362,29
9363,24
9364,21
9365,37
9366,99
9367,201
9368,312
9369,403
9370,443
9371,447
9372,451
9373,454
9374,455
9375,455
9376,454
9377,454
9378,454
9379,454
9380,454
9381,455
9382,454
9383,455
9384,454
9385,453
9386,453
9387,453
9388,453
9389,453
9390,454
9391,453
9392,453
9393,453
9394,453
9395,452
9396,452
9397,453
9398,453
9399,453
9400,452
9402,451
9403,451
9404,451
9405,451
9406,451
9407,451
9408,451
9409,450
9410,450
9411,449
9412,449
9413,450
9414,450
9415,449
9416,449
9417,449
9418,448
9419,448
9420,448
9421,449
9422,449
9423,450
9424,450
9425,450
9426,449
9427,449
9428,450
9429,453
9430,467
9431,487
9432,507
9433,519
9434,516
9435,492
9436,449
9437,393
9438,336
9439,280
9440,228
9441,176
9442,131
9443,94
9445,64
9446,42
9447,25
9448,19
9449,18
9450,18
9451,17
9452,16
9453,16
9454,16
9455,17
9456,16
9457,16
9458,16
9459,15
9460,15
9461,15
9462,15
9463,15
9464,15
9465,15
9466,15
9467,15
9468,15
9469,14
9470,15
9471,15
9472,14
9473,13
9474,13
9475,12
9476,11
9477,11
9478,10
9479,9
9480,9
9481,9
9482,9
9483,8
9484,8
9485,8
9486,10
9488,31
9489,98
9490,207
9491,322
9492,411
9493,445
9494,450
9495,452
9496,453
9497,454
9498,455
9499,454
9500,455
9501,454
9502,454
9503,454
9504,454
9505,454
9506,455
9507,454
9508,454
9509,454
9510,453
9511,454
9512,453
9513,455
9514,454
9515,454
9516,454
9517,454
9518,453
9519,453
9520,454
9521,454
9522,455
9523,455
9524,454
9525,454
9526,454
9527,453
9528,453
9530,453
9531,454
9532,453
9533,454
9534,453
9535,453
9536,452
9537,452
9538,453
9539,454
9540,454
9541,454
9542,454
9543,454
9544,454
9545,454
9546,454
9547,454
9548,454
9549,440
9550,383
9551,282
9552,174
9553,85
9554,36
9555,21
9556,19
9557,19
9558,19
9559,19
9560,18
9561,18
9562,18
9563,19
9564,19
9565,19
9566,18
9567,18
9568,18
9569,18
9570,17
9571,18
9573,18
9574,18
9575,17
9576,17
9577,17
9578,16
9579,16
9580,16
9581,16
9582,16
9583,16
9584,15
9585,15
9586,15
9587,15
9588,15
9589,15
9590,15
9591,15
9592,15
9593,14
9594,14
9595,14
9596,13
9597,12
9598,12
9599,12
9600,11
9601,10
9602,10
9603,9
9604,9
9605,8
9606,8
9607,8
9608,8
9609,9
9610,17
9611,64
9612,154
9613,264
9614,365
9616,431
9617,448
9618,451
9619,452
9620,454
9621,455
9622,456
9623,456
9624,456
9625,456
9626,456
9627,456
9628,455
9629,456
9630,456
9631,456
9632,456
9633,457
9634,456
9635,455
9636,455
9637,455
9638,455
9639,455
9640,455
9641,456
9642,455
9643,454
9644,455
9645,454
9646,455
9647,455
9648,455
9649,455
9650,455
9651,454
9652,454
9653,454
9654,455
9655,454
9656,454
9658,454
9659,454
9660,453
9661,453
9662,453
9663,454
9664,454
9665,455
9666,455
9667,455
9668,454
9669,454
9670,454
9671,455
9672,454
9673,434
9674,370
9675,270
9676,169
9677,85
9678,39
9679,24
9680,23
9681,23
9682,23
9683,22
9684,22
9685,22
9686,22
9687,22
9688,22
9689,22
9690,22
9691,22
9692,21
9693,21
9694,21
9695,21
9696,21
9697,21
9698,21
9699,20
9701,20
9702,19
9703,19
9704,18
9705,18
9706,19
9707,18
9708,17
9709,17
9710,17
9711,16
9712,17
9713,16
9714,16
9715,16
9716,16
9717,15
9718,14
9719,14
9720,13
9721,13
9722,13
9723,13
9724,12
9725,12
9726,12
9727,13
9728,14
9729,14
9730,16
9731,17
9732,18
9733,19
9734,21
9735,36
9736,89
9737,186
9738,299
9739,396
9740,448
9741,456
9742,456
9744,457
9745,457
9746,458
9747,458
9748,459
9749,458
9750,458
9751,458
9752,457
9753,457
9754,458
9755,458
9756,457
9757,458
9758,457
9759,456
9760,456
9761,456
9762,456
9763,456
9764,457
9765,456
9766,457
9767,456
9768,456
9769,455
9770,456
9771,456
9772,456
9773,457
9774,456
9775,456
9776,455
9777,455
9778,455
9779,456
9780,456
9781,456
9782,456
9783,456
9784,457
9786,456
9787,457
9788,457
9789,458
9790,458
9791,458
9792,458
9793,458
9794,458
9795,455
9796,421
9797,337
9798,227
9799,127
9800,58
9801,30
9802,24
9803,24
9804,24
9805,25
9806,24
9807,25
9808,25
9809,25
9810,25
9811,25
9812,25
9813,25
9814,25
9815,25
9816,25
9817,25
9818,26
9819,30
9820,51
9821,96
9822,163
9823,242
9824,329
9825,413
9826,463
9827,486
9829,499
9830,490
9831,490
9832,484
9833,482
9834,480
9835,475
9836,472
9837,467
9838,464
9839,461
9840,458
9841,456
9842,455
9843,454
9844,454
9845,454
9846,455
9847,455
9848,455
9849,455
9850,455
9851,455
9852,455
9853,456
9854,456
9855,457
9856,458
9857,459
9858,460
9859,462
9860,466
9861,470
9862,474
9863,478
9864,480
9865,480
9866,478
9867,474
9868,469
9869,464
9870,461
9872,459
9873,458
9874,458
9875,457
9876,456
9877,455
9878,455
9879,455
9880,455
9881,455
9882,455
9883,455
9884,455
9885,454
9886,454
9887,454
9888,455
9889,455
9890,455
9891,455
9892,454
9893,454
9894,454
9895,454
9896,454
9897,455
9898,455
9899,455
9900,454
9901,454
9902,454
9903,454
9904,454
9905,455
9906,455
9907,455
9908,454
9909,454
9910,454
9911,454
9912,454
9914,455
9915,455
9916,455
9917,454
9918,454
9919,454
9920,454
9921,454
9922,454
9923,455
9924,455
9925,455
9926,454
9927,454
9928,454
9929,454
9930,454
9931,455
9932,455
9933,455
9934,455
9935,454
9936,454
9937,454
9938,454
9939,455
9940,455
9941,454
9942,454
9943,454
9944,454
9945,454
9946,454
9947,455
9948,455
9949,455
9950,454
9951,454
9952,454
9953,455
9954,455
9955,455
9957,455
9958,454
9959,454
9960,454
9961,453
9962,453
9963,454
9964,455
9965,455
9966,455
9967,454
9968,454
9969,454
9970,454
9971,454
9972,455
9973,455
9974,456
9975,455
9976,454
9977,454
9978,454
9979,454
9980,455
9981,455
9982,455
9983,455
9984,454
9985,454
9986,454
9987,454
9988,454
9989,455
9990,455
9991,455
9992,454
9993,455
9994,454
9995,454
9996,454
9997,454
9998,447
10000,454
10001,454
10002,454
10003,454
10004,454
10005,454
10006,455
10007,455
10008,455
10009,454
10010,454
10011,454
10012,454
10013,455
10014,455
10015,455
10016,455
10017,455
10018,454
10019,454
10020,454
10021,454
10022,455
10023,455
10024,455
10025,455
10026,454
10027,454
10028,454
10029,454
10030,455
10031,455
10032,455
10033,455
10034,455
10035,454
10036,454
10037,454
10038,455
10039,455
10040,455
10042,455
10043,454
10044,454
10045,454
10046,454
10047,454
10048,455
10049,455
10050,455
10051,454
10052,454
10053,454
10054,454
10055,455
10056,455
10057,455
10058,455
10059,454
10060,454
10061,454
10062,454
10063,455
10064,455
10065,455
10066,455
10067,454
10068,454
10069,454
10070,454
10071,454
10072,455
10073,455
10074,455
10075,454
10076,454
10077,454
10078,454
10079,454
10080,455
10081,455
10082,455
10083,454
10085,454
10086,454
10087,454
10088,454
10089,455
10090,455
10091,455
10092,455
10093,455
10094,455
10095,455
10096,454
10097,455
10098,455
10099,455
10100,454
10101,454
10102,454
10103,454
10104,454
10105,455
10106,455
10107,455
10108,455
10109,454
10110,454
10111,454
10112,454
10113,455
10114,455
10115,455
10116,455
10117,454
10118,454
10119,454
10120,454
10121,454
10122,455
10123,455
10124,455
10125,455
10126,454
10128,454
10129,454
10130,454
10131,455
10132,455
10133,455
10134,455
10135,455
10136,454
10137,454
10138,454
10139,455
10140,455
10141,455
10142,454
10143,454
10144,454
10145,454
10146,455
10147,455
10148,455
10149,455
10150,455
10151,454
10152,454
10153,455
10154,455
10155,455
10156,455
10157,455
10158,455
10159,454
10160,454
10161,454
10162,454
10163,455
10164,455
10165,455
10166,454
10167,454
10168,454
10170,454
10171,454
10172,455
10173,455
10174,456
10175,455
10176,455
10177,454
10178,454
10179,454
10180,455
10181,455
10182,455
10183,454
10184,454
10185,454
10186,454
10187,454
10188,454
10189,455
10190,455
10191,455
10192,454
10193,455
10194,454
10195,454
10196,455
10197,455
10198,455
10199,455
10200,454
10201,454
10202,454
10203,454
10204,454
10205,455
10206,455
10207,455
10208,455
10209,454
10210,454
10211,454
10213,454
10214,455
10215,455
10216,455
10217,455
10218,454
10219,454
10220,454
10221,454
10222,454
10223,454
10224,455
10225,455
10226,454
10227,454
10228,454
10229,454
10230,454
10231,455
10232,455
10233,455
10234,455
10235,454
10236,454
10237,454
10238,454
10239,455
10240,455
10241,455
10242,454
10243,454
10244,454
10245,454
10246,455
10247,455
10248,455
10249,455
10250,454
10251,454
10252,454
10253,455
10254,455
10256,455
10257,454
10258,455
10259,454
10260,454
10261,454
10262,454
10263,454
10264,455
10265,455
10266,455
10267,454
10268,454
10269,454
10270,454
10271,454
10272,454
10273,455
10274,455
10275,455
10276,454
10277,454
10278,454
10279,454
10280,455
10281,455
10282,455
10283,454
10284,454
10285,454
10286,454
10287,454
10288,454
10289,455
10290,455
10291,454
10292,454
10293,454
10294,454
10295,454
10296,454
10298,455
10299,455
10300,455
10301,454
10302,454
10303,454
10304,454
10305,454
10306,454
10307,455
10308,454
10309,454
10310,454
10311,454
10312,454
10313,455
10314,455
10315,455
10316,455
10317,454
10318,454
10319,453
10320,454
10321,454
10322,454
10323,454
10324,454
10325,454
10326,454
10327,453
10328,453
10329,454
10330,454
10331,455
10332,454
10333,455
10334,454
10335,453
10336,454
10337,454
10338,454
10339,454
10341,454
10342,454
10343,453
10344,453
10345,453
10346,454
10347,454
10348,454
10349,454
10350,454
10351,454
10352,454
10353,454
10354,454
10355,454
10356,454
10357,455
10358,454
10359,454
10360,453
10361,453
10362,454
10363,454
10364,454
10365,454
10366,454
10367,454
10368,453
10369,453
10370,453
10371,454
10372,454
10373,455
10374,455
10375,454
10376,453
10377,453
10378,447
10379,453
10380,452
10381,454
10382,454
10384,454
10385,453
10386,451
10387,453
10388,454
10389,454
10390,454
10391,454
10392,454
10393,453
10394,454
10395,454
10396,454
10397,454
10398,454
10399,454
10400,449
10401,453
10402,453
10403,453
10404,454
10405,454
10406,454
10407,455
10408,454
10409,454
10410,453
10411,453
10412,453
10413,454
10414,455
10415,454
10416,454
10417,454
10418,453
10419,453
10420,454
10421,454
10422,454
10423,455
10424,454
10426,454
10427,453
10428,453
10429,453
10430,454
10431,454
10432,454
10433,454
10434,454
10435,454
10436,453
10437,453
10438,453
10439,454
10440,454
10441,454
10442,454
10443,453
10444,453
10445,454
10446,454
10447,454
10448,454
10449,454
10450,454
10451,453
10452,453
10453,453
10454,454
10455,454
10456,454
10457,454
10458,453
10459,453
10460,453
10461,453
10462,453
10463,453
10464,454
10465,454
10466,454
10467,453
10469,453
10470,453
10471,453
10472,453
10473,453
10474,454
10475,454
10476,453
10477,453
10478,452
10479,452
10480,453
10481,454
10482,453
10483,453
10484,453
10485,452
10486,452
10487,452
10488,453
10489,453
10490,453
10491,453
10492,452
10493,453
10494,452
10495,452
10496,452
10497,453
10498,453
10499,453
10500,452
10501,452
10502,452
10503,452
10504,452
10505,453
10506,453
10507,453
10508,453
10509,452
10510,452
10512,452
10513,452
10514,453
10515,453
10516,453
10517,453
10518,452
10519,452
10520,452
10521,452
10522,452
10523,452
10524,453
10525,452
10526,452
10527,452
10528,452
10529,452
10530,452
10531,453
10532,453
10533,453
10534,453
10535,452
10536,452
10537,452
10538,452
10539,452
10540,453
10541,452
10542,452
10543,452
10544,452
10545,452
10546,452
10547,453
10548,453
10549,453
10550,452
10551,452
10552,452
10554,452
10555,453
10556,453
10557,452
10558,452
10559,452
10560,452
10561,452
10562,452
10563,452
10564,452
10565,453
10566,452
10567,452
10568,452
10569,452
10570,452
10571,452
10572,452
10573,453
10574,453
10575,452
10576,452
10577,452
10578,452
10579,452
10580,452
10581,452
10582,452
10583,452
10584,452
10585,451
10586,452
10587,452
10588,452
10589,453
10590,453
10591,452
10592,452
10593,452
10594,452
10595,452
10597,452
10598,452
10599,452
10600,452
10601,452
10602,451
10603,452
10604,451
10605,452
10606,452
10607,452
10608,452
10609,452
10610,451
10611,451
10612,452
10613,452
10614,453
10615,453
10616,452
10617,452
10618,451
10619,451
10620,451
10621,452
10622,452
10623,452
10624,452
10625,452
10626,452
10627,451
10628,451
10629,452
10630,452
10631,452
10632,452
10633,453
10634,452
10635,452
10636,451
10637,452
10638,452
10640,452
10641,452
10642,452
10643,451
10644,451
10645,451
10646,452
10647,452
10648,452
10649,452
10650,452
10651,451
10652,451
10653,451
10654,452
10655,452
10656,452
10657,452
10658,452
10659,451
10660,451
10661,451
10662,451
10663,451
10664,452
10665,452
10666,452
10667,451
10668,451
10669,451
10670,451
10671,451
10672,452
10673,452
10674,452
10675,451
10676,451
10677,451
10678,451
10679,451
10680,452
10682,452
10683,452
10684,451
10685,451
10686,451
10687,451
10688,452
10689,452
10690,452
10691,452
10692,452
10693,451
10694,452
10695,452
10696,452
10697,452
10698,452
10699,452
10700,452
10701,452
10702,452
10703,452
10704,452
10705,452
10706,453
10707,453
10708,452
10709,452
10710,452
10711,452
10712,452
10713,453
10714,453
10715,452
10716,452
10717,452
10718,452
10719,452
10720,452
10721,452
10722,453
10723,453
10725,452
10726,452
10727,452
10728,452
10729,452
10730,452
10731,452
10732,452
10733,452
10734,453
10735,452
10736,452
10737,452
10738,452
10739,452
10740,452
10741,452
10742,452
10743,451
10744,451
10745,452
10746,452
10747,452
10748,452
10749,452
10750,452
10751,451
10752,451
10753,452
10754,452
10755,452
10756,452
10757,452
10758,452
10759,451
10760,451
10761,451
10762,451
10763,452
10764,452
10765,452
10766,452
10768,451
10769,451
10770,451
10771,451
10772,451
10773,452
10774,453
10775,452
10776,451
10777,451
10778,451
10779,451
10780,452
10781,452
10782,452
10783,452
10784,451
10785,451
10786,451
10787,451
10788,451
10789,452
10790,452
10791,451
10792,451
10793,451
10794,451
10795,451
10796,451
10797,452
10798,451
10799,452
10800,451
10801,451
10802,451
10803,451
10804,451
10805,451
10806,452
10807,452
10808,451
10810,451
10811,451
10812,451
10813,451
10814,452
10815,452
10816,452
10817,451
10818,451
10819,451
10820,451
10821,451
10822,451
10823,451
10824,451
10825,451
10826,451
10827,451
10828,451
10829,451
10830,451
10831,451
10832,451
10833,452
10834,451
10835,450
10836,450
10837,451
10838,451
10839,451
10840,451
10841,451
10842,451
10843,450
10844,450
10845,450
10846,451
10847,451
10848,451
10849,451
10850,451
10851,451
10853,450
10854,451
10855,451
10856,451
10857,451
10858,451
10859,451
10860,450
10861,450
10862,449
10863,451
10864,451
10865,451
10866,450
10867,451
10868,450
10869,450
10870,450
10871,451
10872,451
10873,451
10874,451
10875,451
10876,450
10877,450
10878,450
10879,450
10880,450
10881,451
10882,450
10883,448
10884,450
10885,450
10886,450
10887,450
10888,450
10889,451
10890,451
10891,451
10892,450
10893,451
10894,450
10896,450
10897,451
10898,451
10899,451
10900,451
10901,450
10902,450
10903,450
10904,450
10905,450
10906,451
10907,451
10908,451
10909,450
10910,450
10911,450
10912,450
10913,451
10914,451
10915,451
10916,451
10917,450
10918,450
10919,450
10920,450
10921,450
10922,450
10923,451
10924,450
10925,450
10926,450
10927,450
10928,450
10929,450
10930,450
10931,451
10932,451
10933,451
10934,450
10935,450
10936,450
10938,450
10939,451
10940,451
10941,451
10942,450
10943,450
10944,450
10945,450
10946,450
10947,451
10948,451
10949,451
10950,450
10951,450
10952,450
10953,450
10954,450
10955,451
10956,451
10957,450
10958,450
10959,450
10960,450
10961,450
10962,450
10963,450
10964,451
10965,450
10966,450
10967,450
10968,450
10969,450
10970,450
10971,450
10972,450
10973,451
10974,451
10975,450
10976,449
10977,450
10978,450
10979,450
10981,450
10982,450
10983,450
10984,450
10985,450
10986,449
10987,449
10988,450
10989,450
10990,450
10991,450
10992,450
10993,450
10994,450
10995,450
10996,450
10997,450
10998,450
10999,450
11000,450
11001,449
11002,449
11003,449
11004,450
11005,450
11006,450
11007,450
11008,450
11009,450
11010,450
11011,449
11012,450
11013,450
11014,451
11015,450
11016,450
11017,449
11018,449
11019,449
11020,450
11021,450
11022,450
11024,450
11025,450
11026,450
11027,449
11028,449
11029,449
11030,449
11031,450
11032,450
11033,450
11034,450
11035,450
11036,449
11037,449
11038,450
11039,450
11040,450
11041,450
11042,450
11043,449
11044,449
11045,449
11046,449
11047,450
11048,450
11049,450
11050,449
11051,449
11052,449
11053,450
11054,450
11055,450
11056,450
11057,450
11058,450
11059,449
11060,449
11061,449
11062,449
11063,450
11064,450
11066,450
11067,450
11068,449
11069,449
11070,449
11071,449
11072,450
11073,450
11074,450
11075,450
11076,449
11077,449
11078,449
11079,449
11080,450
11081,450
11082,450
11083,450
11084,449
11085,449
11086,449
11087,449
11088,449
11089,449
11090,450
11091,449
11092,449
11093,449
11094,449
11095,449
11096,449
11097,450
11098,450
11099,450
11100,449
11101,449
11102,449
11103,449
11104,449
11105,449
11106,450
11107,450
11109,449
11110,449
11111,449
11112,449
11113,449
11114,450
11115,450
11116,450
11117,449
11118,448
11119,449
11120,449
11121,449
11122,449
11123,450
11124,450
11125,449
11126,449
11127,449
11128,449
11129,449
11130,449
11131,450
11132,449
11133,449
11134,449
11135,449
11136,449
11137,449
11138,448
11139,442
11140,449
11141,449
11142,449
11143,448
11144,445
11145,449
11146,449
11147,449
11148,449
11149,449
11150,449
11152,445
11153,449
11154,449
11155,448
11156,449
11157,450
11158,449
11159,449
11160,449
11161,448
11162,446
11163,449
11164,449
11165,449
11166,449
11167,449
11168,448
11169,448
11170,448
11171,449
11172,449
11173,450
11174,450
11175,449
11176,449
11177,448
11178,449
11179,449
11180,449
11181,449
11182,449
11183,449
11184,449
11185,448
11186,448
11187,449
11188,449
11189,449
11190,449
11191,449
11192,448
11194,449
11195,449
11196,448
11197,449
11198,449
11199,449
11200,449
11201,448
11202,448
11203,448
11204,448
11205,448
11206,449
11207,449
11208,449
11209,449
11210,448
11211,448
11212,449
11213,449
11214,449
11215,449
11216,449
11217,448
11218,448
11219,448
11220,448
11221,448
11222,449
11223,449
11224,449
11225,448
11226,448
11227,448
11228,448
11229,448
11230,448
11231,449
11232,449
11233,449
11234,448
11235,448
11237,448
11238,448
11239,449
11240,449
11241,449
11242,448
11243,448
11244,448
11245,448
11246,448
11247,448
11248,449
11249,449
11250,448
11251,448
11252,448
11253,448
11254,449
11255,449
11256,449
11257,449
11258,448
11259,448
11260,448
11261,448
11262,448
11263,448
11264,448
11265,448
11266,448
11267,448
11268,448
11269,448
11270,448
11271,448
11272,448
11273,449
11274,449
11275,448
11276,448
11277,448
11278,448
11280,448
11281,448
11282,448
11283,448
11284,448
11285,447
11286,447
11287,447
11288,448
11289,448
11290,448
11291,448
11292,448
11293,448
11294,448
11295,448
11296,448
11297,448
11298,448
11299,448
11300,448
11301,448
11302,448
11303,448
11304,448
11305,448
11306,448
11307,448
11308,448
11309,447
11310,447
11311,447
11312,448
11313,448
11314,449
11315,448
11316,448
11317,448
11318,448
11319,448
11320,448
11322,448
11323,448
11324,448
11325,448
11326,448
11327,447
11328,447
11329,448
11330,448
11331,448
11332,448
11333,448
11334,448
11335,448
11336,447
11337,448
11338,448
11339,448
11340,448
11341,448
11342,448
11343,448
11344,447
11345,447
11346,448
11347,448
11348,448
11349,448
11350,448
11351,448
11352,447
11353,448
11354,448
11355,448
11356,448
11357,448
11358,448
11359,448
11360,447
11361,447
11362,448
11363,448
11365,448
11366,448
11367,448
11368,448
11369,447
11370,447
11371,448
11372,448
11373,448
11374,448
11375,448
11376,448
11377,447
11378,448
11379,445
11380,447
11381,447
11382,448
11383,447
11384,448
11385,447
11386,447
11387,448
11388,448
11389,448
11390,448
11391,447
11392,447
11393,448
11394,448
11395,448
11396,448
11397,448
11398,448
11399,448
11400,447
11401,446
11402,447
11403,448
11404,448
11405,448
11406,448
11408,448
11409,448
11410,447
11411,447
11412,447
11413,447
11414,449
11415,449
11416,448
11417,448
11418,447
11419,447
11420,447
11421,447
11422,448
11423,448
11424,448
11425,448
11426,447
11427,447
11428,447
11429,447
11430,448
11431,448
11432,448
11433,448
11434,448
11435,448
11436,447
11437,447
11438,448
11439,448
11440,448
11441,447
11442,447
11443,447
11444,447
11445,447
11446,447
11447,447
11448,448
11450,448
11451,447
11452,447
11453,447
11454,448
11455,448
11456,448
11457,448
11458,448
11459,448
11460,447
11461,447
11462,447
11463,447
11464,448
11465,448
11466,448
11467,447
11468,447
11469,447
11470,447
11471,447
11472,447
11473,447
11474,447
11475,447
11476,446
11477,446
11478,446
11479,446
11480,446
11481,446
11482,447
11483,446
11484,446
11485,445
11486,446
11487,446
11488,446
11489,446
11490,446
11491,445
11493,445
11494,446
11495,446
11496,445
11497,446
11498,446
11499,444
11500,445
11501,445
11502,445
11503,445
11504,445
11505,445
11506,446
11507,446
11508,445
11509,445
11510,445
11511,445
11512,445
11513,446
11514,446
11515,446
11516,445
11517,445
11518,445
11519,445
11520,445
11521,445
11522,445
11523,445
11524,445
11525,445
11526,445
11527,445
11528,445
11529,445
11530,445
11531,445
11532,445
11533,446
11534,445
11536,445
11537,445
11538,445
11539,445
11540,445
11541,445
11542,445
11543,445
11544,445
11545,445
11546,445
11547,446
11548,446
11549,446
11550,446
11551,445
11552,445
11553,446
11554,446
11555,447
11556,447
11557,446
11558,446
11559,446
11560,446
11561,446
11562,446
11563,447
11564,447
11565,447
11566,447
11567,447
11568,446
11569,446
11570,447
11571,447
11572,447
11573,448
11574,448
11575,447
11576,447
11578,447
11579,447
11580,447
11581,447
11582,448
11583,447
11584,447
11585,447
11586,447
11587,447
11588,447
11589,448
11590,448
11591,448
11592,448
11593,447
11594,448
11595,448
11596,447
11597,448
11598,448
11599,448
11600,448
11601,447
11602,447
11603,447
11604,448
11605,448
11606,448
11607,448
11608,448
11609,447
11610,448
11611,448
11612,448
11613,449
11614,449
11615,448
11616,448
11617,447
11618,448
11619,447
11621,447
11622,448
11623,448
11624,448
11625,448
11626,448
11627,448
11628,448
11629,448
11630,448
11631,448
11632,448
11633,448
11634,449
11635,448
11636,448
11637,448
11638,448
11639,448
11640,444
11641,448
11642,448
11643,448
11644,448
11645,448
11646,448
11647,448
11648,449
11649,448
11650,448
11651,448
11652,448
11653,448
11654,449
11655,449
11656,448
11657,448
11658,448
11659,448
11660,448
11661,448
11662,448
11664,448
11665,449
11666,448
11667,448
11668,448
11669,448
11670,448
11671,448
11672,448
11673,449
11674,449
11675,449
11676,448
11677,448
11678,448
11679,447
11680,448
11681,447
11682,449
11683,448
11684,448
11685,448
11686,447
11687,448
11688,448
11689,448
11690,448
11691,448
11692,448
11693,448
11694,448
11695,448
11696,448
11697,448
11698,448
11699,448
11700,448
11701,448
11702,448
11703,448
11704,448
11706,448
11707,448
11708,448
11709,448
11710,447
11711,448
11712,448
11713,448
11714,449
11715,449
11716,448
11717,448
11718,448
11719,447
11720,446
11721,448
11722,448
11723,449
11724,448
11725,448
11726,447
11727,448
11728,448
11729,448
11730,448
11731,448
11732,448
11733,449
11734,448
11735,448
11736,447
11737,448
11738,448
11739,448
11740,448
11741,448
11742,448
11743,448
11744,447
11745,448
11746,448
11747,449
11749,448
11750,448
11751,448
11752,448
11753,448
11754,448
11755,449
11756,448
11757,448
11758,448
11759,447
11760,447
11761,440
11762,448
11763,448
11764,448
11765,448
11766,448
11767,448
11768,447
11769,447
11770,448
11771,448
11772,448
11773,448
11774,449
11775,448
11776,448
11777,448
11778,448
11779,448
11780,448
11781,448
11782,448
11783,448
11784,448
11785,447
11786,448
11787,448
11788,448
11789,448
11790,449
11792,448
11793,448
11794,448
11795,448
11796,448
11797,448
11798,448
11799,448
11800,448
11801,448
11802,447
11803,448
11804,448
11805,448
11806,448
11807,448
11808,448
11809,448
11810,448
11811,448
11812,448
11813,448
11814,449
11815,449
11816,448
11817,448
11818,448
11819,448
11820,448
11821,448
11822,448
11823,448
11824,449
11825,448
11826,448
11827,448
11828,448
11829,448
11830,449
11831,449
11832,448
11834,449
11835,448
11836,448
11837,448
11838,448
11839,448
11840,449
11841,448
11842,448
11843,448
11844,448
11845,448
11846,448
11847,449
11848,449
11849,449
11850,448
11851,448
11852,448
11853,448
11854,449
11855,449
11856,449
11857,449
11858,449
11859,448
11860,448
11861,448
11862,448
11863,448
11864,449
11865,449
11866,449
11867,448
11868,448
11869,448
11870,449
11871,449
11872,449
11873,450
11874,449
11875,449
11877,448
11878,448
11879,449
11880,449
11881,449
11882,449
11883,449
11884,449
11885,448
11886,448
11887,449
11888,449
11889,449
11890,449
11891,449
11892,449
11893,449
11894,449
11895,449
11896,449
11897,449
11898,449
11899,449
11900,449
11901,448
11902,448
11903,449
11904,449
11905,449
11906,449
11907,449
11908,449
11909,448
11910,448
11911,448
11912,449
11913,450
11914,450
11915,450
11916,449
11917,448
11918,448
11920,448
11921,449
11922,449
11923,449
11924,449
11925,449
11926,448
11927,448
11928,448
11929,448
11930,449
11931,449
11932,449
11933,449
11934,449
11935,449
11936,448
11937,448
11938,449
11939,449
11940,449
11941,449
11942,449
11943,448
11944,448
11945,449
11946,449
11947,449
11948,449
11949,449
11950,448
11951,448
11952,448
11953,449
11954,449
11955,449
11956,449
11957,449
11958,448
11959,448
11960,448
11962,448
11963,449
11964,449
11965,449
11966,449
11967,448
11968,448
11969,448
11970,448
11971,448
11972,449
11973,449
11974,449
11975,449
11976,448
11977,448
11978,448
11979,449
11980,449
11981,449
11982,449
11983,449
11984,448
11985,448
11986,448
11987,448
11988,449
11989,449
11990,449
11991,448
11992,448
11993,448
11994,449
11995,448
11996,448
11997,449
11998,449
11999,449
12000,448
12001,448
12002,448
12003,448
12005,448
12006,449
12007,449
12008,448
12009,448
12010,448
12011,448
12012,448
12013,449
12014,449
12015,450
12016,449
12017,448
12018,448
12019,448
12020,448
12021,448
12022,449
12023,449
12024,449
12025,448
12026,448
12027,448
12028,448
12029,448
12030,449
12031,449
12032,449
12033,449
12034,449
12035,448
12036,448
12037,448
12038,449
12039,449
12040,449
12041,449
12042,448
12043,448
12044,448
12045,448
12046,449
12048,449
12049,449
12050,448
12051,448
12052,448
12053,448
12054,449
12055,449
12056,449
12057,449
12058,448
12059,448
12060,448
12061,447
12062,447
12063,448
12064,448
12065,448
12066,448
12067,448
12068,448
12069,447
12070,448
12071,448
12072,449
12073,448
12074,449
12075,449
12076,448
12077,447
12078,448
12079,448
12080,448
12081,448
12082,448
12083,448
12084,448
12085,447
12086,448
12087,448
12088,448
12090,447
12091,448
12092,448
12093,448
12094,448
12095,448
12096,448
12097,448
12098,448
12099,448
12100,448
12101,447
12102,447
12103,448
12104,448
12105,448
12106,448
12107,448
12108,448
12109,448
12110,447
12111,448
12112,448
12113,448
12114,448
12115,449
12116,448
12117,448
12118,448
12119,447
12120,448
12121,448
12122,448
12123,448
12124,448
12125,448
12126,448
12127,448
12128,448
12129,448
12130,448
12131,449
12133,449
12134,449
12135,448
12136,448
12137,448
12138,448
12139,448
12140,448
12141,448
12142,447
12143,444
12144,448
12145,448
12146,448
12147,448
12148,449
12149,449
12150,447
12151,448
12152,448
12153,448
12154,449
12155,449
12156,447
12157,448
12158,448
12159,448
12160,448
12161,442
12162,448
12163,449
12164,449
12165,449
12166,448
12167,448
12168,448
12169,448
12170,448
12171,448
12172,449
12173,450
12174,449
12176,448
12177,448
12178,448
12179,448
12180,449
12181,449
12182,449
12183,448
12184,448
12185,448
12186,448
12187,448
12188,448
12189,449
12190,449
12191,449
12192,448
12193,448
12194,448
12195,449
12196,448
12197,449
12198,449
12199,449
12200,448
12201,448
12202,448
12203,448
12204,448
12205,448
12206,449
12207,449
12208,448
12209,448
12210,448
12211,448
12212,448
12213,449
12214,449
12215,449
12216,448
12218,448
12219,448
12220,448
12221,448
12222,448
12223,449
12224,449
12225,448
12226,448
12227,448
12228,448
12229,448
12230,448
12231,448
12232,448
12233,448
12234,448
12235,448
12236,448
12237,448
12238,448
12239,448
12240,448
12241,448
12242,448
12243,446
12244,448
12245,448
12246,448
12247,448
12248,448
12249,448
12250,448
12251,448
12252,448
12253,449
12254,448
12255,448
12256,448
12257,448
12258,448
12259,448
12261,448
12262,448
12263,447
12264,448
12265,448
12266,449
12267,448
12268,448
12269,448
12270,448
12271,448
12272,448
12273,449
12274,449
12275,449
12276,448
12277,448
12278,448
12279,448
12280,448
12281,449
12282,449
12283,449
12284,448
12285,448
12286,448
12287,448
12288,448
12289,448
12290,449
12291,448
12292,448
12293,448
12294,448
12295,448
12296,448
12297,449
12298,449
12299,449
12300,448
12301,448
12302,448
12304,448
12305,448
12306,448
12307,448
12308,448
12309,448
12310,448
12311,448
12312,448
12313,448
12314,449
12315,449
12316,448
12317,448
12318,448
12319,448
12320,448
12321,448
12322,448
12323,449
12324,449
12325,448
12326,448
12327,448
12328,448
12329,448
12330,448
12331,449
12332,449
12333,449
12334,449
12335,448
12336,448
12337,448
12338,449
12339,449
12340,449
12341,449
12342,448
12343,448
12344,448
12346,448
12347,449
12348,449
12349,449
12350,449
12351,448
12352,448
12353,448
12354,449
12355,449
12356,449
12357,449
12358,449
12359,448
12360,448
12361,448
12362,448
12363,448
12364,449
12365,449
12366,449
12367,448
12368,448
12369,448
12370,448
12371,449
12372,449
12373,449
12374,449
12375,449
12376,448
12377,448
12378,448
12379,448
12380,449
12381,449
12382,449
12383,448
12384,448
12385,448
12386,448
12387,449
12389,449
12390,449
12391,449
12392,449
12393,448
12394,449
12395,449
12396,448
12397,449
12398,449
12399,449
12400,448
12401,448
12402,448
12403,448
12404,448
12405,449
12406,449
12407,449
12408,449
12409,448
12410,448
12411,448
12412,448
12413,449
12414,449
12415,449
12416,448
12417,448
12418,448
12419,448
12420,448
12421,448
12422,448
12423,448
12424,448
12425,448
12426,448
12427,448
12428,448
12429,448
12430,448
12432,448
12433,448
12434,448
12435,448
12436,448
12437,448
12438,448
12439,448
12440,449
12441,449
12442,448
12443,448
12444,448
12445,448
12446,448
12447,448
12448,448
12449,448
12450,448
12451,448
12452,448
12453,448
12454,449
12455,449
12456,448
12457,448
12458,448
12459,448
12460,448
12461,448
12462,448
12463,448
12464,448
12465,448
12466,448
12467,447
12468,447
12469,448
12470,447
12471,448
12472,448
12474,448
12475,448
12476,447
12477,447
12478,447
12479,447
12480,447
12481,448
12482,448
12483,448
12484,447
12485,447
12486,447
12487,447
12488,447
12489,448
12490,448
12491,447
12492,447
12493,447
12494,447
12495,447
12496,447
12497,447
12498,447
12499,447
12500,447
12501,446
12502,446
12503,447
12504,447
12505,447
12506,447
12507,447
12508,447
12509,446
12510,446
12511,446
12512,447
12513,447
12514,447
12515,447
12517,446
12518,446
12519,446
12520,444
12521,446
12522,446
12523,445
12524,447
12525,446
12526,446
12527,446
12528,446
12529,446
12530,446
12531,446
12532,447
12533,446
12534,446
12535,446
12536,446
12537,446
12538,445
12539,443
12540,446
12541,446
12542,446
12543,446
12544,445
12545,446
12546,446
12547,446
12548,446
12549,446
12550,446
12551,446
12552,446
12553,446
12554,446
12555,447
12556,446
12557,446
12558,446
12560,446
12561,446
12562,446
12563,446
12564,446
12565,446
12566,446
12567,446
12568,445
12569,446
12570,445
12571,446
12572,446
12573,446
12574,447
12575,446
12576,445
12577,445
12578,446
12579,446
12580,446
12581,446
12582,446
12583,446
12584,446
12585,445
12586,445
12587,446
12588,446
12589,446
12590,446
12591,446
12592,445
12593,446
12594,446
12595,446
12596,446
12597,446
12598,446
12599,446
12600,445
12602,445
12603,445
12604,446
12605,446
12606,446
12607,446
12608,446
12609,446
12610,445
12611,445
12612,446
12613,446
12614,447
12615,447
12616,446
12617,446
12618,446
12619,445
12620,445
12621,446
12622,444
12623,446
12624,446
12625,446
12626,445
12627,445
12628,445
12629,445
12630,446
12631,446
12632,446
12633,446
12634,446
12635,446
12636,446
12637,446
12638,444
12639,446
12640,446
12641,446
12642,445
12643,445
12645,445
12646,446
12647,446
12648,446
12649,446
12650,446
12651,445
12652,446
12653,445
12654,446
12655,446
12656,446
12657,446
12658,446
12659,446
12660,445
12661,446
12662,446
12663,446
12664,446
12665,446
