Time (s),Intensity
1,287
2,287
3,287
4,288
5,287
6,287
7,286
8,286
9,287
10,287
11,288
12,287
13,287
14,287
15,286
16,287
17,287
18,287
19,288
20,288
21,241
22,268
23,255
24,304
25,262
26,257
27,268
28,253
29,286
30,263
31,288
32,262
33,257
34,268
35,263
37,287
38,267
39,274
40,268
41,273
42,268
43,267
44,292
45,270
46,272
47,268
48,269
49,281
50,271
51,288
52,278
53,269
54,271
55,275
56,286
57,271
58,282
59,271
60,269
61,271
62,275
63,290
64,278
65,272
66,268
67,273
68,285
69,275
70,284
71,278
72,277
73,280
74,279
75,288
76,278
77,280
79,276
80,277
81,287
82,275
83,284
84,276
85,275
86,271
87,275
88,287
89,278
90,280
91,278
92,277
93,280
94,275
95,286
96,278
97,278
98,280
99,277
100,286
101,275
102,284
103,278
104,281
105,280
106,279
107,286
108,275
109,281
110,278
111,277
112,281
113,275
114,288
115,278
116,278
117,276
118,277
119,287
120,279
122,284
123,276
124,279
125,280
126,275
127,286
128,278
129,282
130,276
131,277
132,280
133,279
134,287
135,278
136,278
137,280
138,279
139,286
140,275
141,284
142,276
143,277
144,280
145,283
146,287
147,278
148,281
149,278
150,277
151,284
152,283
153,287
154,278
155,280
156,276
157,277
158,285
159,279
160,288
161,278
162,281
163,276
165,277
166,286
167,279
168,286
169,278
170,281
171,276
172,277
173,287
174,275
175,284
176,279
177,281
178,276
179,281
180,287
181,275
182,284
183,278
184,277
185,276
186,281
187,287
188,275
189,284
190,278
191,277
192,284
193,283
194,288
195,284
196,288
197,287
198,294
199,286
200,283
201,288
202,282
203,289
204,287
205,286
207,287
208,286
209,286
210,287
211,293
212,287
213,288
214,286
215,287
216,286
217,287
218,283
219,286
220,288
221,287
222,287
223,292
224,286
225,286
226,287
227,287
228,287
229,287
230,287
231,286
232,286
233,287
234,286
235,287
236,288
237,288
238,288
239,290
240,287
241,286
242,287
243,287
244,287
245,287
246,287
247,287
248,286
250,286
251,287
252,287
253,287
254,287
255,287
256,287
257,287
258,288
259,289
260,287
261,287
262,288
263,287
264,287
265,286
266,286
267,287
268,287
269,287
270,288
271,287
272,287
273,287
274,287
275,287
276,287
277,288
278,279
279,288
280,287
281,287
282,286
283,287
284,287
285,287
286,288
287,287
288,287
289,287
290,287
291,286
293,287
294,287
295,287
296,287
297,288
298,287
299,287
300,287
301,287
302,287
303,287
304,288
305,287
306,287
307,286
308,286
309,286
310,287
311,287
312,287
313,287
314,287
315,286
316,286
317,287
318,287
319,288
320,288
321,287
322,287
323,287
324,287
325,287
326,287
327,288
328,288
329,288
330,286
331,286
332,286
333,286
335,287
336,287
337,288
338,288
339,287
340,287
341,287
342,286
343,287
344,287
345,287
346,287
347,287
348,287
349,286
350,286
351,287
352,287
353,288
354,287
355,287
356,287
357,287
358,287
359,287
360,287
361,288
362,287
363,287
364,287
365,286
366,287
367,287
368,287
369,287
370,288
371,287
372,287
373,287
374,286
375,287
376,287
378,288
379,287
380,288
381,287
382,287
383,287
384,286
385,287
386,288
387,288
388,287
389,287
390,287
391,286
392,287
393,287
394,287
395,287
396,288
397,287
398,287
399,287
400,287
401,287
402,287
403,288
404,288
405,287
406,287
407,286
408,287
409,287
410,287
411,287
412,287
413,287
414,287
415,286
416,287
417,287
418,287
419,288
421,288
422,287
423,287
424,287
425,287
426,287
427,287
428,287
429,287
430,287
431,287
432,286
433,287
434,286
435,287
436,288
437,288
438,287
439,287
440,287
441,286
442,287
443,287
444,287
445,288
446,287
447,287
448,287
449,286
450,287
451,287
452,288
453,288
454,287
455,287
456,287
457,287
458,287
459,287
460,287
461,287
463,288
464,287
465,287
466,287
467,286
468,287
469,288
470,287
471,287
472,287
473,287
474,286
475,287
476,287
477,287
478,288
479,287
480,287
481,287
482,287
483,286
484,287
485,287
486,288
487,287
488,287
489,287
490,287
491,286
492,287
493,287
494,287
495,287
496,288
497,287
498,286
499,286
500,287
501,287
502,287
503,288
504,287
506,287
507,286
508,284
509,287
510,287
511,288
512,287
513,287
514,287
515,285
516,287
517,287
518,287
519,287
520,288
521,287
522,288
523,287
524,287
525,287
526,287
527,287
528,287
529,288
530,287
531,286
532,286
533,286
534,287
535,287
536,288
537,288
538,287
539,287
540,287
541,286
542,287
543,287
544,287
545,287
546,287
547,287
549,286
550,286
551,287
552,287
553,288
554,287
555,287
556,287
557,287
558,287
559,287
560,287
561,287
562,287
563,287
564,287
565,286
566,286
567,286
568,287
569,287
570,287
571,287
572,287
573,287
574,286
575,287
576,287
577,287
578,288
579,287
580,287
581,287
582,287
583,287
584,287
585,287
586,288
587,287
588,287
589,287
591,286
592,286
593,287
594,287
595,287
596,287
597,287
598,287
599,287
600,286
601,287
602,287
603,288
604,287
605,287
606,287
607,286
608,287
609,287
610,287
611,287
612,287
613,287
614,286
615,286
616,287
617,287
618,287
619,288
620,288
621,287
622,287
623,287
624,287
625,287
626,287
627,287
628,287
629,287
630,287
631,286
632,287
634,287
635,287
636,287
637,288
638,288
639,287
640,287
641,287
642,287
643,287
644,287
645,287
646,287
647,287
648,286
649,286
650,287
651,287
652,287
653,288
654,288
655,287
656,287
657,287
658,287
659,287
660,287
661,287
662,287
663,287
664,287
665,287
666,287
667,287
668,287
669,287
670,288
671,287
672,287
673,287
674,287
675,287
677,288
678,288
679,288
680,287
681,287
682,286
683,286
684,287
685,287
686,287
687,288
688,287
689,286
690,286
691,286
692,287
693,287
694,287
695,287
696,287
697,287
698,287
699,286
700,287
701,287
702,287
703,287
704,287
705,287
706,287
707,286
708,286
709,287
710,287
711,287
712,287
713,287
714,286
715,286
716,287
717,287
719,287
720,287
721,288
722,288
723,287
724,283
725,287
726,287
727,287
728,287
729,287
730,287
731,287
732,287
733,287
734,286
735,287
736,287
737,288
738,287
739,287
740,287
741,286
742,286
743,284
744,288
745,288
746,287
747,287
748,286
749,286
750,287
751,287
752,287
753,287
754,287
755,287
756,287
757,287
758,287
759,287
760,287
762,287
763,287
764,287
765,287
766,286
767,287
768,287
769,287
770,287
771,287
772,287
773,287
774,287
775,287
776,287
777,287
778,288
779,287
780,287
781,287
782,286
783,286
784,287
785,287
786,287
787,287
788,287
789,287
790,286
791,287
792,287
793,287
794,287
795,288
796,288
797,287
798,287
799,286
800,287
801,287
802,288
803,287
805,287
806,287
807,286
808,286
809,286
810,287
811,287
812,287
813,287
814,287
815,287
816,286
817,287
818,287
819,287
820,288
821,287
822,287
823,286
824,287
825,286
826,287
827,287
828,288
829,287
830,286
831,286
832,286
833,287
834,287
835,287
836,288
837,288
838,287
839,286
840,286
841,286
842,287
843,287
844,288
845,287
847,287
848,287
849,286
850,287
851,287
852,287
853,287
854,288
855,287
856,287
857,287
858,287
859,287
860,287
861,287
862,287
863,287
864,287
865,287
866,286
867,287
868,287
869,287
870,287
871,287
872,287
873,286
874,286
875,287
876,287
877,288
878,288
879,287
880,287
881,285
882,283
883,286
884,287
885,287
886,288
887,287
888,287
890,286
891,286
892,286
893,287
894,287
895,287
896,287
897,287
898,287
899,286
900,286
901,287
902,287
903,288
904,287
905,287
906,287
907,286
908,286
909,286
910,287
911,287
912,287
913,287
914,287
915,286
916,287
917,287
918,287
919,288
920,287
921,287
922,287
923,286
924,286
925,287
926,287
927,287
928,287
929,287
930,287
931,286
933,286
934,286
935,287
936,287
937,287
938,287
939,287
940,286
941,286
942,287
943,287
944,287
945,287
946,287
947,287
948,286
949,286
950,287
951,287
952,287
953,288
954,287
955,287
956,287
957,287
958,287
959,287
960,287
961,288
962,288
963,287
964,287
965,287
966,287
967,287
968,287
969,288
970,288
971,287
972,287
973,286
975,287
976,287
977,288
978,288
979,288
980,287
981,287
982,287
983,287
984,287
985,287
986,287
987,288
988,287
989,286
990,286
991,286
992,287
993,287
994,288
995,288
996,288
997,287
998,287
999,287
1000,287
1001,287
1002,288
1003,287
1004,287
1005,287
1006,287
1007,286
1008,287
1009,287
1010,288
1011,287
1012,287
1013,287
1014,287
1015,286
1016,287
1018,287
1019,287
1020,288
1021,287
1022,287
1023,283
1024,287
1025,287
1026,287
1027,286
1028,286
1029,287
1030,287
1031,287
1032,286
1033,287
1034,287
1035,285
1036,288
1037,288
1038,287
1039,287
1040,286
1041,286
1042,288
1043,288
1044,288
1045,288
1046,287
1047,287
1048,286
1049,287
1050,286
1051,287
1052,287
1053,288
1054,287
1055,287
1056,287
1057,287
1058,286
1059,287
1061,287
1062,287
1063,287
1064,287
1065,286
1066,286
1067,287
1068,287
1069,287
1070,287
1071,287
1072,287
1073,287
1074,286
1075,286
1076,287
1077,288
1078,288
1079,287
1080,287
1081,286
1082,286
1083,286
1084,287
1085,287
1086,288
1087,287
1088,287
1089,287
1090,286
1091,287
1092,287
1093,287
1094,287
1095,287
1096,287
1097,287
1098,287
1099,286
1100,287
1101,287
1103,287
1104,287
1105,287
1106,286
1107,286
1108,286
1109,286
1110,287
1111,288
1112,287
1113,287
1114,287
1115,287
1116,286
1117,287
1118,288
1119,287
1120,287
1121,287
1122,287
1123,286
1124,286
1125,286
1126,287
1127,287
1128,287
1129,287
1130,287
1131,286
1132,286
1133,287
1134,287
1135,287
1136,287
1137,288
1138,287
1139,286
1140,286
1141,287
1142,287
1143,287
1144,287
1146,287
1147,287
1148,287
1149,286
1150,287
1151,287
1152,287
1153,287
1154,287
1155,287
1156,286
1157,286
1158,287
1159,287
1160,287
1161,287
1162,287
1163,287
1164,287
1165,286
1166,286
1167,287
1168,287
1169,287
1170,287
1171,287
1172,287
1173,286
1174,286
1175,287
1176,288
1177,288
1178,287
1179,287
1180,287
1181,286
1182,286
1183,287
1184,287
1185,287
1186,288
1187,287
1189,287
1190,286
1191,286
1192,286
1193,287
1194,287
1195,287
1196,287
1197,287
1198,287
1199,286
1200,287
1201,287
1202,287
1203,287
1204,287
1205,287
1206,286
1207,286
1208,286
1209,287
1210,287
1211,287
1212,287
1213,287
1214,287
1215,287
1216,287
1217,287
1218,287
1219,287
1220,287
1221,287
1222,287
1223,287
1224,286
1225,287
1226,287
1227,288
1228,288
1229,287
1231,286
1232,287
1233,287
1234,287
1235,287
1236,287
1237,288
1238,287
1239,287
1240,286
1241,286
1242,287
1243,287
1244,287
1245,287
1246,287
1247,287
1248,286
1249,286
1250,287
1251,287
1252,287
1253,287
1254,287
1255,287
1256,287
1257,287
1258,287
1259,287
1260,287
1261,287
1262,287
1263,287
1264,286
1265,286
1266,286
1267,287
1268,287
1269,288
1270,287
1271,287
1272,286
1274,286
1275,287
1276,287
1277,287
1278,288
1279,287
1280,287
1281,287
1282,286
1283,286
1284,287
1285,287
1286,288
1287,287
1288,287
1289,287
1290,286
1291,286
1292,287
1293,287
1294,288
1295,287
1296,287
1297,287
1298,287
1299,287
1300,287
1301,287
1302,288
1303,288
1304,287
1305,287
1306,287
1307,286
1308,287
1309,287
1310,287
1311,288
1312,287
1313,287
1314,286
1315,287
1317,287
1318,288
1319,288
1320,288
1321,287
1322,287
1323,286
1324,286
1325,286
1326,287
1327,287
1328,287
1329,287
1330,287
1331,287
1332,286
1333,287
1334,287
1335,287
1336,288
1337,288
1338,288
1339,287
1340,286
1341,286
1342,287
1343,287
1344,287
1345,288
1346,287
1347,286
1348,286
1349,286
1350,286
1351,287
1352,287
1353,287
1354,287
1355,287
1356,286
1357,287
1359,287
1360,287
1361,287
1362,287
1363,287
1364,287
1365,286
1366,286
1367,287
1368,287
1369,287
1370,288
1371,287
1372,287
1373,287
1374,286
1375,287
1376,287
1377,288
1378,288
1379,287
1380,287
1381,287
1382,286
1383,287
1384,287
1385,287
1386,287
1387,287
1388,287
1389,286
1390,286
1391,286
1392,287
1393,287
1394,287
1395,287
1396,287
1397,287
1398,286
1399,286
1400,287
1402,287
1403,287
1404,287
1405,286
1406,286
1407,286
1408,286
1409,286
1410,287
1411,288
1412,288
1413,287
1414,286
1415,286
1416,286
1417,287
1418,287
1419,287
1420,287
1421,287
1422,286
1423,287
1424,286
1425,287
1426,287
1427,287
1428,288
1429,287
1430,287
1431,286
1432,286
1433,287
1434,287
1435,287
1436,288
1437,288
1438,287
1439,287
1440,286
1441,286
1442,286
1443,287
1445,287
1446,287
1447,287
1448,287
1449,286
1450,287
1451,287
1452,287
1453,288
1454,287
1455,287
1456,286
1457,287
1458,287
1459,287
1460,287
1461,287
1462,287
1463,287
1464,286
1465,286
1466,286
1467,287
1468,287
1469,287
1470,287
1471,287
1472,286
1473,286
1474,286
1475,287
1476,287
1477,288
1478,288
1479,287
1480,287
1481,287
1482,287
1483,287
1484,287
1485,287
1487,288
1488,287
1489,287
1490,286
1491,286
1492,287
1493,287
1494,287
1495,288
1496,287
1497,287
1498,287
1499,286
1500,287
1501,287
1502,287
1503,287
1504,287
1505,287
1506,286
1507,286
1508,286
1509,287
1510,287
1511,287
1512,287
1513,287
1514,286
1515,287
1516,287
1517,287
1518,288
1519,288
1520,287
1521,287
1522,286
1523,286
1524,286
1525,287
1526,287
1527,287
1528,287
1530,287
1531,286
1532,286
1533,286
1534,287
1535,287
1536,287
1537,287
1538,287
1539,286
1540,286
1541,286
1542,287
1543,287
1544,287
1545,286
1546,284
1547,287
1548,287
1549,286
1550,286
1551,287
1552,288
1553,285
1554,287
1555,287
1556,287
1557,287
1558,287
1559,287
1560,287
1561,282
1562,288
1563,287
1564,287
1565,286
1566,286
1567,287
1568,287
1569,287
1570,287
1571,287
1573,287
1574,286
1575,287
1576,287
1577,287
1578,288
1579,287
1580,287
1581,287
1582,286
1583,286
1584,287
1585,287
1586,287
1587,287
1588,287
1589,286
1590,286
1591,286
1592,287
1593,287
1594,287
1595,287
1596,287
1597,286
1598,287
1599,287
1600,287
1601,287
1602,287
1603,287
1604,287
1605,287
1606,286
1607,286
1608,286
1609,287
1610,287
1611,287
1612,287
1613,287
1615,286
1616,286
1617,287
1618,287
1619,287
1620,287
1621,287
1622,287
1623,286
1624,286
1625,286
1626,287
1627,287
1628,287
1629,287
1630,287
1631,286
1632,286
1633,287
1634,287
1635,287
1636,288
1637,288
1638,287
1639,286
1640,286
1641,287
1642,287
1643,287
1644,287
1645,287
1646,287
1647,286
1648,286
1649,286
1650,287
1651,287
1652,287
1653,287
1654,287
1655,286
1656,287
1658,287
1659,287
1660,287
1661,287
1662,287
1663,287
1664,287
1665,286
1666,286
1667,287
1668,287
1669,287
1670,287
1671,287
1672,286
1673,286
1674,286
1675,287
1676,287
1677,288
1678,288
1679,287
1680,287
1681,287
1682,286
1683,287
1684,287
1685,287
1686,287
1687,287
1688,287
1689,286
1690,286
1691,286
1692,287
1693,287
1694,287
1695,287
1696,287
1697,287
1698,286
1699,286
1701,287
1702,287
1703,288
1704,287
1705,287
1706,286
1707,286
1708,287
1709,287
1710,287
1711,288
1712,287
1713,287
1714,286
1715,287
1716,286
1717,287
1718,287
1719,287
1720,287
1721,287
1722,287
1723,286
1724,286
1725,287
1726,287
1727,287
1728,287
1729,287
1730,286
1731,286
1732,286
1733,287
1734,287
1735,287
1736,288
1737,287
1738,287
1739,286
1740,286
1741,287
1743,287
1744,287
1745,287
1746,287
1747,287
1748,286
1749,287
1750,287
1751,287
1752,287
1753,288
1754,287
1755,287
1756,286
1757,287
1758,287
1759,287
1760,287
1761,287
1762,287
1763,287
1764,286
1765,286
1766,287
1767,287
1768,287
1769,287
1770,287
1771,287
1772,287
1773,286
1774,286
1775,287
1776,287
1777,288
1778,288
1779,287
1780,287
1781,286
1782,286
1783,286
1784,287
1786,288
1787,287
1788,287
1789,287
1790,287
1791,286
1792,287
1793,287
1794,287
1795,287
1796,287
1797,287
1798,286
1799,287
1800,287
1801,287
1802,287
1803,288
1804,287
1805,287
1806,286
1807,286
1808,287
1809,287
1810,287
1811,287
1812,287
1813,287
1814,286
1815,286
1816,287
1817,287
1818,287
1819,287
1820,287
1821,287
1822,286
1823,286
1824,286
1825,287
1826,287
1827,287
1829,287
1830,287
1831,286
1832,286
1833,287
1834,287
1835,287
1836,288
1837,288
1838,287
1839,287
1840,286
1841,286
1842,287
1843,287
1844,288
1845,288
1846,287
1847,287
1848,286
1849,287
1850,287
1851,287
1852,287
1853,287
1854,287
1855,287
1856,287
1857,287
1858,287
1859,287
1860,287
1861,287
1862,287
1863,287
1864,286
1865,286
1866,287
1867,287
1868,287
1869,288
1871,287
1872,287
1873,286
1874,287
1875,287
1876,287
1877,287
1878,288
1879,287
1880,287
1881,287
1882,286
1883,287
1884,287
1885,287
1886,288
1887,287
1888,287
1889,286
1890,286
1891,286
1892,287
1893,287
1894,288
1895,287
1896,287
1897,287
1898,287
1899,286
1900,287
1901,287
1902,287
1903,287
1904,287
1905,287
1906,286
1907,286
1908,287
1909,287
1910,287
1911,287
1912,287
1914,286
1915,287
1916,286
1917,287
1918,287
1919,287
1920,287
1921,287
1922,286
1923,286
1924,286
1925,287
1926,287
1927,287
1928,287
1929,287
1930,287
1931,286
1932,286
1933,286
1934,287
1935,288
1936,287
1937,287
1938,286
1939,286
1940,286
1941,286
1942,287
1943,287
1944,287
1945,287
1946,287
1947,286
1948,287
1949,286
1950,287
1951,287
1952,288
1953,287
1954,287
1955,287
1957,287
1958,287
1959,287
1960,287
1961,287
1962,287
1963,287
1964,287
1965,286
1966,287
1967,287
1968,287
1969,288
1970,287
1971,287
1972,286
1973,286
1974,286
1975,287
1976,287
1977,288
1978,287
1979,287
1980,286
1981,286
1982,286
1983,286
1984,287
1985,287
1986,287
1987,287
1988,287
1989,286
1990,286
1991,286
1992,287
1993,288
1994,287
1995,287
1996,287
1997,286
1999,286
2000,287
2001,287
2002,287
2003,287
2004,287
2005,287
2006,286
2007,286
2008,286
2009,287
2010,287
2011,287
2012,287
2013,287
2014,286
2015,286
2016,286
2017,287
2018,287
2019,287
2020,287
2021,287
2022,286
2023,286
2024,286
2025,287
2026,287
2027,287
2028,287
2029,287
2030,287
2031,286
2032,286
2033,287
2034,287
2035,287
2036,288
2037,287
2038,287
2039,286
2040,286
2042,286
2043,287
2044,287
2045,287
2046,287
2047,286
2048,286
2049,286
2050,287
2051,287
2052,287
2053,287
2054,287
2055,287
2056,286
2057,287
2058,287
2059,287
2060,287
2061,287
2062,285
2063,287
2064,287
2065,286
2066,286
2067,287
2068,287
2069,287
2070,287
2071,287
2072,286
2073,285
2074,287
2075,287
2076,288
2077,288
2078,287
2079,287
2080,287
2081,286
2082,284
2083,287
2085,287
2086,287
2087,287
2088,287
2089,287
2090,286
2091,286
2092,287
2093,287
2094,287
2095,288
2096,287
2097,287
2098,287
2099,286
2100,286
2101,287
2102,287
2103,287
2104,287
2105,287
2106,286
2107,286
2108,287
2109,287
2110,287
2111,287
2112,287
2113,287
2114,286
2115,286
2116,287
2117,287
2118,287
2119,287
2120,287
2121,287
2122,286
2123,286
2124,286
2125,287
2127,287
2128,287
2129,287
2130,287
2131,286
2132,286
2133,287
2134,287
2135,287
2136,287
2137,287
2138,287
2139,286
2140,286
2141,287
2142,287
2143,287
2144,287
2145,287
2146,287
2147,286
2148,286
2149,286
2150,287
2151,287
2152,287
2153,287
2154,287
2155,287
2156,287
2157,287
2158,287
2159,287
2160,288
2161,287
2162,287
2163,287
2164,286
2165,286
2166,287
2167,287
2168,287
2170,287
2171,287
2172,287
2173,287
2174,286
2175,287
2176,287
2177,288
2178,288
2179,287
2180,287
2181,286
2182,286
2183,287
2184,287
2185,287
2186,288
2187,287
2188,286
2189,286
2190,286
2191,286
2192,287
2193,287
2194,287
2195,287
2196,287
2197,287
2198,286
2199,287
2200,287
2201,287
2202,288
2203,287
2204,287
2205,286
2206,286
2207,286
2208,287
2209,287
2210,287
2211,287
2213,287
2214,286
2215,286
2216,286
2217,287
2218,287
2219,287
2220,288
2221,287
2222,286
2223,286
2224,286
2225,287
2226,287
2227,287
2228,287
2229,287
2230,287
2231,286
2232,286
2233,287
2234,287
2235,287
2236,287
2237,287
2238,287
2239,286
2240,286
2241,287
2242,287
2243,287
2244,287
2245,287
2246,287
2247,286
2248,286
2249,286
2250,287
2251,287
2252,287
2253,287
2255,287
2256,286
2257,287
2258,287
2259,287
2260,287
2261,287
2262,287
2263,287
2264,287
2265,286
2266,287
2267,287
2268,287
2269,287
2270,287
2271,287
2272,287
2273,287
2274,286
2275,286
2276,287
2277,288
2278,287
2279,287
2280,286
2281,286
2282,286
2283,287
2284,287
2285,287
2286,287
2287,287
2288,286
2289,286
2290,286
2291,287
2292,287
2293,287
2294,287
2295,287
2296,287
2298,286
2299,286
2300,287
2301,287
2302,287
2303,287
2304,287
2305,287
2306,286
2307,286
2308,286
2309,287
2310,287
2311,287
2312,287
2313,287
2314,286
2315,286
2316,286
2317,287
2318,287
2319,287
2320,287
2321,287
2322,286
2323,286
2324,287
2325,287
2326,287
2327,288
2328,287
2329,287
2330,286
2331,286
2332,286
2333,287
2334,287
2335,287
2336,288
2337,287
2338,287
2339,286
2341,286
2342,287
2343,287
2344,287
2345,287
2346,287
2347,287
2348,286
2349,286
2350,287
2351,287
2352,287
2353,287
2354,287
2355,287
2356,286
2357,286
2358,287
2359,287
2360,287
2361,287
2362,287
2363,287
2364,286
2365,286
2366,287
2367,287
2368,287
2369,287
2370,287
2371,287
2372,287
2373,286
2374,287
2375,287
2376,288
2377,288
2378,287
2379,286
2380,286
2381,286
2383,287
2384,287
2385,287
2386,288
2387,287
2388,287
2389,286
2390,286
2391,286
2392,287
2393,287
2394,287
2395,287
2396,287
2397,286
2398,287
2399,286
2400,287
2401,287
2402,287
2403,287
2404,287
2405,286
2406,286
2407,286
2408,287
2409,287
2410,288
2411,287
2412,287
2413,286
2414,286
2415,286
2416,287
2417,287
2418,288
2419,287
2420,287
2421,286
2422,286
2423,286
2424,286
2426,287
2427,287
2428,287
2429,287
2430,286
2431,286
2432,286
2433,287
2434,287
2435,287
2436,287
2437,287
2438,287
2439,286
2440,286
2441,286
2442,287
2443,288
2444,286
2445,281
2446,287
2447,287
2448,286
2449,286
2450,286
2451,287
2452,287
2453,287
2454,287
2455,286
2456,286
2457,287
2458,287
2459,287
2460,287
2461,287
2462,285
2463,287
2464,287
2465,286
2466,287
2467,287
2469,287
2470,287
2471,287
2472,286
2473,286
2474,286
2475,285
2476,287
2477,288
2478,288
2479,287
2480,286
2481,286
2482,286
2483,287
2484,287
2485,287
2486,287
2487,287
2488,287
2489,286
2490,286
2491,286
2492,287
2493,287
2494,287
2495,286
2496,287
2497,286
2498,287
2499,286
2500,287
2501,287
2502,287
2503,286
2504,287
2505,286
2506,286
2507,287
2508,287
2509,287
2511,288
2512,287
2513,287
2514,286
2515,286
2516,286
2517,287
2518,288
2519,287
2520,287
2521,287
2522,286
2523,286
2524,286
2525,287
2526,287
2527,287
2528,287
2529,287
2530,286
2531,286
2532,286
2533,287
2534,287
2535,287
2536,287
2537,287
2538,287
2539,286
2540,286
2541,287
2542,287
2543,287
2544,287
2545,287
2546,287
2547,286
2548,286
2549,287
2550,287
2551,287
2552,288
2554,287
2555,286
2556,287
2557,286
2558,287
2559,287
2560,287
2561,287
2562,287
2563,287
2564,286
2565,286
2566,286
2567,287
2568,287
2569,287
2570,287
2571,287
2572,286
2573,286
2574,286
2575,287
2576,287
2577,288
2578,287
2579,287
2580,287
2581,286
2582,287
2583,287
2584,287
2585,288
2586,287
2587,287
2588,286
2589,287
2590,286
2591,287
2592,287
2593,288
2594,287
2595,287
2597,287
2598,286
2599,287
2600,287
2601,287
2602,287
2603,287
2604,287
2605,286
2606,286
2607,286
2608,287
2609,287
2610,287
2611,287
2612,287
2613,286
2614,286
2615,286
2616,287
2617,287
2618,288
2619,287
2620,287
2621,287
2622,286
2623,286
2624,286
2625,287
2626,287
2627,287
2628,287
2629,287
2630,287
2631,286
2632,287
2633,287
2634,287
2635,287
2636,288
2637,287
2639,287
2640,286
2641,286
2642,287
2643,287
2644,287
2645,287
2646,287
2647,286
2648,286
2649,286
2650,287
2651,287
2652,287
2653,287
2654,287
2655,286
2656,286
2657,287
2658,287
2659,287
2660,287
2661,287
2662,287
2663,286
2664,286
2665,286
2666,286
2667,287
2668,287
2669,287
2670,287
2671,286
2672,286
2673,286
2674,286
2675,287
2676,288
2677,288
2678,287
2679,286
2680,286
2682,286
2683,287
2684,287
2685,287
2686,287
2687,287
2688,286
2689,286
2690,286
2691,287
2692,287
2693,287
2694,287
2695,287
2696,287
2697,286
2698,286
2699,286
2700,287
2701,287
2702,287
2703,287
2704,287
2705,286
2706,286
2707,286
2708,287
2709,287
2710,287
2711,287
2712,287
2713,286
2714,286
2715,286
2716,287
2717,288
2718,288
2719,287
2720,287
2721,287
2722,286
2723,286
2725,287
2726,287
2727,287
2728,287
2729,287
2730,286
2731,286
2732,286
2733,287
2734,287
2735,287
2736,287
2737,287
2738,287
2739,286
2740,286
2741,287
2742,287
2743,287
2744,287
2745,287
2746,287
2747,286
2748,286
2749,286
2750,287
2751,287
2752,287
2753,287
2754,287
2755,287
2756,286
2757,287
2758,287
2759,287
2760,287
2761,287
2762,287
2763,286
2764,286
2765,286
2767,287
2768,287
2769,287
2770,287
2771,287
2772,286
2773,286
2774,286
2775,287
2776,287
2777,288
2778,288
2779,287
2780,286
2781,286
2782,287
2783,287
2784,287
2785,287
2786,287
2787,287
2788,286
2789,286
2790,286
2791,287
2792,287
2793,287
2794,287
2795,287
2796,286
2797,286
2798,287
2799,286
2800,287
2801,287
2802,287
2803,287
2804,286
2805,286
2806,286
2807,287
2808,287
2810,287
2811,287
2812,287
2813,286
2814,286
2815,286
2816,286
2817,287
2818,287
2819,287
2820,287
2821,287
2822,286
2823,286
2824,286
2825,287
2826,287
2827,287
2828,287
2829,287
2830,286
2831,286
2832,286
2833,287
2834,287
2835,287
2836,287
2837,287
2838,287
2839,286
2840,286
2841,287
2842,287
2843,287
2844,287
2845,287
2846,286
2847,286
2848,286
2849,287
2850,287
2851,287
2853,287
2854,287
2855,286
2856,286
2857,286
2858,287
2859,287
2860,287
2861,287
2862,287
2863,286
2864,286
2865,286
2866,287
2867,287
2868,287
2869,287
2870,287
2871,286
2872,286
2873,286
2874,286
2875,286
2876,287
2877,287
2878,287
2879,286
2880,286
2881,286
2882,286
2883,287
2884,287
2885,287
2886,287
2887,286
2888,286
2889,286
2890,286
2891,287
2892,287
2893,287
2895,287
2896,287
2897,286
2898,286
2899,286
2900,287
2901,287
2902,287
2903,287
2904,287
2905,286
2906,286
2907,286
2908,287
2909,287
2910,287
2911,287
2912,287
2913,286
2914,286
2915,286
2916,287
2917,287
2918,288
2919,287
2920,287
2921,286
2922,286
2923,286
2924,286
2925,287
2926,287
2927,287
2928,287
2929,286
2930,286
2931,286
2932,286
2933,287
2934,287
2935,287
2936,287
2938,287
2939,287
2940,286
2941,286
2942,287
2943,287
2944,287
2945,287
2946,287
2947,286
2948,286
2949,286
2950,287
2951,287
2952,287
2953,287
2954,287
2955,286
2956,286
2957,287
2958,287
2959,287
2960,287
2961,287
2962,286
2963,283
2964,285
2965,287
2966,287
2967,287
2968,287
2969,287
2970,285
2971,287
2972,287
2973,286
2974,286
2975,287
2976,288
2977,287
2978,287
2979,286
2981,286
2982,286
2983,286
2984,286
2985,288
2986,287
2987,287
2988,287
2989,286
2990,286
2991,286
2992,287
2993,287
2994,287
2995,287
2996,287
2997,286
2998,286
2999,287
3000,287
3001,287
3002,287
3003,287
3004,286
3005,286
3006,286
3007,286
3008,287
3009,287
3010,287
3011,287
3012,286
3013,286
3014,286
3015,286
3016,287
3017,287
3018,288
3019,287
3020,287
3021,286
3023,286
3024,286
3025,287
3026,287
3027,287
3028,287
3029,287
3030,286
3031,286
3032,286
3033,287
3034,287
3035,288
3036,287
3037,287
3038,287
3039,286
3040,286
3041,287
3042,287
3043,287
3044,287
3045,287
3046,286
3047,286
3048,286
3049,287
3050,287
3051,287
3052,287
3053,287
3054,286
3055,286
3056,286
3057,287
3058,287
3059,287
3060,287
3061,287
3062,286
3063,286
3064,286
3066,286
3067,287
3068,287
3069,287
3070,287
3071,287
3072,286
3073,286
3074,286
3075,287
3076,287
3077,287
3078,287
3079,287
3080,286
3081,286
3082,286
3083,287
3084,287
3085,287
3086,287
3087,287
3088,286
3089,286
3090,286
3091,287
3092,287
3093,287
3094,287
3095,287
3096,286
3097,286
3098,287
3099,287
3100,287
3101,287
3102,287
3103,287
3104,286
3105,286
3106,286
3107,286
3109,287
3110,287
3111,287
3112,287
3113,286
3114,286
3115,286
3116,287
3117,287
3118,288
3119,287
3120,287
3121,286
3122,286
3123,286
3124,286
3125,287
3126,287
3127,287
3128,287
3129,287
3130,286
3131,286
3132,286
3133,287
3134,287
3135,287
3136,287
3137,287
3138,287
3139,286
3140,286
3141,287
3142,287
3143,287
3144,287
3145,287
3146,286
3147,286
3148,286
3149,287
3151,287
3152,287
3153,287
3154,287
3155,286
3156,286
3157,287
3158,287
3159,287
3160,287
3161,287
3162,287
3163,287
3164,286
3165,286
3166,287
3167,287
3168,287
3169,287
3170,287
3171,286
3172,286
3173,286
3174,287
3175,287
3176,287
3177,288
3178,288
3179,286
3180,286
3181,286
3182,286
3183,287
3184,287
3185,287
3186,287
3187,287
3188,286
3189,286
3190,286
3191,287
3192,287
3194,287
3195,287
3196,287
3197,287
3198,287
3199,287
3200,286
3201,287
3202,287
3203,287
3204,287
3205,286
3206,286
3207,286
3208,287
3209,287
3210,287
3211,287
3212,287
3213,286
3214,286
3215,286
3216,287
3217,287
3218,287
3219,287
3220,287
3221,286
3222,286
3223,286
3224,286
3225,287
3226,287
3227,287
3228,287
3229,286
3230,286
3231,286
3232,286
3233,287
3234,287
3235,287
3237,287
3238,287
3239,287
3240,286
3241,286
3242,287
3243,287
3244,287
3245,287
3246,286
3247,286
3248,286
3249,287
3250,287
3251,287
3252,287
3253,287
3254,287
3255,286
3256,286
3257,286
3258,287
3259,287
3260,287
3261,287
3262,287
3263,286
3264,286
3265,286
3266,287
3267,287
3268,287
3269,287
3270,287
3271,286
3272,286
3273,287
3274,286
3275,287
3276,288
3277,287
3279,287
3280,286
3281,286
3282,286
3283,287
3284,287
3285,287
3286,287
3287,287
3288,286
3289,286
3290,286
3291,287
3292,287
3293,287
3294,287
3295,287
3296,286
3297,286
3298,286
3299,287
3300,287
3301,287
3302,287
3303,287
3304,287
3305,286
3306,286
3307,286
3308,287
3309,287
3310,287
3311,287
3312,287
3313,286
3314,286
3315,286
3316,287
3317,287
3318,287
3319,287
3320,287
3322,286
3323,286
3324,286
3325,287
3326,287
3327,287
3328,287
3329,287
3330,286
3331,286
3332,286
3333,287
3334,287
3335,287
3336,287
3337,287
3338,287
3339,286
3340,286
3341,286
3342,287
3343,287
3344,287
3345,287
3346,286
3347,286
3348,286
3349,287
3350,287
3351,287
3352,287
3353,287
3354,286
3355,286
3356,286
3357,287
3358,287
3359,287
3360,287
3361,287
3362,286
3363,286
3365,286
3366,286
3367,287
3368,287
3369,287
3370,287
3371,286
3372,286
3373,286
3374,287
3375,287
3376,287
3377,287
3378,287
3379,287
3380,286
3381,286
3382,286
3383,287
3384,287
3385,287
3386,287
3387,287
3388,286
3389,286
3390,286
3391,287
3392,287
3393,287
3394,287
3395,286
3396,286
3397,286
3398,286
3399,286
3400,287
3401,287
3402,287
3403,287
3404,286
3405,286
3407,286
3408,287
3409,287
3410,287
3411,287
3412,287
3413,286
3414,286
3415,286
3416,286
3417,287
3418,287
3419,287
3420,287
3421,286
3422,286
3423,286
3424,286
3425,287
3426,287
3427,287
3428,287
3429,286
3430,286
3431,286
3432,287
3433,287
3434,287
3435,287
3436,287
3437,287
3438,286
3439,286
3440,286
3441,287
3442,287
3443,287
3444,287
3445,287
3446,286
3447,286
3448,286
3450,287
3451,287
3452,287
3453,287
3454,287
3455,286
3456,286
3457,286
3458,287
3459,287
3460,287
3461,287
3462,286
3463,286
3464,286
3465,286
3466,286
3467,287
3468,287
3469,287
3470,287
3471,286
3472,286
3473,286
3474,286
3475,287
3476,287
3477,287
3478,287
3479,286
3480,286
3481,286
3482,285
3483,287
3484,288
3485,287
3486,284
3487,286
3488,286
3489,286
3490,286
3491,287
3493,287
3494,286
3495,287
3496,287
3497,287
3498,287
3499,287
3500,287
3501,287
3502,288
3503,287
3504,287
3505,286
3506,286
3507,286
3508,287
3509,287
3510,287
3511,287
3512,287
3513,286
3514,286
3515,286
3516,287
3517,287
3518,288
3519,287
3520,287
3521,286
3522,286
3523,286
3524,287
3525,287
3526,287
3527,287
3528,287
3529,286
3530,286
3531,286
3532,286
3533,287
3535,287
3536,287
3537,287
3538,286
3539,286
3540,286
3541,286
3542,287
3543,287
3544,287
3545,287
3546,286
3547,286
3548,286
3549,286
3550,287
3551,287
3552,287
3553,287
3554,286
3555,286
3556,286
3557,287
3558,287
3559,287
3560,287
3561,287
3562,287
3563,286
3564,286
3565,286
3566,287
3567,287
3568,287
3569,287
3570,287
3571,286
3572,286
3573,286
3574,287
3575,287
3576,287
3578,287
3579,287
3580,286
3581,286
3582,286
3583,286
3584,287
3585,287
3586,287
3587,287
3588,286
3589,286
3590,286
3591,286
3592,287
3593,287
3594,287
3595,287
3596,286
3597,286
3598,286
3599,287
3600,287
3601,287
3602,287
3603,286
3604,286
3605,286
3606,286
3607,286
3608,287
3609,287
3610,287
3611,287
3612,286
3613,286
3614,286
3615,286
3616,287
3617,287
3618,287
3619,287
3621,286
3622,286
3623,286
3624,286
3625,287
3626,287
3627,287
3628,286
3629,286
3630,286
3631,286
3632,286
3633,287
3634,287
3635,287
3636,287
3637,287
3638,286
3639,286
3640,286
3641,287
3642,287
3643,287
3644,287
3645,287
3646,286
3647,286
3648,286
3649,287
3650,287
3651,287
3652,287
3653,287
3654,286
3655,286
3656,286
3657,287
3658,287
3659,287
3660,287
3661,287
3663,286
3664,286
3665,286
3666,286
3667,287
3668,287
3669,287
3670,287
3671,286
3672,286
3673,286
3674,286
3675,287
3676,287
3677,287
3678,287
3679,286
3680,286
3681,286
3682,286
3683,287
3684,287
3685,287
3686,287
3687,287
3688,286
3689,286
3690,286
3691,287
3692,287
3693,287
3694,287
3695,286
3696,286
3697,287
3698,287
3699,287
3700,287
3701,287
3702,287
3703,287
3704,286
3706,286
3707,286
3708,287
3709,287
3710,287
3711,287
3712,287
3713,286
3714,286
3715,286
3716,286
3717,287
3718,288
3719,287
3720,287
3721,286
3722,286
3723,286
3724,287
3725,287
3726,287
3727,287
3728,287
3729,286
3730,286
3731,286
3732,286
3733,287
3734,287
3735,287
3736,287
3737,287
3738,286
3739,286
3740,286
3741,287
3742,287
3743,287
3744,287
3745,287
3746,286
3747,286
3749,286
3750,287
3751,287
3752,287
3753,287
3754,286
3755,286
3756,286
3757,287
3758,287
3759,287
3760,287
3761,287
3762,287
3763,286
3764,286
3765,286
3766,287
3767,287
3768,287
3769,287
3770,287
3771,286
3772,286
3773,286
3774,287
3775,287
3776,287
3777,287
3778,287
3779,286
3780,286
3781,286
3782,287
3783,287
3784,287
3785,287
3786,287
3787,286
3788,286
3789,286
3791,286
3792,287
3793,287
3794,287
3795,287
3796,286
3797,286
3798,287
3799,287
3800,287
3801,287
3802,287
3803,287
3804,286
3805,286
3806,286
3807,286
3808,287
3809,287
3810,287
3811,287
3812,286
3813,286
3814,286
3815,286
3816,287
3817,287
3818,287
3819,287
3820,286
3821,286
3822,286
3823,286
3824,286
3825,287
3826,287
3827,287
3828,286
3829,286
3830,286
3831,286
3832,287
3834,286
3835,287
3836,287
3837,287
3838,286
3839,286
3840,286
3841,286
3842,286
3843,287
3844,287
3845,287
3846,285
3847,286
3848,286
3849,287
3850,286
3851,287
3852,287
3853,287
3854,285
3855,286
3856,286
3857,287
3858,287
3859,287
3860,287
3861,287
3862,286
3863,285
3864,285
3865,287
3866,287
3867,287
3868,286
3869,286
3870,287
3871,286
3872,286
3873,286
3874,287
3875,286
3877,285
3878,287
3879,287
3880,286
3881,286
3882,285
3883,287
3884,288
3885,286
3886,286
3887,287
3888,286
3889,286
3890,286
3891,286
3892,287
3893,287
3894,287
3895,286
3896,286
3897,286
3898,287
3899,286
3900,287
3901,287
3902,287
3903,287
3904,286
3905,286
3906,286
3907,287
3908,287
3909,287
3910,287
3911,287
3912,286
3913,286
3914,286
3915,287
3916,287
3917,287
3919,287
3920,287
3921,286
3922,286
3923,286
3924,286
3925,287
3926,287
3927,287
3928,287
3929,286
3930,286
3931,286
3932,286
3933,287
3934,287
3935,287
3936,287
3937,287
3938,286
3939,286
3940,286
3941,287
3942,287
3943,287
3944,287
3945,286
3946,286
3947,286
3948,286
3949,287
3950,287
3951,287
3952,287
3953,286
3954,286
3955,286
3956,286
3957,287
3958,287
3959,287
3960,287
3962,287
3963,286
3964,286
3965,286
3966,286
3967,287
3968,287
3969,287
3970,287
3971,286
3972,286
3973,286
3974,286
3975,287
3976,287
3977,287
3978,287
3979,286
3980,286
3981,286
3982,286
3983,287
3984,287
3985,287
3986,287
3987,286
3988,286
3989,286
3990,286
3991,287
3992,287
3993,287
3994,287
3995,286
3996,286
3997,286
3998,286
3999,287
4000,287
4001,287
4002,287
4003,286
4005,286
4006,286
4007,286
4008,286
4009,287
4010,287
4011,287
4012,286
4013,286
4014,286
4015,286
4016,286
4017,287
4018,287
4019,287
4020,286
4021,286
4022,286
4023,286
4024,287
4025,287
4026,287
4027,287
4028,287
4029,286
4030,286
4031,286
4032,287
4033,287
4034,287
4035,287
4036,287
4037,287
4038,286
4039,286
4040,286
4041,287
4042,287
4043,287
4044,287
4045,286
4047,286
4048,286
4049,286
4050,287
4051,287
4052,287
4053,287
4054,286
4055,286
4056,286
4057,287
4058,287
4059,287
4060,287
4061,286
4062,286
4063,286
4064,286
4065,286
4066,287
4067,287
4068,287
4069,287
4070,286
4071,286
4072,286
4073,286
4074,286
4075,287
4076,287
4077,287
4078,287
4079,286
4080,286
4081,286
4082,286
4083,287
4084,287
4085,287
4086,286
4087,286
4088,286
4090,286
4091,286
4092,287
4093,287
4094,287
4095,286
4096,286
4097,286
4098,286
4099,287
4100,287
4101,287
4102,287
4103,286
4104,286
4105,286
4106,286
4107,286
4108,287
4109,287
4110,287
4111,287
4112,286
4113,286
4114,286
4115,286
4116,287
4117,287
4118,287
4119,286
4120,286
4121,286
4122,286
4123,286
4124,286
4125,287
4126,287
4127,287
4128,286
4129,286
4130,286
4131,286
4133,286
4134,287
4135,287
4136,287
4137,287
4138,286
4139,286
4140,286
4141,287
4142,287
4143,287
4144,287
4145,286
4146,286
4147,286
4148,286
4149,287
4150,287
4151,287
4152,287
4153,287
4154,286
4155,286
4156,286
4157,287
4158,287
4159,287
4160,287
4161,286
4162,286
4163,286
4164,286
4165,286
4166,287
4167,287
4168,287
4169,286
4170,286
4171,286
4172,286
4173,286
4175,287
4176,287
4177,287
4178,287
4179,286
4180,286
4181,286
4182,287
4183,287
4184,287
4185,287
4186,287
4187,286
4188,286
4189,286
4190,286
4191,286
4192,287
4193,287
4194,287
4195,286
4196,286
4197,286
4198,286
4199,286
4200,287
4201,287
4202,287
4203,286
4204,286
4205,286
4206,286
4207,286
4208,287
4209,287
4210,287
4211,286
4212,286
4213,286
4214,286
4215,286
4216,287
4218,287
4219,287
4220,286
4221,286
4222,286
4223,286
4224,286
4225,287
4226,287
4227,287
4228,287
4229,286
4230,286
4231,286
4232,287
4233,287
4234,287
4235,287
4236,287
4237,286
4238,286
4239,286
4240,286
4241,287
4242,288
4243,288
4244,279
4245,287
4246,287
4247,286
4248,286
4249,286
4250,287
4251,287
4252,287
4253,286
4254,286
4255,286
4256,286
4257,287
4258,287
4259,286
4261,285
4262,285
4263,287
4264,286
4265,286
4266,286
4267,287
4268,287
4269,287
4270,286
4271,286
4272,286
4273,286
4274,286
4275,287
4276,287
4277,287
4278,287
4279,286
4280,286
4281,286
4282,286
4283,287
4284,287
4285,287
4286,287
4287,286
4288,286
4289,286
4290,286
4291,287
4292,287
4293,287
4294,287
4295,286
4296,286
4297,286
4298,286
4299,286
4300,287
4301,287
4303,287
4304,286
4305,286
4306,286
4307,286
4308,287
4309,287
4310,287
4311,287
4312,286
4313,286
4314,286
4315,286
4316,286
4317,287
4318,287
4319,287
4320,286
4321,286
4322,286
4323,286
4324,286
4325,287
4326,287
4327,287
4328,286
4329,286
4330,286
4331,286
4332,286
4333,287
4334,287
4335,287
4336,286
4337,286
4338,286
4339,286
4340,286
4341,287
4342,287
4343,286
4344,287
4346,286
4347,286
4348,286
4349,286
4350,287
4351,287
4352,286
4353,287
4354,286
4355,286
4356,286
4357,286
4358,287
4359,287
4360,287
4361,287
4362,286
4363,286
4364,286
4365,286
4366,287
4367,287
4368,287
4369,287
4370,286
4371,286
4372,286
4373,286
4374,287
4375,287
4376,287
4377,287
4378,287
4379,286
4380,286
4381,286
4382,286
4383,287
4384,287
4385,287
4386,286
4387,286
4389,286
4390,286
4391,287
4392,287
4393,287
4394,287
4395,286
4396,286
4397,286
4398,286
4399,287
4400,286
4401,287
4402,287
4403,287
4404,286
4405,283
4406,286
4407,286
4408,287
4409,286
4410,287
4411,286
4412,286
4413,286
4414,286
4415,286
4416,286
4417,287
4418,287
4419,286
4420,286
4421,286
4422,286
4423,286
4424,286
4425,287
4426,287
4427,286
4428,286
4429,286
4431,286
4432,286
4433,287
4434,287
4435,287
4436,287
4437,286
4438,286
4439,286
4440,286
4441,287
4442,287
4443,287
4444,287
4445,286
4446,286
4447,286
4448,286
4449,286
4450,287
4451,287
4452,287
4453,286
4454,286
4455,286
4456,286
4457,287
4458,287
4459,287
4460,287
4461,287
4462,286
4463,286
4464,286
4465,287
4466,287
4467,287
4468,287
4469,287
4470,286
4471,286
4472,286
4474,286
4475,287
4476,287
4477,287
4478,287
4479,286
4480,286
4481,286
4482,286
4483,287
4484,287
4485,287
4486,287
4487,286
4488,286
4489,286
4490,286
4491,287
4492,287
4493,287
4494,287
4495,286
4496,286
4497,286
4498,287
4499,286
4500,287
4501,287
4502,287
4503,286
4504,286
4505,286
4506,286
4507,287
4508,287
4509,287
4510,287
4511,286
4512,286
4513,286
4514,286
4515,287
4517,287
4518,287
4519,287
4520,286
4521,286
4522,286
4523,286
4524,287
4525,287
4526,287
4527,287
4528,286
4529,286
4530,286
4531,286
4532,286
4533,287
4534,287
4535,287
4536,287
4537,286
4538,286
4539,286
4540,286
4541,287
4542,287
4543,287
4544,287
4545,286
4546,286
4547,286
4548,286
4549,287
4550,287
4551,287
4552,286
4553,286
4554,286
4555,286
4556,286
4557,287
4559,287
4560,287
4561,287
4562,286
4563,286
4564,286
4565,286
4566,287
4567,287
4568,287
4569,287
4570,286
4571,286
4572,286
4573,286
4574,287
4575,287
4576,287
4577,287
4578,287
4579,286
4580,286
4581,286
4582,287
4583,287
4584,287
4585,287
4586,287
4587,286
4588,286
4589,286
4590,286
4591,287
4592,287
4593,287
4594,286
4595,286
4596,286
4597,286
4598,287
4599,287
4600,287
4602,287
4603,286
4604,286
4605,286
4606,286
4607,286
4608,287
4609,287
4610,287
4611,286
4612,286
4613,286
4614,286
4615,286
4616,287
4617,287
4618,287
4619,287
4620,286
4621,286
4622,286
4623,286
4624,286
4625,287
4626,287
4627,287
4628,286
4629,286
4630,286
4631,286
4632,287
4633,287
4634,287
4635,287
4636,286
4637,286
4638,286
4639,286
4640,287
4641,287
4642,287
4643,287
4645,286
4646,286
4647,286
4648,286
4649,286
4650,287
4651,287
4652,287
4653,286
4654,286
4655,286
4656,286
4657,287
4658,287
4659,287
4660,287
4661,286
4662,286
4663,286
4664,286
4665,286
4666,287
4667,287
4668,287
4669,287
4670,286
4671,286
4672,286
4673,286
4674,287
4675,287
4676,287
4677,287
4678,286
4679,286
4680,286
4681,286
4682,287
4683,287
4684,287
4685,287
4687,286
4688,286
4689,286
4690,286
4691,287
4692,287
4693,287
4694,287
4695,286
4696,286
4697,286
4698,286
4699,287
4700,287
4701,287
4702,287
4703,286
4704,286
4705,286
4706,286
4707,286
4708,287
4709,287
4710,287
4711,286
4712,286
4713,286
4714,286
4715,287
4716,287
4717,287
4718,287
4719,287
4720,286
4721,286
4722,286
4723,286
4724,287
4725,287
4726,287
4727,286
4728,286
4730,286
4731,286
4732,286
4733,287
4734,287
4735,287
4736,287
4737,286
4738,286
4739,286
4740,286
4741,287
4742,287
4743,287
4744,287
4745,286
4746,286
4747,286
4748,286
4749,287
4750,287
4751,287
4752,287
4753,286
4754,286
4755,286
4756,286
4757,287
4758,287
4759,287
4760,287
4761,286
4762,286
4763,286
4764,286
4765,286
4766,287
4767,287
4768,287
4769,287
4770,286
4771,286
4773,286
4774,286
4775,287
4776,287
4777,287
4778,286
4779,286
4780,286
4781,286
4782,286
4783,287
4784,287
4785,287
4786,287
4787,286
4788,286
4789,286
4790,286
4791,287
4792,286
4793,287
4794,286
4795,286
4796,286
4797,286
4798,286
4799,287
4800,287
4801,287
4802,287
4803,286
4804,286
4805,286
4806,286
4807,286
4808,287
4809,287
4810,287
4811,286
4812,286
4813,286
4815,286
4816,287
4817,287
4818,287
4819,287
4820,286
4821,286
4822,286
4823,286
4824,286
4825,287
4826,287
4827,287
4828,286
4829,286
4830,286
4831,286
4832,286
4833,287
4834,287
4835,287
4836,286
4837,286
4838,286
4839,286
4840,286
4841,287
4842,287
4843,287
4844,286
4845,286
4846,286
4847,286
4848,286
4849,287
4850,287
4851,287
4852,286
4853,286
4854,286
4855,286
4856,286
4858,287
4859,287
4860,287
4861,287
4862,286
4863,286
4864,286
4865,286
4866,287
4867,287
4868,287
4869,287
4870,286
4871,286
4872,286
4873,286
4874,286
4875,287
4876,287
4877,287
4878,286
4879,286
4880,286
4881,286
4882,287
4883,287
4884,287
4885,287
4886,286
4887,286
4888,286
4889,286
4890,286
4891,287
4892,287
4893,287
4894,286
4895,286
4896,286
4897,286
4898,287
4899,287
4901,287
4902,287
4903,286
4904,286
4905,286
4906,286
4907,286
4908,287
4909,287
4910,287
4911,286
4912,286
4913,286
4914,286
4915,286
4916,286
4917,287
4918,287
4919,287
4920,286
4921,286
4922,286
4923,286
4924,287
4925,287
4926,287
4927,287
4928,286
4929,286
4930,286
4931,286
4932,286
4933,287
4934,287
4935,286
4936,286
4937,286
4938,286
4939,286
4940,286
4941,287
4943,287
4944,287
4945,286
4946,286
4947,286
4948,286
4949,286
4950,287
4951,287
4952,286
4953,286
4954,286
4955,286
4956,286
4957,287
4958,287
4959,287
4960,287
4961,286
4962,286
4963,286
4964,286
4965,286
4966,287
4967,287
4968,287
4969,286
4970,286
4971,286
4972,286
4973,286
4974,287
4975,287
4976,287
4977,286
4978,286
4979,286
4980,286
4981,286
4982,287
4983,287
4984,287
4986,287
4987,286
4988,286
4989,286
4990,286
4991,286
4992,287
4993,287
4994,286
4995,286
4996,286
4997,286
4998,286
4999,287
5000,287
5001,287
5002,287
5003,286
5004,286
5005,286
5006,286
5007,286
5008,287
5009,287
5010,287
5011,286
5012,286
5013,286
5014,286
5015,286
5016,287
5017,287
5018,287
5019,286
5020,286
5021,286
5022,286
5023,286
5024,286
5025,287
5026,287
5027,286
5029,286
5030,286
5031,286
5032,286
5033,287
5034,287
5035,287
5036,286
5037,286
5038,286
5039,286
5040,286
5041,286
5042,287
5043,287
5044,287
5045,286
5046,286
5047,286
5048,286
5049,287
5050,287
5051,287
5052,286
5053,286
5054,286
5055,286
5056,286
5057,287
5058,287
5059,287
5060,286
5061,286
5062,286
5063,286
5064,286
5065,286
5066,287
5067,287
5068,287
5069,286
5071,286
5072,286
5073,286
5074,286
5075,287
5076,287
5077,287
5078,287
5079,286
5080,286
5081,286
5082,286
5083,287
5084,287
5085,287
5086,286
5087,286
5088,286
5089,286
5090,286
5091,286
5092,286
5093,286
5094,286
5095,286
5096,286
5097,286
5098,286
5099,286
5100,287
5101,287
5102,283
5103,286
5104,286
5105,286
5106,282
5107,286
5108,287
5109,287
5110,286
5111,286
5112,285
5114,285
5115,286
5116,287
5117,287
5118,286
5119,287
5120,286
5121,286
5122,286
5123,286
5124,286
5125,287
5126,287
5127,287
5128,286
5129,286
5130,286
5131,286
5132,286
5133,287
5134,287
5135,287
5136,286
5137,286
5138,286
5139,286
5140,287
5141,287
5142,287
5143,287
5144,286
5145,286
5146,286
5147,286
5148,286
5149,287
5150,287
5151,287
5152,286
5153,286
5154,286
5155,286
5157,286
5158,287
5159,287
5160,287
5161,286
5162,286
5163,286
5164,286
5165,286
5166,287
5167,287
5168,286
5169,286
5170,286
5171,286
5172,286
5173,286
5174,286
5175,287
5176,287
5177,287
5178,286
5179,286
5180,286
5181,286
5182,286
5183,288
5184,287
5185,287
5186,286
5187,286
5188,285
5189,286
5190,287
5191,287
5192,286
5193,286
5194,285
5195,286
5196,285
5197,286
5199,287
5200,287
5201,286
5202,287
5203,286
5204,286
5205,285
5206,286
5207,286
5208,286
5209,286
5210,287
5211,286
5212,286
5213,286
5214,286
5215,286
5216,287
5217,287
5218,287
5219,287
5220,286
5221,286
5222,286
5223,286
5224,287
5225,287
5226,287
5227,286
5228,286
5229,286
5230,286
5231,286
5232,287
5233,287
5234,287
5235,286
5236,286
5237,286
5238,286
5239,286
5240,286
5242,287
5243,287
5244,286
5245,286
5246,285
5247,286
5248,286
5249,287
5250,287
5251,287
5252,286
5253,286
5254,286
5255,286
5256,286
5257,287
5258,287
5259,287
5260,286
5261,286
5262,286
5263,286
5264,286
5265,286
5266,287
5267,287
5268,287
5269,286
5270,286
5271,286
5272,286
5273,286
5274,286
5275,287
5276,287
5277,286
5278,286
5279,286
5280,286
5281,286
5282,286
5283,287
5285,287
5286,286
5287,286
5288,285
5289,286
5290,286
5291,287
5292,286
5293,287
5294,287
5295,286
5296,286
5297,286
5298,286
5299,287
5300,287
5301,287
5302,286
5303,286
5304,286
5305,286
5306,286
5307,287
5308,287
5309,287
5310,287
5311,286
5312,286
5313,286
5314,286
5315,286
5316,287
5317,287
5318,287
5319,286
5320,286
5321,286
5322,286
5323,287
5324,287
5325,287
5327,287
5328,286
5329,286
5330,286
5331,286
5332,286
5333,287
5334,287
5335,286
5336,286
5337,286
5338,286
5339,286
5340,286
5341,287
5342,287
5343,286
5344,287
5345,286
5346,286
5347,286
5348,286
5349,287
5350,287
5351,287
5352,286
5353,285
5354,286
5355,286
5356,286
5357,287
5358,287
5359,287
5360,286
5361,286
5362,286
5363,286
5364,286
5365,286
5366,287
5367,287
5368,286
5370,286
5371,286
5372,286
5373,286
5374,286
5375,286
5376,287
5377,286
5378,286
5379,286
5380,286
5381,286
5382,286
5383,287
5384,287
5385,286
5386,286
5387,286
5388,286
5389,286
5390,286
5391,286
5392,286
5393,287
5394,286
5395,286
5396,286
5397,286
5398,286
5399,287
5400,287
5401,287
5402,286
5403,286
5404,286
5405,286
5406,286
5407,286
5408,287
5409,287
5410,286
5411,286
5413,286
5414,286
5415,286
5416,287
5417,287
5418,287
5419,287
5420,286
5421,286
5422,286
5423,286
5424,287
5425,287
5426,287
5427,287
5428,286
5429,286
5430,286
5431,286
5432,286
5433,287
5434,287
5435,287
5436,286
5437,286
5438,286
5439,286
5440,286
5441,287
5442,287
5443,287
5444,286
5445,286
5446,286
5447,286
5448,287
5449,287
5450,287
5451,287
5452,286
5453,286
5455,286
5456,286
5457,286
5458,287
5459,287
5460,287
5461,286
5462,286
5463,286
5464,286
5465,286
5466,287
5467,287
5468,286
5469,286
5470,286
5471,286
5472,286
5473,286
5474,286
5475,287
5476,286
5477,286
5478,286
5479,286
5480,286
5481,286
5482,286
5483,287
5484,287
5485,287
5486,286
5487,286
5488,286
5489,286
5490,287
5491,287
5492,287
5493,286
5494,286
5495,286
5496,286
5498,286
5499,287
5500,287
5501,287
5502,286
5503,286
5504,286
5505,284
5506,286
5507,286
5508,287
5509,287
5510,286
5511,286
5512,286
5513,286
5514,286
5515,287
5516,286
5517,287
5518,287
5519,287
5520,286
5521,286
5522,286
5523,286
5524,287
5525,287
5526,287
5527,286
5528,286
5529,286
5530,286
5531,286
5532,287
5533,287
5534,287
5535,287
5536,286
5537,286
5538,286
5539,286
5541,286
5542,287
5543,287
5544,286
5545,286
5546,286
5547,286
5548,286
5549,287
5550,287
5551,287
5552,286
5553,286
5554,286
5555,286
5556,286
5557,287
5558,287
5559,287
5560,287
5561,286
5562,286
5563,286
5564,286
5565,286
5566,287
5567,287
5568,286
5569,286
5570,286
5571,286
5572,286
5573,286
5574,287
5575,287
5576,287
5577,286
5578,286
5579,286
5580,286
5581,287
5583,285
5584,288
5585,286
5586,287
5587,286
5588,286
5589,286
5590,286
5591,286
5592,287
5593,287
5594,286
5595,286
5596,286
5597,286
5598,287
5599,287
5600,287
5601,286
5602,286
5603,286
5604,286
5605,286
5606,286
5607,287
5608,287
5609,287
5610,286
5611,286
5612,286
5613,286
5614,286
5615,286
5616,287
5617,287
5618,287
5619,286
5620,286
5621,286
5622,286
5623,286
5624,287
5626,287
5627,287
5628,286
5629,286
5630,286
5631,286
5632,286
5633,287
5634,287
5635,286
5636,286
5637,286
5638,286
5639,286
5640,286
5641,286
5642,287
5643,287
5644,286
5645,286
5646,286
5647,286
5648,286
5649,287
5650,287
5651,287
5652,286
5653,286
5654,286
5655,286
5656,286
5657,287
5658,287
5659,287
5660,286
5661,286
5662,286
5663,286
5664,286
5665,287
5666,287
5667,287
5669,286
5670,286
5671,286
5672,286
5673,286
5674,286
5675,287
5676,287
5677,286
5678,286
5679,286
5680,286
5681,286
5682,287
5683,287
5684,286
5685,287
5686,286
5687,286
5688,286
5689,285
5690,286
5691,286
5692,287
5693,286
5694,286
5695,286
5696,286
5697,286
5698,287
5699,287
5700,287
5701,287
5702,286
5703,286
5704,286
5705,286
5706,286
5707,287
5708,286
5709,286
5711,286
5712,286
5713,286
5714,286
5715,286
5716,287
5717,287
5718,287
5719,286
5720,286
5721,286
5722,286
5723,286
5724,287
5725,287
5726,287
5727,286
5728,286
5729,286
5730,286
5731,286
5732,286
5733,287
5734,287
5735,286
5736,286
5737,286
5738,286
5739,286
5740,286
5741,283
5742,285
5743,287
5744,286
5745,286
5746,286
5747,286
5748,286
5749,287
5750,287
5751,286
5752,286
5754,286
5755,286
5756,286
5757,286
5758,287
5759,287
5760,287
5761,286
5762,286
5763,286
5764,286
5765,286
5766,287
5767,287
5768,286
5769,286
5770,286
5771,286
5772,286
5773,286
5774,286
5775,287
5776,287
5777,286
5778,286
5779,286
5780,286
5781,286
5782,286
5783,287
5784,287
5785,286
5786,286
5787,286
5788,286
5789,286
5790,286
5791,287
5792,287
5793,286
5794,286
5795,286
5797,286
5798,286
5799,287
5800,287
5801,287
5802,286
5803,286
5804,286
5805,286
5806,286
5807,286
5808,287
5809,287
5810,286
5811,286
5812,286
5813,286
5814,286
5815,286
5816,287
5817,287
5818,287
5819,287
5820,286
5821,286
5822,286
5823,285
5824,287
5825,286
5826,287
5827,286
5828,286
5829,286
5830,285
5831,287
5832,287
5833,287
5834,286
5835,286
5836,286
5837,286
5839,286
5840,286
5841,286
5842,287
5843,287
5844,285
5845,284
5846,286
5847,286
5848,286
5849,287
5850,287
5851,287
5852,286
5853,286
5854,286
5855,286
5856,286
5857,286
5858,287
5859,287
5860,286
5861,286
5862,286
5863,286
5864,286
5865,286
5866,286
5867,287
5868,286
5869,286
5870,286
5871,286
5872,286
5873,286
5874,286
5875,287
5876,286
5877,286
5878,286
5879,286
5880,286
5882,286
5883,287
5884,287
5885,286
5886,286
5887,286
5888,285
5889,286
5890,286
5891,286
5892,286
5893,287
5894,286
5895,286
5896,286
5897,286
5898,287
5899,287
5900,287
5901,286
5902,286
5903,286
5904,286
5905,286
5906,286
5907,286
5908,287
5909,286
5910,286
5911,286
5912,286
5913,286
5914,286
5915,286
5916,287
5917,287
5918,287
5919,286
5920,286
5921,286
5922,286
5923,287
5925,287
5926,287
5927,286
5928,286
5929,286
5930,286
5931,286
5932,286
5933,287
5934,287
5935,286
5936,286
5937,286
5938,286
5939,286
5940,286
5941,287
5942,287
5943,286
5944,286
5945,286
5946,286
5947,286
5948,286
5949,286
5950,287
5951,286
5952,286
5953,286
5954,286
5955,286
5956,286
5957,287
5958,287
5959,287
5960,286
5961,286
5962,284
5963,280
5964,287
5965,287
5967,287
5968,286
5969,280
5970,285
5971,286
5972,286
5973,286
5974,286
5975,287
5976,286
5977,284
5978,286
5979,286
5980,286
5981,286
5982,286
5983,282
5984,287
5985,287
5986,286
5987,286
5988,286
5989,286
5990,286
5991,287
5992,287
5993,286
5994,286
5995,286
5996,286
5997,286
5998,287
5999,287
6000,286
6001,287
6002,286
6003,286
6004,286
6005,286
6006,286
6007,287
6008,287
6010,286
6011,286
6012,286
6013,286
6014,286
6015,286
6016,286
6017,287
6018,287
6019,286
6020,286
6021,286
6022,286
6023,286
6024,287
6025,286
6026,286
6027,286
6028,286
6029,286
6030,286
6031,286
6032,286
6033,287
6034,287
6035,286
6036,286
6037,286
6038,286
6039,286
6040,287
6041,287
6042,287
6043,286
6044,286
6045,286
6046,286
6047,286
6048,286
6049,287
6050,287
6051,286
6053,286
6054,286
6055,286
6056,286
6057,286
6058,287
6059,286
6060,286
6061,286
6062,286
6063,286
6064,282
6065,285
6066,287
6067,287
6068,286
6069,286
6070,286
6071,285
6072,286
6073,286
6074,287
6075,286
6076,286
6077,286
6078,286
6079,286
6080,286
6081,285
6082,287
6083,287
6084,287
6085,286
6086,284
6087,285
6088,286
6089,286
6090,287
6091,286
6092,286
6093,286
6095,286
6096,286
6097,286
6098,286
6099,287
6100,287
6101,286
6102,286
6103,286
6104,286
6105,286
6106,286
6107,286
6108,287
6109,286
6110,286
6111,286
6112,286
6113,286
6114,286
6115,286
6116,287
6117,287
6118,287
6119,286
6120,286
6121,285
6122,286
6123,286
6124,286
6125,286
6126,286
6127,286
6128,286
6129,286
6130,286
6131,286
6132,287
6133,287
6134,286
6135,286
6136,286
6138,286
6139,286
6140,286
6141,286
6142,287
6143,286
6144,286
6145,286
6146,285
6147,286
6148,286
6149,286
6150,286
6151,286
6152,286
6153,286
6154,285
6155,285
6156,286
6157,287
6158,287
6159,287
6160,286
6161,286
6162,285
6163,286
6164,286
6165,286
6166,286
6167,286
6168,286
6169,286
6170,285
6171,286
6172,286
6173,286
6174,286
6175,286
6176,286
6177,286
6178,286
6179,286
6181,286
6182,286
6183,286
6184,287
6185,286
6186,286
6187,285
6188,285
6189,285
6190,286
6191,286
6192,286
6193,286
6194,286
6195,286
6196,286
6197,286
6198,286
6199,287
6200,287
6201,286
6202,286
6203,286
6204,283
6205,285
6206,286
6207,286
6208,286
6209,286
6210,286
6211,285
6212,285
6213,285
6214,286
6215,286
6216,286
6217,287
6218,286
6219,286
6220,286
6221,286
6223,284
6224,279
6225,285
6226,287
6227,286
6228,285
6229,286
6230,286
6231,286
6232,286
6233,287
6234,286
6235,286
6236,285
6237,285
6238,286
6239,286
6240,286
6241,286
6242,286
6243,286
6244,286
6245,286
6246,285
6247,286
6248,286
6249,286
6250,286
6251,286
6252,286
6253,285
6254,285
6255,286
6256,286
6257,287
6258,287
6259,286
6260,286
6261,285
6262,285
6263,286
6264,286
6266,286
6267,286
6268,286
6269,286
6270,285
6271,285
6272,286
6273,286
6274,286
6275,286
6276,286
6277,286
6278,286
6279,286
6280,286
6281,286
6282,286
6283,286
6284,286
6285,286
6286,285
6287,285
6288,286
6289,286
6290,286
6291,286
6292,286
6293,286
6294,285
6295,285
6296,285
6297,286
6298,286
6299,286
6300,286
6301,286
6302,283
6303,285
6304,286
6305,286
6306,286
6307,286
6309,286
6310,286
6311,286
6312,286
6313,285
6314,286
6315,286
6316,286
6317,286
6318,286
6319,286
6320,285
6321,286
6322,286
6323,286
6324,286
6325,286
6326,286
6327,286
6328,285
6329,285
6330,285
6331,286
6332,286
6333,286
6334,286
6335,286
6336,285
6337,286
6338,286
6339,286
6340,286
6341,286
6342,286
6343,285
6344,286
6345,286
6346,286
6347,286
6348,286
6349,286
6351,286
6352,286
6353,285
6354,285
6355,285
6356,286
6357,286
6358,287
6359,286
6360,286
6361,285
6362,285
6363,286
6364,286
6365,284
6366,286
6367,286
6368,286
6369,286
6370,285
6371,286
6372,285
6373,286
6374,286
6375,286
6376,286
6377,286
6378,286
6379,286
6380,286
6381,282
6382,285
6383,286
6384,286
6385,286
6386,285
6387,285
6388,285
6389,286
6390,286
6391,286
6392,286
6394,286
6395,285
6396,285
6397,285
6398,286
6399,287
6400,286
6401,286
6402,286
6403,285
6404,286
6405,285
6406,286
6407,286
6408,286
6409,286
6410,286
6411,285
6412,285
6413,285
6414,286
6415,286
6416,286
6417,286
6418,286
6419,286
6420,285
6421,285
6422,286
6423,286
6424,286
6425,286
6426,286
6427,285
6428,285
6429,285
6430,285
6431,286
6432,286
6433,286
6434,286
6435,285
6437,285
6438,285
6439,286
6440,286
6441,286
6442,286
6443,286
6444,286
6445,285
6446,285
6447,285
6448,286
6449,286
6450,286
6451,286
6452,285
6453,285
6454,285
6455,285
6456,286
6457,286
6458,286
6459,287
6460,286
6461,285
6462,285
6463,285
6464,286
6465,286
6466,287
6467,286
6468,286
6469,285
6470,285
6471,285
6472,286
6473,286
6474,286
6475,286
6476,286
6477,286
6479,285
6480,285
6481,286
6482,286
6483,286
6484,286
6485,286
6486,285
6487,285
6488,285
6489,285
6490,286
6491,286
6492,286
6493,286
6494,286
6495,285
6496,285
6497,285
6498,286
6499,287
6500,286
6501,286
6502,285
6503,285
6504,285
6505,285
6506,286
6507,286
6508,286
6509,286
6510,285
6511,285
6512,285
6513,285
6514,286
6515,286
6516,286
6517,286
6518,286
6519,285
6520,285
6522,285
6523,286
6524,286
6525,286
6526,286
6527,286
6528,285
6529,285
6530,285
6531,285
6532,286
6533,286
6534,286
6535,285
6536,285
6537,285
6538,286
6539,286
6540,286
6541,286
6542,286
6543,285
6544,285
6545,285
6546,285
6547,285
6548,286
6549,286
6550,286
6551,286
6552,285
6553,285
6554,285
6555,285
6556,286
6557,286
6558,286
6559,286
6560,285
6561,285
6562,285
6563,285
6565,286
6566,286
6567,286
6568,286
6569,285
6570,285
6571,285
6572,284
6573,286
6574,286
6575,286
6576,286
6577,285
6578,285
6579,285
6580,285
6581,286
6582,286
6583,286
6584,285
6585,282
6586,285
6587,286
6588,286
6589,286
6590,286
6591,285
6592,286
6593,285
6594,285
6595,285
6596,284
6597,286
6598,286
6599,286
6600,286
6601,286
6602,285
6603,285
6604,285
6605,286
6607,286
6608,286
6609,286
6610,285
6611,285
6612,285
6613,285
6614,285
6615,286
6616,286
6617,286
6618,286
6619,286
6620,285
6621,285
6622,285
6623,286
6624,286
6625,286
6626,286
6627,285
6628,285
6629,285
6630,285
6631,286
6632,286
6633,286
6634,286
6635,285
6636,285
6637,285
6638,285
6639,286
6640,286
6641,286
6642,286
6643,285
6644,285
6645,285
6646,285
6647,285
6648,286
6650,286
6651,286
6652,286
6653,285
6654,285
6655,285
6656,285
6657,286
6658,286
6659,286
6660,285
6661,285
6662,285
6663,285
6664,285
6665,286
6666,286
6667,286
6668,285
6669,285
6670,285
6671,285
6672,285
6673,286
6674,286
6675,286
6676,286
6677,285
6678,285
6679,285
6680,285
6681,286
6682,286
6683,286
6684,285
6685,285
6686,285
6687,285
6688,285
6689,285
6690,286
6691,286
6693,286
6694,285
6695,285
6696,285
6697,285
6698,286
6699,286
6700,286
6701,286
6702,285
6703,285
6704,285
6705,285
6706,285
6707,286
6708,286
6709,286
6710,285
6711,285
6712,285
6713,285
6714,285
6715,286
6716,286
6717,286
6718,285
6719,285
6720,285
6721,285
6722,285
6723,285
6724,286
6725,286
6726,285
6727,284
6728,285
6729,285
6730,285
6731,286
6732,286
6733,286
6735,286
6736,285
6737,285
6738,285
6739,285
6740,286
6741,286
6742,286
6743,285
6744,285
6745,285
6746,285
6747,285
6748,285
6749,286
6750,286
6751,285
6752,285
6753,285
6754,285
6755,285
6756,286
6757,286
6758,286
6759,286
6760,285
6761,285
6762,285
6763,285
6764,285
6765,286
6766,286
6767,286
6768,286
6769,285
6770,285
6771,285
6772,286
6773,286
6774,286
6775,286
6776,285
6778,285
6779,285
6780,285
6781,285
6782,285
6783,286
6784,286
6785,285
6786,285
6787,285
6788,285
6789,285
6790,286
6791,286
6792,286
6793,285
6794,285
6795,285
6796,285
6797,285
6798,286
6799,286
6800,286
6801,286
6802,285
6803,285
6804,285
6805,285
6806,286
6807,286
6808,286
6809,286
6810,285
6811,285
6812,285
6813,285
6814,285
6815,286
6816,286
6817,286
6818,285
6819,285
6821,285
6822,285
6823,285
6824,286
6825,286
6826,286
6827,285
6828,285
6829,285
6830,285
6831,285
6832,286
6833,286
6834,286
6835,285
6836,285
6837,285
6838,285
6839,286
6840,286
6841,286
6842,286
6843,285
6844,285
6845,285
6846,285
6847,285
6848,286
6849,286
6850,286
6851,285
6852,285
6853,285
6854,285
6855,285
6856,286
6857,286
6858,286
6859,285
6860,285
6861,285
6863,285
6864,285
6865,286
6866,286
6867,286
6868,285
6869,285
6870,285
6871,285
6872,285
6873,286
6874,286
6875,286
6876,286
6877,285
6878,285
6879,285
6880,285
6881,285
6882,286
6883,286
6884,285
6885,285
6886,284
6887,284
6888,285
6889,286
6890,286
6891,286
6892,286
6893,285
6894,285
6895,285
6896,285
6897,285
6898,286
6899,286
6900,286
6901,285
6902,285
6903,285
6904,285
6906,285
6907,285
6908,286
6909,285
6910,285
6911,285
6912,284
6913,285
6914,285
6915,285
6916,286
6917,286
6918,286
6919,285
6920,285
6921,285
6922,285
6923,285
6924,286
6925,286
6926,286
6927,285
6928,285
6929,285
6930,285
6931,286
6932,286
6933,285
6934,285
6935,285
6936,285
6937,285
6938,285
6939,286
6940,286
6941,286
6942,285
6943,285
6944,285
6945,285
6946,285
6947,285
6949,286
6950,286
6951,286
6952,285
6953,285
6954,285
6955,285
6956,285
6957,285
6958,286
6959,286
6960,285
6961,284
6962,285
6963,283
6964,286
6965,279
6966,285
6967,285
6968,285
6969,285
6970,285
6971,285
6972,282
6973,285
6974,286
6975,286
6976,285
6977,285
6978,285
6979,285
6980,285
6981,286
6982,285
6983,285
6984,285
6985,285
6986,285
6987,285
6988,285
6989,285
6991,286
6992,286
6993,285
6994,285
6995,285
6996,285
6997,285
6998,285
6999,286
7000,286
7001,285
7002,285
7003,285
7004,285
7005,285
7006,285
7007,286
7008,286
7009,285
7010,285
7011,285
7012,285
7013,285
7014,285
7015,286
7016,286
7017,286
7018,286
7019,285
7020,285
7021,285
7022,285
7023,286
7024,286
7025,286
7026,285
7027,285
7028,285
7029,285
7030,285
7031,286
7032,286
7034,286
7035,285
7036,285
7037,285
7038,285
7039,285
7040,286
7041,286
7042,285
7043,285
7044,285
7045,285
7046,285
7047,285
7048,285
7049,286
7050,286
7051,285
7052,285
7053,285
7054,285
7055,285
7056,285
7057,286
7058,286
7059,286
7060,285
7061,285
7062,285
7063,285
7064,283
7065,286
7066,286
7067,286
7068,285
7069,284
7070,285
7071,285
7072,286
7073,286
7074,286
7075,285
7077,285
7078,285
7079,285
7080,285
7081,285
7082,286
7083,286
7084,286
7085,285
7086,285
7087,285
7088,285
7089,285
7090,286
7091,286
7092,286
7093,285
7094,285
7095,285
7096,285
7097,285
7098,286
7099,286
7100,286
7101,285
7102,285
7103,285
7104,285
7105,285
7106,286
7107,286
7108,286
7109,286
7110,285
7111,285
7112,285
7113,285
7114,285
7115,286
7116,286
7117,286
7119,285
7120,285
7121,285
7122,285
7123,285
7124,286
7125,286
7126,285
7127,285
7128,285
7129,285
7130,285
7131,285
7132,286
7133,286
7134,286
7135,285
7136,285
7137,285
7138,286
7139,286
7140,286
7141,286
7142,286
7143,285
7144,285
7145,285
7146,285
7147,285
7148,286
7149,286
7150,286
7151,285
7152,285
7153,285
7154,285
7155,285
7156,286
7157,286
7158,286
7159,285
7160,285
7162,285
7163,285
7164,285
7165,286
7166,286
7167,286
7168,286
7169,285
7170,285
7171,285
7172,286
7173,286
7174,286
7175,286
7176,286
7177,285
7178,285
7179,285
7180,286
7181,286
7182,286
7183,286
7184,286
7185,285
7186,285
7187,285
7188,285
7189,286
7190,286
7191,286
7192,286
7193,285
7194,285
7195,285
7196,285
7197,286
7198,286
7199,286
7200,286
7201,285
7202,285
7203,285
7205,285
7206,286
7207,286
7208,286
7209,286
7210,285
7211,285
7212,285
7213,285
7214,286
7215,286
7216,286
7217,286
7218,286
7219,285
7220,285
7221,285
7222,285
7223,286
7224,286
7225,286
7226,286
7227,285
7228,285
7229,285
7230,286
7231,286
7232,286
7233,286
7234,286
7235,285
7236,285
7237,285
7238,286
7239,286
7240,286
7241,286
7242,286
7243,285
7244,285
7245,285
7247,285
7248,286
7249,286
7250,286
7251,286
7252,285
7253,285
7254,285
7255,285
7256,286
7257,286
7258,286
7259,286
7260,285
7261,285
7262,285
7263,285
7264,286
7265,286
7266,286
7267,286
7268,286
7269,285
7270,285
7271,285
7272,286
7273,286
7274,286
7275,286
7276,285
7277,285
7278,285
7279,286
7280,286
7281,286
7282,286
7283,286
7284,286
7285,285
7286,285
7287,285
7288,286
7290,286
7291,286
7292,286
7293,286
7294,285
7295,285
7296,285
7297,285
7298,286
7299,287
7300,286
7301,286
7302,285
7303,285
7304,285
7305,286
7306,286
7307,286
7308,286
7309,286
7310,286
7311,285
7312,285
7313,286
7314,286
7315,286
7316,286
7317,286
7318,286
7319,286
7320,285
7321,285
7322,286
7323,286
7324,286
7325,286
7326,286
7327,285
7328,285
7329,286
7330,286
7331,286
7333,286
7334,286
7335,286
7336,285
7337,285
7338,286
7339,286
7340,286
7341,286
7342,286
7343,286
7344,286
7345,286
7346,286
7347,286
7348,286
7349,286
7350,286
7351,286
7352,286
7353,285
7354,286
7355,286
7356,286
7357,287
7358,287
7359,286
7360,286
7361,286
7362,286
7363,286
7364,286
7365,287
7366,286
7367,286
7368,286
7369,286
7370,286
7371,286
7372,286
7373,287
7375,287
7376,286
7377,286
7378,286
7379,286
7380,286
7381,286
7382,286
7383,287
7384,286
7385,286
7386,286
7387,286
7388,286
7389,286
7390,287
7391,287
7392,286
7393,286
7394,286
7395,286
7396,286
7397,286
7398,287
7399,287
7400,286
7401,286
7402,286
7403,286
7404,286
7405,286
7406,286
7407,287
7408,287
7409,286
7410,286
7411,286
7412,286
7413,286
7414,287
7415,287
7416,287
7418,287
7419,286
7420,286
7421,286
7422,286
7423,287
7424,287
7425,287
7426,286
7427,286
7428,286
7429,286
7430,286
7431,287
7432,287
7433,287
7434,287
7435,286
7436,286
7437,286
7438,287
7439,287
7440,287
7441,287
7442,286
7443,286
7444,286
7445,286
7446,286
7447,287
7448,287
7449,287
7450,287
7451,286
7452,286
7453,286
7454,286
7455,286
7456,287
7457,287
7458,287
7459,286
7461,286
7462,286
7463,286
7464,286
7465,287
7466,287
7467,287
7468,287
7469,286
7470,286
7471,286
7472,286
7473,287
7474,287
7475,287
7476,286
7477,286
7478,287
7479,286
7480,286
7481,287
7482,287
7483,287
7484,286
7485,282
7486,286
7487,286
7488,287
7489,287
7490,287
7491,287
7492,286
7493,286
7494,286
7495,286
7496,286
7497,286
7498,287
7499,288
7500,287
7501,287
7503,287
7504,286
7505,287
7506,287
7507,287
7508,287
7509,287
7510,287
7511,286
7512,286
7513,286
7514,287
7515,287
7516,287
7517,287
7518,287
7519,287
7520,286
7521,286
7522,287
7523,287
7524,287
7525,287
7526,287
7527,286
7528,286
7529,286
7530,287
7531,287
7532,287
7533,287
7534,287
7535,287
7536,286
7537,287
7538,287
7539,288
7540,287
7541,287
7542,287
7543,286
7544,286
7546,287
7547,287
7548,287
7549,288
7550,287
7551,287
7552,287
7553,287
7554,286
7555,287
7556,287
7557,287
7558,288
7559,287
7560,287
7561,286
7562,287
7563,287
7564,287
7565,287
7566,288
7567,287
7568,287
7569,287
7570,287
7571,287
7572,287
7573,287
7574,287
7575,287
7576,287
7577,286
7578,287
7579,287
7580,287
7581,287
7582,287
7583,287
7584,287
7585,287
7586,286
7587,286
7589,287
7590,287
7591,288
7592,287
7593,287
7594,287
7595,286
7596,287
7597,287
7598,288
7599,288
7600,287
7601,287
7602,287
7603,287
7604,287
7605,287
7606,287
7607,287
7608,287
7609,287
7610,287
7611,286
7612,287
7613,287
7614,287
7615,288
7616,288
7617,287
7618,287
7619,287
7620,287
7621,287
7622,287
7623,287
7624,288
7625,287
7626,287
7627,286
7628,286
7629,287
7631,287
7632,287
7633,287
7634,287
7635,287
7636,287
7637,287
7638,287
7639,287
7640,288
7641,288
7642,287
7643,287
7644,287
7645,287
7646,287
7647,287
7648,287
7649,288
7650,287
7651,287
7652,287
7653,287
7654,287
7655,287
7656,287
7657,287
7658,288
7659,287
7660,286
7661,286
7662,287
7663,287
7664,287
7665,288
7666,288
7667,287
7668,287
7669,287
7670,287
7671,287
7672,287
7674,287
7675,288
7676,287
7677,287
7678,287
7679,287
7680,287
7681,287
7682,288
7683,288
7684,287
7685,287
7686,287
7687,287
7688,287
7689,287
7690,288
7691,288
7692,287
7693,287
7694,287
7695,287
7696,287
7697,287
7698,288
7699,288
7700,287
7701,287
7702,287
7703,287
7704,287
7705,287
7706,287
7707,288
7708,287
7709,287
7710,286
7711,286
7712,287
7713,287
7714,287
7715,288
7717,288
7718,287
7719,287
7720,287
7721,287
7722,287
7723,288
7724,288
7725,287
7726,287
7727,287
7728,287
7729,287
7730,287
7731,287
7732,288
7733,288
7734,287
7735,287
7736,287
7737,287
7738,287
7739,288
7740,288
7741,288
7742,287
7743,287
7744,287
7745,287
7746,287
7747,287
7748,288
7749,288
7750,287
7751,287
7752,287
7753,286
7754,287
7755,287
7756,288
7757,288
7759,288
7760,287
7761,287
7762,287
7763,287
7764,287
7765,288
7766,288
7767,288
7768,287
7769,287
7770,287
7771,286
7772,287
7773,288
7774,288
7775,287
7776,287
7777,287
7778,287
7779,287
7780,287
7781,288
7782,288
7783,288
7784,287
7785,287
7786,287
7787,287
7788,287
7789,287
7790,288
7791,288
7792,287
7793,287
7794,287
7795,287
7796,287
7797,288
7798,288
7799,288
7800,287
7802,287
7803,287
7804,286
7805,287
7806,287
7807,288
7808,288
7809,287
7810,287
7811,287
7812,287
7813,287
7814,287
7815,288
7816,288
7817,287
7818,287
7819,287
7820,286
7821,287
7822,287
7823,288
7824,288
7825,287
7826,287
7827,287
7828,287
7829,287
7830,287
7831,288
7832,288
7833,287
7834,287
7835,287
7836,286
7837,287
7838,287
7839,288
7840,287
7841,287
7842,287
7843,286
7845,286
7846,287
7847,287
7848,288
7849,288
7850,287
7851,287
7852,287
7853,286
7854,287
7855,287
7856,287
7857,287
7858,287
7859,287
7860,287
7861,287
7862,286
7863,288
7864,288
7865,284
7866,288
7867,287
7868,287
7869,286
7870,287
7871,286
7872,284
7873,288
7874,287
7875,287
7876,286
7877,287
7878,287
7879,287
7880,287
7881,287
7882,288
7883,288
7884,287
7885,286
7887,286
7888,283
7889,287
7890,287
7891,288
7892,287
7893,287
7894,287
7895,286
7896,287
7897,287
7898,287
7899,288
7900,287
7901,287
7902,287
7903,287
7904,287
7905,287
7906,287
7907,287
7908,287
7909,287
7910,287
7911,287
7912,287
7913,287
7914,287
7915,288
7916,287
7917,287
7918,287
7919,287
7920,286
7921,287
7922,287
7923,287
7924,287
7925,287
7926,286
7927,286
7928,286
7930,287
7931,287
7932,287
7933,288
7934,287
7935,287
7936,286
7937,286
7938,287
7939,288
7940,287
7941,287
7942,287
7943,286
7944,286
7945,285
7946,286
7947,287
7948,287
7949,288
7950,287
7951,287
7952,286
7953,286
7954,287
7955,287
7956,288
7957,288
7958,288
7959,287
7960,287
7961,286
7962,287
7963,286
7964,287
7965,287
7966,288
7967,286
7968,286
7969,286
7970,286
7971,287
7973,287
7974,287
7975,287
7976,287
7977,286
7978,287
7979,287
7980,287
7981,287
7982,287
7983,287
7984,287
7985,287
7986,286
7987,287
7988,287
7989,287
7990,287
7991,287
7992,287
7993,286
7994,286
7995,286
7996,287
7997,287
7998,287
7999,288
8000,287
8001,287
8002,286
8003,286
8004,286
8005,287
8006,287
8007,287
8008,287
8009,286
8010,286
8011,286
8012,287
8013,287
8015,287
8016,287
8017,287
8018,287
8019,286
8020,287
8021,286
8022,287
8023,287
8024,287
8025,287
8026,287
8027,286
8028,286
8029,286
8030,287
8031,287
8032,287
8033,287
8034,287
8035,286
8036,286
8037,286
8038,287
8039,287
8040,287
8041,287
8042,286
8043,286
8044,286
8045,285
8046,286
8047,287
8048,287
8049,287
8050,287
8051,286
8052,286
8053,286
8054,286
8055,287
8056,287
8058,287
8059,287
8060,287
8061,286
8062,286
8063,286
8064,287
8065,287
8066,287
8067,287
8068,286
8069,286
8070,286
8071,286
8072,287
8073,287
8074,287
8075,287
8076,286
8077,286
8078,286
8079,287
8080,286
8081,287
8082,287
8083,287
8084,286
8085,286
8086,286
8087,286
8088,287
8089,287
8090,287
8091,287
8092,286
8093,286
8094,286
8095,286
8096,287
8097,287
8098,287
8099,287
8101,287
8102,286
8103,286
8104,286
8105,286
8106,287
8107,287
8108,287
8109,287
8110,286
8111,286
8112,286
8113,286
8114,287
8115,287
8116,287
8117,287
8118,286
8119,286
8120,286
8121,286
8122,287
8123,287
8124,287
8125,287
8126,286
8127,286
8128,286
8129,286
8130,287
8131,287
8132,287
8133,287
8134,286
8135,286
8136,286
8137,286
8138,287
8139,287
8140,287
8141,287
8143,286
8144,286
8145,286
8146,286
8147,286
8148,287
8149,287
8150,286
8151,286
8152,286
8153,286
8154,286
8155,286
8156,287
8157,287
8158,287
8159,286
8160,286
8161,286
8162,286
8163,286
8164,287
8165,287
8166,287
8167,286
8168,286
8169,286
8170,286
8171,286
8172,287
8173,287
8174,287
8175,286
8176,286
8177,286
8178,286
8179,286
8180,287
8181,287
8182,287
8183,286
8184,285
8186,285
8187,286
8188,286
8189,286
8190,286
8191,287
8192,286
8193,286
8194,286
8195,286
8196,286
8197,286
8198,287
8199,287
8200,286
8201,286
8202,286
8203,286
8204,286
8205,286
8206,286
8207,286
8208,286
8209,286
8210,285
8211,286
8212,286
8213,286
8214,286
8215,287
8216,287
8217,286
8218,286
8219,286
8220,286
8221,286
8222,287
8223,287
8224,286
8225,286
8226,286
8227,286
8229,286
8230,286
8231,286
8232,286
8233,286
8234,286
8235,286
8236,285
8237,285
8238,286
8239,287
8240,286
8241,286
8242,286
8243,285
8244,286
8245,285
8246,286
8247,286
8248,286
8249,286
8250,286
8251,286
8252,285
8253,285
8254,286
8255,286
8256,286
8257,286
8258,286
8259,286
8260,285
8261,286
8262,286
8263,286
8264,286
8265,286
8266,286
8267,286
8268,285
8269,285
8271,285
8272,286
8273,286
8274,286
8275,286
8276,286
8277,285
8278,286
8279,286
8280,286
8281,286
8282,286
8283,286
8284,286
8285,285
8286,285
8287,285
8288,286
8289,286
8290,286
8291,286
8292,286
8293,285
8294,285
8295,286
8296,286
8297,286
8298,286
8299,287
8300,286
8301,285
8302,285
8303,286
8304,286
8305,286
8306,286
8307,283
8308,286
8309,285
8310,285
8311,285
8312,286
8314,286
8315,286
8316,286
8317,286
8318,286
8319,286
8320,285
8321,285
8322,286
8323,286
8324,286
8325,286
8326,285
8327,285
8328,285
8329,285
8330,286
8331,286
8332,286
8333,286
8334,285
8335,285
8336,285
8337,285
8338,286
8339,286
8340,286
8341,286
8342,285
8343,285
8344,285
8345,285
8346,286
8347,286
8348,286
8349,286
8350,286
8351,285
8352,285
8353,285
8354,285
8355,286
8357,286
8358,286
8359,286
8360,285
8361,285
8362,285
8363,285
8364,286
8365,286
8366,286
8367,286
8368,285
8369,285
8370,285
8371,285
8372,286
8373,286
8374,286
8375,286
8376,285
8377,285
8378,285
8379,285
8380,285
8381,286
8382,285
8383,285
8384,285
8385,285
8386,285
8387,285
8388,285
8389,286
8390,286
8391,286
8392,285
8393,285
8394,285
8395,285
8396,285
8397,286
8399,286
8400,286
8401,285
8402,285
8403,285
8404,285
8405,285
8406,285
8407,286
8408,286
8409,285
8410,285
8411,285
8412,285
8413,285
8414,286
8415,286
8416,286
8417,285
8418,285
8419,285
8420,285
8421,285
8422,286
8423,285
8424,285
8425,286
8426,285
8427,285
8428,285
8429,285
8430,285
8431,286
8432,286
8433,285
8434,285
8435,285
8436,285
8437,285
8438,286
8439,286
8440,286
8442,286
8443,285
8444,284
8445,285
8446,285
8447,285
8448,285
8449,286
8450,285
8451,285
8452,284
8453,285
8454,285
8455,285
8456,285
8457,285
8458,286
8459,285
8460,285
8461,285
8462,285
8463,285
8464,286
8465,286
8466,285
8467,285
8468,284
8469,285
8470,284
8471,285
8472,285
8473,285
8474,285
8475,285
8476,285
8477,284
8478,285
8479,285
8480,285
8481,285
8482,285
8483,285
8485,285
8486,284
8487,285
8488,285
8489,285
8490,285
8491,286
8492,285
8493,284
8494,284
8495,284
8496,285
8497,285
8498,286
8499,286
8500,285
8501,285
8502,284
8503,284
8504,285
8505,285
8506,285
8507,285
8508,285
8509,285
8510,284
8511,284
8512,285
8513,285
8514,285
8515,285
8516,285
8517,285
8518,285
8519,284
8520,284
8521,285
8522,285
8523,285
8524,285
8525,285
8527,284
8528,284
8529,284
8530,285
8531,285
8532,285
8533,285
8534,285
8535,284
8536,284
8537,284
8538,285
8539,285
8540,285
8541,285
8542,285
8543,284
8544,285
8545,284
8546,284
8547,284
8548,285
8549,285
8550,285
8551,284
8552,284
8553,284
8554,284
8555,285
8556,285
8557,285
8558,285
8559,285
8560,284
8561,284
8562,284
8563,285
8564,285
8565,285
8566,285
8567,284
8568,284
8570,284
8571,284
8572,285
8573,285
8574,285
8575,285
8576,284
8577,284
8578,284
8579,285
8580,285
8581,285
8582,285
8583,284
8584,282
8585,284
8586,285
8587,283
8588,284
8589,285
8590,285
8591,284
8592,284
8593,284
8594,284
8595,284
8596,285
8597,285
8598,285
8599,285
8600,285
8601,284
8602,284
8603,284
8604,284
8605,285
8606,285
8607,285
8608,285
8609,284
8610,284
8611,284
8613,284
8614,285
8615,285
8616,285
8617,285
8618,285
8619,284
8620,284
8621,284
8622,285
8623,285
8624,285
8625,285
8626,284
8627,284
8628,284
8629,284
8630,285
8631,285
8632,285
8633,285
8634,284
8635,284
8636,284
8637,284
8638,285
8639,285
8640,285
8641,285
8642,284
8643,284
8644,284
8645,284
8646,284
8647,285
8648,284
8649,285
8650,284
8651,284
8652,284
8653,284
8655,284
8656,285
8657,285
8658,285
8659,285
8660,284
8661,284
8662,284
8663,284
8664,285
8665,285
8666,285
8667,284
8668,284
8669,284
8670,284
8671,284
8672,285
8673,285
8674,285
8675,284
8676,284
8677,284
8678,285
8679,284
8680,284
8681,285
8682,285
8683,285
8684,284
8685,284
8686,284
8687,284
8688,284
8689,285
8690,285
8691,285
8692,284
8693,284
8694,284
8695,284
8696,284
8698,285
8699,285
8700,285
8701,284
8702,284
8703,281
8704,284
8705,285
8706,285
8707,285
8708,285
8709,284
8710,284
8711,284
8712,284
8713,284
8714,285
8715,285
8716,285
8717,284
8718,284
8719,284
8720,284
8721,284
8722,285
8723,285
8724,284
8725,284
8726,284
8727,284
8728,284
8729,284
8730,284
8731,285
8732,285
8733,284
8734,284
8735,284
8736,284
8737,284
8738,285
8739,285
8741,285
8742,284
8743,284
8744,284
8745,284
8746,284
8747,285
8748,284
8749,285
8750,285
8751,284
8752,284
8753,284
8754,284
8755,284
8756,285
8757,285
8758,285
8759,285
8760,284
8761,284
8762,284
8763,284
8764,285
8765,285
8766,285
8767,284
8768,284
8769,284
8770,284
8771,284
8772,285
8773,285
8774,285
8775,284
8776,284
8777,284
8778,284
8779,285
8780,285
8781,285
8783,285
8784,284
8785,284
8786,284
8787,284
8788,284
8789,284
8790,285
8791,285
8792,284
8793,284
8794,284
8795,284
8796,284
8797,285
8798,285
8799,285
8800,285
8801,284
8802,284
8803,284
8804,284
8805,285
8806,285
8807,285
8808,285
8809,284
8810,284
8811,284
8812,284
8813,285
8814,285
8815,285
8816,284
8817,284
8818,284
8819,284
8820,284
8821,285
8822,285
8823,285
8824,285
8826,284
8827,284
8828,284
8829,284
8830,285
8831,285
8832,285
8833,285
8834,284
8835,284
8836,284
8837,284
8838,285
8839,285
8840,285
8841,285
8842,285
8843,284
8844,284
8845,284
8846,285
8847,285
8848,285
8849,285
8850,284
8851,284
8852,284
8853,284
8854,284
8855,285
8856,285
8857,285
8858,285
8859,285
8860,284
8861,284
8862,284
8863,284
8864,285
8865,285
8866,285
8867,284
8869,284
8870,284
8871,284
8872,284
8873,285
8874,285
8875,285
8876,284
8877,284
8878,285
8879,285
8880,285
8881,285
8882,285
8883,285
8884,284
8885,284
8886,284
8887,284
8888,285
8889,285
8890,285
8891,285
8892,284
8893,284
8894,284
8895,284
8896,285
8897,285
8898,286
8899,285
8900,285
8901,284
8902,284
8903,284
8904,285
8905,285
8906,285
8907,285
8908,285
8909,284
8911,284
8912,285
8913,285
8914,285
8915,285
8916,285
8917,285
8918,285
8919,285
8920,285
8921,285
8922,285
8923,286
8924,285
8925,284
8926,285
8927,285
8928,284
8929,285
8930,285
8931,285
8932,285
8933,285
8934,284
8935,284
8936,284
8937,285
8938,285
8939,286
8940,285
8941,285
8942,285
8943,284
8944,284
8945,285
8946,285
8947,285
8948,285
8949,285
8950,284
8951,284
8952,284
8954,285
8955,285
8956,285
8957,285
8958,285
8959,285
8960,285
8961,285
8962,285
8963,285
8964,285
8965,285
8966,285
8967,285
8968,285
8969,285
8970,285
8971,285
8972,285
8973,285
8974,285
8975,285
8976,284
8977,284
8978,285
8979,285
8980,285
8981,286
8982,285
8983,285
8984,285
8985,284
8986,285
8987,285
8988,285
8989,285
8990,285
8991,285
8992,285
8993,284
8994,285
8995,285
8997,285
8998,286
8999,286
9000,286
9001,285
9002,285
9003,285
9004,285
9005,284
9006,286
9007,285
9008,285
9009,285
9010,285
9011,285
9012,285
9013,285
9014,286
9015,286
9016,285
9017,285
9018,285
9019,285
9020,285
9021,285
9022,286
9023,286
9024,285
9025,285
9026,285
9027,285
9028,285
9029,285
9030,286
9031,286
9032,286
9033,285
9034,285
9035,285
9036,285
9037,285
9039,286
9040,286
9041,286
9042,285
9043,285
9044,285
9045,285
9046,285
9047,286
9048,286
9049,286
9050,286
9051,285
9052,285
9053,285
9054,285
9055,286
9056,286
9057,286
9058,286
9059,285
9060,285
9061,285
9062,285
9063,285
9064,286
9065,286
9066,285
9067,285
9068,285
9069,285
9070,285
9071,285
9072,286
9073,286
9074,285
9075,285
9076,285
9077,285
9078,285
9079,286
9080,286
9082,286
9083,286
9084,285
9085,285
9086,285
9087,285
9088,286
9089,286
9090,286
9091,286
9092,285
9093,285
9094,285
9095,285
9096,286
9097,286
9098,286
9099,286
9100,286
9101,285
9102,285
9103,285
9104,285
9105,286
9106,286
9107,286
9108,286
9109,285
9110,285
9111,285
9112,285
9113,286
9114,286
9115,286
9116,286
9117,285
9118,285
9119,285
9120,285
9121,286
9122,286
9123,286
9125,286
9126,285
9127,285
9128,285
9129,285
9130,286
9131,286
9132,286
9133,286
9134,285
9135,285
9136,285
9137,285
9138,286
9139,286
9140,286
9141,286
9142,285
9143,285
9144,285
9145,285
9146,285
9147,286
9148,286
9149,286
9150,285
9151,285
9152,285
9153,285
9154,285
9155,286
9156,286
9157,286
9158,286
9159,286
9160,285
9161,285
9162,285
9163,286
9164,286
9165,286
9167,286
9168,285
9169,285
9170,285
9171,286
9172,286
9173,286
9174,286
9175,285
9176,285
9177,285
9178,286
9179,286
9180,286
9181,286
9182,286
9183,286
9184,286
9185,285
9186,285
9187,286
9188,286
9189,286
9190,286
9191,286
9192,285
9193,285
9194,285
9195,286
9196,286
9197,286
9198,287
9199,286
9200,286
9201,285
9202,285
9203,286
9204,286
9205,286
9206,286
9207,286
9208,286
9210,286
9211,286
9212,286
9213,286
9214,286
9215,287
9216,286
9217,286
9218,286
9219,286
9220,286
9221,286
9222,286
9223,287
9224,286
9225,286
9226,285
9227,286
9228,286
9229,286
9230,286
9231,287
9232,285
9233,286
9234,286
9235,285
9236,285
9237,286
9238,287
9239,287
9240,286
9241,286
9242,285
9243,286
9244,284
9245,279
9246,285
9247,287
9248,286
9249,286
9250,286
9251,285
9253,285
9254,286
9255,287
9256,286
9257,286
9258,284
9259,286
9260,286
9261,286
9262,286
9263,286
9264,277
9265,287
9266,287
9267,286
9268,286
9269,284
9270,286
9271,286
9272,286
9273,286
9274,286
9275,286
9276,285
9277,285
9278,286
9279,286
9280,286
9281,286
9282,286
9283,286
9284,285
9285,285
9286,285
9287,286
9288,286
9289,286
9290,286
9291,286
9292,286
9293,285
9295,285
9296,286
9297,286
9298,286
9299,286
9300,286
9301,285
9302,285
9303,285
9304,285
9305,286
9306,286
9307,286
9308,286
9309,285
9310,285
9311,285
9312,285
9313,286
9314,286
9315,286
9316,286
9317,285
9318,285
9319,286
9320,286
9321,286
9322,286
9323,286
9324,286
9325,285
9326,285
9327,285
9328,285
9329,286
9330,286
9331,286
9332,286
9333,286
9334,286
9335,285
9336,286
9338,286
9339,286
9340,287
9341,286
9342,286
9343,286
9344,286
9345,285
9346,286
9347,287
9348,286
9349,286
9350,286
9351,286
9352,286
9353,286
9354,286
9355,286
9356,287
9357,286
9358,286
9359,286
9360,286
9361,286
9362,286
9363,286
9364,287
9365,287
9366,286
9367,286
9368,286
9369,286
9370,286
9371,287
9372,286
9373,287
9374,286
9375,286
9376,285
9377,286
9378,286
9379,287
9381,286
9382,287
9383,286
9384,286
9385,286
9386,286
9387,286
9388,286
9389,287
9390,286
9391,287
9392,286
9393,286
9394,285
9395,286
9396,286
9397,287
9398,287
9399,287
9400,286
9401,286
9402,286
9403,286
9404,286
9405,286
9406,287
9407,286
9408,286
9409,285
9410,286
9411,286
9412,286
9413,286
9414,287
9415,287
9416,286
9417,286
9418,286
9419,286
9420,286
9421,287
9423,287
9424,287
9425,286
9426,286
9427,285
9428,286
9429,286
9430,286
9431,287
9432,286
9433,286
9434,286
9435,286
9436,286
9437,286
9438,287
9439,287
9440,287
9441,286
9442,286
9443,285
9444,285
9445,286
9446,286
9447,286
9448,287
9449,286
9450,286
9451,285
9452,286
9453,286
9454,286
9455,286
9456,286
9457,286
9458,286
9459,285
9460,285
9461,285
9462,286
9463,286
9464,286
9466,286
9467,285
9468,285
9469,285
9470,285
9471,286
9472,286
9473,286
9474,286
9475,286
9476,285
9477,285
9478,285
9479,286
9480,286
9481,286
9482,286
9483,286
9484,285
9485,285
9486,285
9487,285
9488,286
9489,286
9490,286
9491,286
9492,285
9493,285
9494,285
9495,285
9496,286
9497,286
9498,286
9499,286
9500,286
9501,285
9502,285
9503,286
9504,286
9505,286
9506,286
9507,286
9509,285
9510,285
9511,285
9512,286
9513,286
9514,286
9515,287
9516,286
9517,286
9518,286
9519,285
9520,286
9521,286
9522,286
9523,286
9524,286
9525,286
9526,286
9527,286
9528,286
9529,286
9530,287
9531,287
9532,287
9533,286
9534,286
9535,286
9536,286
9537,286
9538,287
9539,287
9540,287
9541,287
9542,286
9543,286
9544,286
9545,286
9546,287
9547,287
9548,287
9549,286
9551,286
9552,286
9553,286
9554,286
9555,287
9556,287
9557,287
9558,286
9559,286
9560,286
9561,286
9562,286
9563,286
9564,287
9565,287
9566,287
9567,286
9568,286
9569,286
9570,286
9571,287
9572,287
9573,287
9574,286
9575,286
9576,286
9577,286
9578,286
9579,287
9580,287
9581,287
9582,286
9583,286
9584,286
9585,286
9586,286
9587,286
9588,286
9589,287
9590,286
9591,286
9592,286
9594,286
9595,286
9596,286
9597,286
9598,287
9599,286
9600,286
9601,286
9602,285
9603,286
9604,286
9605,286
9606,286
9607,286
9608,286
9609,285
9610,285
9611,285
9612,286
9613,286
9614,286
9615,286
9616,286
9617,285
9618,285
9619,285
9620,285
9621,286
9622,286
9623,271
9624,285
9625,286
9626,286
9627,285
9628,283
9629,286
9630,287
9631,286
9632,286
9633,285
9634,285
9635,285
9637,285
9638,286
9639,286
9640,286
9641,286
9642,285
9643,284
9644,283
9645,285
9646,286
9647,286
9648,285
9649,285
9650,285
9651,285
9652,285
9653,285
9654,285
9655,286
9656,286
9657,286
9658,286
9659,285
9660,285
9661,285
9662,285
9663,286
9664,286
9665,286
9666,285
9667,285
9668,285
9669,285
9670,286
9671,286
9672,286
9673,286
9674,286
9675,286
9676,285
9677,285
9679,286
9680,286
9681,286
9682,286
9683,286
9684,286
9685,286
9686,285
9687,286
9688,286
9689,286
9690,286
9691,286
9692,286
9693,285
9694,285
9695,286
9696,286
9697,286
9698,287
9699,287
9700,286
9701,285
9702,286
9703,286
9704,286
9705,287
9706,287
9707,286
9708,286
9709,286
9710,286
9711,286
9712,286
9713,287
9714,287
9715,286
9716,286
9717,286
9718,286
9719,286
9720,286
9722,287
9723,286
9724,286
9725,281
9726,286
9727,286
9728,286
9729,286
9730,287
9731,286
9732,287
9733,286
9734,286
9735,286
9736,286
9737,285
9738,287
9739,287
9740,287
9741,286
9742,286
9743,286
9744,286
9745,286
9746,285
9747,286
9748,287
9749,286
9750,286
9751,286
9752,285
9753,286
9754,286
9755,286
9756,286
9757,286
9758,286
9759,286
9760,286
9761,286
9762,286
9763,286
9765,287
9766,286
9767,286
9768,285
9769,285
9770,286
9771,286
9772,286
9773,286
9774,286
9775,286
9776,285
9777,285
9778,286
9779,286
9780,286
9781,286
9782,286
9783,286
9784,285
9785,285
9786,285
9787,285
9788,286
9789,286
9790,286
9791,285
9792,285
9793,285
9794,285
9795,285
9796,285
9797,286
9798,286
9799,285
9800,285
9801,284
9802,285
9803,285
9804,285
9805,285
9807,285
9808,285
9809,285
9810,284
9811,284
9812,285
9813,285
9814,285
9815,285
9816,285
9817,285
9818,285
9819,285
9820,285
9821,285
9822,285
9823,285
9824,285
9825,285
9826,284
9827,284
9828,285
9829,285
9830,285
9831,285
9832,286
9833,285
9834,285
9835,284
9836,285
9837,285
9838,286
9839,286
9840,285
9841,285
9842,285
9843,284
9844,285
9845,285
9846,286
9847,286
9848,286
9850,285
9851,285
9852,285
9853,285
9854,285
9855,286
9856,286
9857,286
9858,285
9859,285
9860,285
9861,285
9862,285
9863,286
9864,286
9865,286
9866,286
9867,285
9868,285
9869,285
9870,286
9871,286
9872,286
9873,286
9874,286
9875,285
9876,285
9877,285
9878,286
9879,286
9880,286
9881,286
9882,286
9883,286
9884,286
9885,285
9886,286
9887,286
9888,286
9889,286
9890,286
9891,286
9893,285
9894,286
9895,286
9896,286
9897,286
9898,287
9899,286
9900,286
9901,286
9902,286
9903,286
9904,286
9905,287
9906,286
9907,286
9908,286
9909,286
9910,285
9911,286
9912,286
9913,286
9914,286
9915,286
9916,286
9917,285
9918,286
9919,285
9920,286
9921,286
9922,286
9923,286
9924,286
9925,285
9926,285
9927,285
9928,286
9929,286
9930,286
9931,286
9932,286
9933,285
9935,285
9936,285
9937,286
9938,286
9939,286
9940,286
9941,286
9942,285
9943,285
9944,285
9945,285
9946,286
9947,286
9948,286
9949,286
9950,285
9951,285
9952,285
9953,285
9954,285
9955,286
9956,286
9957,285
9958,285
9959,285
9960,285
9961,285
9962,285
9963,285
9964,285
9965,285
9966,285
9967,284
9968,284
9969,284
9970,285
9971,285
9972,285
9973,285
9974,285
9975,284
9976,284
9978,284
9979,285
9980,285
9981,285
9982,285
9983,284
9984,284
9985,284
9986,284
9987,284
9988,285
9989,285
9990,285
9991,284
9992,284
9993,284
9994,284
9995,284
9996,284
9997,285
9998,285
9999,285
10000,284
10001,284
10002,284
10003,284
10004,279
10005,285
10006,285
10007,283
10008,284
10009,284
10010,284
10011,282
10012,285
10013,285
10014,286
10015,284
10016,284
10017,284
10018,284
10019,286
10021,286
10022,285
10023,285
10024,285
10025,285
10026,285
10027,285
10028,285
10029,286
10030,286
10031,286
10032,286
10033,285
10034,285
10035,285
10036,285
10037,285
10038,286
10039,286
10040,286
10041,285
10042,285
10043,285
10044,285
10045,286
10046,286
10047,286
10048,286
10049,286
10050,285
10051,285
10052,285
10053,286
10054,286
10055,286
10056,286
10057,286
10058,286
10059,286
10060,286
10061,286
10063,286
10064,286
10065,286
10066,286
10067,286
10068,285
10069,285
10070,285
10071,286
10072,286
10073,286
10074,286
10075,286
10076,285
10077,285
10078,286
10079,286
10080,287
10081,286
10082,286
10083,286
10084,285
10085,285
10086,285
10087,286
10088,286
10089,286
10090,286
10091,286
10092,285
10093,285
10094,285
10095,286
10096,286
10097,286
10098,286
10099,286
10100,285
10101,285
10102,285
10103,285
10104,286
10106,286
10107,286
10108,285
10109,285
10110,285
10111,285
10112,285
10113,286
10114,286
10115,286
10116,285
10117,285
10118,285
10119,285
10120,285
10121,285
10122,285
10123,285
10124,285
10125,284
10126,284
10127,284
10128,284
10129,285
10130,285
10131,285
10132,285
10133,284
10134,284
10135,284
10136,284
10137,284
10138,285
10139,285
10140,284
10141,284
10142,284
10143,284
10144,284
10145,284
10146,284
10147,285
10149,284
10150,284
10151,284
10152,284
10153,284
10154,284
10155,284
10156,285
10157,284
10158,284
10159,284
10160,284
10161,284
10162,284
10163,285
10164,285
10165,285
10166,284
10167,284
10168,284
10169,284
10170,284
10171,285
10172,285
10173,285
10174,285
10175,284
10176,284
10177,284
10178,285
10179,285
10180,285
10181,285
10182,285
10183,284
10184,284
10185,284
10186,285
10187,285
10188,285
10189,286
10191,285
10192,285
10193,284
10194,285
10195,285
10196,285
10197,286
10198,286
10199,285
10200,285
10201,285
10202,285
10203,285
10204,285
10205,286
10206,286
10207,285
10208,285
10209,285
10210,285
10211,285
10212,285
10213,286
10214,286
10215,286
10216,285
10217,285
10218,285
10219,285
10220,285
10221,286
10222,286
10223,286
10224,285
10225,285
10226,285
10227,285
10228,286
10229,286
10230,286
10231,286
10232,285
10234,285
10235,285
10236,285
10237,285
10238,286
10239,286
10240,286
10241,285
10242,285
10243,285
10244,285
10245,287
10246,286
10247,286
10248,286
10249,285
10250,285
10251,285
10252,285
10253,285
10254,286
10255,285
10256,285
10257,285
10258,286
10259,285
10260,285
10261,285
10262,285
10263,285
10264,285
10265,285
10266,285
10267,285
10268,285
10269,285
10270,285
10271,285
10272,286
10273,285
10274,285
10275,284
10277,284
10278,285
10279,285
10280,285
10281,285
10282,285
10283,285
10284,284
10285,284
10286,284
10287,285
10288,285
10289,285
10290,285
10291,285
10292,284
10293,284
10294,284
10295,284
10296,284
10297,285
10298,285
10299,284
10300,284
10301,283
10302,283
10303,284
10304,284
10305,284
10306,284
10307,284
10308,284
10309,283
10310,283
10311,283
10312,284
10313,284
10314,284
10315,284
10316,283
10317,283
10319,284
10320,284
10321,284
10322,284
10323,284
10324,284
10325,284
10326,283
10327,284
10328,284
10329,284
10330,285
10331,285
10332,284
10333,284
10334,283
10335,283
10336,284
10337,284
10338,284
10339,285
10340,285
10341,284
10342,284
10343,284
10344,284
10345,284
10346,284
10347,285
10348,284
10349,284
10350,284
10351,284
10352,284
10353,284
10354,285
10355,285
10356,285
10357,284
10358,284
10359,284
10360,284
10362,284
10363,285
10364,285
10365,285
10366,284
10367,284
10368,284
10369,284
10370,284
10371,285
10372,285
10373,285
10374,285
10375,284
10376,284
10377,284
10378,285
10379,285
10380,285
10381,285
10382,285
10383,284
10384,282
10385,285
10386,285
10387,285
10388,285
10389,285
10390,285
10391,284
10392,284
10393,284
10394,285
10395,285
10396,285
10397,285
10398,286
10399,285
10400,284
10401,284
10402,285
10403,285
10405,285
10406,285
10407,285
10408,285
10409,285
10410,284
10411,285
10412,285
10413,285
10414,285
10415,285
10416,285
10417,285
10418,285
10419,285
10420,285
10421,285
10422,286
10423,285
10424,285
10425,284
10426,284
10427,284
10428,285
10429,285
10430,286
10431,285
10432,285
10433,284
10434,284
10435,284
10436,284
10437,285
10438,285
10439,285
10440,285
10441,284
10442,284
10443,284
10444,284
10445,284
10447,285
10448,285
10449,285
10450,284
10451,284
10452,283
10453,284
10454,284
10455,284
10456,284
10457,284
10458,284
10459,284
10460,284
10461,283
10462,284
10463,284
10464,282
10465,284
10466,284
10467,283
10468,283
10469,283
10470,284
10471,283
10472,284
10473,284
10474,283
10475,283
10476,283
10477,283
10478,283
10479,284
10480,284
10481,284
10482,283
10483,283
10484,283
10485,283
10486,283
10487,283
10488,284
10490,284
10491,283
10492,283
10493,283
10494,283
10495,283
10496,283
10497,284
10498,284
10499,284
10500,283
10501,283
10502,283
10503,282
10504,283
10505,284
10506,284
10507,283
10508,284
10509,283
10510,283
10511,284
10512,284
10513,284
10514,284
10515,284
10516,284
10517,284
10518,284
10519,284
10520,284
10521,284
10522,284
10523,284
10524,284
10525,283
10526,284
10527,284
10528,284
10529,284
10530,284
10531,284
10533,283
10534,284
10535,284
10536,284
10537,284
10538,285
10539,285
10540,285
10541,284
10542,284
10543,284
10544,284
10545,284
10546,284
10547,285
10548,285
10549,284
10550,284
10551,284
10552,284
10553,284
10554,284
10555,284
10556,285
10557,284
10558,284
10559,284
10560,284
10561,284
10562,285
10563,285
10564,285
10565,285
10566,284
10567,284
10568,284
10569,284
10570,284
10571,285
10572,285
10573,285
10575,284
10576,284
10577,284
10578,284
10579,285
10580,285
10581,285
10582,285
10583,284
10584,284
10585,284
10586,284
10587,285
10588,285
10589,285
10590,285
10591,284
10592,284
10593,284
10594,284
10595,284
10596,285
10597,285
10598,285
10599,285
10600,284
10601,284
10602,284
10603,284
10604,284
10605,285
10606,284
10607,284
10608,283
10609,283
10610,284
10611,283
10612,284
10613,284
10614,284
10615,283
10616,283
10618,283
10619,284
10620,283
10621,284
10622,284
10623,284
10624,283
10625,284
10626,283
10627,283
10628,281
10629,283
10630,284
10631,284
10632,282
10633,283
10634,282
10635,282
10636,283
10637,283
10638,284
10639,284
10640,283
10641,283
10642,282
10643,282
10644,283
10645,283
10646,282
10647,283
10648,283
10649,283
10650,282
10651,282
10652,282
10653,283
10654,284
10655,283
10656,283
10657,283
10658,283
10659,283
10661,283
10662,283
10663,284
10664,284
10665,284
10666,284
10667,283
10668,283
10669,283
10670,283
10671,284
10672,284
10673,284
10674,284
10675,283
10676,283
10677,283
10678,284
10679,284
10680,284
10681,284
10682,284
10683,283
10684,283
10685,283
10686,283
10687,284
10688,284
10689,284
10690,284
10691,283
10692,283
10693,283
10694,284
10695,284
10696,284
10697,284
10698,284
10699,284
10700,283
10701,283
10703,283
10704,284
10705,284
10706,284
10707,284
10708,284
10709,283
10710,283
10711,283
10712,284
10713,284
10714,284
10715,284
10716,284
10717,283
10718,284
10719,284
10720,284
10721,284
10722,284
10723,284
10724,284
10725,283
10726,284
10727,284
10728,284
10729,284
10730,284
10731,284
10732,284
10733,284
10734,283
10735,284
10736,284
10737,284
10738,285
10739,285
10740,284
10741,284
10742,284
10743,284
10744,284
10746,284
10747,284
10748,284
10749,284
10750,283
10751,283
10752,284
10753,284
10754,284
10755,285
10756,284
10757,284
10758,284
10759,284
10760,284
10761,284
10762,284
10763,285
10764,284
10765,279
10766,284
10767,284
10768,283
10769,283
10770,284
10771,284
10772,284
10773,284
10774,284
10775,283
10776,283
10777,283
10778,284
10779,284
10780,284
10781,284
10782,283
10783,283
10784,283
10785,283
10786,283
10787,283
10789,284
10790,283
10791,283
10792,283
10793,282
10794,283
10795,283
10796,283
10797,283
10798,283
10799,283
10800,283
10801,282
10802,282
10803,281
10804,278
10805,283
10806,284
10807,283
10808,282
10809,282
10810,282
10811,283
10812,283
10813,283
10814,283
10815,283
10816,283
10817,282
10818,283
10819,283
10820,283
10821,283
10822,281
10823,283
10824,283
10825,282
10826,280
10827,283
10828,284
10829,283
10831,284
10832,283
10833,283
10834,282
10835,283
10836,283
10837,283
10838,284
10839,284
10840,284
10841,283
10842,283
10843,283
10844,283
10845,284
10846,284
10847,283
10848,283
10849,283
10850,283
10851,283
10852,283
10853,283
10854,283
10855,283
10856,283
10857,283
10858,283
10859,283
10860,283
10861,283
10862,283
10863,283
10864,283
10865,283
10866,283
10867,282
10868,283
10869,283
10870,283
10871,283
10872,283
10874,283
10875,283
10876,283
10877,283
10878,283
10879,284
10880,284
10881,284
10882,284
10883,283
10884,283
10885,283
10886,283
10887,284
10888,284
10889,284
10890,284
10891,283
10892,283
10893,283
10894,283
10895,284
10896,284
10897,284
10898,284
10899,284
10900,284
10901,283
10902,283
10903,284
10904,284
10905,284
10906,284
10907,284
10908,283
10909,283
10910,284
10911,284
10912,284
10913,284
10914,284
10915,284
10917,283
10918,284
10919,284
10920,284
10921,284
10922,284
10923,284
10924,284
10925,284
10926,283
10927,283
10928,284
10929,284
10930,284
10931,284
10932,284
10933,284
10934,283
10935,283
10936,283
10937,284
10938,284
10939,284
10940,284
10941,283
10942,283
10943,283
10944,283
10945,284
10946,284
10947,284
10948,283
10949,283
10950,283
10951,283
10952,283
10953,283
10954,284
10955,283
10956,283
10957,283
10959,283
10960,283
10961,282
10962,283
10963,283
10964,283
10965,283
10966,282
10967,282
10968,282
10969,282
10970,283
10971,283
10972,283
10973,283
10974,282
10975,282
10976,282
10977,282
10978,283
10979,283
10980,284
10981,283
10982,283
10983,282
10984,282
10985,282
10986,283
10987,283
10988,283
10989,283
10990,283
10991,283
10992,282
10993,283
10994,283
10995,283
10996,283
10997,283
10998,283
10999,283
11000,283
11002,283
11003,283
11004,282
11005,284
11006,282
11007,281
11008,282
11009,282
11010,282
11011,282
11012,282
11013,281
11014,283
11015,283
11016,282
11017,282
11018,282
11019,281
11020,283
11021,283
11022,283
11023,283
11024,282
11025,281
11026,282
11027,282
11028,282
11029,283
11030,283
11031,283
11032,282
11033,282
11034,282
11035,282
11036,283
11037,283
11038,284
11039,284
11040,283
11041,283
11042,283
11043,283
11045,283
11046,284
11047,284
11048,283
11049,283
11050,283
11051,283
11052,283
11053,283
11054,284
11055,284
11056,284
11057,284
11058,283
11059,283
11060,284
11061,284
11062,284
11063,284
11064,284
11065,284
11066,284
11067,284
11068,284
11069,284
11070,285
11071,285
11072,285
11073,284
11074,284
11075,284
11076,284
11077,284
11078,285
11079,285
11080,285
11081,284
11082,284
11083,283
11084,283
11085,284
11087,284
11088,284
11089,284
11090,284
11091,284
11092,283
11093,283
11094,284
11095,284
11096,284
11097,284
11098,284
11099,284
11100,283
11101,283
11102,283
11103,284
11104,283
11105,284
11106,284
11107,283
11108,283
11109,283
11110,283
11111,283
11112,284
11113,284
11114,284
11115,283
11116,283
11117,282
11118,282
11119,283
11120,283
11121,283
11122,283
11123,283
11124,282
11125,282
11126,282
11127,283
11128,283
11130,283
11131,283
11132,283
11133,282
11134,282
11135,282
11136,282
11137,282
11138,283
11139,283
11140,283
11141,283
11142,282
11143,282
11144,283
11145,283
11146,283
11147,283
11148,283
11149,283
11150,282
11151,282
11152,282
11153,282
11154,283
11155,283
11156,283
11157,282
11158,282
11159,282
11160,282
11161,282
11162,283
11163,283
11164,282
11165,282
11166,282
11167,282
11168,282
11169,282
11170,282
11171,282
11173,283
11174,282
11175,282
11176,282
11177,282
11178,282
11179,283
11180,283
11181,282
11182,282
11183,282
11184,282
11185,282
11186,282
11187,283
11188,283
11189,283
11190,283
11191,282
11192,282
11193,283
11194,283
11195,283
11196,283
11197,284
11198,283
11199,283
11200,283
11201,283
11202,283
11203,284
11204,284
11205,284
11206,284
11207,284
11208,283
11209,283
11210,284
11211,284
11212,284
11213,284
11215,284
11216,284
11217,284
11218,284
11219,284
11220,285
11221,285
11222,285
11223,284
11224,284
11225,284
11226,284
11227,284
11228,284
11229,285
11230,285
11231,285
11232,284
11233,284
11234,284
11235,284
11236,284
11237,284
11238,285
11239,285
11240,285
11241,284
11242,284
11243,284
11244,284
11245,285
11246,284
11247,285
11248,284
11249,284
11250,284
11251,283
11252,284
11253,284
11254,284
11255,284
11256,284
11258,284
11259,284
11260,283
11261,283
11262,284
11263,284
11264,284
11265,284
11266,283
11267,283
11268,283
11269,283
11270,283
11271,284
11272,284
11273,283
11274,283
11275,283
11276,283
11277,283
11278,283
11279,284
11280,284
11281,284
11282,283
11283,283
11284,283
11285,283
11286,283
11287,284
11288,284
11289,283
11290,283
11291,283
11292,282
11293,283
11294,283
11295,283
11296,283
11297,283
11298,283
11299,283
11301,282
11302,282
11303,283
11304,283
11305,283
11306,283
11307,283
11308,282
11309,282
11310,282
11311,282
11312,283
11313,283
11314,282
11315,282
11316,282
11317,282
11318,282
11319,282
11320,283
11321,283
11322,282
11323,282
11324,282
11325,282
11326,282
11327,282
11328,282
11329,282
11330,282
11331,282
11332,282
11333,282
11334,282
11335,282
11336,282
11337,282
11338,283
11339,283
11340,282
11341,282
11343,282
11344,282
11345,283
11346,283
11347,283
11348,283
11349,283
11350,282
11351,282
11352,283
11353,283
11354,283
11355,283
11356,284
11357,283
11358,283
11359,283
11360,283
11361,284
11362,284
11363,284
11364,285
11365,285
11366,282
11367,283
11368,284
11369,284
11370,284
11371,284
11372,285
11373,284
11374,284
11375,284
11376,284
11377,284
11378,285
11379,285
11380,285
11381,285
11382,284
11383,275
11384,285
11386,286
11387,285
11388,284
11389,283
11390,285
11391,285
11392,283
11393,284
11394,285
11395,285
11396,283
11397,285
11398,285
11399,285
11400,284
11401,284
11402,284
11403,285
11404,283
11405,285
11406,285
11407,283
11408,284
11409,284
11410,284
11411,284
11412,285
11413,285
11414,285
11415,284
11416,283
11417,284
11418,284
11419,284
11420,284
11421,284
11422,284
11423,284
11424,283
11425,283
11426,283
11427,284
11429,284
11430,284
11431,284
11432,284
11433,283
11434,283
11435,283
11436,283
11437,284
11438,284
11439,284
11440,284
11441,283
11442,283
11443,282
11444,283
11445,283
11446,284
11447,284
11448,283
11449,283
11450,283
11451,282
11452,282
11453,283
11454,284
11455,283
11456,283
11457,282
11458,283
11459,282
11460,282
11461,283
11462,283
11463,283
11464,283
11465,282
11466,282
11467,282
11468,282
11469,282
11471,283
11472,283
11473,282
11474,282
11475,282
11476,281
11477,282
11478,282
11479,282
11480,283
11481,282
11482,282
11483,281
11484,281
11485,281
11486,282
11487,282
11488,282
11489,282
11490,282
11491,282
11492,282
11493,282
11494,282
11495,283
11496,283
11497,283
11498,283
11499,283
11500,283
11501,283
11502,283
11503,283
11504,284
11505,284
11506,284
11507,283
11508,283
11509,283
11510,284
11511,284
11512,284
11514,284
11515,284
11516,284
11517,283
11518,284
11519,284
11520,285
11521,285
11522,285
11523,285
11524,284
11525,284
11526,284
11527,284
11528,285
11529,285
11530,285
11531,285
11532,285
11533,284
11534,284
11535,284
11536,285
11537,285
11538,285
11539,285
11540,285
11541,284
11542,284
11543,285
11544,285
11545,285
11546,286
11547,286
11548,285
11549,285
11550,285
11551,285
11552,285
11553,285
11554,285
11555,285
11557,285
11558,284
11559,284
11560,285
11561,285
11562,285
11563,285
11564,285
11565,285
11566,284
11567,284
11568,284
11569,284
11570,284
11571,285
11572,285
11573,284
11574,284
11575,283
11576,284
11577,284
11578,284
11579,284
11580,285
11581,284
11582,283
11583,283
11584,283
11585,283
11586,284
11587,284
11588,284
11589,284
11590,283
11591,283
11592,283
11593,283
11594,283
11595,284
11596,284
11597,283
11599,283
11600,283
11601,283
11602,283
11603,283
11604,283
11605,283
11606,283
11607,283
11608,282
11609,282
11610,282
11611,283
11612,283
11613,283
11614,283
11615,282
11616,282
11617,282
11618,282
11619,282
11620,283
11621,283
11622,282
11623,282
11624,282
11625,282
11626,282
11627,282
11628,282
11629,282
11630,282
11631,282
11632,282
11633,282
11634,282
11635,282
11636,282
11637,283
11638,283
11639,283
11640,282
11642,282
11643,282
11644,282
11645,283
11646,284
11647,283
11648,283
11649,283
11650,283
11651,283
11652,283
11653,283
11654,284
11655,284
11656,284
11657,284
11658,284
11659,284
11660,284
11661,284
11662,284
11663,285
11664,285
11665,284
11666,284
11667,284
11668,284
11669,285
11670,285
11671,285
11672,285
11673,285
11674,284
11675,284
11676,284
11677,285
11678,286
11679,286
11680,285
11681,285
11682,285
11683,285
11685,285
11686,285
11687,285
11688,286
11689,286
11690,286
11691,285
11692,285
11693,285
11694,285
11695,285
11696,286
11697,286
11698,286
11699,285
11700,285
11701,285
11702,285
11703,285
11704,286
11705,286
11706,285
11707,285
11708,285
11709,284
11710,285
11711,285
11712,285
11713,286
11714,285
11715,285
11716,285
11717,284
11718,285
11719,285
11720,285
11721,285
11722,285
11723,284
11724,284
11725,284
11727,284
11728,284
11729,285
11730,285
11731,284
11732,284
11733,284
11734,283
11735,284
11736,284
11737,284
11738,284
11739,284
11740,284
11741,283
11742,283
11743,283
11744,284
11745,284
11746,284
11747,284
11748,284
11749,283
11750,283
11751,283
11752,283
11753,284
11754,283
11755,284
11756,283
11757,283
11758,283
11759,283
11760,283
11761,283
11762,284
11763,284
11764,271
11765,283
11766,284
11767,283
11768,282
11770,280
11771,284
11772,284
11773,283
11774,282
11775,282
11776,282
11777,278
11778,283
11779,282
11780,284
11781,283
11782,278
11783,281
11784,283
11785,283
11786,282
11787,282
11788,283
11789,283
11790,282
11791,282
11792,282
11793,282
11794,283
11795,283
11796,283
11797,283
11798,283
11799,283
11800,283
11801,283
11802,283
11803,284
11804,284
11805,284
11806,284
11807,283
11808,283
11809,283
11810,284
11811,284
11813,285
11814,285
11815,285
11816,284
11817,284
11818,284
11819,284
11820,285
11821,285
11822,285
11823,285
11824,285
11825,284
11826,284
11827,285
11828,285
11829,286
11830,286
11831,285
11832,285
11833,285
11834,285
11835,285
11836,285
11837,286
11838,286
11839,286
11840,285
11841,285
11842,285
11843,285
11844,286
11845,286
11846,286
11847,286
11848,285
11849,285
11850,285
11851,285
11852,285
11853,286
11855,286
11856,286
11857,285
11858,285
11859,285
11860,285
11861,285
11862,286
11863,286
11864,285
11865,286
11866,285
11867,284
11868,284
11869,285
11870,285
11871,286
11872,286
11873,285
11874,284
11875,284
11876,284
11877,285
11878,286
11879,286
11880,285
11881,285
11882,284
11883,284
11884,284
11885,285
11886,285
11887,285
11888,285
11889,284
11890,284
11891,284
11892,284
11893,284
11894,284
11895,285
11896,284
11898,284
11899,284
11900,284
11901,283
11902,284
11903,284
11904,284
11905,284
11906,284
11907,284
11908,283
11909,283
11910,283
11911,283
11912,284
11913,284
11914,283
11915,283
11916,283
11917,283
11918,283
11919,283
11920,284
11921,283
11922,283
11923,283
11924,282
11925,282
11926,283
11927,283
11928,283
11929,283
11930,283
11931,283
11932,282
11933,282
11934,282
11935,283
11936,283
11937,283
11938,284
11939,283
11941,283
11942,282
11943,283
11944,283
11945,283
11946,284
11947,284
11948,284
11949,283
11950,283
11951,283
11952,283
11953,284
11954,284
11955,284
11956,284
11957,284
11958,284
11959,284
11960,284
11961,285
11962,285
11963,285
11964,285
11965,284
11966,284
11967,284
11968,285
11969,285
11970,285
11971,285
11972,285
11973,285
11974,284
11975,284
11976,285
11977,285
11978,286
11979,286
11980,286
11981,285
11983,285
11984,285
11985,285
11986,286
11987,286
11988,286
11989,286
11990,285
11991,285
11992,285
11993,285
11994,286
11995,286
11996,286
11997,286
11998,286
11999,285
12000,286
12001,285
12002,286
12003,286
12004,286
12005,286
12006,286
12007,285
12008,285
12009,285
12010,285
12011,286
12012,286
12013,286
12014,286
12015,285
12016,285
12017,285
12018,285
12019,286
12020,286
12021,286
12022,285
12023,285
12024,285
12026,285
12027,285
12028,285
12029,285
12030,286
12031,285
12032,285
12033,285
12034,284
12035,284
12036,285
12037,285
12038,285
12039,285
12040,285
12041,284
12042,284
12043,284
12044,284
12045,285
12046,285
12047,284
12048,284
12049,283
12050,284
12051,284
12052,284
12053,284
12054,284
12055,284
12056,284
12057,283
12058,283
12059,283
12060,284
12061,284
12062,284
12063,284
12064,284
12065,283
12066,283
12067,283
12069,283
12070,283
12071,284
12072,284
12073,283
12074,283
12075,283
12076,283
12077,283
12078,284
12079,284
12080,284
12081,284
12082,283
12083,283
12084,283
12085,283
12086,283
12087,284
12088,284
12089,284
12090,283
12091,283
12092,283
12093,284
12094,284
12095,284
12096,285
12097,285
12098,284
12099,284
12100,284
12101,284
12102,285
12103,285
12104,285
12105,285
12106,285
12107,284
12108,284
12109,285
12111,285
12112,286
12113,286
12114,286
12115,285
12116,285
12117,285
12118,285
12119,286
12120,286
12121,286
12122,286
12123,285
12124,285
12125,285
12126,285
12127,285
12128,286
12129,286
12130,286
12131,286
12132,285
12133,285
12134,285
12135,285
12136,286
12137,286
12138,286
12139,286
12140,286
12141,285
12142,285
12143,285
12144,287
12145,286
12146,287
12147,286
12148,285
12149,285
12150,285
12151,286
12152,286
12154,286
12155,286
12156,286
12157,286
12158,285
12159,285
12160,286
12161,286
12162,286
12163,286
12164,286
12165,285
12166,286
12167,285
12168,285
12169,286
12170,286
12171,286
12172,286
12173,286
12174,285
12175,285
12176,285
12177,286
12178,286
12179,286
12180,286
12181,285
12182,285
12183,285
12184,285
12185,285
12186,285
12187,285
12188,285
12189,285
12190,284
12191,284
12192,284
12193,284
12194,285
12195,285
12197,285
12198,284
12199,284
12200,284
12201,284
12202,284
12203,284
12204,284
12205,284
12206,284
12207,284
12208,284
12209,284
12210,284
12211,284
12212,285
12213,284
12214,284
12215,283
12216,284
12217,283
12218,284
12219,284
12220,285
12221,284
12222,284
12223,284
12224,283
12225,283
12226,284
12227,284
12228,284
12229,284
12230,284
12231,284
12232,283
12233,283
12234,283
12235,284
12236,284
12237,284
12239,285
12240,284
12241,284
12242,284
12243,284
12244,284
12245,285
12246,285
12247,285
12248,284
12249,284
12250,284
12251,284
12252,285
12253,285
12254,285
12255,285
12256,285
12257,285
12258,284
12259,285
12260,285
12261,285
12262,286
12263,286
12264,286
12265,285
12266,285
12267,285
12268,285
12269,286
12270,286
12271,286
12272,286
12273,285
12274,285
12275,285
12276,285
12277,286
12278,286
12279,286
12280,286
12282,286
12283,285
12284,285
12285,285
12286,286
12287,286
12288,286
12289,286
12290,286
12291,285
12292,285
12293,286
12294,286
12295,286
12296,286
12297,286
12298,286
12299,286
12300,286
12301,285
12302,286
12303,286
12304,286
12305,286
12306,286
12307,285
12308,285
12309,285
12310,286
12311,286
12312,286
12313,286
12314,286
12315,285
12316,285
12317,285
12318,286
12319,286
12320,286
12321,285
12322,285
12323,285
12325,284
12326,284
12327,284
12328,285
12329,285
12330,285
12331,285
12332,284
12333,284
12334,284
12335,284
12336,284
12337,285
12338,285
12339,285
12340,284
12341,283
12342,283
12343,284
12344,284
12345,284
12346,284
12347,284
12348,284
12349,283
12350,283
12351,284
12352,284
12353,284
12354,284
12355,284
12356,284
12357,284
12358,284
12359,284
12360,285
12361,285
12362,285
12363,285
12364,284
12365,284
12367,284
12368,284
12369,284
12370,285
12371,285
12372,285
12373,284
12374,284
12375,284
12376,284
12377,284
12378,285
12379,285
12380,285
12381,285
12382,284
12383,284
12384,284
12385,284
12386,285
12387,285
12388,285
12389,285
12390,285
12391,284
12392,284
12393,285
12394,285
12395,286
12396,285
12397,285
12398,285
12399,285
12400,285
12401,285
12402,285
12403,286
12404,286
12405,286
12406,285
12407,285
12408,285
12410,285
12411,286
12412,286
12413,286
12414,286
12415,285
12416,285
12417,285
12418,285
12419,286
12420,286
12421,286
12422,286
12423,285
12424,286
12425,283
12426,286
12427,286
12428,285
12429,285
12430,285
12431,286
12432,285
12433,284
12434,285
12435,285
12436,285
12437,286
12438,286
12439,286
12440,285
12441,285
12442,285
12443,285
12444,284
12445,285
12446,286
12447,285
12448,284
12449,284
12450,284
12451,284
12453,285
12454,285
12455,285
12456,284
12457,284
12458,284
12459,284
12460,284
12461,284
12462,284
12463,284
12464,284
12465,284
12466,283
12467,284
12468,284
12469,284
12470,285
12471,285
12472,284
12473,284
12474,284
12475,284
12476,284
12477,284
12478,285
12479,285
12480,285
12481,284
12482,284
12483,284
12484,284
12485,285
12486,285
12487,284
12488,284
12489,285
12490,284
12491,283
12492,284
12493,285
12495,285
12496,285
12497,285
12498,284
12499,284
12500,284
12501,284
12502,284
12503,285
12504,285
12505,285
12506,284
12507,284
12508,284
12509,284
12510,285
12511,285
12512,286
12513,286
12514,285
12515,285
12516,284
12517,284
12518,285
12519,285
12520,286
12521,286
12522,285
12523,285
12524,284
12525,284
12526,285
12527,285
12528,285
12529,285
12530,285
12531,285
12532,284
12533,284
12534,284
12535,285
12536,286
12538,285
12539,285
12540,285
12541,285
12542,284
12543,285
12544,284
12545,287
12546,286
12547,286
12548,285
12549,285
12550,285
12551,285
12552,285
12553,286
12554,286
12555,286
12556,285
12557,285
12558,285
12559,285
12560,285
12561,286
12562,286
12563,286
12564,285
12565,285
12566,285
12567,285
12568,285
12569,286
12570,286
12571,286
12572,285
12573,285
12574,285
12575,285
12576,285
12577,285
12578,286
12579,286
12581,285
12582,284
12583,284
12584,284
12585,284
12586,285
12587,285
12588,285
12589,284
12590,284
12591,283
12592,283
12593,284
12594,284
12595,284
12596,284
12597,284
12598,284
12599,284
12600,284
12601,284
12602,284
12603,285
12604,285
12605,285
12606,284
12607,284
12608,284
12609,284
12610,284
12611,284
12612,285
12613,284
12614,284
12615,284
12616,284
12617,284
12618,285
12619,285
12620,285
12621,285
12623,284
12624,284
12625,284
12626,284
12627,284
12628,285
12629,285
12630,285
12631,284
12632,284
12633,284
12634,284
12635,284
12636,285
12637,285
12638,285
12639,285
12640,285
12641,284
12642,284
12643,284
12644,285
12645,285
12646,285
12647,285
12648,284
12649,283
12650,284
12651,285
12652,285
12653,285
12654,285
12655,285
12656,284
12657,284
12658,285
12659,285
12660,285
12661,286
12662,286
12663,285
12664,285
12666,285
12667,284
12668,284
12669,285
12670,285
12671,285
12672,284
12673,284
12674,284
12675,284
12676,284
12677,284
12678,284
12679,284
12680,284
12681,284
12682,283
12683,283
12684,284
12685,284
12686,285
12687,285
12688,285
12689,285
12690,284
12691,284
12692,284
12693,284
12694,284
12695,284
12696,283
12697,283
12698,282
12699,282
12700,282
12701,282
12702,282
12703,282
12704,282
12705,277
12706,281
12707,282
12709,282
12710,282
12711,282
12712,282
12713,282
12714,282
12715,282
12716,281
12717,281
12718,282
12719,282
12720,282
12721,282
12722,282
12723,282
12724,282
12725,282
12726,282
12727,282
12728,283
12729,283
12730,283
12731,282
12732,282
12733,282
12734,282
12735,283
12736,283
12737,283
12738,283
12739,283
12740,283
12741,283
12742,283
12743,283
12744,283
12745,284
12746,284
12747,284
12748,283
12749,283
12751,283
12752,284
12753,284
12754,285
12755,284
12756,284
12757,284
12758,284
12759,284
12760,284
12761,285
12762,285
12763,284
12764,284
12765,284
12766,284
12767,283
12768,284
12769,284
12770,284
12771,285
12772,284
12773,284
12774,284
12775,284
12776,284
12777,284
12778,285
12779,285
12780,285
12781,284
12782,284
12783,284
12784,284
12785,284
12786,285
12787,285
12788,284
12789,284
12790,283
12791,284
12792,284
12794,285
12795,285
12796,285
12797,285
12798,284
12799,284
12800,284
12801,284
12802,284
12803,285
12804,285
12805,285
12806,284
12807,284
12808,284
12809,284
12810,285
12811,285
12812,285
12813,285
12814,285
12815,284
12816,284
12817,284
12818,283
12819,283
12820,283
12821,282
12822,281
12823,280
12824,280
12825,280
12826,280
12827,280
12828,280
12829,279
12830,279
12831,279
12832,278
12833,278
12834,278
12835,278
12837,279
12838,278
12839,278
12840,278
12841,278
12842,277
12843,277
12844,277
12845,277
12846,277
12847,276
12848,276
12849,275
12850,275
12851,275
12852,275
12853,275
12854,276
12855,275
12856,275
12857,274
12858,275
12859,275
12860,276
12861,276
12862,276
12863,276
12864,275
12865,276
12866,276
12867,276
12868,276
12869,277
12870,278
12871,278
12872,278
12873,278
12874,278
12875,278
12876,279
12877,280
12879,280
12880,281
12881,280
12882,280
12883,280
12884,280
12885,280
12886,281
12887,282
12888,282
12889,282
12890,282
12891,282
12892,282
12893,283
12894,283
12895,283
12896,283
12897,283
12898,283
12899,283
12900,283
12901,283
12902,284
12903,284
12904,284
12905,283
12906,283
12907,283
12908,283
12909,283
12910,283
12911,284
12912,284
12913,284
12914,283
12915,283
12916,283
12917,283
12918,284
12919,284
12920,284
12922,284
12923,283
12924,283
12925,283
12926,283
12927,283
12928,283
12929,283
12930,284
12931,283
12932,282
12933,282
12934,282
12935,283
12936,283
12937,283
12938,283
12939,282
12940,282
12941,282
12942,282
12943,282
12944,280
12945,271
12946,282
12947,283
12948,282
12949,280
12950,279
12951,281
12952,282
12953,283
12954,283
12955,284
12956,284
12957,283
12958,285
12959,286
12960,286
12961,286
12962,285
12963,284
12965,278
12966,281
12967,281
12968,280
12969,279
12970,279
12971,279
12972,278
12973,278
12974,277
12975,277
12976,276
12977,276
12978,276
12979,276
12980,275
12981,274
12982,274
12983,274
12984,274
12985,274
12986,274
12987,274
12988,273
12989,272
12990,272
12991,271
12992,271
12993,271
12994,271
12995,271
12996,270
12997,270
12998,269
12999,269
13000,269
13001,269
13002,269
13003,269
13004,269
13005,269
13007,268
13008,268
13009,268
13010,268
13011,268
13012,269
13013,269
13014,269
13015,268
13016,268
13017,269
13018,269
13019,270
13020,271
13021,271
13022,272
13023,272
13024,272
13025,273
13026,274
13027,274
13028,274
13029,275
13030,276
13031,276
13032,276
13033,277
13034,278
13035,279
13036,279
13037,279
13038,280
13039,280
13040,280
13041,280
13042,280
13043,280
13044,281
13045,281
13046,281
13047,281
13048,281
13050,281
13051,281
13052,282
13053,282
13054,282
13055,282
13056,282
13057,281
13058,281
13059,282
13060,282
13061,282
13062,282
13063,282
13064,282
13065,282
13066,282
13067,282
13068,282
13069,283
13070,282
13071,282
13072,282
13073,282
13074,282
13075,282
13076,282
13077,282
13078,282
13079,282
13080,282
13081,281
13082,281
13083,281
13084,281
13085,281
13086,281
13087,281
13088,281
13089,280
13090,280
13091,280
13093,280
13094,280
13095,280
13096,281
13097,280
13098,280
13099,280
13100,280
13101,280
13102,280
13103,281
13104,282
13105,284
13106,287
13107,290
13108,293
13109,297
13110,300
13111,302
13112,301
13113,299
13114,296
13115,293
13116,290
13117,289
13118,287
13119,287
13120,287
13121,286
13122,284
13123,282
13124,280
13125,278
13126,276
13127,274
13128,273
13129,271
13130,270
13131,269
13132,268
13133,267
13135,267
13136,267
13137,266
13138,266
13139,266
13140,265
13141,265
13142,264
13143,264
13144,265
13145,264
13146,264
13147,264
13148,263
13149,262
13150,262
13151,261
13152,260
13153,260
13154,259
13155,257
13156,256
13157,254
13158,251
13159,249
13160,246
13161,243
13162,239
13163,235
13164,231
13165,226
13166,221
13167,215
13168,208
13169,202
13170,196
13171,189
13172,181
13173,173
13174,163
13175,154
13176,154
13178,167
13179,189
13180,218
13181,250
13182,267
13183,271
13184,272
13185,274
13186,276
13187,277
13188,277
13189,278
13190,278
13191,277
13192,278
13193,278
13194,279
13195,279
13196,279
13197,279
13198,279
13199,280
13200,280
13201,280
13202,281
13203,281
13204,281
13205,281
13206,280
13207,280
13208,280
13209,281
13210,280
13211,281
13212,281
13213,280
13214,280
13215,279
13216,279
13217,279
13218,280
13219,280
13221,280
13222,279
13223,279
13224,278
13225,278
13226,278
13227,278
13228,278
13229,278
13230,278
13231,277
13232,277
13233,276
13234,277
13235,277
13236,277
13237,277
13238,277
13239,277
13240,277
13241,277
13242,277
13243,278
13244,278
13245,279
13246,279
13247,279
13248,278
13249,279
13250,279
13251,279
13252,280
13253,281
13254,282
13255,285
13256,291
13257,300
13258,311
13259,322
13260,328
13261,327
13263,321
13264,310
13265,300
13266,292
13267,285
13268,278
13269,268
13270,254
13271,234
13272,210
13273,183
13274,156
13275,130
13276,106
13277,85
13278,68
13279,54
13280,43
13281,33
13282,26
13283,21
13284,18
13285,16
13286,15
13287,15
13288,15
13289,15
13290,15
13291,15
13292,15
13293,15
13294,15
13295,15
13296,15
13297,15
13298,15
13299,15
13300,15
13301,15
13302,15
13303,14
13304,14
13306,14
13307,13
13308,12
13309,12
13310,11
13311,11
13312,11
13313,10
13314,9
13315,8
13316,8
13317,8
13318,8
13319,8
13320,8
13321,13
13322,38
13323,89
13324,152
13325,214
13326,257
13327,270
13328,272
13329,274
13330,276
13331,276
13332,276
13333,277
13334,277
13335,278
13336,279
13337,279
13338,279
13339,279
13340,280
13341,279
13342,280
13343,281
13344,281
13345,281
13346,281
13347,281
13349,281
13350,281
13351,281
13352,282
13353,282
13354,282
13355,282
13356,282
13357,282
13358,281
13359,282
13360,282
13361,282
13362,282
13363,282
13364,281
13365,281
13366,281
13367,281
13368,281
13369,281
13370,280
13371,280
13372,280
13373,279
13374,279
13375,279
13376,279
13377,279
13378,279
13379,279
13380,279
13381,278
13382,279
13383,279
13384,279
13385,279
13386,280
13387,280
13388,280
13389,279
13391,279
13392,279
13393,274
13394,251
13395,205
13396,145
13397,88
13398,48
13399,28
13400,20
13401,19
13402,19
13403,19
13404,19
13405,19
13406,19
13407,19
13408,18
13409,19
13410,19
13411,19
13412,19
13413,19
13414,18
13415,19
13416,18
13417,18
13418,18
13419,18
13420,18
13421,18
13422,18
13423,17
13424,17
13425,17
13426,18
13427,18
13428,18
13429,18
13430,17
13431,17
13432,16
13434,16
13435,16
13436,17
13437,16
13438,16
13439,16
13440,15
13441,15
13442,15
13443,15
13444,15
13445,15
13446,15
13447,14
13448,14
13449,14
13450,14
13451,13
13452,13
13453,12
13454,12
13455,11
13456,11
13457,10
13458,10
13459,10
13460,10
13461,9
13462,8
13463,8
13464,8
13465,7
13466,7
13467,7
13468,14
13469,41
13470,89
13471,147
13472,206
13473,250
13474,268
13475,271
13477,272
13478,274
13479,275
13480,275
13481,276
13482,277
13483,277
13484,277
13485,278
13486,279
13487,280
13488,280
13489,281
13490,281
13491,281
13492,282
13493,282
13494,283
13495,283
13496,283
13497,283
13498,283
13499,283
13500,283
13501,283
13502,284
13503,284
13504,283
13505,283
13506,283
13507,283
13508,283
13509,283
13510,283
13511,283
13512,283
13513,282
13514,282
13515,282
13516,281
13517,282
13519,282
13520,282
13521,281
13522,281
13523,280
13524,280
13525,280
13526,280
13527,280
13528,280
13529,280
13530,280
13531,280
13532,280
13533,280
13534,280
13535,281
13536,281
13537,281
13538,282
13539,281
13540,281
13541,281
13542,281
13543,279
13544,264
13545,229
13546,174
13547,115
13548,67
13549,37
13550,25
13551,21
13552,21
13553,21
13554,20
13555,20
13556,20
13557,20
13558,20
13559,20
13560,20
13562,20
13563,21
13564,20
13565,20
13566,19
13567,20
13568,20
13569,20
13570,20
13571,20
13572,19
13573,19
13574,19
13575,19
13576,19
13577,19
13578,19
13579,19
13580,18
13581,18
13582,17
13583,17
13584,17
13585,17
13586,17
13587,17
13588,17
13589,16
13590,16
13591,16
13592,16
13593,16
13594,16
13595,16
13596,16
13597,16
13598,16
13599,16
13600,16
13601,16
13602,16
13603,15
13605,15
13606,14
13607,14
13608,13
13609,12
13610,12
13611,11
13612,11
13613,10
13614,10
13615,9
13616,9
13617,9
13618,10
13619,10
13620,11
13621,11
13622,16
13623,39
13624,85
13625,144
13626,204
13627,253
13628,275
13629,279
13630,281
13631,281
13632,282
13633,283
13634,284
13635,285
13636,285
13637,285
13638,285
13639,285
13640,285
13641,285
13642,285
13643,286
13644,286
13645,286
13647,285
13648,285
13649,285
13650,285
13651,286
13652,286
13653,286
13654,286
13655,285
13656,285
13657,285
13658,285
13659,285
13660,285
13661,285
13662,285
13663,285
13664,284
13665,284
13666,284
13667,284
13668,284
13669,284
13670,284
13671,284
13672,283
13673,282
13674,283
13675,282
13676,282
13677,283
13678,283
13679,283
13680,283
13681,282
13682,282
13683,282
13684,283
13685,283
13686,284
13687,284
13688,284
13690,283
13691,283
13692,283
13693,283
13694,283
13695,280
13696,264
13697,225
13698,167
13699,107
13700,61
13701,35
13702,25
13703,22
13704,22
13705,22
13706,21
13707,22
13708,21
13709,21
13710,22
13711,22
13712,22
13713,21
13714,22
13715,21
13716,21
13717,22
13718,21
13719,22
13720,22
13721,21
13722,21
13723,21
13724,21
13725,21
13726,21
13727,21
13728,20
13729,20
13730,19
13731,18
13733,18
13734,18
13735,18
13736,18
13737,18
13738,18
13739,18
13740,18
13741,17
13742,17
13743,18
13744,18
13745,18
13746,18
13747,18
13748,18
13749,18
13750,18
13751,19
13752,19
13753,20
13754,22
13755,28
13756,65
13757,113
13758,168
13759,227
13760,278
13761,300
13762,314
13763,326
13764,329
13765,323
13766,307
13767,295
13768,289
13769,287
13770,286
13771,285
13772,284
13773,284
13775,284
13776,284
13777,285
13778,285
13779,285
13780,285
13781,284
13782,284
13783,284
13784,284
13785,285
13786,285
13787,285
13788,285
13789,285
13790,285
13791,285
13792,286
13793,287
13794,288
13795,289
13796,290
13797,289
13798,289
13799,289
13800,289
13801,289
13802,289
13803,289
13804,289
13805,288
13806,288
13807,288
13808,288
13809,288
13810,289
13811,288
13812,288
13813,288
13814,288
13815,287
13816,287
13818,288
13819,288
13820,288
13821,287
13822,287
13823,287
13824,287
13825,287
13826,287
13827,288
13828,288
13829,288
13830,287
13831,287
13832,287
13833,287
13834,287
13835,288
13836,288
13837,288
13838,287
13839,287
13840,287
13841,287
13842,287
13843,288
13844,287
13845,289
13846,288
13847,287
13848,287
13849,285
13850,287
13851,287
13852,288
13853,288
13854,287
13855,287
13856,287
13857,287
13858,287
13859,288
13861,288
13862,288
13863,288
13864,282
13865,287
13866,287
13867,288
13868,287
13869,288
13870,288
13871,288
13872,287
13873,287
13874,287
13875,287
13876,287
13877,288
13878,288
13879,288
13880,288
13881,287
13882,287
13883,287
13884,288
13885,288
13886,288
13887,288
13888,287
13889,287
13890,287
13891,287
13892,287
13893,288
13894,288
13895,288
13896,287
13897,287
13898,287
13899,287
13900,287
13901,288
13903,288
13904,288
13905,288
13906,287
13907,287
13908,287
13909,287
13910,288
13911,288
13912,288
13913,288
13914,287
13915,287
13916,287
13917,287
13918,288
13919,288
13920,288
13921,288
13922,287
13923,287
13924,287
13925,287
13926,287
13927,288
13928,288
13929,288
13930,287
13931,287
13932,287
13933,287
13934,287
13935,287
13936,288
13937,288
13938,287
13939,287
13940,287
13941,287
13942,287
13943,288
13944,288
13946,288
13947,287
13948,287
13949,287
13950,287
13951,288
13952,288
13953,288
13954,288
13955,288
13956,287
13957,287
13958,287
13959,287
13960,288
13961,288
13962,288
13963,287
13964,287
13965,287
13966,287
13967,287
13968,288
13969,288
13970,288
13971,288
13972,287
13973,287
13974,287
13975,287
13976,288
13977,288
13978,288
13979,288
13980,287
13981,287
13982,287
13983,287
13984,287
13985,288
13986,288
13987,288
13989,287
13990,287
13991,287
13992,287
13993,287
13994,288
13995,288
13996,288
13997,287
13998,287
13999,287
14000,287
14001,288
14002,288
14003,288
14004,288
14005,287
14006,287
14007,287
14008,287
14009,287
14010,288
14011,288
14012,288
14013,287
14014,287
14015,287
14016,287
14017,287
14018,288
14019,288
14020,288
14021,288
14022,287
14023,287
14024,287
14025,287
14026,288
14027,288
14028,288
14029,288
14031,287
14032,287
14033,287
14034,287
14035,288
14036,288
14037,288
14038,288
14039,287
14040,287
14041,287
14042,287
14043,287
14044,288
14045,288
14046,287
14047,287
14048,287
14049,287
14050,287
14051,287
14052,288
14053,288
14054,288
14055,287
14056,287
14057,287
14058,287
14059,288
14060,288
14061,288
14062,288
14063,287
14064,287
14065,287
14066,287
14067,287
14068,288
14069,288
14070,288
14071,287
14072,287
14074,287
14075,287
14076,287
14077,288
14078,288
14079,288
14080,288
14081,287
14082,287
14083,287
14084,287
14085,287
14086,288
14087,288
14088,288
14089,287
14090,287
14091,287
14092,287
14093,288
14094,288
14095,288
14096,288
14097,287
14098,287
14099,287
14100,288
14101,288
14102,287
14103,288
14104,288
14105,287
14106,287
14107,287
14108,287
14109,288
14110,288
14111,288
14112,287
14113,287
14114,287
14115,287
14117,287
14118,287
14119,288
14120,288
14121,288
14122,287
14123,287
14124,287
14125,287
14126,288
14127,288
14128,288
14129,288
14130,287
14131,287
14132,287
14133,287
14134,287
14135,288
14136,288
14137,288
14138,288
14139,287
14140,287
14141,287
14142,287
14143,288
14144,288
14145,288
14146,288
14147,287
14148,287
14149,287
14150,287
14151,288
14152,288
14153,288
14154,288
14155,287
14156,287
14157,287
14159,287
14160,288
14161,288
14162,288
14163,288
14164,287
14165,287
14166,287
14167,287
14168,287
14169,288
14170,288
14171,287
14172,287
14173,287
14174,287
14175,287
14176,288
14177,288
14178,288
14179,288
14180,288
14181,287
14182,287
14183,287
14184,287
14185,288
14186,288
14187,288
14188,287
14189,287
14190,287
14191,287
14192,288
14193,288
14194,288
14195,288
14196,288
14197,287
14198,287
14199,287
14200,287
14202,288
14203,288
14204,288
14205,287
14206,287
14207,287
14208,287
14209,287
14210,288
14211,288
14212,288
14213,287
14214,287
14215,287
14216,287
14217,287
14218,287
14219,288
14220,288
14221,288
14222,287
14223,287
14224,287
14225,287
14226,287
14227,288
14228,288
14229,287
14230,287
14231,287
14232,287
14233,287
14234,287
14235,288
14236,288
14237,288
14238,287
14239,287
14240,287
14241,287
14242,287
14243,288
14245,288
14246,288
14247,287
14248,287
14249,287
14250,287
14251,287
14252,288
14253,288
14254,288
14255,287
14256,287
14257,287
14258,287
14259,288
14260,288
14261,288
14262,288
14263,287
14264,287
14265,287
14266,287
14267,287
14268,287
14269,288
14270,288
14271,287
14272,287
14273,287
14274,287
14275,287
14276,287
14277,288
14278,288
14279,288
14280,287
14281,287
14282,287
14283,287
14284,288
14285,288
14287,288
14288,288
14289,287
14290,287
14291,287
14292,287
14293,288
14294,288
14295,288
14296,288
14297,287
14298,287
14299,287
14300,287
14301,288
14302,288
14303,288
14304,288
14305,287
14306,287
14307,287
14308,287
14309,287
14310,288
14311,288
14312,288
14313,287
14314,287
14315,287
14316,287
14317,287
14318,288
14319,288
14320,288
14321,287
14322,287
14323,287
14324,287
14325,288
14326,287
14327,288
14328,288
14330,287
14331,287
14332,287
14333,287
14334,287
14335,287
14336,288
14337,288
14338,288
14339,287
14340,287
14341,287
14342,287
14343,287
14344,287
14345,288
14346,288
14347,285
14348,287
14349,287
14350,287
14351,287
14352,288
14353,288
14354,287
14355,287
14356,287
14357,287
14358,287
14359,288
14360,288
14361,288
14362,288
14363,287
14364,287
14365,287
14366,287
14367,287
14368,288
14369,288
14370,288
14371,287
14373,287
14374,287
14375,287
14376,287
14377,287
14378,288
14379,288
14380,288
14381,287
14382,287
14383,287
14384,287
14385,287
14386,288
14387,288
14388,287
14389,287
14390,287
14391,287
14392,287
14393,288
14394,288
14395,288
14396,287
14397,287
14398,287
14399,287
14400,287
14401,287
14402,288
14403,288
14404,287
14405,287
14406,287
14407,287
14408,287
14409,288
14410,288
14411,287
14412,287
14413,287
14415,287
14416,287
14417,287
14418,287
14419,288
14420,288
14421,287
14422,287
14423,287
14424,287
14425,287
14426,287
14427,288
14428,288
14429,288
14430,287
14431,287
14432,287
14433,287
14434,287
14435,287
14436,288
14437,288
14438,287
14439,287
14440,287
14441,287
14442,287
14443,288
14444,288
14445,287
14446,287
14447,287
14448,287
14449,287
14450,287
14451,287
14452,287
14453,287
14454,287
14455,287
14456,287
14458,287
14459,287
14460,287
14461,288
14462,287
14463,287
14464,287
14465,287
14466,286
14467,287
14468,287
14469,287
14470,288
14471,287
14472,287
14473,286
14474,286
14475,287
14476,287
14477,287
14478,287
14479,287
14480,287
14481,286
14482,286
14483,287
14484,287
14485,287
14486,287
14487,287
14488,287
14489,287
14490,286
14491,287
14492,287
14493,287
14494,287
14495,287
14496,287
14497,286
14498,287
14499,287
14501,287
14502,287
14503,287
14504,287
14505,287
14506,287
14507,286
14508,286
14509,287
14510,287
14511,287
14512,287
14513,287
14514,286
14515,286
14516,287
14517,287
14518,287
14519,288
14520,288
14521,287
14522,287
14523,286
14524,286
14525,287
14526,287
14527,287
14528,287
14529,287
14530,287
14531,286
14532,287
14533,286
14534,287
14535,287
14536,287
14537,287
14538,287
14539,287
14540,286
14541,286
14543,287
14544,287
14545,287
14546,287
14547,287
14548,286
14549,286
14550,287
14551,287
14552,287
14553,288
14554,287
14555,287
14556,287
14557,286
14558,287
14559,287
14560,287
14561,287
14562,287
14563,287
14564,286
14565,286
14566,286
14567,287
14568,287
14569,287
14570,287
14571,287
14572,286
14573,286
14574,286
14575,287
14576,287
14577,287
14578,287
14579,287
14580,287
14581,286
14582,286
14583,287
14584,287
14586,287
14587,287
14588,287
14589,286
14590,286
14591,286
14592,287
14593,287
14594,287
14595,287
14596,287
14597,287
14598,286
14599,286
14600,287
14601,287
14602,287
14603,287
14604,287
14605,287
14606,286
14607,286
14608,286
14609,287
14610,287
14611,287
14612,287
14613,287
14614,286
14615,286
14616,287
14617,287
14618,287
14619,288
14620,287
14621,287
14622,286
14623,286
14624,286
14625,287
14626,287
14627,287
14629,287
14630,287
14631,286
14632,286
14633,286
14634,287
14635,287
14636,287
14637,287
14638,287
14639,287
14640,287
14641,287
14642,286
14643,287
14644,287
14645,287
14646,287
14647,286
14648,286
14649,286
14650,286
14651,287
14652,287
14653,287
14654,287
14655,286
14656,286
14657,286
14658,286
14659,287
14660,287
14661,287
14662,287
14663,286
14664,286
14665,286
14666,286
14667,286
14668,287
14669,287
14671,287
14672,286
14673,286
14674,286
14675,286
14676,286
14677,287
14678,287
14679,287
14680,286
14681,286
14682,286
14683,286
14684,286
14685,287
14686,287
14687,287
14688,286
14689,286
14690,286
14691,286
14692,286
14693,287
14694,287
14695,286
14696,286
14697,286
14698,286
14699,286
14700,286
14701,287
14702,287
14703,287
14704,286
14705,286
14706,286
14707,286
14708,286
14709,287
14710,287
14711,287
14712,286
14714,286
14715,286
14716,286
14717,286
14718,287
14719,287
14720,287
14721,287
14722,286
14723,286
14724,286
14725,286
14726,286
14727,287
14728,287
14729,286
14730,286
14731,286
14732,286
14733,286
14734,286
14735,287
14736,287
14737,286
14738,286
14739,286
14740,286
14741,286
14742,286
14743,287
14744,287
14745,287
14746,286
14747,286
14748,286
14749,286
14750,286
14751,287
14752,287
14753,287
14754,286
14755,286
14757,286
14758,286
14759,286
14760,287
14761,287
14762,287
14763,286
14764,286
14765,286
14766,286
14767,286
14768,287
14769,287
14770,287
14771,286
14772,286
14773,286
14774,286
14775,286
14776,286
14777,287
14778,287
14779,287
14780,286
14781,286
14782,286
14783,286
14784,287
14785,287
14786,287
14787,286
14788,286
14789,286
14790,286
14791,286
14792,286
14793,287
14794,287
14795,286
14796,286
14797,286
14799,286
14800,286
14801,287
14802,287
14803,287
14804,287
14805,286
14806,286
14807,286
14808,286
14809,286
14810,287
14811,287
14812,287
14813,286
14814,286
14815,286
14816,286
