Time (s),Intensity
1,455
2,455
3,455
4,455
5,454
6,454
8,453
9,454
10,454
11,454
12,454
13,455
14,455
15,454
16,454
17,454
18,455
19,456
20,455
21,455
22,455
23,404
24,409
25,408
26,411
27,446
28,415
29,426
30,412
31,417
32,432
33,423
34,445
35,418
36,420
37,420
38,423
39,447
40,430
41,436
42,428
43,425
44,436
45,431
46,448
47,430
48,427
49,429
51,429
52,447
53,434
54,442
55,436
56,433
57,432
58,437
59,450
60,430
61,437
62,436
63,439
64,443
65,434
66,448
67,436
68,437
69,436
70,441
71,450
72,439
73,448
74,438
75,439
76,436
77,441
78,452
79,439
80,445
81,438
82,441
83,440
84,439
85,451
86,439
87,440
88,436
89,439
90,447
91,442
92,450
94,438
95,441
96,436
97,441
98,451
99,442
100,442
101,437
102,439
103,447
104,443
105,450
106,438
107,439
108,440
109,443
110,450
111,439
112,446
113,441
114,441
115,442
116,439
117,452
118,439
119,442
120,438
121,445
122,450
123,439
124,449
125,442
126,443
127,437
128,443
129,452
130,439
131,442
132,440
133,443
134,445
136,441
137,452
138,442
139,442
140,440
141,441
142,449
143,441
144,449
145,440
146,441
147,442
148,443
149,450
150,443
151,442
152,438
153,443
154,448
155,441
156,450
157,442
158,442
159,440
160,443
161,450
162,442
163,449
164,439
165,441
166,440
167,443
168,451
169,443
170,445
171,440
172,445
173,444
174,441
175,451
176,442
177,443
179,444
180,443
181,449
182,443
183,449
184,439
185,444
186,440
187,443
188,452
189,444
190,451
191,448
192,451
193,453
194,452
195,455
196,454
197,463
198,455
199,454
200,455
201,456
202,454
203,455
204,453
205,454
206,454
207,454
208,455
209,459
210,455
211,455
212,455
213,454
214,449
215,453
216,453
217,454
218,454
219,453
220,452
222,454
223,454
224,453
225,453
226,454
227,454
228,454
229,455
230,454
231,454
232,454
233,454
234,454
235,454
236,454
237,455
238,455
239,441
240,452
241,454
242,454
243,454
244,454
245,455
246,454
247,454
248,452
249,453
250,454
251,454
252,455
253,455
254,454
255,454
256,453
257,454
258,450
259,453
260,454
261,455
262,452
264,454
265,454
266,453
267,453
268,454
269,454
270,454
271,454
272,454
273,454
274,454
275,453
276,454
277,454
278,455
279,455
280,454
281,454
282,454
283,454
284,454
285,454
286,455
287,455
288,454
289,454
290,454
291,453
292,453
293,454
294,454
295,455
296,454
297,455
298,454
299,454
300,454
301,454
302,453
303,455
304,454
305,454
307,454
308,454
309,454
310,454
311,454
312,454
313,454
314,454
315,453
316,454
317,453
318,454
319,455
320,455
321,455
322,454
323,453
324,454
325,454
326,454
327,454
328,455
329,455
330,454
331,454
332,454
333,453
334,454
335,454
336,454
337,455
338,455
339,454
340,454
341,453
342,453
343,454
344,454
345,454
346,454
347,454
348,454
350,454
351,453
352,454
353,454
354,454
355,454
356,454
357,453
358,454
359,454
360,454
361,454
362,454
363,454
364,454
365,453
366,453
367,453
368,453
369,454
370,454
371,454
372,454
373,454
374,454
375,454
376,454
377,455
378,455
379,455
380,454
381,454
382,447
383,453
384,454
385,454
386,454
387,454
388,454
389,454
390,453
392,454
393,454
394,454
395,454
396,454
397,454
398,454
399,454
400,454
401,454
402,454
403,454
404,454
405,454
406,454
407,454
408,454
409,454
410,454
411,454
412,454
413,454
414,454
415,454
416,453
417,454
418,455
419,455
420,454
421,454
422,454
423,454
424,454
425,454
426,454
427,455
428,455
429,454
430,454
431,454
432,454
433,453
435,454
436,454
437,455
438,455
439,455
440,453
441,454
442,454
443,454
444,454
445,455
446,454
447,454
448,454
449,454
450,454
451,454
452,454
453,455
454,454
455,454
456,454
457,454
458,454
459,454
460,454
461,454
462,455
463,454
464,454
465,454
466,454
467,454
468,454
469,455
470,455
471,455
472,454
473,454
474,454
475,454
476,454
478,455
479,455
480,454
481,454
482,453
483,454
484,453
485,454
486,454
487,454
488,454
489,454
490,453
491,454
492,454
493,454
494,454
495,453
496,454
497,454
498,454
499,454
500,454
501,454
502,455
503,453
504,452
505,454
506,454
507,454
508,454
509,454
510,455
511,455
512,454
513,454
514,454
515,454
516,454
517,455
518,455
520,455
521,455
522,454
523,454
524,453
525,451
526,454
527,454
528,455
529,455
530,454
531,454
532,454
533,454
534,454
535,454
536,454
537,454
538,455
539,455
540,454
541,453
542,454
543,454
544,454
545,454
546,454
547,454
548,454
549,454
550,454
551,454
552,455
553,455
554,454
555,454
556,453
557,454
558,454
559,454
560,454
561,455
563,454
564,454
565,454
566,454
567,454
568,454
569,455
570,455
571,455
572,454
573,454
574,454
575,454
576,454
577,455
578,455
579,455
580,454
581,454
582,454
583,453
584,454
585,454
586,455
587,454
588,454
589,454
590,454
591,454
592,454
593,454
594,455
595,455
596,454
597,454
598,454
599,454
600,454
601,454
602,454
603,455
604,454
606,454
607,454
608,453
609,454
610,454
611,454
612,454
613,454
614,454
615,454
616,454
617,454
618,455
619,455
620,455
621,454
622,454
623,454
624,454
625,454
626,454
627,455
628,455
629,454
630,454
631,454
632,454
633,454
634,454
635,454
636,454
637,455
638,454
639,454
640,453
641,454
642,454
643,454
644,454
645,454
646,454
648,454
649,453
650,454
651,454
652,454
653,454
654,454
655,454
656,453
657,453
658,454
659,454
660,454
661,454
662,454
663,454
664,454
665,453
666,453
667,454
668,454
669,454
670,454
671,454
672,454
673,454
674,453
675,454
676,454
677,455
678,455
679,455
680,454
681,454
682,454
683,454
684,454
685,455
686,455
687,455
688,454
689,454
691,454
692,454
693,454
694,455
695,454
696,455
697,454
698,454
699,454
700,454
701,454
702,454
703,455
704,454
705,454
706,454
707,454
708,454
709,454
710,454
711,454
712,454
713,454
714,454
715,453
716,453
717,454
718,454
719,455
720,454
721,454
722,453
723,454
724,453
725,454
726,454
727,454
728,454
729,454
730,454
731,454
732,453
734,454
735,454
736,454
737,454
738,454
739,454
740,453
741,453
742,453
743,454
744,454
745,455
746,454
747,454
748,453
749,454
750,454
751,454
752,454
753,454
754,454
755,454
756,453
757,454
758,453
759,454
760,454
761,454
762,454
763,454
764,454
765,453
766,453
767,454
768,454
769,455
770,454
771,454
772,453
773,453
774,453
776,454
777,454
778,455
779,455
780,454
781,454
782,454
783,453
784,454
785,454
786,454
787,455
788,454
789,454
790,454
791,454
792,454
793,454
794,455
795,455
796,454
797,454
798,454
799,454
800,454
801,454
802,455
803,455
804,454
805,454
806,454
807,454
808,454
809,454
810,454
811,455
812,454
813,454
814,454
815,453
816,454
817,455
819,455
820,455
821,454
822,454
823,454
824,453
825,453
826,454
827,454
828,454
829,454
830,454
831,454
832,453
833,453
834,454
835,454
836,454
837,455
838,455
839,454
840,453
841,453
842,454
843,454
844,454
845,454
846,454
847,454
848,454
849,454
850,454
851,455
852,455
853,454
854,454
855,454
856,454
857,454
858,454
859,454
860,454
862,455
863,454
864,454
865,454
866,453
867,454
868,454
869,455
870,455
871,455
872,454
873,454
874,454
875,454
876,454
877,454
878,455
879,455
880,454
881,454
882,453
883,454
884,454
885,454
886,454
887,455
888,454
889,454
890,453
891,453
892,454
893,454
894,454
895,454
896,454
897,454
898,454
899,453
900,454
901,454
902,454
904,454
905,454
906,454
907,453
908,454
909,454
910,454
911,454
912,454
913,454
914,454
915,453
916,454
917,454
918,455
919,455
920,454
921,454
922,454
923,453
924,453
925,454
926,454
927,454
928,455
929,455
930,454
931,453
932,453
933,454
934,454
935,454
936,454
937,454
938,454
939,454
940,453
941,453
942,454
943,454
944,454
945,455
947,454
948,453
949,454
950,453
951,454
952,454
953,454
954,454
955,454
956,454
957,453
958,454
959,454
960,454
961,454
962,454
963,454
964,454
965,453
966,454
967,454
968,454
969,454
970,454
971,454
972,453
973,453
974,453
975,454
976,454
977,455
978,455
979,455
980,454
981,453
982,453
983,454
984,454
985,454
986,454
987,454
988,454
990,454
991,453
992,453
993,454
994,454
995,454
996,454
997,454
998,454
999,454
1000,453
1001,454
1002,454
1003,451
1004,454
1005,454
1006,453
1007,453
1008,453
1009,454
1010,453
1011,454
1012,455
1013,454
1014,453
1015,451
1016,453
1017,454
1018,455
1019,455
1020,454
1021,454
1022,454
1023,453
1024,454
1025,453
1026,451
1027,455
1028,454
1029,454
1030,454
1032,453
1033,453
1034,454
1035,454
1036,454
1037,455
1038,455
1039,454
1040,454
1041,453
1042,454
1043,454
1044,454
1045,454
1046,454
1047,454
1048,454
1049,453
1050,454
1051,454
1052,455
1053,455
1054,454
1055,454
1056,454
1057,454
1058,454
1059,454
1060,454
1061,454
1062,454
1063,454
1064,453
1065,453
1066,454
1067,454
1068,454
1069,454
1070,454
1071,454
1072,454
1073,453
1075,454
1076,454
1077,454
1078,455
1079,455
1080,454
1081,454
1082,454
1083,454
1084,454
1085,454
1086,454
1087,454
1088,454
1089,454
1090,453
1091,454
1092,454
1093,454
1094,454
1095,455
1096,454
1097,454
1098,454
1099,454
1100,454
1101,454
1102,454
1103,454
1104,454
1105,454
1106,453
1107,453
1108,453
1109,454
1110,454
1111,455
1112,454
1113,454
1114,454
1115,454
1116,454
1118,455
1119,455
1120,455
1121,455
1122,454
1123,454
1124,454
1125,454
1126,454
1127,454
1128,454
1129,454
1130,454
1131,454
1132,453
1133,453
1134,454
1135,454
1136,454
1137,454
1138,454
1139,454
1140,453
1141,454
1142,454
1143,454
1144,454
1145,454
1146,454
1147,454
1148,453
1149,454
1150,454
1151,454
1152,454
1153,455
1154,454
1155,454
1156,453
1157,454
1158,455
1160,454
1161,454
1162,454
1163,454
1164,454
1165,454
1166,453
1167,454
1168,454
1169,455
1170,454
1171,454
1172,454
1173,453
1174,453
1175,453
1176,454
1177,454
1178,455
1179,455
1180,454
1181,453
1182,453
1183,453
1184,454
1185,454
1186,454
1187,454
1188,454
1189,453
1190,453
1191,453
1192,454
1193,454
1194,454
1195,454
1196,454
1197,454
1198,454
1199,454
1200,454
1201,454
1203,454
1204,454
1205,454
1206,453
1207,453
1208,453
1209,454
1210,454
1211,455
1212,454
1213,454
1214,454
1215,454
1216,453
1217,454
1218,455
1219,455
1220,455
1221,454
1222,454
1223,453
1224,454
1225,454
1226,454
1227,454
1228,454
1229,454
1230,454
1231,453
1232,453
1233,454
1234,454
1235,454
1236,454
1237,455
1238,454
1239,454
1240,453
1241,453
1242,454
1243,454
1244,454
1246,454
1247,454
1248,453
1249,453
1250,454
1251,454
1252,454
1253,455
1254,454
1255,454
1256,454
1257,453
1258,454
1259,454
1260,454
1261,454
1262,454
1263,454
1264,453
1265,454
1266,453
1267,454
1268,454
1269,454
1270,454
1271,454
1272,454
1273,453
1274,453
1275,454
1276,454
1277,455
1278,455
1279,454
1280,453
1281,453
1282,453
1283,454
1284,454
1285,454
1286,454
1288,454
1289,454
1290,454
1291,453
1292,453
1293,454
1294,454
1295,454
1296,454
1297,454
1298,454
1299,454
1300,454
1301,454
1302,454
1303,454
1304,454
1305,454
1306,453
1307,453
1308,454
1309,454
1310,454
1311,454
1312,454
1313,454
1314,454
1315,454
1316,454
1317,454
1318,455
1319,455
1320,455
1321,454
1322,454
1323,454
1324,454
1325,454
1326,454
1327,454
1328,454
1329,454
1331,453
1332,454
1333,453
1334,454
1335,454
1336,455
1337,455
1338,455
1339,454
1340,453
1341,453
1342,454
1343,454
1344,454
1345,454
1346,454
1347,454
1348,453
1349,453
1350,454
1351,454
1352,454
1353,454
1354,454
1355,454
1356,453
1357,454
1358,454
1359,454
1360,454
1361,454
1362,454
1363,453
1364,452
1365,453
1366,454
1367,454
1368,454
1369,454
1370,455
1371,454
1372,454
1374,453
1375,454
1376,454
1377,454
1378,455
1379,455
1380,454
1381,454
1382,453
1383,454
1384,453
1385,454
1386,454
1387,454
1388,454
1389,451
1390,453
1391,454
1392,454
1393,454
1394,454
1395,454
1396,452
1397,454
1398,454
1399,454
1400,454
1401,454
1402,455
1403,454
1404,454
1405,452
1406,453
1407,454
1408,454
1409,454
1410,454
1411,454
1412,454
1413,454
1414,453
1416,453
1417,454
1418,455
1419,455
1420,454
1421,454
1422,454
1423,453
1424,454
1425,454
1426,454
1427,454
1428,455
1429,454
1430,454
1431,453
1432,453
1433,454
1434,454
1435,454
1436,454
1437,455
1438,454
1439,454
1440,454
1441,453
1442,454
1443,454
1444,454
1445,454
1446,454
1447,454
1448,453
1449,454
1450,454
1451,454
1452,454
1453,454
1454,454
1455,454
1456,454
1457,454
1459,454
1460,454
1461,454
1462,454
1463,454
1464,454
1465,454
1466,453
1467,454
1468,454
1469,455
1470,454
1471,454
1472,454
1473,453
1474,453
1475,454
1476,454
1477,454
1478,455
1479,455
1480,454
1481,454
1482,454
1483,454
1484,454
1485,455
1486,455
1487,454
1488,454
1489,454
1490,453
1491,454
1492,454
1493,454
1494,455
1495,454
1496,454
1497,454
1498,454
1499,454
1500,454
1502,454
1503,454
1504,454
1505,454
1506,454
1507,454
1508,454
1509,454
1510,454
1511,454
1512,454
1513,454
1514,454
1515,453
1516,453
1517,454
1518,455
1519,455
1520,454
1521,454
1522,454
1523,454
1524,454
1525,454
1526,454
1527,454
1528,454
1529,454
1530,454
1531,453
1532,454
1533,454
1534,454
1535,454
1536,454
1537,455
1538,454
1539,454
1540,453
1541,454
1542,454
1544,454
1545,454
1546,454
1547,454
1548,454
1549,454
1550,454
1551,454
1552,455
1553,455
1554,454
1555,454
1556,454
1557,453
1558,454
1559,454
1560,454
1561,454
1562,454
1563,454
1564,453
1565,453
1566,454
1567,454
1568,454
1569,454
1570,454
1571,454
1572,454
1573,453
1574,453
1575,454
1576,454
1577,455
1578,455
1579,454
1580,454
1581,454
1582,454
1583,454
1584,454
1585,454
1587,454
1588,454
1589,454
1590,453
1591,454
1592,454
1593,454
1594,455
1595,454
1596,454
1597,454
1598,454
1599,454
1600,454
1601,454
1602,454
1603,454
1604,454
1605,454
1606,454
1607,454
1608,454
1609,454
1610,454
1611,454
1612,454
1613,454
1614,454
1615,454
1616,454
1617,454
1618,455
1619,455
1620,454
1621,454
1622,454
1623,453
1624,454
1625,454
1626,454
1627,454
1628,454
1630,454
1631,453
1632,454
1633,454
1634,454
1635,454
1636,455
1637,454
1638,455
1639,454
1640,454
1641,454
1642,454
1643,454
1644,454
1645,454
1646,454
1647,454
1648,454
1649,454
1650,454
1651,455
1652,455
1653,455
1654,454
1655,454
1656,454
1657,454
1658,454
1659,455
1660,455
1661,454
1662,454
1663,454
1664,454
1665,454
1666,454
1667,454
1668,454
1669,455
1670,454
1672,454
1673,453
1674,454
1675,454
1676,454
1677,455
1678,455
1679,455
1680,454
1681,454
1682,454
1683,454
1684,454
1685,454
1686,455
1687,454
1688,454
1689,453
1690,453
1691,453
1692,454
1693,454
1694,454
1695,454
1696,454
1697,454
1698,454
1699,454
1700,454
1701,454
1702,454
1703,455
1704,454
1705,454
1706,453
1707,453
1708,454
1709,454
1710,454
1711,455
1712,454
1713,454
1715,453
1716,453
1717,454
1718,455
1719,455
1720,454
1721,454
1722,454
1723,452
1724,453
1725,453
1726,454
1727,454
1728,455
1729,454
1730,454
1731,453
1732,453
1733,454
1734,454
1735,454
1736,455
1737,454
1738,455
1739,454
1740,454
1741,454
1742,454
1743,455
1744,454
1745,454
1746,454
1747,454
1748,453
1749,454
1750,454
1751,455
1752,455
1753,454
1754,454
1755,454
1756,454
1758,454
1759,455
1760,454
1761,454
1762,454
1763,452
1764,452
1765,450
1766,453
1767,454
1768,454
1769,454
1770,452
1771,454
1772,454
1773,454
1774,454
1775,454
1776,454
1777,452
1778,455
1779,455
1780,454
1781,454
1782,453
1783,454
1784,454
1785,454
1786,454
1787,454
1788,454
1789,453
1790,453
1791,454
1792,454
1793,454
1794,455
1795,454
1796,454
1797,454
1798,454
1800,454
1801,454
1802,454
1803,454
1804,454
1805,454
1806,453
1807,453
1808,453
1809,454
1810,454
1811,455
1812,454
1813,454
1814,453
1815,454
1816,454
1817,454
1818,455
1819,455
1820,455
1821,454
1822,454
1823,454
1824,454
1825,454
1826,454
1827,454
1828,454
1829,454
1830,454
1831,453
1832,454
1833,454
1834,454
1835,454
1836,454
1837,455
1838,454
1839,454
1840,454
1841,454
1843,454
1844,454
1845,454
1846,454
1847,454
1848,454
1849,454
1850,454
1851,454
1852,454
1853,455
1854,454
1855,454
1856,453
1857,454
1858,454
1859,455
1860,455
1861,454
1862,454
1863,454
1864,453
1865,453
1866,454
1867,454
1868,455
1869,455
1870,454
1871,454
1872,454
1873,454
1874,454
1875,454
1876,455
1877,455
1878,455
1879,455
1880,454
1881,453
1882,454
1883,454
1884,454
1886,454
1887,455
1888,454
1889,454
1890,454
1891,454
1892,454
1893,454
1894,454
1895,454
1896,454
1897,454
1898,454
1899,454
1900,454
1901,454
1902,454
1903,455
1904,454
1905,454
1906,454
1907,453
1908,454
1909,454
1910,455
1911,455
1912,454
1913,454
1914,453
1915,454
1916,454
1917,454
1918,455
1919,455
1920,454
1921,454
1922,454
1923,454
1924,454
1925,454
1926,454
1928,455
1929,454
1930,454
1931,454
1932,453
1933,454
1934,454
1935,455
1936,455
1937,454
1938,455
1939,454
1940,453
1941,453
1942,454
1943,454
1944,454
1945,454
1946,454
1947,454
1948,454
1949,453
1950,454
1951,454
1952,454
1953,454
1954,454
1955,453
1956,454
1957,454
1958,454
1959,455
1960,454
1961,454
1962,454
1963,453
1964,453
1965,454
1966,454
1967,454
1968,455
1969,454
1971,454
1972,454
1973,454
1974,453
1975,454
1976,454
1977,455
1978,455
1979,455
1980,454
1981,454
1982,453
1983,453
1984,454
1985,454
1986,455
1987,454
1988,454
1989,454
1990,454
1991,453
1992,454
1993,454
1994,455
1995,454
1996,454
1997,454
1998,454
1999,454
2000,454
2001,455
2002,454
2003,454
2004,454
2005,454
2006,453
2007,454
2008,454
2009,454
2010,455
2011,454
2012,454
2014,454
2015,454
2016,453
2017,454
2018,455
2019,455
2020,455
2021,454
2022,454
2023,454
2024,454
2025,454
2026,454
2027,454
2028,454
2029,454
2030,454
2031,454
2032,454
2033,454
2034,454
2035,455
2036,455
2037,454
2038,454
2039,454
2040,454
2041,454
2042,454
2043,455
2044,454
2045,454
2046,454
2047,453
2048,454
2049,454
2050,454
2051,454
2052,454
2053,454
2054,454
2056,453
2057,454
2058,454
2059,454
2060,455
2061,454
2062,454
2063,454
2064,454
2065,453
2066,453
2067,454
2068,454
2069,455
2070,454
2071,454
2072,454
2073,454
2074,454
2075,454
2076,454
2077,455
2078,455
2079,455
2080,454
2081,454
2082,454
2083,454
2084,454
2085,455
2086,455
2087,454
2088,454
2089,454
2090,454
2091,454
2092,454
2093,454
2094,455
2095,454
2096,454
2097,454
2099,454
2100,454
2101,454
2102,454
2103,454
2104,452
2105,453
2106,453
2107,454
2108,454
2109,454
2110,454
2111,455
2112,454
2113,454
2114,453
2115,453
2116,454
2117,454
2118,455
2119,455
2120,455
2121,454
2122,454
2123,454
2124,454
2125,454
2126,454
2127,455
2128,455
2129,454
2130,454
2131,454
2132,454
2133,454
2134,454
2135,455
2136,455
2137,455
2138,453
2139,454
2140,454
2142,454
2143,453
2144,454
2145,454
2146,450
2147,454
2148,454
2149,454
2150,454
2151,454
2152,455
2153,455
2154,454
2155,454
2156,454
2157,454
2158,454
2159,455
2160,455
2161,455
2162,454
2163,454
2164,453
2165,454
2166,454
2167,454
2168,454
2169,455
2170,454
2171,454
2172,454
2173,453
2174,454
2175,454
2176,454
2177,455
2178,455
2179,454
2180,454
2181,453
2182,454
2184,454
2185,454
2186,455
2187,454
2188,454
2189,454
2190,454
2191,454
2192,454
2193,454
2194,454
2195,454
2196,454
2197,454
2198,454
2199,454
2200,454
2201,455
2202,455
2203,454
2204,454
2205,454
2206,453
2207,454
2208,453
2209,454
2210,454
2211,454
2212,454
2213,454
2214,453
2215,454
2216,454
2217,455
2218,455
2219,455
2220,454
2221,454
2222,454
2223,454
2224,454
2225,454
2227,455
2228,454
2229,454
2230,454
2231,453
2232,453
2233,454
2234,454
2235,454
2236,455
2237,455
2238,455
2239,454
2240,454
2241,454
2242,454
2243,454
2244,454
2245,454
2246,454
2247,453
2248,453
2249,453
2250,454
2251,454
2252,454
2253,454
2254,454
2255,454
2256,453
2257,454
2258,454
2259,455
2260,455
2261,454
2262,454
2263,454
2264,453
2265,454
2266,454
2267,454
2268,454
2270,455
2271,454
2272,454
2273,453
2274,454
2275,454
2276,454
2277,455
2278,455
2279,455
2280,454
2281,454
2282,454
2283,453
2284,454
2285,454
2286,454
2287,453
2288,453
2289,453
2290,453
2291,454
2292,454
2293,454
2294,452
2295,454
2296,454
2297,452
2298,454
2299,454
2300,454
2301,454
2302,454
2303,454
2304,452
2305,451
2306,453
2307,453
2308,454
2309,454
2310,454
2312,454
2313,454
2314,453
2315,453
2316,454
2317,454
2318,455
2319,455
2320,455
2321,454
2322,454
2323,453
2324,454
2325,454
2326,454
2327,454
2328,455
2329,454
2330,454
2331,454
2332,454
2333,454
2334,454
2335,455
2336,454
2337,454
2338,454
2339,454
2340,453
2341,453
2342,454
2343,455
2344,455
2345,454
2346,454
2347,454
2348,454
2349,454
2350,454
2351,454
2352,455
2353,454
2355,454
2356,454
2357,454
2358,454
2359,455
2360,455
2361,455
2362,454
2363,454
2364,454
2365,453
2366,454
2367,454
2368,454
2369,454
2370,454
2371,454
2372,453
2373,453
2374,453
2375,454
2376,454
2377,455
2378,455
2379,455
2380,453
2381,453
2382,454
2383,454
2384,454
2385,454
2386,455
2387,454
2388,454
2389,453
2390,453
2391,454
2392,454
2393,454
2394,454
2395,454
2396,454
2398,454
2399,454
2400,454
2401,454
2402,455
2403,454
2404,454
2405,451
2406,454
2407,453
2408,454
2409,454
2410,455
2411,454
2412,454
2413,454
2414,454
2415,453
2416,454
2417,454
2418,455
2419,455
2420,454
2421,454
2422,453
2423,453
2424,453
2425,454
2426,454
2427,455
2428,454
2429,454
2430,453
2431,453
2432,454
2433,454
2434,454
2435,455
2436,454
2437,455
2438,454
2440,454
2441,454
2442,454
2443,454
2444,455
2445,454
2446,454
2447,454
2448,454
2449,454
2450,454
2451,454
2452,455
2453,454
2454,454
2455,454
2456,453
2457,454
2458,454
2459,455
2460,454
2461,454
2462,454
2463,454
2464,453
2465,453
2466,454
2467,454
2468,454
2469,454
2470,454
2471,454
2472,454
2473,454
2474,454
2475,454
2476,455
2477,455
2478,454
2479,454
2480,454
2481,454
2483,454
2484,454
2485,454
2486,455
2487,454
2488,454
2489,453
2490,453
2491,454
2492,454
2493,454
2494,455
2495,454
2496,454
2497,454
2498,454
2499,454
2500,454
2501,454
2502,455
2503,454
2504,454
2505,454
2506,453
2507,453
2508,454
2509,454
2510,454
2511,454
2512,454
2513,454
2514,453
2515,453
2516,454
2517,454
2518,455
2519,455
2520,454
2521,454
2522,453
2523,453
2524,454
2526,454
2527,454
2528,454
2529,454
2530,454
2531,454
2532,453
2533,454
2534,454
2535,454
2536,454
2537,454
2538,454
2539,454
2540,453
2541,454
2542,454
2543,454
2544,454
2545,454
2546,454
2547,453
2548,453
2549,454
2550,454
2551,454
2552,454
2553,454
2554,454
2555,454
2556,454
2557,454
2558,455
2559,455
2560,455
2561,454
2562,454
2563,454
2564,453
2565,454
2566,454
2568,454
2569,455
2570,454
2571,454
2572,453
2573,454
2574,454
2575,454
2576,455
2577,454
2578,455
2579,455
2580,454
2581,453
2582,454
2583,454
2584,454
2585,455
2586,454
2587,454
2588,454
2589,453
2590,454
2591,454
2592,454
2593,454
2594,455
2595,454
2596,454
2597,453
2598,454
2599,454
2600,454
2601,454
2602,454
2603,454
2604,454
2605,454
2606,453
2607,454
2608,454
2609,455
2611,455
2612,454
2613,454
2614,454
2615,453
2616,454
2617,454
2618,455
2619,455
2620,455
2621,454
2622,454
2623,454
2624,454
2625,454
2626,454
2627,454
2628,454
2629,454
2630,453
2631,453
2632,453
2633,454
2634,454
2635,455
2636,454
2637,454
2638,454
2639,454
2640,453
2641,454
2642,454
2643,455
2644,454
2645,454
2646,454
2647,454
2648,453
2649,454
2650,454
2651,455
2652,454
2654,454
2655,454
2656,453
2657,454
2658,454
2659,455
2660,455
2661,454
2662,454
2663,454
2664,454
2665,453
2666,454
2667,454
2668,454
2669,454
2670,454
2671,454
2672,453
2673,454
2674,454
2675,454
2676,454
2677,454
2678,455
2679,454
2680,454
2681,453
2682,454
2683,454
2684,454
2685,455
2686,455
2687,454
2688,454
2689,453
2690,454
2691,454
2692,454
2693,455
2694,454
2696,454
2697,454
2698,454
2699,454
2700,455
2701,454
2702,455
2703,455
2704,454
2705,454
2706,454
2707,454
2708,454
2709,454
2710,454
2711,454
2712,454
2713,454
2714,454
2715,454
2716,454
2717,454
2718,455
2719,455
2720,454
2721,454
2722,454
2723,454
2724,454
2725,454
2726,455
2727,455
2728,454
2729,454
2730,453
2731,454
2732,454
2733,454
2734,455
2735,455
2736,454
2737,454
2739,454
2740,454
2741,454
2742,454
2743,455
2744,454
2745,455
2746,454
2747,454
2748,453
2749,454
2750,454
2751,454
2752,455
2753,454
2754,454
2755,454
2756,454
2757,454
2758,455
2759,455
2760,455
2761,455
2762,454
2763,454
2764,454
2765,454
2766,454
2767,454
2768,454
2769,455
2770,454
2771,454
2772,454
2773,454
2774,454
2775,455
2776,455
2777,455
2778,455
2779,455
2780,454
2782,454
2783,454
2784,454
2785,455
2786,455
2787,454
2788,454
2789,454
2790,453
2791,454
2792,454
2793,455
2794,454
2795,454
2796,454
2797,454
2798,454
2799,454
2800,454
2801,454
2802,455
2803,455
2804,454
2805,454
2806,453
2807,454
2808,454
2809,454
2810,455
2811,454
2812,454
2813,454
2814,454
2815,454
2816,454
2817,454
2818,455
2819,455
2820,454
2821,454
2822,454
2824,454
2825,454
2826,454
2827,454
2828,455
2829,454
2830,454
2831,454
2832,454
2833,454
2834,454
2835,454
2836,455
2837,454
2838,454
2839,454
2840,454
2841,454
2842,454
2843,455
2844,455
2845,454
2846,454
2847,454
2848,454
2849,454
2850,454
2851,454
2852,455
2853,454
2854,454
2855,453
2856,453
2857,454
2858,454
2859,455
2860,454
2861,454
2862,454
2863,454
2864,454
2865,454
2867,454
2868,454
2869,455
2870,454
2871,454
2872,454
2873,453
2874,454
2875,454
2876,454
2877,455
2878,455
2879,454
2880,454
2881,454
2882,454
2883,454
2884,454
2885,454
2886,454
2887,454
2888,454
2889,454
2890,453
2891,454
2892,454
2893,454
2894,454
2895,454
2896,453
2897,453
2898,454
2899,454
2900,454
2901,454
2902,454
2903,454
2904,453
2905,453
2906,454
2907,454
2908,454
2910,454
2911,454
2912,454
2913,454
2914,454
2915,453
2916,454
2917,454
2918,455
2919,455
2920,455
2921,454
2922,453
2923,453
2924,452
2925,454
2926,454
2927,454
2928,454
2929,454
2930,454
2931,454
2932,454
2933,454
2934,454
2935,455
2936,454
2937,454
2938,454
2939,454
2940,454
2941,454
2942,454
2943,454
2944,454
2945,454
2946,453
2947,454
2948,453
2949,454
2950,454
2952,454
2953,454
2954,454
2955,454
2956,454
2957,454
2958,455
2959,455
2960,455
2961,455
2962,454
2963,454
2964,453
2965,453
2966,451
2967,454
2968,454
2969,454
2970,454
2971,453
2972,454
2973,454
2974,454
2975,454
2976,454
2977,454
2978,455
2979,454
2980,453
2981,453
2982,454
2983,454
2984,454
2985,455
2986,454
2987,454
2988,453
2989,454
2990,454
2991,454
2992,454
2993,454
2995,454
2996,454
2997,454
2998,454
2999,454
3000,454
3001,455
3002,455
3003,454
3004,454
3005,454
3006,453
3007,454
3008,454
3009,454
3010,455
3011,454
3012,454
3013,454
3014,453
3015,454
3016,454
3017,454
3018,455
3019,455
3020,454
3021,454
3022,454
3023,454
3024,454
3025,454
3026,454
3027,454
3028,454
3029,454
3030,454
3031,454
3032,454
3033,454
3034,454
3035,455
3036,454
3038,454
3039,454
3040,454
3041,454
3042,454
3043,455
3044,455
3045,454
3046,454
3047,454
3048,454
3049,454
3050,454
3051,455
3052,455
3053,454
3054,454
3055,454
3056,454
3057,454
3058,455
3059,455
3060,455
3061,454
3062,454
3063,454
3064,454
3065,454
3066,454
3067,454
3068,454
3069,455
3070,454
3071,454
3072,454
3073,454
3074,454
3075,455
3076,455
3077,455
3078,455
3080,454
3081,454
3082,454
3083,454
3084,454
3085,455
3086,455
3087,454
3088,454
3089,454
3090,454
3091,454
3092,454
3093,455
3094,455
3095,454
3096,454
3097,454
3098,454
3099,454
3100,454
3101,455
3102,455
3103,454
3104,454
3105,454
3106,454
3107,454
3108,454
3109,455
3110,455
3111,455
3112,454
3113,454
3114,454
3115,454
3116,454
3117,455
3118,455
3119,455
3120,454
3121,454
3123,454
3124,454
3125,454
3126,454
3127,454
3128,454
3129,454
3130,454
3131,454
3132,454
3133,454
3134,454
3135,455
3136,454
3137,454
3138,454
3139,454
3140,454
3141,454
3142,454
3143,454
3144,454
3145,454
3146,454
3147,454
3148,454
3149,454
3150,454
3151,454
3152,454
3153,454
3154,454
3155,453
3156,453
3157,454
3158,455
3159,455
3160,454
3161,454
3162,454
3163,453
3164,454
3166,454
3167,454
3168,454
3169,455
3170,454
3171,454
3172,453
3173,453
3174,453
3175,454
3176,454
3177,454
3178,455
3179,455
3180,454
3181,453
3182,454
3183,454
3184,454
3185,454
3186,454
3187,454
3188,454
3189,454
3190,454
3191,454
3192,454
3193,455
3194,455
3195,454
3196,454
3197,453
3198,454
3199,455
3200,454
3201,454
3202,454
3203,454
3204,454
3205,453
3206,453
3208,454
3209,454
3210,455
3211,454
3212,454
3213,454
3214,454
3215,454
3216,454
3217,454
3218,455
3219,455
3220,454
3221,454
3222,454
3223,454
3224,454
3225,454
3226,454
3227,454
3228,454
3229,454
3230,454
3231,453
3232,454
3233,454
3234,455
3235,455
3236,454
3237,454
3238,454
3239,454
3240,453
3241,454
3242,454
3243,455
3244,454
3245,454
3246,453
3247,453
3248,453
3249,453
3251,454
3252,454
3253,454
3254,454
3255,453
3256,453
3257,453
3258,454
3259,455
3260,455
3261,455
3262,454
3263,450
3264,453
3265,454
3266,454
3267,454
3268,454
3269,454
3270,454
3271,454
3272,453
3273,453
3274,454
3275,454
3276,454
3277,454
3278,455
3279,454
3280,454
3281,453
3282,454
3283,454
3284,454
3285,454
3286,454
3287,454
3288,453
3289,453
3290,454
3291,454
3292,454
3294,455
3295,454
3296,454
3297,453
3298,454
3299,454
3300,455
3301,454
3302,454
3303,454
3304,454
3305,454
3306,454
3307,454
3308,454
3309,455
3310,454
3311,454
3312,454
3313,454
3314,454
3315,454
3316,454
3317,454
3318,455
3319,455
3320,454
3321,454
3322,453
3323,453
3324,454
3325,454
3326,454
3327,454
3328,454
3329,454
3330,454
3331,453
3332,454
3333,454
3334,455
3336,454
3337,454
3338,454
3339,454
3340,454
3341,454
3342,454
3343,454
3344,455
3345,454
3346,454
3347,454
3348,454
3349,454
3350,454
3351,454
3352,454
3353,454
3354,454
3355,453
3356,453
3357,453
3358,455
3359,455
3360,454
3361,454
3362,454
3363,454
3364,454
3365,454
3366,454
3367,454
3368,455
3369,454
3370,454
3371,454
3372,454
3373,454
3374,454
3375,454
3376,454
3377,454
3379,454
3380,454
3381,453
3382,454
3383,454
3384,454
3385,454
3386,454
3387,454
3388,454
3389,453
3390,454
3391,454
3392,454
3393,454
3394,454
3395,454
3396,454
3397,453
3398,454
3399,454
3400,454
3401,454
3402,455
3403,454
3404,453
3405,453
3406,454
3407,454
3408,454
3409,454
3410,454
3411,454
3412,454
3413,453
3414,453
3415,453
3416,454
3417,454
3418,455
3419,455
3420,454
3422,454
3423,453
3424,454
3425,454
3426,454
3427,454
3428,454
3429,454
3430,453
3431,453
3432,453
3433,454
3434,454
3435,455
3436,454
3437,454
3438,454
3439,454
3440,454
3441,454
3442,454
3443,454
3444,454
3445,454
3446,453
3447,453
3448,453
3449,454
3450,454
3451,454
3452,454
3453,454
3454,453
3455,453
3456,454
3457,454
3458,455
3459,455
3460,453
3461,454
3462,454
3464,454
3465,453
3466,454
3467,454
3468,454
3469,454
3470,454
3471,454
3472,453
3473,454
3474,454
3475,454
3476,454
3477,453
3478,455
3479,454
3480,454
3481,453
3482,454
3483,454
3484,454
3485,454
3486,454
3487,454
3488,454
3489,453
3490,453
3491,454
3492,454
3493,454
3494,454
3495,454
3496,454
3497,453
3498,454
3499,454
3500,454
3501,454
3502,454
3503,454
3504,454
3505,453
3507,454
3508,454
3509,454
3510,454
3511,454
3512,454
3513,454
3514,453
3515,453
3516,454
3517,454
3518,455
3519,455
3520,454
3521,454
3522,453
3523,453
3524,454
3525,454
3526,454
3527,454
3528,454
3529,453
3530,453
3531,453
3532,454
3533,454
3534,454
3535,454
3536,454
3537,454
3538,454
3539,454
3540,453
3541,454
3542,454
3543,454
3544,454
3545,454
3546,453
3547,453
3548,453
3550,454
3551,454
3552,454
3553,454
3554,454
3555,453
3556,453
3557,453
3558,454
3559,455
3560,455
3561,454
3562,454
3563,453
3564,453
3565,453
3566,454
3567,454
3568,454
3569,454
3570,454
3571,453
3572,453
3573,453
3574,454
3575,454
3576,454
3577,454
3578,454
3579,454
3580,454
3581,454
3582,454
3583,454
3584,455
3585,454
3586,454
3587,453
3588,453
3589,453
3590,454
3592,454
3593,455
3594,454
3595,454
3596,454
3597,454
3598,454
3599,454
3600,455
3601,454
3602,454
3603,454
3604,454
3605,454
3606,453
3607,454
3608,454
3609,454
3610,454
3611,454
3612,454
3613,454
3614,454
3615,454
3616,454
3617,455
3618,455
3619,455
3620,454
3621,453
3622,453
3623,453
3624,454
3625,454
3626,454
3627,454
3628,454
3629,453
3630,453
3631,453
3632,454
3633,454
3635,454
3636,454
3637,454
3638,454
3639,454
3640,454
3641,454
3642,454
3643,454
3644,455
3645,454
3646,453
3647,453
3648,453
3649,453
3650,454
3651,454
3652,455
3653,454
3654,454
3655,453
3656,453
3657,454
3658,454
3659,455
3660,454
3661,454
3662,454
3663,454
3664,454
3665,454
3666,454
3667,455
3668,454
3669,454
3670,454
3671,453
3672,453
3673,454
3674,454
3675,454
3676,454
3678,455
3679,454
3680,454
3681,453
3682,454
3683,454
3684,454
3685,455
3686,454
3687,454
3688,454
3689,454
3690,454
3691,454
3692,454
3693,454
3694,454
3695,454
3696,453
3697,453
3698,454
3699,454
3700,454
3701,454
3702,454
3703,454
3704,454
3705,453
3706,453
3707,454
3708,454
3709,454
3710,454
3711,454
3712,454
3713,453
3714,454
3715,454
3716,454
3717,454
3718,455
3720,455
3721,454
3722,453
3723,453
3724,454
3725,454
3726,454
3727,455
3728,454
3729,454
3730,453
3731,453
3732,454
3733,454
3734,454
3735,455
3736,454
3737,454
3738,454
3739,454
3740,454
3741,454
3742,454
3743,454
3744,454
3745,454
3746,453
3747,453
3748,453
3749,454
3750,454
3751,454
3752,454
3753,454
3754,453
3755,453
3756,453
3757,454
3758,455
3759,455
3760,454
3761,454
3763,453
3764,453
3765,453
3766,454
3767,454
3768,454
3769,454
3770,454
3771,454
3772,453
3773,454
3774,453
3775,454
3776,454
3777,454
3778,455
3779,454
3780,454
3781,453
3782,454
3783,454
3784,454
3785,454
3786,454
3787,454
3788,453
3789,453
3790,453
3791,454
3792,454
3793,454
3794,454
3795,454
3796,453
3797,453
3798,454
3799,454
3800,454
3801,455
3802,454
3803,454
3804,454
3806,454
3807,454
3808,454
3809,454
3810,454
3811,454
3812,454
3813,454
3814,453
3815,453
3816,454
3817,454
3818,455
3819,455
3820,454
3821,454
3822,453
3823,453
3824,454
3825,454
3826,454
3827,454
3828,454
3829,453
3830,454
3831,454
3832,454
3833,454
3834,454
3835,455
3836,454
3837,453
3838,454
3839,454
3840,453
3841,454
3842,454
3843,454
3844,454
3845,454
3846,453
3848,453
3849,454
3850,454
3851,454
3852,454
3853,454
3854,454
3855,454
3856,453
3857,453
3858,454
3859,455
3860,455
3861,454
3862,454
3863,454
3864,453
3865,454
3866,454
3867,455
3868,455
3869,454
3870,454
3871,453
3872,453
3873,453
3874,454
3875,454
3876,454
3877,454
3878,454
3879,454
3880,454
3881,453
3882,454
3883,454
3884,454
3885,454
3886,454
3887,454
3888,453
3889,453
3891,454
3892,454
3893,454
3894,454
3895,454
3896,454
3897,453
3898,454
3899,454
3900,455
3901,454
3902,454
3903,454
3904,453
3905,453
3906,453
3907,453
3908,454
3909,454
3910,454
3911,454
3912,453
3913,453
3914,453
3915,453
3916,454
3917,454
3918,455
3919,454
3920,454
3921,453
3922,453
3923,453
3924,454
3925,454
3926,454
3927,454
3928,454
3929,454
3930,453
3931,454
3932,454
3934,455
3935,455
3936,454
3937,454
3938,454
3939,454
3940,454
3941,454
3942,454
3943,454
3944,454
3945,454
3946,454
3947,453
3948,453
3949,454
3950,454
3951,454
3952,454
3953,454
3954,453
3955,453
3956,454
3957,454
3958,455
3959,455
3960,454
3961,454
3962,453
3963,453
3964,453
3965,454
3966,454
3967,454
3968,454
3969,454
3970,454
3971,453
3972,453
3973,454
3974,454
3976,454
3977,454
3978,454
3979,454
3980,454
3981,454
3982,454
3983,454
3984,454
3985,454
3986,454
3987,454
3988,453
3989,454
3990,454
3991,454
3992,454
3993,454
3994,454
3995,454
3996,454
3997,454
3998,454
3999,455
4000,454
4001,454
4002,454
4003,454
4004,453
4005,452
4006,454
4007,453
4008,453
4009,454
4010,454
4011,454
4012,453
4013,453
4014,453
4015,453
4016,454
4017,454
4019,455
4020,454
4021,453
4022,453
4023,454
4024,454
4025,454
4026,454
4027,453
4028,454
4029,454
4030,453
4031,453
4032,454
4033,454
4034,454
4035,454
4036,454
4037,454
4038,454
4039,454
4040,453
4041,454
4042,454
4043,454
4044,454
4045,454
4046,454
4047,453
4048,454
4049,454
4050,454
4051,455
4052,454
4053,454
4054,453
4055,453
4056,454
4057,454
4058,455
4059,455
4060,454
4062,454
4063,453
4064,453
4065,453
4066,454
4067,454
4068,454
4069,454
4070,454
4071,454
4072,454
4073,454
4074,454
4075,454
4076,454
4077,454
4078,454
4079,454
4080,454
4081,453
4082,454
4083,454
4084,454
4085,454
4086,454
4087,453
4088,454
4089,453
4090,454
4091,454
4092,454
4093,454
4094,454
4095,454
4096,453
4097,453
4098,454
4099,454
4100,454
4101,454
4102,454
4104,454
4105,454
4106,453
4107,454
4108,454
4109,454
4110,455
4111,454
4112,454
4113,454
4114,454
4115,454
4116,454
4117,454
4118,455
4119,455
4120,454
4121,454
4122,453
4123,454
4124,454
4125,454
4126,454
4127,454
4128,454
4129,454
4130,454
4131,454
4132,454
4133,454
4134,454
4135,454
4136,454
4137,453
4138,454
4139,454
4140,454
4141,454
4142,454
4143,455
4144,454
4145,454
4147,453
4148,454
4149,454
4150,454
4151,455
4152,454
4153,455
4154,454
4155,453
4156,453
4157,454
4158,454
4159,455
4160,455
4161,455
4162,454
4163,454
4164,453
4165,454
4166,454
4167,455
4168,455
4169,454
4170,454
4171,454
4172,453
4173,454
4174,454
4175,454
4176,454
4177,454
4178,454
4179,454
4180,453
4181,453
4182,454
4183,454
4184,454
4185,454
4186,454
4187,454
4188,454
4190,454
4191,454
4192,454
4193,455
4194,454
4195,454
4196,454
4197,453
4198,454
4199,455
4200,455
4201,454
4202,454
4203,454
4204,453
4205,454
4206,450
4207,454
4208,454
4209,455
4210,454
4211,454
4212,454
4213,454
4214,454
4215,454
4216,454
4217,455
4218,455
4219,455
4220,454
4221,454
4222,453
4223,454
4224,451
4225,454
4226,454
4227,454
4228,454
4229,453
4230,453
4232,453
4233,454
4234,454
4235,454
4236,454
4237,454
4238,454
4239,454
4240,454
4241,454
4242,454
4243,455
4244,454
4245,454
4246,454
4247,453
4248,454
4249,454
4250,454
4251,455
4252,454
4253,454
4254,454
4255,454
4256,454
4257,454
4258,455
4259,455
4260,455
4261,454
4262,454
4263,453
4264,454
4265,454
4266,454
4267,454
4268,455
4269,454
4270,454
4271,453
4272,453
4273,453
4275,454
4276,454
4277,455
4278,454
4279,454
4280,454
4281,454
4282,454
4283,454
4284,454
4285,455
4286,454
4287,454
4288,454
4289,454
4290,454
4291,454
4292,454
4293,454
4294,454
4295,454
4296,454
4297,454
4298,454
4299,454
4300,455
4301,455
4302,454
4303,454
4304,454
4305,453
4306,453
4307,454
4308,454
4309,454
4310,454
4311,454
4312,454
4313,454
4314,454
4315,454
4316,454
4318,455
4319,455
4320,455
4321,454
4322,454
4323,454
4324,454
4325,454
4326,454
4327,455
4328,454
4329,454
4330,454
4331,454
4332,454
4333,454
4334,454
4335,454
4336,454
4337,454
4338,454
4339,454
4340,454
4341,454
4342,454
4343,455
4344,454
4345,454
4346,454
4347,454
4348,454
4349,454
4350,454
4351,454
4352,454
4353,454
4354,453
4355,453
4356,453
4357,454
4358,455
4360,455
4361,454
4362,454
4363,453
4364,454
4365,454
4366,454
4367,454
4368,455
4369,454
4370,454
4371,454
4372,454
4373,454
4374,454
4375,454
4376,454
4377,454
4378,455
4379,454
4380,454
4381,454
4382,454
4383,454
4384,454
4385,454
4386,454
4387,454
4388,453
4389,453
4390,454
4391,454
4392,454
4393,454
4394,454
4395,454
4396,454
4397,454
4398,454
4399,455
4400,455
4401,455
4403,454
4404,454
4405,454
4406,454
4407,454
4408,454
4409,454
4410,455
4411,454
4412,454
4413,454
4414,453
4415,454
4416,454
4417,454
4418,455
4419,455
4420,454
4421,454
4422,453
4423,453
4424,454
4425,454
4426,454
4427,454
4428,454
4429,453
4430,453
4431,454
4432,454
4433,454
4434,455
4435,454
4436,454
4437,454
4438,454
4439,454
4440,454
4441,454
4442,454
4443,454
4444,454
4446,454
4447,453
4448,454
4449,454
4450,454
4451,455
4452,455
4453,454
4454,454
4455,454
4456,454
4457,454
4458,454
4459,455
4460,455
4461,454
4462,454
4463,454
4464,453
4465,454
4466,454
4467,454
4468,455
4469,454
4470,454
4471,453
4472,453
4473,454
4474,454
4475,455
4476,454
4477,454
4478,454
4479,454
4480,453
4481,454
4482,454
4483,452
4484,455
4485,454
4486,454
4488,454
4489,454
4490,454
4491,454
4492,454
4493,454
4494,454
4495,454
4496,454
4497,453
4498,454
4499,455
4500,455
4501,455
4502,455
4503,454
4504,454
4505,454
4506,454
4507,454
4508,454
4509,454
4510,454
4511,454
4512,454
4513,453
4514,454
4515,454
4516,454
4517,455
4518,455
4519,455
4520,454
4521,454
4522,454
4523,454
4524,454
4525,454
4526,454
4527,454
4528,454
4529,453
4531,454
4532,454
4533,454
4534,454
4535,454
4536,454
4537,454
4538,454
4539,454
4540,454
4541,454
4542,454
4543,454
4544,454
4545,454
4546,454
4547,453
4548,453
4549,454
4550,454
4551,454
4552,454
4553,454
4554,453
4555,453
4556,453
4557,454
4558,455
4559,455
4560,454
4561,454
4562,453
4563,453
4564,453
4565,454
4566,454
4567,454
4568,454
4569,454
4570,454
4571,454
4572,454
4574,453
4575,454
4576,454
4577,454
4578,454
4579,454
4580,454
4581,453
4582,454
4583,454
4584,454
4585,454
4586,454
4587,453
4588,454
4589,454
4590,454
4591,454
4592,454
4593,454
4594,454
4595,454
4596,453
4597,453
4598,454
4599,455
4600,455
4601,454
4602,454
4603,454
4604,454
4605,453
4606,453
4607,454
4608,454
4609,454
4610,454
4611,454
4612,454
4613,453
4614,454
4616,454
4617,454
4618,455
4619,455
4620,455
4621,454
4622,453
4623,454
4624,454
4625,454
4626,455
4627,455
4628,454
4629,454
4630,453
4631,454
4632,454
4633,454
4634,454
4635,454
4636,454
4637,454
4638,454
4639,454
4640,454
4641,454
4642,455
4643,454
4644,454
4645,454
4646,454
4647,454
4648,454
4649,454
4650,454
4651,454
4652,454
4653,454
4654,453
4655,453
4656,453
4657,454
4659,455
4660,455
4661,454
4662,454
4663,453
4664,453
4665,454
4666,454
4667,454
4668,455
4669,454
4670,454
4671,454
4672,454
4673,454
4674,454
4675,454
4676,454
4677,454
4678,454
4679,454
4680,454
4681,454
4682,454
4683,454
4684,455
4685,455
4686,454
4687,453
4688,453
4689,454
4690,454
4691,454
4692,454
4693,454
4694,454
4695,453
4696,453
4697,453
4698,454
4699,455
4700,454
4702,454
4703,454
4704,454
4705,453
4706,454
4707,454
4708,454
4709,454
4710,454
4711,454
4712,454
4713,453
4714,453
4715,454
4716,454
4717,454
4718,455
4719,455
4720,454
4721,453
4722,453
4723,453
4724,454
4725,454
4726,454
4727,454
4728,454
4729,454
4730,453
4731,454
4732,454
4733,454
4734,454
4735,454
4736,454
4737,453
4738,454
4739,454
4740,454
4741,454
4742,454
4744,454
4745,454
4746,453
4747,453
4748,453
4749,454
4750,454
4751,454
4752,454
4753,454
4754,454
4755,453
4756,453
4757,453
4758,454
4759,455
4760,455
4761,454
4762,454
4763,453
4764,454
4765,454
4766,454
4767,454
4768,454
4769,454
4770,454
4771,453
4772,454
4773,454
4774,453
4775,454
4776,454
4777,454
4778,454
4779,454
4780,453
4781,454
4782,454
4783,454
4784,454
4785,454
4787,454
4788,454
4789,454
4790,453
4791,454
4792,454
4793,455
4794,454
4795,454
4796,454
4797,453
4798,454
4799,454
4800,455
4801,455
4802,454
4803,454
4804,454
4805,453
4806,453
4807,453
4808,454
4809,454
4810,454
4811,453
4812,453
4813,453
4814,454
4815,453
4816,454
4817,455
4818,455
4819,455
4820,454
4821,453
4822,454
4823,454
4824,454
4825,454
4826,454
4827,454
4828,453
4830,454
4831,454
4832,454
4833,454
4834,454
4835,454
4836,454
4837,454
4838,454
4839,454
4840,454
4841,454
4842,454
4843,455
4844,454
4845,454
4846,453
4847,453
4848,453
4849,454
4850,454
4851,454
4852,454
4853,454
4854,453
4855,453
4856,453
4857,454
4858,455
4859,455
4860,454
4861,454
4862,454
4863,454
4864,454
4865,454
4866,454
4867,455
4868,454
4869,454
4870,454
4872,454
4873,454
4874,454
4875,454
4876,455
4877,454
4878,454
4879,454
4880,454
4881,454
4882,454
4883,454
4884,455
4885,455
4886,454
4887,454
4888,454
4889,454
4890,454
4891,454
4892,454
4893,455
4894,454
4895,454
4896,453
4897,454
4898,454
4899,454
4900,455
4901,455
4902,454
4903,452
4904,450
4905,453
4906,453
4907,454
4908,454
4909,455
4910,454
4911,450
4912,453
4913,454
4915,454
4916,454
4917,455
4918,454
4919,451
4920,453
4921,453
4922,453
4923,454
4924,454
4925,454
4926,453
4927,454
4928,454
4929,454
4930,454
4931,454
4932,454
4933,454
4934,454
4935,455
4936,454
4937,454
4938,454
4939,454
4940,454
4941,454
4942,455
4943,455
4944,454
4945,454
4946,454
4947,454
4948,454
4949,454
4950,455
4951,455
4952,454
4953,454
4954,454
4955,454
4956,454
4958,454
4959,455
4960,455
4961,454
4962,454
4963,453
4964,453
4965,454
4966,454
4967,455
4968,455
4969,454
4970,454
4971,454
4972,453
4973,454
4974,454
4975,455
4976,455
4977,454
4978,454
4979,454
4980,454
4981,454
4982,454
4983,455
4984,455
4985,455
4986,454
4987,454
4988,454
4989,454
4990,454
4991,454
4992,455
4993,455
4994,454
4995,454
4996,453
4997,454
4998,455
5000,455
5001,455
5002,454
5003,454
5004,454
5005,454
5006,454
5007,454
5008,454
5009,455
5010,455
5011,454
5012,454
5013,454
5014,454
5015,454
5016,454
5017,455
5018,455
5019,455
5020,454
5021,454
5022,454
5023,454
5024,454
5025,454
5026,451
5027,454
5028,454
5029,454
5030,454
5031,454
5032,454
5033,455
5034,455
5035,454
5036,454
5037,454
5038,454
5039,454
5040,454
5041,455
5043,455
5044,454
5045,454
5046,454
5047,454
5048,454
5049,454
5050,455
5051,455
5052,455
5053,454
5054,454
5055,454
5056,454
5057,454
5058,455
5059,455
5060,455
5061,454
5062,454
5063,454
5064,454
5065,454
5066,454
5067,455
5068,455
5069,454
5070,454
5071,454
5072,454
5073,454
5074,454
5075,454
5076,455
5077,454
5078,454
5079,454
5080,454
5081,454
5082,454
5083,455
5084,455
5086,454
5087,454
5088,454
5089,454
5090,454
5091,454
5092,455
5093,455
5094,455
5095,454
5096,454
5097,454
5098,454
5099,455
5100,455
5101,455
5102,455
5103,454
5104,454
5105,454
5106,454
5107,454
5108,454
5109,455
5110,455
5111,454
5112,454
5113,454
5114,454
5115,454
5116,455
5117,455
5118,455
5119,455
5120,454
5121,454
5122,454
5123,454
5124,454
5125,452
5126,455
5128,455
5129,454
5130,454
5131,454
5132,454
5133,454
5134,455
5135,455
5136,454
5137,454
5138,454
5139,454
5140,455
5141,454
5142,455
5143,455
5144,454
5145,454
5146,454
5147,454
5148,454
5149,454
5150,455
5151,455
5152,454
5153,454
5154,454
5155,454
5156,454
5157,454
5158,455
5159,456
5160,455
5161,454
5162,454
5163,454
5164,454
5165,454
5166,455
5167,455
5168,455
5169,454
5171,454
5172,454
5173,454
5174,454
5175,455
5176,455
5177,455
5178,454
5179,454
5180,455
5181,453
5182,454
5183,454
5184,455
5185,455
5186,454
5187,454
5188,454
5189,454
5190,454
5191,454
5192,455
5193,455
5194,454
5195,454
5196,454
5197,454
5198,455
5199,455
5200,455
5201,455
5202,455
5203,454
5204,454
5205,454
5206,454
5207,454
5208,455
5209,455
5210,454
5211,454
5212,454
5214,454
5215,454
5216,454
5217,455
5218,455
5219,455
5220,455
5221,454
5222,454
5223,454
5224,454
5225,455
5226,455
5227,455
5228,454
5229,454
5230,454
5231,454
5232,454
5233,455
5234,455
5235,455
5236,454
5237,454
5238,454
5239,455
5240,454
5241,455
5242,455
5243,454
5244,447
5245,454
5246,454
5247,454
5248,454
5249,454
5250,455
5251,455
5252,454
5253,454
5254,454
5256,454
5257,454
5258,454
5259,455
5260,455
5261,455
5262,454
5263,454
5264,454
5265,454
5266,455
5267,455
5268,455
5269,455
5270,454
5271,454
5272,454
5273,454
5274,455
5275,455
5276,455
5277,455
5278,455
5279,454
5280,454
5281,454
5282,454
5283,454
5284,455
5285,455
5286,454
5287,454
5288,454
5289,454
5290,454
5291,455
5292,455
5293,454
5294,454
5295,454
5296,454
5297,454
5299,455
5300,455
5301,455
5302,455
5303,454
5304,454
5305,454
5306,454
5307,454
5308,455
5309,455
5310,455
5311,454
5312,454
5313,454
5314,454
5315,454
5316,455
5317,455
5318,455
5319,455
5320,454
5321,454
5322,454
5323,454
5324,455
5325,455
5326,455
5327,454
5328,454
5329,454
5330,454
5331,454
5332,454
5333,455
5334,455
5335,455
5336,454
5337,454
5338,454
5339,455
5340,455
5342,455
5343,455
5344,455
5345,454
5346,454
5347,454
5348,454
5349,454
5350,455
5351,455
5352,455
5353,454
5354,454
5355,454
5356,454
5357,454
5358,455
5359,455
5360,455
5361,454
5362,454
5363,454
5364,454
5365,454
5366,454
5367,455
5368,455
5369,454
5370,454
5371,454
5372,454
5373,454
5374,454
5375,455
5376,455
5377,454
5378,454
5379,454
5380,454
5381,454
5382,455
5384,455
5385,455
5386,455
5387,454
5388,454
5389,454
5390,454
5391,454
5392,455
5393,455
5394,455
5395,454
5396,454
5397,454
5398,454
5399,455
5400,455
5401,455
5402,454
5403,454
5404,454
5405,454
5406,454
5407,454
5408,455
5409,455
5410,455
5411,454
5412,454
5413,454
5414,454
5415,454
5416,455
5417,455
5418,455
5419,455
5420,454
5421,454
5422,454
5423,454
5424,455
5425,455
5427,455
5428,454
5429,454
5430,454
5431,454
5432,454
5433,455
5434,455
5435,455
5436,455
5437,454
5438,454
5439,454
5440,455
5441,455
5442,455
5443,455
5444,455
5445,454
5446,454
5447,454
5448,454
5449,455
5450,455
5451,455
5452,454
5453,454
5454,454
5455,454
5456,454
5457,454
5458,455
5459,455
5460,455
5461,454
5462,454
5463,454
5464,454
5465,455
5466,455
5467,455
5468,455
5470,454
5471,454
5472,454
5473,454
5474,454
5475,454
5476,455
5477,454
5478,454
5479,454
5480,454
5481,453
5482,454
5483,454
5484,455
5485,454
5486,454
5487,454
5488,454
5489,454
5490,454
5491,454
5492,455
5493,455
5494,454
5495,454
5496,454
5497,454
5498,455
5499,455
5500,455
5501,454
5502,453
5503,454
5504,454
5505,454
5506,452
5507,454
5508,455
5509,455
5510,454
5512,453
5513,454
5514,454
5515,454
5516,454
5517,455
5518,455
5519,455
5520,454
5521,454
5522,454
5523,454
5524,446
5525,455
5526,455
5527,454
5528,454
5529,453
5530,454
5531,454
5532,454
5533,455
5534,455
5535,454
5536,454
5537,454
5538,454
5539,454
5540,455
5541,455
5542,455
5543,455
5544,454
5545,454
5546,453
5547,454
5548,454
5549,455
5550,455
5551,455
5552,454
5553,454
5555,454
5556,454
5557,454
5558,454
5559,455
5560,455
5561,454
5562,454
5563,454
5564,454
5565,454
5566,454
5567,455
5568,455
5569,454
5570,454
5571,454
5572,454
5573,454
5574,454
5575,455
5576,455
5577,454
5578,454
5579,454
5580,454
5581,454
5582,454
5583,455
5584,454
5585,455
5586,454
5587,454
5588,454
5589,454
5590,454
5591,455
5592,455
5593,455
5594,454
5595,454
5596,454
5598,454
5599,455
5600,455
5601,455
5602,455
5603,454
5604,454
5605,454
5606,454
5607,454
5608,454
5609,455
5610,455
5611,454
5612,454
5613,454
5614,454
5615,454
5616,455
5617,455
5618,455
5619,455
5620,455
5621,454
5622,454
5623,454
5624,454
5625,455
5626,455
5627,454
5628,454
5629,454
5630,454
5631,454
5632,454
5633,455
5634,455
5635,454
5636,454
5637,454
5638,454
5640,454
5641,454
5642,455
5643,455
5644,455
5645,454
5646,454
5647,454
5648,454
5649,454
5650,455
5651,455
5652,454
5653,454
5654,454
5655,454
5656,454
5657,454
5658,455
5659,456
5660,455
5661,454
5662,454
5663,454
5664,454
5665,454
5666,454
5667,455
5668,455
5669,454
5670,454
5671,454
5672,454
5673,454
5674,455
5675,455
5676,455
5677,454
5678,454
5679,454
5680,454
5681,454
5683,455
5684,455
5685,455
5686,455
5687,454
5688,454
5689,454
5690,454
5691,454
5692,455
5693,455
5694,455
5695,454
5696,454
5697,454
5698,454
5699,455
5700,455
5701,455
5702,455
5703,454
5704,454
5705,454
5706,451
5707,454
5708,455
5709,455
5710,455
5711,454
5712,454
5713,454
5714,454
5715,454
5716,455
5717,455
5718,455
5719,455
5720,454
5721,454
5722,454
5723,454
5724,455
5726,455
5727,455
5728,454
5729,454
5730,454
5731,454
5732,454
5733,455
5734,455
5735,455
5736,455
5737,454
5738,454
5739,455
5740,455
5741,454
5742,455
5743,455
5744,454
5745,454
5746,454
5747,454
5748,454
5749,455
5750,455
5751,455
5752,455
5753,454
5754,454
5755,454
5756,454
5757,455
5758,456
5759,456
5760,455
5761,454
5762,454
5763,454
5764,454
5765,455
5766,455
5768,455
5769,455
5770,454
5771,454
5772,454
5773,454
5774,455
5775,455
5776,455
5777,455
5778,454
5779,454
5780,454
5781,454
5782,454
5783,454
5784,455
5785,455
5786,454
5787,454
5788,454
5789,454
5790,454
5791,455
5792,455
5793,455
5794,455
5795,454
5796,454
5797,454
5798,455
5799,456
5800,455
5801,454
5802,455
5803,454
5804,454
5805,454
5806,454
5807,455
5808,455
5809,455
5811,455
5812,454
5813,454
5814,454
5815,454
5816,455
5817,455
5818,455
5819,455
5820,455
5821,454
5822,454
5823,454
5824,454
5825,455
5826,455
5827,455
5828,454
5829,454
5830,454
5831,454
5832,454
5833,455
5834,455
5835,455
5836,454
5837,454
5838,454
5839,454
5840,455
5841,455
5842,455
5843,455
5844,453
5845,452
5846,454
5847,454
5848,454
5849,455
5850,454
5851,455
5852,454
5854,454
5855,454
5856,454
5857,454
5858,455
5859,455
5860,455
5861,455
5862,454
5863,454
5864,454
5865,454
5866,455
5867,455
5868,455
5869,455
5870,454
5871,454
5872,454
5873,454
5874,454
5875,455
5876,455
5877,455
5878,455
5879,454
5880,454
5881,454
5882,454
5883,455
5884,455
5885,455
5886,454
5887,454
5888,454
5889,454
5890,454
5891,455
5892,455
5893,455
5894,454
5896,454
5897,454
5898,454
5899,455
5900,455
5901,455
5902,455
5903,455
5904,454
5905,454
5906,454
5907,454
5908,455
5909,455
5910,455
5911,454
5912,454
5913,454
5914,454
5915,454
5916,455
5917,455
5918,455
5919,455
5920,455
5921,454
5922,454
5923,455
5924,455
5925,455
5926,455
5927,455
5928,454
5929,454
5930,454
5931,454
5932,455
5933,455
5934,455
5935,455
5936,454
5937,454
5939,455
5940,455
5941,455
5942,455
5943,455
5944,455
5945,454
5946,454
5947,454
5948,454
5949,454
5950,455
5951,455
5952,455
5953,454
5954,454
5955,454
5956,454
5957,455
5958,455
5959,455
5960,456
5961,454
5962,454
5963,454
5964,454
5965,455
5966,455
5967,455
5968,455
5969,454
5970,454
5971,454
5972,454
5973,454
5974,454
5975,455
5976,455
5977,454
5978,454
5979,454
5980,454
5982,454
5983,455
5984,455
5985,455
5986,454
5987,454
5988,454
5989,454
5990,454
5991,455
5992,455
5993,455
5994,455
5995,454
5996,454
5997,454
5998,454
5999,455
6000,456
6001,455
6002,455
6003,454
6004,454
6005,454
6006,454
6007,455
6008,455
6009,455
6010,455
6011,454
6012,454
6013,454
6014,454
6015,455
6016,455
6017,455
6018,455
6019,455
6020,454
6021,454
6022,454
6024,455
6025,455
6026,455
6027,455
6028,454
6029,454
6030,454
6031,454
6032,454
6033,455
6034,455
6035,455
6036,455
6037,454
6038,454
6039,455
6040,455
6041,455
6042,455
6043,455
6044,455
6045,454
6046,454
6047,454
6048,454
6049,454
6050,455
6051,455
6052,454
6053,454
6054,454
6055,454
6056,454
6057,455
6058,456
6059,455
6060,455
6061,454
6062,454
6063,454
6064,454
6065,455
6067,455
6068,455
6069,455
6070,454
6071,454
6072,454
6073,454
6074,455
6075,455
6076,455
6077,455
6078,454
6079,454
6080,454
6081,454
6082,454
6083,455
6084,455
6085,455
6086,454
6087,454
6088,454
6089,454
6090,454
6091,455
6092,455
6093,454
6094,454
6095,454
6096,454
6097,454
6098,455
6099,455
6100,455
6101,455
6102,454
6103,454
6104,454
6105,454
6106,454
6107,455
6108,455
6110,455
6111,454
6112,454
6113,454
6114,454
6115,454
6116,455
6117,455
6118,455
6119,455
6120,455
6121,454
6122,454
6123,454
6124,454
6125,455
6126,455
6127,454
6128,454
6129,453
6130,454
6131,454
6132,455
6133,454
6134,455
6135,455
6136,454
6137,453
6138,454
6139,455
6140,455
6141,454
6142,455
6143,454
6144,454
6145,454
6146,454
6147,454
6148,454
6149,454
6150,455
6152,455
6153,454
6154,453
6155,454
6156,454
6157,455
6158,455
6159,455
6160,455
6161,454
6162,454
6163,454
6164,454
6165,454
6166,455
6167,455
6168,455
6169,455
6170,454
6171,454
6172,454
6173,454
6174,454
6175,455
6176,455
6177,455
6178,454
6179,454
6180,454
6181,454
6182,454
6183,455
6184,455
6185,454
6186,454
6187,454
6188,454
6189,454
6190,454
6191,455
6192,455
6193,455
6195,454
6196,454
6197,454
6198,454
6199,455
6200,455
6201,455
6202,455
6203,454
6204,454
6205,454
6206,454
6207,455
6208,455
6209,455
6210,455
6211,454
6212,454
6213,454
6214,454
6215,454
6216,454
6217,455
6218,455
6219,455
6220,454
6221,454
6222,454
6223,454
6224,455
6225,455
6226,455
6227,454
6228,454
6229,454
6230,454
6231,454
6232,455
6233,455
6234,455
6235,454
6236,454
6238,454
6239,454
6240,455
6241,454
6242,455
6243,455
6244,455
6245,454
6246,454
6247,454
6248,454
6249,455
6250,455
6251,455
6252,455
6253,454
6254,454
6255,454
6256,454
6257,455
6258,455
6259,455
6260,455
6261,454
6262,453
6263,454
6264,454
6265,454
6266,455
6267,455
6268,455
6269,454
6270,454
6271,454
6272,454
6273,454
6274,455
6275,455
6276,455
6277,454
6278,455
6280,454
6281,454
6282,454
6283,455
6284,454
6285,454
6286,447
6287,454
6288,454
6289,454
6290,454
6291,454
6292,455
6293,454
6294,454
6295,454
6296,454
6297,454
6298,454
6299,455
6300,455
6301,455
6302,455
6303,454
6304,454
6305,454
6306,454
6307,453
6308,455
6309,455
6310,454
6311,454
6312,454
6313,454
6314,454
6315,454
6316,455
6317,455
6318,455
6319,455
6320,454
6321,454
6323,454
6324,454
6325,455
6326,455
6327,455
6328,454
6329,454
6330,454
6331,454
6332,454
6333,455
6334,455
6335,455
6336,454
6337,454
6338,454
6339,454
6340,455
6341,454
6342,455
6343,455
6344,454
6345,454
6346,454
6347,454
6348,454
6349,455
6350,455
6351,455
6352,454
6353,454
6354,454
6355,454
6356,454
6357,454
6358,455
6359,455
6360,454
6361,454
6362,454
6363,454
6364,454
6366,454
6367,455
6368,455
6369,455
6370,454
6371,454
6372,454
6373,454
6374,455
6375,455
6376,454
6377,454
6378,454
6379,454
6380,454
6381,454
6382,454
6383,455
6384,454
6385,455
6386,454
6387,454
6388,453
6389,454
6390,454
6391,455
6392,455
6393,455
6394,454
6395,454
6396,454
6397,454
6398,455
6399,455
6400,455
6401,455
6402,454
6403,454
6404,454
6405,454
6406,454
6408,455
6409,455
6410,455
6411,454
6412,454
6413,454
6414,454
6415,454
6416,455
6417,455
6418,455
6419,455
6420,454
6421,454
6422,454
6423,454
6424,455
6425,455
6426,454
6427,454
6428,454
6429,454
6430,454
6431,454
6432,455
6433,455
6434,455
6435,454
6436,454
6437,454
6438,454
6439,455
6440,455
6441,455
6442,455
6443,455
6444,454
6445,454
6446,454
6447,454
6448,455
6449,455
6451,455
6452,455
6453,454
6454,454
6455,454
6456,454
6457,454
6458,455
6459,455
6460,455
6461,454
6462,454
6463,454
6464,454
6465,454
6466,455
6467,454
6468,455
6469,455
6470,454
6471,454
6472,454
6473,454
6474,455
6475,455
6476,455
6477,454
6478,454
6479,454
6480,455
6481,454
6482,454
6483,455
6484,455
6485,455
6486,454
6487,454
6488,454
6489,454
6490,455
6491,455
6492,455
6494,455
6495,454
6496,454
6497,454
6498,454
6499,455
6500,455
6501,455
6502,454
6503,454
6504,454
6505,454
6506,454
6507,454
6508,455
6509,455
6510,455
6511,454
6512,454
6513,454
6514,454
6515,454
6516,455
6517,455
6518,455
6519,455
6520,454
6521,454
6522,454
6523,454
6524,455
6525,455
6526,455
6527,454
6528,454
6529,454
6530,454
6531,454
6532,455
6533,455
6534,455
6536,454
6537,454
6538,454
6539,454
6540,455
6541,455
6542,455
6543,455
6544,454
6545,454
6546,454
6547,454
6548,454
6549,454
6550,455
6551,455
6552,455
6553,454
6554,454
6555,454
6556,454
6557,455
6558,455
6559,455
6560,455
6561,454
6562,454
6563,454
6564,454
6565,454
6566,455
6567,455
6568,455
6569,455
6570,454
6571,454
6572,454
6573,455
6574,455
6575,455
6576,455
6577,454
6579,454
6580,454
6581,454
6582,455
6583,455
6584,455
6585,455
6586,454
6587,454
6588,454
6589,454
6590,454
6591,455
6592,455
6593,455
6594,454
6595,454
6596,454
6597,454
6598,454
6599,455
6600,455
6601,455
6602,454
6603,454
6604,454
6605,454
6606,454
6607,454
6608,455
6609,455
6610,455
6611,454
6612,454
6613,454
6614,454
6615,454
6616,455
6617,455
6618,455
6619,455
6620,454
6622,454
6623,454
6624,454
6625,455
6626,455
6627,454
6628,454
6629,454
6630,454
6631,454
6632,454
6633,455
6634,455
6635,455
6636,454
6637,454
6638,453
6639,454
6640,455
6641,454
6642,455
6643,454
6644,454
6645,454
6646,454
6647,454
6648,454
6649,455
6650,455
6651,455
6652,454
6653,454
6654,454
6655,454
6656,454
6657,454
6658,455
6659,455
6660,455
6661,454
6662,454
6664,454
6665,454
6666,455
6667,455
6668,455
6669,455
6670,454
6671,454
6672,453
6673,454
6674,454
6675,455
6676,455
6677,454
6678,454
6679,455
6680,454
6681,454
6682,455
6683,455
6684,454
6685,449
6686,454
6687,454
6688,454
6689,454
6690,454
6691,455
6692,455
6693,455
6694,454
6695,454
6696,454
6697,454
6698,455
6699,455
6700,455
6701,455
6702,454
6703,454
6704,454
6705,454
6707,454
6708,455
6709,455
6710,455
6711,454
6712,454
6713,454
6714,454
6715,454
6716,455
6717,455
6718,455
6719,455
6720,455
6721,454
6722,454
6723,454
6724,453
6725,455
6726,454
6727,454
6728,454
6729,454
6730,454
6731,454
6732,455
6733,455
6734,455
6735,454
6736,454
6737,454
6738,454
6739,455
6740,455
6741,455
6742,455
6743,454
6744,454
6745,454
6746,454
6747,454
6748,454
6750,455
6751,455
6752,455
6753,454
6754,454
6755,454
6756,454
6757,454
6758,455
6759,455
6760,455
6761,454
6762,454
6763,454
6764,454
6765,454
6766,455
6767,455
6768,455
6769,454
6770,454
6771,454
6772,454
6773,454
6774,455
6775,455
6776,455
6777,455
6778,454
6779,455
6780,454
6781,454
6782,455
6783,455
6784,455
6785,454
6786,454
6787,454
6788,454
6789,454
6790,454
6792,455
6793,455
6794,454
6795,454
6796,454
6797,454
6798,454
6799,455
6800,455
6801,455
6802,455
6803,454
6804,454
6805,454
6806,454
6807,454
6808,455
6809,455
6810,455
6811,454
6812,454
6813,454
6814,454
6815,454
6816,455
6817,455
6818,455
6819,455
6820,454
6821,454
6822,454
6823,454
6824,455
6825,455
6826,455
6827,454
6828,454
6829,454
6830,454
6831,454
6832,455
6833,455
6835,455
6836,454
6837,454
6838,454
6839,454
6840,455
6841,455
6842,455
6843,455
6844,454
6845,454
6846,454
6847,454
6848,454
6849,454
6850,455
6851,455
6852,454
6853,454
6854,454
6855,454
6856,454
6857,454
6858,455
6859,455
6860,455
6861,454
6862,454
6863,454
6864,454
6865,454
6866,455
6867,455
6868,454
6869,454
6870,454
6871,454
6872,454
6873,454
6874,455
6875,455
6876,454
6878,454
6879,454
6880,454
6881,454
6882,454
6883,455
6884,455
6885,454
6886,454
6887,454
6888,453
6889,454
6890,454
6891,454
6892,455
6893,454
6894,454
6895,454
6896,454
6897,454
6898,454
6899,455
6900,455
6901,455
6902,454
6903,454
6904,454
6905,454
6906,454
6907,454
6908,454
6909,455
6910,454
6911,454
6912,454
6913,454
6914,454
6915,454
6916,455
6917,455
6918,455
6920,454
6921,454
6922,454
6923,454
6924,455
6925,455
6926,455
6927,454
6928,454
6929,454
6930,454
6931,454
6932,454
6933,455
6934,455
6935,454
6936,454
6937,454
6938,454
6939,455
6940,455
6941,455
6942,455
6943,455
6944,454
6945,454
6946,452
6947,454
6948,454
6949,455
6950,455
6951,455
6952,454
6953,454
6954,454
6955,454
6956,454
6957,455
6958,455
6959,455
6960,455
6961,454
6963,449
6964,454
6965,454
6966,454
6967,455
6968,454
6969,454
6970,454
6971,454
6972,454
6973,454
6974,455
6975,455
6976,454
6977,454
6978,454
6979,454
6980,454
6981,454
6982,454
6983,455
6984,454
6985,454
6986,454
6987,454
6988,454
6989,453
6990,454
6991,455
6992,455
6993,454
6994,454
6995,454
6996,454
6997,454
6998,455
6999,455
7000,455
7001,455
7002,454
7003,454
7004,454
7006,454
7007,454
7008,455
7009,455
7010,455
7011,454
7012,454
7013,454
7014,454
7015,454
7016,455
7017,455
7018,455
7019,455
7020,454
7021,454
7022,454
7023,454
7024,454
7025,455
7026,455
7027,454
7028,454
7029,454
7030,454
7031,454
7032,454
7033,455
7034,455
7035,454
7036,454
7037,454
7038,454
7039,454
7040,455
7041,455
7042,455
7043,454
7044,453
7045,453
7046,454
7048,454
7049,454
7050,455
7051,455
7052,455
7053,454
7054,454
7055,454
7056,454
7057,454
7058,454
7059,455
7060,455
7061,454
7062,454
7063,454
7064,454
7065,454
7066,455
7067,455
7068,455
7069,454
7070,454
7071,454
7072,454
7073,454
7074,455
7075,455
7076,454
7077,454
7078,454
7079,454
7080,454
7081,454
7082,454
7083,455
7084,455
7085,454
7086,454
7087,454
7088,454
7089,454
7091,455
7092,455
7093,454
7094,454
7095,454
7096,453
7097,454
7098,454
7099,455
7100,455
7101,455
7102,455
7103,454
7104,454
7105,454
7106,454
7107,454
7108,455
7109,455
7110,455
7111,454
7112,454
7113,454
7114,454
7115,454
7116,455
7117,455
7118,455
7119,455
7120,454
7121,454
7122,454
7123,454
7124,455
7125,455
7126,455
7127,454
7128,454
7129,454
7130,454
7131,454
7132,455
7134,455
7135,455
7136,454
7137,454
7138,454
7139,454
7140,455
7141,455
7142,455
7143,455
7144,455
7145,454
7146,453
7147,454
7148,454
7149,455
7150,455
7151,455
7152,454
7153,454
7154,454
7155,454
7156,454
7157,454
7158,455
7159,455
7160,455
7161,454
7162,454
7163,454
7164,454
7165,454
7166,454
7167,455
7168,454
7169,454
7170,454
7171,454
7172,454
7173,454
7174,455
7176,454
7177,454
7178,454
7179,454
7180,454
7181,454
7182,454
7183,455
7184,453
7185,454
7186,454
7187,454
7188,454
7189,453
7190,454
7191,454
7192,455
7193,454
7194,454
7195,454
7196,454
7197,454
7198,454
7199,455
7200,455
7201,454
7202,454
7203,454
7204,454
7205,454
7206,454
7207,455
7208,455
7209,455
7210,454
7211,454
7212,454
7213,454
7214,454
7215,454
7216,455
7217,455
7219,455
7220,455
7221,454
7222,454
7223,454
7224,454
7225,455
7226,455
7227,454
7228,454
7229,454
7230,454
7231,454
7232,455
7233,455
7234,455
7235,455
7236,454
7237,454
7238,454
7239,454
7240,455
7241,455
7242,455
7243,455
7244,454
7245,454
7246,454
7247,454
7248,455
7249,455
7250,455
7251,455
7252,454
7253,454
7254,454
7255,454
7256,454
7257,455
7258,455
7259,455
7260,455
7262,454
7263,454
7264,454
7265,454
7266,455
7267,455
7268,455
7269,454
7270,454
7271,454
7272,453
7273,454
7274,455
7275,455
7276,454
7277,454
7278,454
7279,454
7280,454
7281,454
7282,454
7283,455
7284,455
7285,455
7286,454
7287,454
7288,454
7289,454
7290,454
7291,454
7292,454
7293,454
7294,454
7295,454
7296,454
7297,454
7298,455
7299,455
7300,455
7301,454
7302,454
7304,454
7305,454
7306,454
7307,454
7308,455
7309,455
7310,455
7311,454
7312,454
7313,454
7314,454
7315,454
7316,455
7317,455
7318,455
7319,455
7320,455
7321,454
7322,454
7323,454
7324,454
7325,454
7326,454
7327,454
7328,454
7329,454
7330,454
7331,452
7332,454
7333,455
7334,455
7335,454
7336,454
7337,454
7338,453
7339,455
7340,455
7341,455
7342,455
7343,454
7344,454
7345,454
7347,453
7348,453
7349,454
7350,455
7351,455
7352,454
7353,454
7354,454
7355,454
7356,454
7357,454
7358,455
7359,455
7360,455
7361,454
7362,454
7363,454
7364,454
7365,454
7366,455
7367,455
7368,455
7369,454
7370,454
7371,454
7372,454
7373,454
7374,455
7375,455
7376,454
7377,454
7378,454
7379,454
7380,454
7381,454
7382,455
7383,455
7384,454
7385,454
7386,454
7387,454
7388,453
7390,454
7391,454
7392,454
7393,454
7394,454
7395,454
7396,454
7397,453
7398,454
7399,455
7400,455
7401,455
7402,454
7403,454
7404,454
7405,454
7406,454
7407,454
7408,455
7409,455
7410,454
7411,454
7412,454
7413,454
7414,454
7415,454
7416,455
7417,455
7418,455
7419,454
7420,454
7421,454
7422,454
7423,454
7424,455
7425,455
7426,454
7427,454
7428,454
7429,454
7430,454
7432,454
7433,455
7434,455
7435,455
7436,454
7437,454
7438,454
7439,454
7440,455
7441,455
7442,455
7443,455
7444,454
7445,454
7446,454
7447,454
7448,455
7449,455
7450,455
7451,455
7452,454
7453,454
7454,454
7455,454
7456,454
7457,454
7458,455
7459,455
7460,455
7461,454
7462,454
7463,453
7464,454
7465,454
7466,455
7467,454
7468,454
7469,454
7470,454
7471,454
7472,454
7473,454
7475,455
7476,455
7477,454
7478,454
7479,454
7480,454
7481,454
7482,455
7483,455
7484,454
7485,455
7486,454
7487,454
7488,453
7489,454
7490,454
7491,454
7492,454
7493,454
7494,454
7495,454
7496,453
7497,454
7498,454
7499,455
7500,454
7501,454
7502,454
7503,454
7504,453
7505,454
7506,454
7507,454
7508,454
7509,455
7510,454
7511,454
7512,453
7513,454
7514,454
7515,455
7516,455
7518,454
7519,455
7520,455
7521,454
7522,454
7523,454
7524,454
7525,454
7526,454
7527,454
7528,454
7529,454
7530,454
7531,454
7532,454
7533,454
7534,455
7535,454
7536,454
7537,454
7538,454
7539,454
7540,455
7541,455
7542,455
7543,454
7544,446
7545,453
7546,454
7547,454
7548,454
7549,455
7550,455
7551,454
7552,454
7553,454
7554,454
7555,454
7556,454
7557,454
7558,455
7560,455
7561,455
7562,454
7563,454
7564,453
7565,454
7566,455
7567,455
7568,455
7569,454
7570,453
7571,454
7572,454
7573,454
7574,454
7575,455
7576,455
7577,454
7578,454
7579,454
7580,454
7581,454
7582,454
7583,455
7584,454
7585,454
7586,454
7587,454
7588,454
7589,454
7590,454
7591,455
7592,455
7593,454
7594,454
7595,454
7596,454
7597,454
7598,455
7599,455
7600,456
7601,454
7603,454
7604,454
7605,454
7606,454
7607,454
7608,455
7609,455
7610,454
7611,454
7612,454
7613,454
7614,454
7615,454
7616,455
7617,455
7618,455
7619,455
7620,454
7621,454
7622,454
7623,454
7624,455
7625,455
7626,455
7627,454
7628,454
7629,454
7630,454
7631,454
7632,455
7633,455
7634,455
7635,454
7636,454
7637,454
7638,454
7639,455
7640,455
7641,455
7642,454
7643,454
7644,454
7646,454
7647,454
7648,454
7649,454
7650,454
7651,455
7652,454
7653,454
7654,454
7655,454
7656,454
7657,455
7658,454
7659,455
7660,455
7661,454
7662,454
7663,454
7664,454
7665,454
7666,455
7667,455
7668,454
7669,454
7670,454
7671,454
7672,454
7673,454
7674,455
7675,455
7676,454
7677,454
7678,454
7679,454
7680,454
7681,454
7682,455
7683,455
7684,454
7685,454
7686,454
7688,454
7689,454
7690,454
7691,454
7692,455
7693,455
7694,454
7695,454
7696,453
7697,454
7698,454
7699,455
7700,455
7701,455
7702,454
7703,454
7704,454
7705,454
7706,454
7707,454
7708,455
7709,454
7710,454
7711,454
7712,453
7713,454
7714,454
7715,454
7716,455
7717,455
7718,454
7719,454
7720,454
7721,454
7722,454
7723,455
7724,455
7725,455
7726,455
7727,454
7728,454
7729,454
7731,454
7732,454
7733,454
7734,455
7735,454
7736,454
7737,454
7738,454
7739,455
7740,455
7741,455
7742,454
7743,455
7744,454
7745,454
7746,454
7747,454
7748,454
7749,455
7750,454
7751,455
7752,454
7753,454
7754,454
7755,454
7756,454
7757,454
7758,455
7759,455
7760,455
7761,454
7762,453
7763,454
7764,454
7765,454
7766,455
7767,455
7768,454
7769,454
7770,454
7771,454
7772,454
7774,455
7775,455
7776,454
7777,454
7778,454
7779,454
7780,454
7781,454
7782,454
7783,454
7784,455
7785,454
7786,454
7787,454
7788,453
7789,454
7790,454
7791,454
7792,454
7793,455
7794,454
7795,454
7796,454
7797,454
7798,454
7799,455
7800,455
7801,455
7802,454
7803,454
7804,454
7805,454
7806,454
7807,455
7808,455
7809,454
7810,454
7811,454
7812,454
7813,454
7814,454
7816,454
7817,455
7818,455
7819,455
7820,455
7821,454
7822,454
7823,454
7824,454
7825,455
7826,455
7827,454
7828,454
7829,454
7830,454
7831,454
7832,454
7833,455
7834,455
7835,455
7836,454
7837,454
7838,454
7839,455
7840,455
7841,455
7842,454
7843,454
7844,454
7845,453
7846,453
7847,450
7848,454
7849,455
7850,454
7851,454
7852,454
7853,454
7854,451
7855,453
7856,454
7857,454
7859,455
7860,455
7861,455
7862,454
7863,454
7864,454
7865,452
7866,449
7867,454
7868,455
7869,454
7870,453
7871,453
7872,454
7873,454
7874,454
7875,454
7876,455
7877,454
7878,454
7879,454
7880,454
7881,454
7882,454
7883,455
7884,454
7885,454
7886,454
7887,454
7888,454
7889,454
7890,454
7891,455
7892,455
7893,454
7894,454
7895,454
7896,454
7897,454
7898,454
7899,455
7900,455
7902,454
7903,454
7904,454
7905,454
7906,454
7907,454
7908,454
7909,455
7910,454
7911,454
7912,453
7913,454
7914,454
7915,454
7916,455
7917,455
7918,454
7919,454
7920,454
7921,454
7922,454
7923,454
7924,455
7925,454
7926,455
7927,454
7928,454
7929,454
7930,454
7931,454
7932,455
7933,454
7934,454
7935,454
7936,453
7937,454
7938,454
7939,455
7940,455
7941,455
7942,454
7944,454
7945,454
7946,454
7947,454
7948,454
7949,454
7950,455
7951,455
7952,454
7953,453
7954,454
7955,454
7956,454
7957,454
7958,454
7959,455
7960,455
7961,454
7962,454
7963,454
7964,454
7965,454
7966,455
7967,455
7968,454
7969,454
7970,454
7971,454
7972,454
7973,454
7974,455
7975,455
7976,454
7977,454
7978,454
7979,454
7980,454
7981,454
7982,455
7983,454
7984,454
7985,454
7987,454
7988,454
7989,454
7990,454
7991,455
7992,455
7993,454
7994,454
7995,454
7996,454
7997,454
7998,454
7999,455
8000,455
8001,454
8002,454
8003,453
8004,453
8005,454
8006,454
8007,454
8008,455
8009,454
8010,454
8011,454
8012,453
8013,454
8014,454
8015,454
8016,454
8017,454
8018,454
8019,454
8020,454
8021,453
8022,454
8023,454
8024,454
8025,454
8026,454
8027,454
8028,453
8030,454
8031,454
8032,454
8033,454
8034,455
8035,454
8036,454
8037,454
8038,454
8039,454
8040,455
8041,455
8042,455
8043,454
8044,454
8045,454
8046,454
8047,454
8048,454
8049,455
8050,455
8051,454
8052,454
8053,454
8054,454
8055,454
8056,454
8057,454
8058,455
8059,455
8060,455
8061,454
8062,454
8063,454
8064,454
8065,454
8066,455
8067,454
8068,454
8069,454
8070,454
8072,453
8073,454
8074,454
8075,455
8076,454
8077,454
8078,454
8079,454
8080,454
8081,454
8082,454
8083,455
8084,455
8085,454
8086,454
8087,454
8088,454
8089,454
8090,454
8091,455
8092,455
8093,454
8094,454
8095,454
8096,454
8097,454
8098,455
8099,455
8100,455
8101,455
8102,454
8103,454
8104,454
8105,454
8106,454
8107,454
8108,454
8109,455
8110,454
8111,454
8112,454
8113,454
8115,454
8116,455
8117,455
8118,454
8119,455
8120,454
8121,454
8122,454
8123,454
8124,454
8125,455
8126,455
8127,454
8128,454
8129,453
8130,454
8131,454
8132,454
8133,454
8134,454
8135,454
8136,454
8137,454
8138,453
8139,454
8140,455
8141,455
8142,454
8143,454
8144,454
8145,454
8146,454
8147,454
8148,454
8149,454
8150,454
8151,454
8152,454
8153,453
8154,453
8155,454
8156,454
8158,454
8159,455
8160,455
8161,454
8162,453
8163,453
8164,453
8165,454
8166,454
8167,454
8168,454
8169,453
8170,453
8171,453
8172,453
8173,453
8174,454
8175,454
8176,454
8177,454
8178,453
8179,454
8180,454
8181,454
8182,454
8183,454
8184,454
8185,454
8186,454
8187,453
8188,453
8189,454
8190,454
8191,454
8192,454
8193,454
8194,454
8195,454
8196,453
8197,454
8198,454
8200,455
8201,455
8202,454
8203,454
8204,454
8205,454
8206,454
8207,454
8208,455
8209,455
8210,454
8211,454
8212,454
8213,454
8214,454
8215,454
8216,455
8217,455
8218,455
8219,455
8220,454
8221,454
8222,454
8223,454
8224,455
8225,454
8226,455
8227,454
8228,454
8229,454
8230,454
8231,454
8232,455
8233,455
8234,455
8235,454
8236,454
8237,454
8238,454
8239,455
8240,455
8241,455
8243,455
8244,454
8245,454
8246,454
8247,454
8248,455
8249,455
8250,455
8251,455
8252,454
8253,454
8254,454
8255,454
8256,454
8257,454
8258,455
8259,455
8260,455
8261,454
8262,454
8263,454
8264,454
8265,454
8266,455
8267,455
8268,454
8269,454
8270,454
8271,454
8272,454
8273,454
8274,455
8275,455
8276,454
8277,454
8278,454
8279,454
8280,454
8281,454
8282,455
8283,455
8284,454
8286,454
8287,454
8288,454
8289,454
8290,454
8291,454
8292,455
8293,454
8294,454
8295,454
8296,453
8297,454
8298,454
8299,454
8300,455
8301,454
8302,454
8303,453
8304,453
8305,454
8306,454
8307,454
8308,454
8309,454
8310,454
8311,453
8312,453
8313,453
8314,454
8315,454
8316,454
8317,454
8318,454
8319,454
8320,454
8321,453
8322,453
8323,454
8324,454
8325,454
8326,454
8328,453
8329,453
8330,453
8331,453
8332,454
8333,454
8334,454
8335,454
8336,454
8337,453
8338,453
8339,454
8340,455
8341,454
8342,454
8343,454
8344,454
8345,453
8346,453
8347,453
8348,454
8349,454
8350,454
8351,454
8352,454
8353,453
8354,453
8355,454
8356,454
8357,455
8358,455
8359,455
8360,454
8361,454
8362,454
8363,454
8364,454
8365,451
8366,454
8367,454
8368,454
8369,454
8371,454
8372,454
8373,453
8374,454
8375,455
8376,454
8377,454
8378,454
8379,454
8380,454
8381,455
8382,454
8383,455
8384,455
8385,454
8386,454
8387,454
8388,454
8389,454
8390,454
8391,455
8392,455
8393,454
8394,454
8395,454
8396,454
8397,454
8398,454
8399,455
8400,455
8401,455
8402,454
8403,454
8404,454
8405,454
8406,454
8407,455
8408,455
8409,455
8410,454
8411,454
8412,454
8414,454
8415,454
8416,454
8417,455
8418,454
8419,454
8420,454
8421,454
8422,454
8423,454
8424,454
8425,455
8426,454
8427,454
8428,454
8429,453
8430,454
8431,454
8432,454
8433,454
8434,454
8435,454
8436,454
8437,453
8438,453
8439,454
8440,454
8441,454
8442,454
8443,454
8444,453
8445,453
8446,453
8447,453
8448,454
8449,454
8450,454
8451,454
8452,453
8453,453
8454,453
8456,453
8457,453
8458,454
8459,454
8460,454
8461,454
8462,453
8463,453
8464,453
8465,453
8466,454
8467,454
8468,453
8469,453
8470,453
8471,453
8472,453
8473,453
8474,453
8475,454
8476,453
8477,453
8478,453
8479,453
8480,453
8481,453
8482,454
8483,454
8484,454
8485,453
8486,453
8487,453
8488,453
8489,453
8490,454
8491,454
8492,454
8493,453
8494,453
8495,453
8496,453
8497,453
8499,454
8500,455
8501,454
8502,454
8503,453
8504,453
8505,453
8506,453
8507,454
8508,454
8509,454
8510,454
8511,453
8512,453
8513,453
8514,454
8515,454
8516,454
8517,454
8518,454
8519,454
8520,454
8521,453
8522,454
8523,454
8524,454
8525,454
8526,454
8527,454
8528,454
8529,453
8530,454
8531,454
8532,455
8533,454
8534,454
8535,454
8536,454
8537,454
8538,454
8539,455
8540,455
8542,455
8543,454
8544,454
8545,454
8546,453
8547,454
8548,454
8549,454
8550,454
8551,455
8552,454
8553,454
8554,454
8555,454
8556,454
8557,455
8558,455
8559,455
8560,455
8561,454
8562,453
8563,454
8564,454
8565,454
8566,454
8567,455
8568,454
8569,454
8570,453
8571,453
8572,454
8573,454
8574,454
8575,454
8576,454
8577,454
8578,453
8579,454
8580,454
8581,454
8582,454
8584,454
8585,454
8586,453
8587,453
8588,453
8589,453
8590,454
8591,454
8592,454
8593,454
8594,453
8595,453
8596,452
8597,453
8598,453
8599,454
8600,454
8601,454
8602,453
8603,452
8604,452
8605,453
8606,453
8607,453
8608,453
8609,453
8610,453
8611,453
8612,452
8613,452
8614,453
8615,453
8616,453
8617,453
8618,453
8619,453
8620,453
8621,452
8622,452
8623,453
8624,453
8625,453
8627,452
8628,452
8629,452
8630,452
8631,453
8632,453
8633,453
8634,453
8635,453
8636,453
8637,452
8638,452
8639,453
8640,454
8641,453
8642,453
8643,453
8644,453
8645,452
8646,452
8647,453
8648,453
8649,454
8650,454
8651,454
8652,453
8653,453
8654,453
8655,453
8656,453
8657,454
8658,454
8659,454
8660,454
8661,453
8662,453
8663,453
8664,454
8665,454
8666,454
8667,454
8668,454
8670,453
8671,453
8672,453
8673,454
8674,454
8675,454
8676,454
8677,454
8678,453
8679,453
8680,454
8681,454
8682,454
8683,455
8684,454
8685,454
8686,453
8687,453
8688,453
8689,454
8690,454
8691,454
8692,454
8693,454
8694,453
8695,453
8696,453
8697,453
8698,454
8699,455
8700,455
8701,454
8702,454
8703,453
8704,453
8705,453
8706,454
8707,454
8708,454
8709,454
8710,454
8712,453
8713,453
8714,453
8715,454
8716,454
8717,454
8718,454
8719,454
8720,454
8721,453
8722,453
8723,454
8724,454
8725,454
8726,454
8727,453
8728,453
8729,453
8730,453
8731,453
8732,454
8733,454
8734,454
8735,453
8736,453
8737,453
8738,453
8739,453
8740,454
8741,453
8742,453
8743,453
8744,452
8745,452
8746,452
8747,453
8748,453
8749,453
8750,453
8751,453
8752,452
8753,452
8755,452
8756,452
8757,453
8758,453
8759,453
8760,453
8761,453
8762,452
8763,452
8764,452
8765,452
8766,453
8767,452
8768,452
8769,452
8770,452
8771,452
8772,452
8773,452
8774,452
8775,453
8776,452
8777,452
8778,452
8779,452
8780,452
8781,452
8782,452
8783,452
8784,452
8785,452
8786,452
8787,452
8788,452
8789,452
8790,453
8791,453
8792,453
8793,452
8794,452
8795,452
8796,452
8798,452
8799,453
8800,454
8801,453
8802,453
8803,452
8804,452
8805,452
8806,453
8807,453
8808,453
8809,453
8810,453
8811,453
8812,452
8813,452
8814,453
8815,453
8816,454
8817,454
8818,453
8819,454
8820,453
8821,453
8822,453
8823,453
8824,454
8825,454
8826,453
8827,453
8828,453
8829,453
8830,453
8831,454
8832,454
8833,454
8834,452
8835,453
8836,453
8837,453
8838,452
8840,454
8841,455
8842,454
8843,453
8844,453
8845,453
8846,453
8847,453
8848,453
8849,454
8850,454
8851,453
8852,453
8853,453
8854,453
8855,453
8856,454
8857,454
8858,454
8859,454
8860,454
8861,453
8862,453
8863,452
8864,453
8865,453
8866,454
8867,453
8868,453
8869,453
8870,452
8871,452
8872,453
8873,453
8874,453
8875,453
8876,453
8877,452
8878,452
8879,453
8880,453
8881,453
8883,453
8884,453
8885,453
8886,452
8887,452
8888,452
8889,452
8890,452
8891,453
8892,453
8893,453
8894,452
8895,452
8896,452
8897,452
8898,452
8899,453
8900,453
8901,452
8902,452
8903,451
8904,451
8905,451
8906,452
8907,452
8908,452
8909,452
8910,452
8911,451
8912,451
8913,451
8914,451
8915,452
8916,452
8917,452
8918,451
8919,452
8920,451
8921,451
8922,451
8923,449
8924,451
8926,451
8927,451
8928,448
8929,451
8930,451
8931,451
8932,452
8933,452
8934,452
8935,451
8936,451
8937,451
8938,451
8939,452
8940,452
8941,453
8942,452
8943,452
8944,446
8945,451
8946,452
8947,452
8948,452
8949,452
8950,452
8951,452
8952,452
8953,452
8954,452
8955,452
8956,452
8957,453
8958,453
8959,453
8960,453
8961,452
8962,452
8963,453
8964,453
8965,453
8966,453
8968,453
8969,453
8970,452
8971,452
8972,453
8973,453
8974,453
8975,453
8976,453
8977,453
8978,453
8979,453
8980,453
8981,454
8982,453
8983,454
8984,453
8985,452
8986,451
8987,452
8988,453
8989,453
8990,453
8991,453
8992,454
8993,453
8994,453
8995,452
8996,452
8997,452
8998,453
8999,453
9000,454
9001,453
9002,453
9003,452
9004,452
9005,452
9006,453
9007,453
9008,453
9009,453
9011,453
9012,452
9013,452
9014,452
9015,452
9016,453
9017,453
9018,453
9019,453
9020,453
9021,452
9022,452
9023,453
9024,453
9025,452
9026,451
9027,452
9028,452
9029,452
9030,451
9031,452
9032,452
9033,452
9034,452
9035,452
9036,452
9037,451
9038,451
9039,452
9040,453
9041,452
9042,452
9043,452
9044,451
9045,451
9046,451
9047,452
9048,452
9049,452
9050,452
9051,452
9052,451
9054,451
9055,451
9056,451
9057,451
9058,451
9059,452
9060,452
9061,451
9062,450
9063,450
9064,451
9065,451
9066,451
9067,451
9068,451
9069,451
9070,450
9071,450
9072,451
9073,451
9074,451
9075,451
9076,451
9077,451
9078,450
9079,451
9080,452
9081,451
9082,451
9083,452
9084,452
9085,451
9086,451
9087,451
9088,451
9089,451
9090,452
9091,452
9092,452
9093,452
9094,451
9096,451
9097,451
9098,452
9099,452
9100,453
9101,453
9102,452
9103,452
9104,451
9105,452
9106,452
9107,452
9108,452
9109,452
9110,452
9111,452
9112,452
9113,452
9114,452
9115,452
9116,453
9117,453
9118,452
9119,453
9120,452
9121,452
9122,452
9123,452
9124,453
9125,452
9126,447
9127,452
9128,452
9129,452
9130,452
9131,452
9132,453
9133,452
9134,453
9135,452
9136,452
9137,452
9139,452
9140,453
9141,453
9142,453
9143,453
9144,452
9145,452
9146,452
9147,452
9148,452
9149,451
9150,453
9151,453
9152,452
9153,452
9154,452
9155,452
9156,452
9157,452
9158,453
9159,453
9160,453
9161,452
9162,451
9163,452
9164,452
9165,452
9166,452
9167,452
9168,452
9169,452
9170,452
9171,451
9172,452
9173,452
9174,452
9175,452
9176,452
9177,451
9178,451
9179,451
9180,452
9182,451
9183,452
9184,452
9185,451
9186,451
9187,451
9188,451
9189,451
9190,451
9191,451
9192,451
9193,451
9194,451
9195,450
9196,450
9197,450
9198,450
9199,451
9200,451
9201,451
9202,450
9203,450
9204,450
9205,450
9206,450
9207,451
9208,451
9209,451
9210,450
9211,450
9212,450
9213,450
9214,450
9215,451
9216,451
9217,451
9218,450
9219,451
9220,450
9221,450
9222,450
9224,451
9225,451
9226,451
9227,451
9228,451
9229,450
9230,450
9231,451
9232,451
9233,452
9234,451
9235,451
9236,451
9237,451
9238,451
9239,452
9240,452
9241,452
9242,452
9243,452
9244,451
9245,451
9246,451
9247,451
9248,452
9249,452
9250,452
9251,452
9252,451
9253,451
9254,451
9255,451
9256,451
9257,452
9258,452
9259,452
9260,452
9261,451
9262,451
9263,452
9264,452
9265,452
9267,452
9268,452
9269,451
9270,451
9271,451
9272,451
9273,451
9274,452
9275,452
9276,452
9277,452
9278,451
9279,451
9280,452
9281,452
9282,452
9283,452
9284,452
9285,452
9286,452
9287,451
9288,451
9289,452
9290,452
9291,452
9292,453
9293,452
9294,451
9295,451
9296,451
9297,452
9298,452
9299,453
9300,453
9301,452
9302,452
9303,451
9304,451
9305,451
9306,452
9307,452
9308,452
9310,452
9311,451
9312,451
9313,451
9314,451
9315,451
9316,452
9317,452
9318,451
9319,451
9320,451
9321,451
9322,451
9323,451
9324,451
9325,451
9326,451
9327,451
9328,450
9329,450
9330,450
9331,451
9332,451
9333,451
9334,451
9335,450
9336,450
9337,450
9338,450
9339,451
9340,451
9341,451
9342,451
9343,450
9344,450
9345,450
9346,450
9347,450
9348,450
9349,451
9350,450
9352,450
9353,450
9354,449
9355,450
9356,449
9357,450
9358,450
9359,451
9360,450
9361,450
9362,449
9363,450
9364,450
9365,450
9366,451
9367,451
9368,450
9369,450
9370,450
9371,450
9372,450
9373,450
9374,451
9375,451
9376,451
9377,450
9378,450
9379,451
9380,451
9381,451
9382,451
9383,451
9384,451
9385,451
9386,451
9387,451
9388,451
9389,451
9390,452
9391,451
9392,451
9393,451
9395,451
9396,451
9397,451
9398,451
9399,451
9400,452
9401,452
9402,451
9403,450
9404,450
9405,451
9406,451
9407,451
9408,451
9409,452
9410,451
9411,451
9412,450
9413,450
9414,451
9415,451
9416,452
9417,452
9418,451
9419,451
9420,451
9421,451
9422,451
9423,451
9424,451
9425,452
9426,451
9427,451
9428,451
9429,451
9430,451
9431,452
9432,452
9433,452
9434,452
9435,451
9436,451
9438,451
9439,451
9440,452
9441,452
9442,452
9443,452
9444,451
9445,451
9446,451
9447,451
9448,451
9449,452
9450,452
9451,451
9452,451
9453,451
9454,451
9455,451
9456,451
9457,451
9458,452
9459,452
9460,452
9461,451
9462,451
9463,451
9464,451
9465,451
9466,451
9467,451
9468,451
9469,450
9470,450
9471,450
9472,450
9473,451
9474,451
9475,451
9476,451
9477,450
9478,450
9480,451
9481,451
9482,451
9483,451
9484,451
9485,450
9486,450
9487,450
9488,450
9489,450
9490,450
9491,450
9492,450
9493,450
9494,450
9495,450
9496,449
9497,450
9498,450
9499,450
9500,451
9501,450
9502,449
9503,449
9504,449
9505,450
9506,450
9507,450
9508,450
9509,450
9510,449
9511,450
9512,449
9513,449
9514,450
9515,451
9516,450
9517,450
9518,450
9519,450
9520,450
9521,450
9523,450
9524,450
9525,451
9526,450
9527,450
9528,450
9529,450
9530,450
9531,451
9532,451
9533,451
9534,451
9535,451
9536,450
9537,450
9538,450
9539,451
9540,452
9541,451
9542,451
9543,451
9544,450
9545,450
9546,450
9547,450
9548,451
9549,451
9550,451
9551,451
9552,450
9553,450
9554,450
9555,450
9556,451
9557,451
9558,451
9559,451
9560,451
9561,450
9562,450
9563,450
9564,451
9566,451
9567,451
9568,451
9569,451
9570,450
9571,450
9572,450
9573,451
9574,451
9575,451
9576,451
9577,450
9578,450
9579,450
9580,451
9581,451
9582,451
9583,451
9584,451
9585,451
9586,450
9587,450
9588,450
9589,451
9590,451
9591,451
9592,451
9593,451
9594,450
9595,450
9596,450
9597,450
9598,451
9599,451
9600,451
9601,451
9602,450
9603,450
9604,450
9605,450
9606,451
9608,451
9609,451
9610,451
9611,450
9612,450
9613,450
9614,450
9615,451
9616,451
9617,451
9618,451
9619,451
9620,450
9621,450
9622,450
9623,450
9624,451
9625,451
9626,450
9627,450
9628,450
9629,450
9630,450
9631,450
9632,450
9633,450
9634,450
9635,449
9636,449
9637,449
9638,449
9639,450
9640,450
9641,450
9642,450
9643,449
9644,449
9645,449
9646,449
9647,449
9648,450
9649,450
9651,450
9652,449
9653,449
9654,449
9655,449
9656,450
9657,450
9658,450
9659,450
9660,450
9661,450
9662,449
9663,449
9664,450
9665,450
9666,450
9667,450
9668,450
9669,450
9670,449
9671,450
9672,450
9673,450
9674,450
9675,450
9676,450
9677,450
9678,450
9679,450
9680,450
9681,450
9682,450
9683,450
9684,450
9685,450
9686,449
9687,449
9688,450
9689,450
9690,450
9691,450
9692,450
9694,450
9695,449
9696,449
9697,450
9698,450
9699,450
9700,451
9701,450
9702,450
9703,449
9704,449
9705,449
9706,450
9707,450
9708,450
9709,450
9710,450
9711,450
9712,449
9713,449
9714,450
9715,450
9716,450
9717,450
9718,450
9719,450
9720,450
9721,450
9722,450
9723,450
9724,450
9725,451
9726,450
9727,450
9728,450
9729,450
9730,450
9731,451
9732,451
9733,451
9734,451
9736,450
9737,450
9738,450
9739,450
9740,451
9741,451
9742,451
9743,450
9744,450
9745,450
9746,450
9747,450
9748,451
9749,451
9750,451
9751,451
9752,450
9753,450
9754,450
9755,450
9756,450
9757,451
9758,451
9759,451
9760,451
9761,450
9762,450
9763,450
9764,450
9765,450
9766,451
9767,450
9768,450
9769,450
9770,450
9771,450
9772,450
9773,450
9774,450
9775,450
9776,450
9777,449
9779,449
9780,450
9781,450
9782,450
9783,450
9784,450
9785,449
9786,449
9787,449
9788,449
9789,449
9790,450
9791,450
9792,449
9793,449
9794,449
9795,449
9796,449
9797,449
9798,449
9799,450
9800,450
9801,450
9802,449
9803,449
9804,449
9805,449
9806,450
9807,450
9808,450
9809,450
9810,449
9811,449
9812,449
9813,449
9814,450
9815,450
9816,450
9817,450
9818,450
9819,450
9820,450
9822,449
9823,450
9824,450
9825,450
9826,450
9827,450
9828,449
9829,449
9830,449
9831,450
9832,450
9833,450
9834,450
9835,450
9836,449
9837,449
9838,449
9839,450
9840,450
9841,450
9842,450
9843,449
9844,449
9845,449
9846,449
9847,449
9848,449
9849,449
9850,449
9851,450
9852,449
9853,449
9854,449
9855,449
9856,449
9857,450
9858,450
9859,450
9860,450
9861,449
9862,449
9864,449
9865,450
9866,450
9867,450
9868,450
9869,450
9870,449
9871,450
9872,449
9873,450
9874,450
9875,450
9876,451
9877,450
9878,450
9879,450
9880,451
9881,450
9882,451
9883,451
9884,451
9885,450
9886,450
9887,450
9888,450
9889,451
9890,451
9891,451
9892,451
9893,451
9894,450
9895,450
9896,450
9897,451
9898,451
9899,452
9900,451
9901,451
9902,450
9903,450
9904,450
9905,450
9907,449
9908,451
9909,451
9910,450
9911,450
9912,450
9913,450
9914,450
9915,451
9916,451
9917,451
9918,450
9919,450
9920,450
9921,450
9922,450
9923,450
9924,450
9925,450
9926,450
9927,450
9928,449
9929,449
9930,449
9931,450
9932,450
9933,450
9934,450
9935,450
9936,449
9937,449
9938,449
9939,450
9940,450
9941,450
9942,450
9943,450
9944,449
9945,449
9946,449
9947,450
9948,450
9950,450
9951,450
9952,450
9953,449
9954,449
9955,449
9956,449
9957,450
9958,450
9959,450
9960,450
9961,450
9962,449
9963,449
9964,449
9965,449
9966,447
9967,450
9968,450
9969,449
9970,449
9971,449
9972,449
9973,450
9974,450
9975,450
9976,449
9977,449
9978,448
9979,449
9980,449
9981,450
9982,449
9983,449
9984,449
9985,442
9986,448
9987,449
9988,449
9989,449
9990,450
9992,449
9993,448
9994,449
9995,448
9996,448
9997,448
9998,447
9999,449
10000,450
10001,450
10002,449
10003,449
10004,449
10005,448
10006,448
10007,449
10008,450
10009,450
10010,450
10011,449
10012,449
10013,449
10014,450
10015,450
10016,450
10017,450
10018,450
10019,450
10020,450
10021,450
10022,450
10023,451
10024,451
10025,451
10026,450
10027,451
10028,450
10029,450
10030,451
10031,451
10032,451
10033,451
10035,451
10036,451
10037,451
10038,451
10039,451
10040,452
10041,452
10042,452
10043,451
10044,451
10045,450
10046,450
10047,451
10048,451
10049,451
10050,451
10051,451
10052,451
10053,451
10054,450
10055,451
10056,451
10057,451
10058,451
10059,451
10060,451
10061,451
10062,450
10063,451
10064,451
10065,451
10066,451
10067,451
10068,450
10069,450
10070,450
10071,450
10072,450
10073,451
10074,450
10075,451
10076,450
10078,450
10079,450
10080,450
10081,451
10082,451
10083,451
10084,450
10085,450
10086,450
10087,450
10088,450
10089,450
10090,450
10091,450
10092,450
10093,450
10094,450
10095,449
10096,449
10097,450
10098,450
10099,450
10100,451
10101,450
10102,450
10103,449
10104,449
10105,449
10106,450
10107,450
10108,450
10109,450
10110,449
10111,449
10112,449
10113,449
10114,449
10115,449
10116,450
10117,449
10118,449
10120,449
10121,449
10122,449
10123,449
10124,449
10125,449
10126,449
10127,449
10128,448
10129,448
10130,448
10131,449
10132,449
10133,449
10134,449
10135,449
10136,449
10137,448
10138,448
10139,449
10140,450
10141,450
10142,449
10143,449
10144,449
10145,449
10146,449
10147,449
10148,450
10149,450
10150,450
10151,450
10152,450
10153,450
10154,450
10155,450
10156,450
10157,451
10158,451
10159,451
10160,451
10161,450
10163,450
10164,451
10165,451
10166,451
10167,451
10168,451
10169,451
10170,451
10171,450
10172,451
10173,452
10174,452
10175,452
10176,451
10177,451
10178,451
10179,451
10180,452
10181,452
10182,452
10183,452
10184,452
10185,451
10186,451
10187,451
10188,451
10189,451
10190,452
10191,452
10192,452
10193,451
10194,451
10195,451
10196,451
10197,451
10198,452
10199,452
10200,452
10201,451
10202,451
10203,451
10204,451
10206,451
10207,451
10208,451
10209,451
10210,451
10211,451
10212,450
10213,451
10214,451
10215,451
10216,451
10217,451
10218,450
10219,450
10220,451
10221,451
10222,450
10223,451
10224,451
10225,451
10226,450
10227,450
10228,450
10229,450
10230,450
10231,450
10232,451
10233,450
10234,450
10235,450
10236,450
10237,450
10238,449
10239,450
10240,451
10241,451
10242,450
10243,450
10244,449
10245,449
10246,449
10248,450
10249,450
10250,450
10251,450
10252,449
10253,449
10254,449
10255,449
10256,449
10257,450
10258,449
10259,449
10260,449
10261,449
10262,448
10263,449
10264,449
10265,449
10266,449
10267,449
10268,449
10269,449
10270,448
10271,448
10272,449
10273,449
10274,449
10275,449
10276,449
10277,449
10278,448
10279,449
10280,450
10281,450
10282,450
10283,450
10284,450
10285,450
10286,449
10287,449
10288,450
10289,450
10291,450
10292,450
10293,450
10294,450
10295,450
10296,450
10297,451
10298,451
10299,451
10300,452
10301,452
10302,451
10303,451
10304,451
10305,451
10306,452
10307,452
10308,452
10309,452
10310,451
10311,451
10312,451
10313,452
10314,452
10315,452
10316,452
10317,452
10318,452
10319,452
10320,452
10321,452
10322,452
10323,452
10324,453
10325,452
10326,452
10327,452
10328,452
10329,452
10330,452
10331,452
10332,452
10334,452
10335,452
10336,452
10337,451
10338,451
10339,452
10340,453
10341,453
10342,452
10343,452
10344,452
10345,451
10346,451
10347,452
10348,452
10349,452
10350,452
10351,452
10352,451
10353,451
10354,451
10355,451
10356,451
10357,452
10358,452
10359,452
10360,451
10361,451
10362,451
10363,448
10364,451
10365,451
10366,451
10367,450
10368,450
10369,448
10370,450
10371,450
10372,451
10373,451
10374,450
10376,451
10377,450
10378,450
10379,450
10380,451
10381,451
10382,451
10383,451
10384,451
10385,450
10386,450
10387,449
10388,450
10389,450
10390,450
10391,450
10392,450
10393,450
10394,449
10395,449
10396,449
10397,450
10398,450
10399,450
10400,450
10401,450
10402,449
10403,449
10404,449
10405,449
10406,449
10407,449
10408,449
10409,449
10410,449
10411,449
10412,449
10413,449
10414,449
10415,450
10416,450
10417,449
10419,449
10420,450
10421,450
10422,449
10423,450
10424,450
10425,450
10426,450
10427,450
10428,450
10429,450
10430,450
10431,451
10432,451
10433,451
10434,451
10435,451
10436,451
10437,451
10438,451
10439,452
10440,452
10441,453
10442,452
10443,452
10444,451
10445,451
10446,452
10447,452
10448,452
10449,452
10450,452
10451,452
10452,452
10453,452
10454,452
10455,452
10456,453
10457,453
10458,453
10459,453
10460,453
10462,452
10463,452
10464,453
10465,453
10466,453
10467,453
10468,453
10469,452
10470,452
10471,452
10472,452
10473,453
10474,453
10475,453
10476,453
10477,452
10478,452
10479,452
10480,453
10481,453
10482,453
10483,453
10484,453
10485,452
10486,452
10487,452
10488,452
10489,452
10490,452
10491,452
10492,452
10493,452
10494,451
10495,451
10496,451
10497,452
10498,452
10499,452
10500,452
10501,451
10502,451
10504,451
10505,451
10506,451
10507,451
10508,452
10509,451
10510,451
10511,450
10512,451
10513,450
10514,451
10515,451
10516,451
10517,451
10518,451
10519,450
10520,451
10521,451
10522,451
10523,451
10524,451
10525,451
10526,450
10527,450
10528,450
10529,450
10530,450
10531,450
10532,450
10533,450
10534,450
10535,450
10536,449
10537,449
10538,450
10539,450
10540,451
10541,450
10542,450
10543,450
10544,449
10545,449
10547,450
10548,450
10549,450
10550,450
10551,450
10552,450
10553,449
10554,449
10555,450
10556,450
10557,450
10558,450
10559,451
10560,451
10561,451
10562,450
10563,450
10564,451
10565,451
10566,451
10567,451
10568,451
10569,451
10570,451
10571,451
10572,451
10573,451
10574,452
10575,452
10576,452
10577,451
10578,451
10579,452
10580,452
10581,453
10582,453
10583,453
10584,452
10585,452
10586,452
10587,452
10588,453
10590,453
10591,453
10592,453
10593,453
10594,453
10595,453
10596,452
10597,453
10598,453
10599,453
10600,454
10601,454
10602,453
10603,453
10604,453
10605,453
10606,453
10607,453
10608,453
10609,453
10610,453
10611,452
10612,452
10613,453
10614,453
10615,453
10616,453
10617,453
10618,453
10619,453
10620,453
10621,453
10622,453
10623,453
10624,453
10625,452
10626,452
10627,452
10628,452
10629,452
10630,452
10632,452
10633,453
10634,452
10635,452
10636,451
10637,451
10638,452
10639,452
10640,452
10641,452
10642,452
10643,452
10644,451
10645,451
10646,451
10647,451
10648,451
10649,452
10650,452
10651,451
10652,451
10653,450
10654,451
10655,451
10656,451
10657,451
10658,451
10659,451
10660,451
10661,451
10662,450
10663,451
10664,451
10665,451
10666,451
10667,451
10668,450
10669,450
10670,450
10671,450
10672,450
10673,450
10675,451
10676,450
10677,450
10678,450
10679,449
10680,450
10681,451
10682,450
10683,450
10684,450
10685,450
10686,450
10687,450
10688,450
10689,450
10690,451
10691,451
10692,450
10693,450
10694,450
10695,450
10696,450
10697,450
10698,451
10699,452
10700,452
10701,451
10702,451
10703,451
10704,451
10705,451
10706,451
10707,452
10708,452
10709,452
10710,451
10711,452
10712,452
10713,452
10714,453
10715,453
10716,453
10718,453
10719,452
10720,453
10721,453
10722,452
10723,453
10724,453
10725,453
10726,453
10727,452
10728,452
10729,453
10730,453
10731,453
10732,453
10733,454
10734,454
10735,453
10736,453
10737,453
10738,453
10739,454
10740,454
10741,454
10742,454
10743,452
10744,453
10745,453
10746,453
10747,451
10748,454
10749,454
10750,454
10751,453
10752,453
10753,453
10754,453
10755,453
10756,453
10757,454
10758,454
10760,454
10761,453
10762,453
10763,453
10764,453
10765,453
10766,453
10767,453
10768,453
10769,452
10770,452
10771,452
10772,452
10773,453
10774,453
10775,452
10776,452
10777,452
10778,452
10779,452
10780,452
10781,452
10782,452
10783,452
10784,452
10785,452
10786,451
10787,451
10788,451
10789,452
10790,451
10791,452
10792,451
10793,451
10794,451
10795,451
10796,451
10797,451
10798,451
10799,452
10800,452
10801,451
10803,451
10804,450
10805,450
10806,451
10807,451
10808,451
10809,451
10810,450
10811,450
10812,450
10813,450
10814,450
10815,450
10816,451
10817,451
10818,450
10819,450
10820,450
10821,450
10822,450
10823,451
10824,451
10825,451
10826,451
10827,450
10828,450
10829,450
10830,451
10831,451
10832,451
10833,451
10834,451
10835,451
10836,451
10837,451
10838,451
10839,452
10840,453
10841,452
10842,452
10843,452
10844,452
10846,452
10847,452
10848,453
10849,453
10850,453
10851,453
10852,453
10853,452
10854,452
10855,452
10856,453
10857,453
10858,453
10859,454
10860,453
10861,453
10862,453
10863,453
10864,453
10865,454
10866,454
10867,454
10868,453
10869,453
10870,453
10871,453
10872,453
10873,454
10874,454
10875,454
10876,453
10877,453
10878,453
10879,453
10880,454
10881,454
10882,454
10883,454
10884,454
10885,453
10886,453
10888,453
10889,453
10890,454
10891,454
10892,454
10893,453
10894,453
10895,453
10896,453
10897,453
10898,454
10899,454
10900,454
10901,454
10902,453
10903,453
10904,453
10905,453
10906,453
10907,454
10908,454
10909,453
10910,453
10911,452
10912,452
10913,452
10914,453
10915,453
10916,453
10917,453
10918,452
10919,453
10920,452
10921,452
10922,452
10923,452
10924,452
10925,452
10926,452
10927,451
10928,452
10929,452
10931,452
10932,452
10933,452
10934,452
10935,451
10936,451
10937,451
10938,451
10939,451
10940,452
10941,452
10942,452
10943,451
10944,451
10945,451
10946,451
10947,451
10948,451
10949,451
10950,451
10951,451
10952,451
10953,451
10954,451
10955,451
10956,451
10957,452
10958,451
10959,452
10960,452
10961,451
10962,451
10963,451
10964,452
10965,452
10966,452
10967,452
10968,452
10969,451
10970,452
10971,452
10972,452
10974,452
10975,453
10976,453
10977,452
10978,452
10979,452
10980,453
10981,453
10982,453
10983,453
10984,453
10985,453
10986,453
10987,452
10988,453
10989,453
10990,454
10991,454
10992,454
10993,453
10994,453
10995,453
10996,453
10997,454
10998,454
10999,455
11000,455
11001,454
11002,454
11003,453
11004,453
11005,454
11006,454
11007,454
11008,454
11009,454
11010,453
11011,453
11012,453
11013,454
11014,454
11016,454
11017,454
11018,454
11019,454
11020,454
11021,454
11022,454
11023,454
11024,454
11025,454
11026,454
11027,453
11028,448
11029,453
11030,454
11031,454
11032,454
11033,454
11034,454
11035,451
11036,453
11037,453
11038,453
11039,454
11040,455
11041,454
11042,453
11043,453
11044,453
11045,452
11046,453
11047,453
11048,453
11049,453
11050,453
11051,453
11052,452
11053,452
11054,452
11055,452
11056,452
11057,452
11059,452
11060,453
11061,452
11062,451
11063,451
11064,452
11065,452
11066,452
11067,452
11068,452
11069,452
11070,451
11071,451
11072,452
11073,452
11074,452
11075,452
11076,452
11077,451
11078,452
11079,452
11080,452
11081,452
11082,452
11083,452
11084,452
11085,451
11086,451
11087,451
11088,451
11089,452
11090,452
11091,452
11092,452
11093,452
11094,451
11095,451
11096,452
11097,452
11098,453
11099,453
11100,453
11102,452
11103,452
11104,452
11105,452
11106,453
11107,453
11108,454
11109,453
11110,453
11111,453
11112,453
11113,453
11114,453
11115,454
11116,454
11117,454
11118,453
11119,453
11120,453
11121,454
11122,453
11123,454
11124,454
11125,453
11126,454
11127,453
11128,453
11129,453
11130,453
11131,454
11132,454
11133,454
11134,454
11135,453
11136,453
11137,453
11138,454
11139,454
11140,455
11141,454
11142,454
11144,453
11145,452
11146,453
11147,453
11148,454
11149,454
11150,454
11151,454
11152,453
11153,453
11154,453
11155,454
11156,454
11157,454
11158,454
11159,454
11160,454
11161,454
11162,453
11163,453
11164,454
11165,454
11166,454
11167,454
11168,453
11169,453
11170,453
11171,453
11172,453
11173,453
11174,453
11175,453
11176,453
11177,453
11178,452
11179,453
11180,453
11181,453
11182,453
11183,453
11184,453
11185,452
11187,452
11188,452
11189,452
11190,453
11191,453
11192,453
11193,452
11194,452
11195,452
11196,452
11197,452
11198,452
11199,453
11200,453
11201,453
11202,452
11203,452
11204,452
11205,452
11206,452
11207,453
11208,453
11209,453
11210,452
11211,452
11212,452
11213,452
11214,452
11215,453
11216,453
11217,453
11218,452
11219,452
11220,452
11221,453
11222,452
11223,453
11224,453
11225,453
11226,452
11227,452
11228,452
11230,452
11231,453
11232,453
11233,453
11234,453
11235,453
11236,453
11237,452
11238,453
11239,453
11240,454
11241,454
11242,454
11243,453
11244,453
11245,453
11246,453
11247,453
11248,454
11249,454
11250,454
11251,453
11252,453
11253,453
11254,453
11255,453
11256,454
11257,454
11258,454
11259,454
11260,454
11261,454
11262,453
11263,453
11264,454
11265,454
11266,454
11267,454
11268,453
11269,453
11270,453
11272,453
11273,454
11274,454
11275,454
11276,454
11277,454
11278,453
11279,453
11280,454
11281,454
11282,454
11283,454
11284,453
11285,453
11286,452
11287,452
11288,452
11289,453
11290,453
11291,453
11292,453
11293,453
11294,452
11295,452
11296,452
11297,453
11298,453
11299,454
11300,454
11301,454
11302,452
11303,452
11304,453
11305,453
11306,453
11307,453
11308,453
11309,453
11310,453
11311,452
11312,452
11313,453
11315,453
11316,453
11317,453
11318,453
11319,452
11320,453
11321,453
11322,453
11323,453
11324,453
11325,453
11326,453
11327,452
11328,452
11329,452
11330,452
11331,453
11332,453
11333,453
11334,453
11335,453
11336,452
11337,452
11338,453
11339,453
11340,454
11341,454
11342,453
11343,453
11344,453
11345,453
11346,453
11347,453
11348,454
11349,454
11350,453
11351,453
11352,452
11353,452
11354,453
11355,453
11356,453
11358,454
11359,453
11360,453
11361,453
11362,453
11363,453
11364,453
11365,453
11366,454
11367,453
11368,453
11369,453
11370,453
11371,453
11372,453
11373,453
11374,454
11375,454
11376,453
11377,453
11378,453
11379,453
11380,454
11381,454
11382,454
11383,454
11384,453
11385,453
11386,453
11387,453
11388,453
11389,453
11390,454
11391,453
11392,453
11393,453
11394,452
11395,453
11396,453
11397,453
11398,453
11400,454
11401,453
11402,453
11403,452
11404,452
11405,452
11406,453
11407,453
11408,453
11409,453
11410,452
11411,452
11412,452
11413,453
11414,453
11415,453
11416,453
11417,453
11418,453
11419,452
11420,453
11421,453
11422,453
11423,453
11424,453
11425,453
11426,453
11427,452
11428,452
11429,453
11430,453
11431,453
11432,453
11433,453
11434,453
11435,453
11436,453
11437,453
11438,453
11439,454
11440,454
11441,453
11443,453
11444,453
11445,452
11446,452
11447,453
11448,453
11449,453
11450,453
11451,453
11452,453
11453,453
11454,452
11455,453
11456,453
11457,453
11458,453
11459,453
11460,453
11461,453
11462,453
11463,453
11464,453
11465,454
11466,453
11467,453
11468,453
11469,452
11470,452
11471,453
11472,453
11473,453
11474,453
11475,453
11476,453
11477,452
11478,453
11479,453
11480,454
11481,454
11482,454
11483,454
11484,454
11486,453
11487,453
11488,453
11489,453
11490,454
11491,454
11492,453
11493,453
11494,452
11495,452
11496,452
11497,452
11498,452
11499,453
11500,454
11501,454
11502,452
11503,452
11504,453
11505,453
11506,453
11507,453
11508,453
11509,453
11510,452
11511,452
11512,451
11513,451
11514,451
11515,451
11516,451
11517,451
11518,450
11519,450
11520,450
11521,451
11522,450
11523,450
11524,451
11525,451
11526,450
11528,450
11529,450
11530,450
11531,451
11532,451
11533,451
11534,451
11535,451
11536,451
11537,451
11538,451
11539,452
11540,452
11541,453
11542,452
11543,452
11544,452
11545,450
11546,448
11547,452
11548,453
11549,453
11550,452
11551,452
11552,451
11553,451
11554,452
11555,453
11556,453
11557,453
11558,452
11559,453
11560,452
11561,453
11562,452
11563,452
11564,448
11565,453
11566,453
11567,453
11568,452
11569,452
11571,452
11572,452
11573,453
11574,453
11575,453
11576,453
11577,452
11578,453
11579,453
11580,453
11581,453
11582,454
11583,453
11584,453
11585,452
11586,452
11587,452
11588,453
11589,453
11590,453
11591,453
11592,453
11593,452
11594,452
11595,452
11596,452
11597,453
11598,453
11599,454
11600,453
11601,453
11602,452
11603,452
11604,452
11605,452
11606,453
11607,453
11608,453
11609,453
11610,453
11611,453
11612,453
11614,454
11615,454
11616,454
11617,454
11618,453
11619,453
11620,453
11621,452
11622,451
11623,452
11624,451
11625,451
11626,450
11627,450
11628,450
11629,450
11630,450
11631,450
11632,450
11633,449
11634,449
11635,448
11636,447
11637,447
11638,447
11639,447
11640,447
11641,447
11642,446
11643,445
11644,445
11645,445
11646,445
11647,445
11648,445
11649,445
11650,445
11651,445
11652,444
11653,444
11654,444
11656,444
11657,445
11658,445
11659,445
11660,445
11661,446
11662,445
11663,445
11664,446
11665,447
11666,447
11667,448
11668,448
11669,448
11670,448
11671,449
11672,449
11673,450
11674,450
11675,450
11676,449
11677,449
11678,449
11679,450
11680,451
11681,451
11682,451
11683,451
11684,451
11685,451
11686,451
11687,451
11688,452
11689,452
11690,452
11691,453
11692,453
11693,452
11694,452
11695,452
11696,452
11697,453
11699,453
11700,453
11701,453
11702,452
11703,452
11704,452
11705,452
11706,452
11707,453
11708,453
11709,453
11710,452
11711,452
11712,452
11713,452
11714,453
11715,452
11716,453
11717,453
11718,452
11719,452
11720,452
11721,452
11722,452
11723,452
11724,452
11725,452
11726,452
11727,451
11728,451
11729,451
11730,451
11731,452
11732,452
11733,452
11734,451
11735,451
11736,450
11737,451
11738,451
11739,452
11740,452
11742,453
11743,453
11744,454
11745,455
11746,457
11747,458
11748,459
11749,459
11750,458
11751,457
11752,455
11753,454
11754,452
11755,452
11756,451
11757,451
11758,450
11759,449
11760,448
11761,448
11762,447
11763,447
11764,446
11765,446
11766,445
11767,445
11768,444
11769,443
11770,442
11771,442
11772,442
11773,442
11774,441
11775,440
11776,440
11777,440
11778,439
11779,439
11780,440
11781,439
11782,439
11784,438
11785,438
11786,438
11787,438
11788,438
11789,438
11790,438
11791,438
11792,438
11793,438
11794,438
11795,438
11796,439
11797,440
11798,440
11799,440
11800,441
11801,441
11802,441
11803,442
11804,443
11805,444
11806,445
11807,445
11808,446
11809,446
11810,446
11811,447
11812,448
11813,448
11814,449
11815,450
11816,450
11817,450
11818,450
11819,450
11820,450
11821,451
11822,451
11823,451
11824,452
11825,452
11827,451
11828,451
11829,451
11830,452
11831,452
11832,452
11833,452
11834,452
11835,452
11836,451
11837,451
11838,452
11839,452
11840,453
11841,453
11842,452
11843,452
11844,452
11845,451
11846,452
11847,452
11848,452
11849,452
11850,452
11851,452
11852,451
11853,451
11854,451
11855,451
11856,451
11857,451
11858,451
11859,451
11860,451
11861,450
11862,450
11863,450
11864,450
11865,450
11866,450
11867,450
11868,449
11870,449
11871,449
11872,450
11873,450
11874,450
11875,450
11876,452
11877,454
11878,459
11879,465
11880,472
11881,478
11882,481
11883,484
11884,485
11885,483
11886,479
11887,474
11888,470
11889,467
11890,465
11891,464
11892,463
11893,461
11894,459
11895,456
11896,454
11897,452
11898,449
11899,447
11900,446
11901,443
11902,441
11903,439
11904,439
11905,438
11906,438
11907,438
11908,437
11909,436
11910,436
11912,436
11913,435
11914,435
11915,436
11916,435
11917,435
11918,435
11919,434
11920,434
11921,434
11922,434
11923,434
11924,433
11925,432
11926,430
11927,428
11928,425
11929,422
11930,419
11931,416
11932,412
11933,409
11934,406
11935,406
11936,408
11937,408
11938,404
11939,395
11940,390
11941,392
11942,405
11943,427
11944,442
11945,446
11946,448
11947,449
11948,450
11949,451
11950,451
11951,451
11952,452
11953,452
11955,453
11956,453
11957,453
11958,454
11959,454
11960,453
11961,453
11962,453
11963,453
11964,453
11965,453
11966,453
11967,452
11968,452
11969,452
11970,451
11971,451
11972,452
11973,452
11974,452
11975,452
11976,451
11977,451
11978,451
11979,451
11980,452
11981,452
11982,451
11983,451
11984,450
11985,450
11986,450
11987,450
11988,449
11989,450
11990,450
11991,449
11992,449
11993,448
11994,448
11995,448
11996,448
11998,449
11999,449
12000,450
12001,449
12002,449
12003,449
12004,449
12005,450
12006,451
12007,453
12008,456
12009,465
12010,481
12011,501
12012,522
12013,537
12014,538
12015,529
12016,515
12017,498
12018,482
12019,468
12020,458
12021,447
12022,424
12023,391
12024,352
12025,310
12026,266
12027,220
12028,176
12029,135
12030,97
12031,68
12032,45
12033,30
12034,21
12035,17
12036,16
12037,16
12038,16
12040,16
12041,15
12042,15
12043,15
12044,15
12045,15
12046,15
12047,15
12048,15
12049,15
12050,15
12051,15
12052,14
12053,14
12054,14
12055,13
12056,13
12057,13
12058,12
12059,11
12060,11
12061,10
12062,10
12063,10
12064,9
12065,9
12066,9
12067,9
12068,8
12069,9
12070,10
12071,29
12072,88
12073,184
12074,291
12075,385
12076,438
12077,449
12078,451
12079,453
12080,455
12081,456
12083,456
12084,455
12085,454
12086,454
12087,455
12088,454
12089,455
12090,455
12091,455
12092,455
12093,454
12094,454
12095,454
12096,454
12097,454
12098,454
12099,454
12100,454
12101,454
12102,453
12103,453
12104,453
12105,453
12106,454
12107,454
12108,454
12109,454
12110,453
12111,453
12112,453
12113,453
12114,453
12115,454
12116,453
12117,453
12118,452
12119,452
12120,452
12121,452
12122,452
12123,452
12124,452
12126,452
12127,452
12128,452
12129,452
12130,452
12131,453
12132,454
12133,453
12134,453
12135,453
12136,449
12137,416
12138,340
12139,239
12140,142
12141,67
12142,31
12143,20
12144,19
12145,19
12146,19
12147,19
12148,19
12149,19
12150,18
12151,18
12152,18
12153,18
12154,18
12155,18
12156,18
12157,18
12158,18
12159,18
12160,17
12161,17
12162,17
12163,17
12164,17
12165,17
12166,16
12168,16
12169,16
12170,15
12171,15
12172,15
12173,15
12174,15
12175,15
12176,15
12177,15
12178,15
12179,15
12180,15
12181,15
12182,15
12183,14
12184,14
12185,14
12186,12
12187,13
12188,14
12189,11
12190,12
12191,11
12192,9
12193,10
12194,9
12195,10
12196,9
12197,8
12198,9
12199,9
12200,9
12201,13
12202,40
12203,110
12204,212
12205,311
12206,404
12207,444
12208,449
12209,451
12211,453
12212,453
12213,454
12214,454
12215,454
12216,454
12217,454
12218,453
12219,453
12220,455
12221,455
12222,455
12223,455
12224,455
12225,455
12226,455
12227,454
12228,454
12229,454
12230,454
12231,455
12232,455
12233,455
12234,454
12235,454
12236,453
12237,453
12238,454
12239,454
12240,455
12241,455
12242,454
12243,453
12244,453
12245,453
12246,453
12247,453
12248,454
12249,453
12250,453
12251,452
12252,452
12254,452
12255,452
12256,452
12257,453
12258,453
12259,453
12260,453
12261,453
12262,453
12263,453
12264,454
12265,454
12266,454
12267,454
12268,453
12269,441
12270,393
12271,305
12272,207
12273,117
12274,55
12275,27
12276,20
12277,19
12278,19
12279,19
12280,19
12281,19
12282,19
12283,19
12284,19
12285,18
12286,18
12287,19
12288,18
12289,19
12290,18
12291,18
12292,18
12293,18
12294,17
12296,17
12297,17
12298,17
12299,17
12300,16
12301,16
12302,16
12303,15
12304,15
12305,15
12306,15
12307,15
12308,15
12309,14
12310,14
12311,14
12312,14
12313,14
12314,15
12315,14
12316,14
12317,14
12318,14
12319,13
12320,13
12321,12
12322,12
12323,11
12324,11
12325,10
12326,10
12327,10
12328,9
12329,9
12330,9
12331,10
12332,10
12333,11
12334,12
12335,32
12336,90
12337,184
12339,289
12340,383
12341,439
12342,453
12343,455
12344,456
12345,457
12346,458
12347,458
12348,459
12349,458
12350,458
12351,458
12352,457
12353,457
12354,457
12355,457
12356,457
12357,457
12358,457
12359,456
12360,456
12361,456
12362,455
12363,455
12364,455
12365,456
12366,456
12367,455
12368,455
12369,454
12370,454
12371,455
12372,455
12373,455
12374,455
12375,455
12376,454
12377,454
12378,454
12379,455
12380,455
12382,455
12383,455
12384,454
12385,454
12386,454
12387,454
12388,454
12389,454
12390,455
12391,455
12392,455
12393,455
12394,455
12395,455
12396,456
12397,456
12398,456
12399,457
12400,456
12401,452
12402,418
12403,345
12404,247
12405,152
12406,77
12407,38
12408,24
12409,23
12410,22
12411,22
12412,22
12413,22
12414,23
12415,23
12416,22
12417,22
12418,22
12419,22
12420,22
12421,22
12422,22
12424,22
12425,22
12426,21
12427,21
12428,21
12429,20
12430,21
12431,20
12432,20
12433,20
12434,20
12435,19
12436,19
12437,18
12438,18
12439,18
12440,18
12441,18
12442,18
12443,18
12444,17
12445,17
12446,18
12447,18
12448,19
12449,19
12450,19
12451,19
12452,20
12453,22
12454,24
12455,42
12456,98
12457,169
12458,243
12459,328
12460,418
12461,484
12462,519
12463,553
12464,543
12465,507
12467,479
12468,465
12469,458
12470,455
12471,454
12472,453
12473,454
12474,454
12475,454
12476,454
12477,453
12478,452
12479,453
12480,454
12481,454
12482,454
12483,454
12484,454
12485,453
12486,454
12487,454
12488,454
12489,454
12490,455
12491,455
12492,454
12493,454
12494,453
12495,454
12496,454
12497,454
12498,455
12499,455
12500,455
12501,455
12502,454
12503,454
12504,454
12505,454
12506,455
12507,455
12508,454
12510,454
12511,453
12512,454
12513,454
12514,454
12515,454
12516,455
12517,454
12518,454
12519,454
12520,454
12521,454
12522,454
12523,454
12524,454
12525,454
12526,454
12527,454
12528,454
12529,454
12530,454
12531,454
12532,454
12533,454
12534,454
12535,453
12536,453
12537,453
12538,453
12539,454
12540,455
12541,454
12542,454
12543,453
12544,453
12545,453
12546,453
12547,454
12548,453
12549,454
12550,454
12552,453
12553,453
12554,453
12555,453
12556,454
12557,454
12558,453
12559,453
12560,453
12561,454
12562,453
12563,453
12564,454
12565,454
12566,454
12567,454
12568,453
12569,453
12570,453
12571,453
12572,453
12573,454
12574,454
12575,454
12576,453
12577,453
12578,453
12579,453
12580,454
12581,454
12582,454
12583,454
12584,453
12585,453
12586,453
12587,453
12588,453
12589,454
12590,454
12591,454
12592,454
12593,453
12595,453
12596,453
12597,454
12598,454
12599,454
12600,454
12601,454
12602,453
12603,453
12604,453
12605,453
12606,454
12607,454
12608,454
12609,454
12610,453
12611,453
12612,453
12613,453
12614,453
12615,454
12616,454
12617,454
12618,453
12619,453
12620,454
12621,454
12622,454
12623,454
12624,454
12625,453
12626,453
12627,453
12628,453
12629,453
12630,453
12631,454
12632,454
12633,454
12634,453
12635,453
12636,453
12638,453
12639,453
12640,454
12641,454
12642,454
12643,453
12644,453
12645,453
12646,453
12647,453
12648,454
12649,454
12650,453
12651,453
12652,453
12653,453
12654,453
12655,453
12656,454
12657,454
12658,454
12659,453
12660,453
12661,453
12662,453
12663,453
12664,454
12665,454
12666,454
12667,454
12668,453
12669,453
12670,453
12671,453
12672,454
12673,454
12674,454
12675,454
12676,453
12677,453
12678,453
12680,454
12681,454
12682,454
12683,454
12684,453
12685,451
12686,453
12687,452
12688,453
12689,453
12690,454
12691,454
12692,454
12693,453
12694,453
12695,453
12696,453
12697,453
12698,454
12699,454
12700,454
12701,454
12702,453
12703,453
12704,453
12705,453
12706,454
12707,454
12708,454
12709,453
12710,453
12711,453
12712,453
12713,453
12714,454
12715,453
12716,453
12717,453
12718,453
12719,453
12720,453
12721,454
12723,454
12724,454
12725,454
12726,453
12727,453
12728,453
12729,453
12730,453
12731,453
12732,454
12733,454
12734,453
12735,453
12736,453
12737,453
12738,453
12739,453
12740,454
12741,454
12742,453
12743,453
12744,453
12745,453
12746,453
12747,453
12748,454
12749,454
12750,453
12751,453
12752,453
12753,453
12754,453
12755,453
12756,454
12757,454
12758,454
12759,453
12760,453
12761,453
12762,453
12763,454
12764,454
12766,454
12767,454
12768,453
12769,453
12770,453
12771,453
12772,453
12773,454
12774,454
12775,453
12776,453
12777,453
12778,453
12779,453
12780,454
12781,454
12782,454
12783,454
12784,453
12785,453
12786,453
12787,453
12788,453
12789,454
12790,454
12791,454
12792,453
12793,453
12794,453
12795,453
12796,453
12797,454
12798,454
12799,454
12800,454
12801,454
12802,453
12803,453
12804,453
12805,453
12806,454
12808,454
12809,453
12810,453
12811,453
12812,453
12813,453
12814,454
12815,454
12816,454
12817,454
12818,453
12819,453
12820,453
12821,454
12822,454
12823,454
12824,454
12825,454
12826,453
12827,453
12828,453
12829,453
12830,453
12831,454
12832,454
12833,453
12834,453
12835,453
12836,453
12837,453
12838,453
12839,454
12840,454
12841,454
12842,453
12843,453
12844,453
12845,453
12846,453
12847,454
12848,454
12849,454
12851,453
12852,453
12853,453
12854,453
12855,453
12856,453
12857,454
12858,454
12859,453
12860,453
12861,453
12862,453
12863,453
12864,453
12865,454
12866,454
12867,454
12868,453
12869,453
12870,453
12871,453
12872,454
12873,454
12874,454
12875,454
12876,453
12877,453
12878,453
12879,453
12880,454
12881,454
12882,454
12883,454
12884,453
12885,453
12886,452
12887,453
12888,453
12889,454
12890,454
12891,454
12892,453
12894,453
12895,452
12896,453
12897,453
12898,454
12899,454
12900,454
12901,454
12902,453
12903,452
12904,453
12905,453
12906,454
12907,453
12908,453
12909,453
12910,453
12911,453
12912,453
12913,453
12914,454
12915,453
12916,454
12917,453
12918,453
12919,452
12920,453
12921,454
12922,453
12923,453
12924,454
12925,453
12926,453
12927,453
12928,453
12929,453
12930,454
12931,454
12932,454
12933,453
12934,453
12936,453
12937,453
12938,453
12939,453
12940,454
12941,454
12942,454
12943,453
12944,453
12945,453
12946,453
12947,453
12948,454
12949,454
12950,454
12951,453
12952,453
12953,453
12954,453
12955,453
12956,454
12957,454
12958,454
12959,453
12960,453
12961,453
12962,453
12963,453
12964,454
12965,454
12966,451
12967,453
12968,453
12969,453
12970,452
12971,452
12972,453
12973,453
12974,454
12975,453
12976,453
12977,452
12979,452
12980,453
12981,454
12982,454
12983,454
12984,453
12985,453
12986,451
12987,453
12988,451
12989,453
12990,454
12991,454
12992,453
12993,453
12994,453
12995,453
12996,453
12997,453
12998,454
12999,454
13000,454
13001,454
13002,452
13003,452
13004,452
13005,453
13006,454
13007,453
13008,453
13009,453
13010,453
13011,452
13012,453
13013,453
13014,453
13015,454
13016,453
13017,453
13018,452
13019,453
13020,453
13022,453
13023,453
13024,453
13025,453
13026,453
13027,453
13028,453
13029,453
13030,453
13031,453
13032,454
13033,453
13034,453
13035,453
13036,453
13037,452
13038,453
13039,453
13040,454
13041,454
13042,453
13043,453
13044,452
13045,453
13046,453
13047,453
13048,453
13049,453
13050,453
13051,453
13052,453
13053,453
13054,453
13055,453
13056,453
13057,454
13058,453
13059,453
13060,453
13061,453
13062,453
13064,453
13065,453
13066,453
13067,453
13068,453
13069,452
13070,452
13071,453
13072,453
13073,453
13074,453
13075,453
13076,453
13077,452
13078,452
13079,453
13080,454
13081,454
13082,453
13083,453
13084,453
13085,452
13086,452
13087,452
13088,453
13089,453
13090,453
13091,453
13092,453
13093,452
13094,452
13095,453
13096,453
13097,453
13098,453
13099,453
13100,453
13101,453
13102,452
13103,452
13104,452
13105,453
13107,453
13108,454
13109,453
13110,453
13111,453
13112,452
13113,453
13114,453
13115,453
13116,453
13117,453
13118,452
13119,452
13120,453
13121,453
13122,453
13123,453
13124,453
13125,452
13126,452
13127,452
13128,452
13129,453
13130,453
13131,453
13132,453
13133,453
13134,453
13135,453
13136,452
13137,452
13138,453
13139,453
13140,454
13141,454
13142,453
13143,452
13144,452
13145,452
13146,453
13147,453
13148,453
13150,453
13151,453
13152,452
13153,452
13154,452
13155,453
13156,453
13157,453
13158,453
13159,453
13160,453
13161,453
13162,452
13163,453
13164,453
13165,453
13166,453
13167,453
13168,452
13169,452
13170,452
13171,452
13172,453
13173,453
13174,453
13175,453
13176,452
13177,452
13178,452
13179,452
13180,453
13181,453
13182,453
13183,453
13184,452
13185,452
13186,452
13187,452
13188,452
13189,453
13190,453
13192,452
13193,452
13194,452
13195,452
13196,452
13197,453
13198,453
13199,453
13200,453
13201,453
13202,452
13203,452
13204,452
13205,452
13206,453
13207,453
13208,453
13209,452
13210,452
13211,452
13212,452
13213,452
13214,453
13215,452
13216,453
13217,452
13218,452
13219,452
13220,452
13221,452
13222,453
13223,453
13224,453
13225,452
13226,452
13227,452
13228,452
13229,452
13230,452
13231,452
13232,452
13233,452
13235,452
13236,452
13237,452
13238,452
13239,452
13240,453
13241,453
13242,453
13243,452
13244,451
13245,452
13246,452
13247,452
13248,452
13249,452
13250,452
13251,452
13252,452
13253,451
13254,451
13255,452
13256,452
13257,452
13258,452
13259,452
13260,452
13261,452
13262,451
13263,452
13264,452
13265,452
13266,452
13267,452
13268,451
13269,451
13270,451
13271,451
13272,452
13273,452
13274,452
13275,452
13276,451
13278,451
13279,451
13280,452
13281,452
13282,452
13283,452
13284,452
13285,451
13286,451
13287,451
13288,451
13289,452
13290,452
13291,452
13292,452
13293,451
13294,451
13295,451
13296,452
13297,452
13298,452
13299,452
13300,452
13301,452
13302,451
13303,451
13304,451
13305,452
13306,452
13307,452
13308,451
13309,451
13310,451
13311,451
13312,451
13313,451
13314,452
13315,452
13316,452
13317,451
13318,451
13320,451
13321,452
13322,452
13323,452
13324,452
13325,452
13326,451
13327,451
13328,451
13329,451
13330,452
13331,452
13332,452
13333,452
13334,451
13335,451
13336,451
13337,451
13338,451
13339,452
13340,452
13341,452
13342,451
13343,451
13344,451
13345,451
13346,451
13347,450
13348,451
13349,452
13350,451
13351,451
13352,448
13353,451
13354,451
13355,451
13356,452
13357,452
13358,451
13359,449
13360,451
13361,452
13363,451
13364,451
13365,451
13366,451
13367,451
13368,448
13369,451
13370,451
13371,451
13372,451
13373,452
13374,451
13375,451
13376,451
13377,451
13378,451
13379,451
13380,452
13381,452
13382,452
13383,452
13384,451
13385,451
13386,451
13387,451
13388,451
13389,451
13390,452
13391,451
13392,451
13393,451
13394,451
13395,450
13396,451
13397,451
13398,452
13399,451
13400,452
13401,451
13402,450
13403,451
13404,451
13406,451
13407,451
13408,451
13409,451
13410,451
13411,451
13412,451
13413,451
13414,451
13415,451
13416,451
13417,451
13418,451
13419,451
13420,451
13421,451
13422,451
13423,452
13424,451
13425,451
13426,451
13427,450
13428,451
13429,451
13430,451
13431,451
13432,451
13433,451
13434,451
13435,450
13436,451
13437,451
13438,451
13439,451
13440,452
13441,452
13442,451
13443,451
13444,451
13445,451
13446,451
13448,451
13449,452
13450,451
13451,451
13452,451
13453,450
13454,451
13455,451
13456,451
13457,452
13458,451
13459,451
13460,451
13461,451
13462,451
13463,451
13464,451
13465,451
13466,451
13467,451
13468,451
13469,451
13470,451
13471,451
13472,451
13473,451
13474,451
13475,451
13476,451
13477,451
13478,451
13479,451
13480,452
13481,452
13482,452
13483,452
13484,451
13485,451
13486,451
13487,451
13488,451
13489,451
13491,451
13492,451
13493,451
13494,451
13495,451
13496,451
13497,451
13498,451
13499,452
13500,452
13501,452
13502,451
13503,451
13504,451
13505,451
13506,452
13507,452
13508,452
13509,451
13510,451
13511,451
13512,451
13513,451
13514,452
13515,452
13516,452
13517,451
13518,451
13519,451
13520,451
13521,452
13522,452
13523,452
13524,452
13525,451
13526,451
13527,451
13528,451
13529,451
13530,452
13531,452
13532,452
13534,451
13535,451
13536,451
13537,451
13538,451
13539,452
13540,452
13541,453
13542,452
13543,451
13544,451
13545,451
13546,451
13547,452
13548,452
13549,452
13550,452
13551,451
13552,451
13553,451
13554,451
13555,452
13556,452
13557,452
13558,452
13559,451
13560,452
13561,452
13562,451
13563,451
13564,452
13565,452
13566,452
13567,451
13568,451
13569,451
13570,451
13571,452
13572,452
13573,452
13574,452
13576,452
13577,451
13578,451
13579,451
13580,452
13581,452
13582,453
13583,452
13584,452
13585,451
13586,451
13587,451
13588,452
13589,452
13590,452
13591,452
13592,452
13593,451
13594,451
13595,451
13596,451
13597,452
13598,452
13599,452
13600,452
13601,452
13602,451
13603,451
13604,451
13605,449
13606,451
13607,452
13608,452
13609,451
13610,451
13611,451
13612,451
13613,452
13614,452
13615,452
13616,452
13617,452
