Time (s),Intensity
1,451
2,451
3,451
4,451
6,451
7,451
8,412
9,403
10,440
11,406
12,407
13,408
14,411
15,441
16,418
17,422
18,407
19,417
20,428
21,423
22,444
23,422
24,423
25,424
26,419
27,444
28,427
29,434
30,422
31,429
32,428
33,431
34,445
35,430
36,425
37,428
38,431
39,445
40,434
41,440
42,428
43,433
44,434
45,431
46,446
47,431
49,434
50,436
51,437
52,445
53,431
54,444
55,430
56,433
57,429
58,435
59,448
60,434
61,437
62,431
63,433
64,444
65,435
66,447
67,436
68,438
69,436
70,439
71,448
72,438
73,441
74,436
75,437
76,442
77,439
78,449
79,436
80,438
81,433
82,439
83,450
84,438
85,444
86,436
87,439
88,441
89,439
90,449
92,438
93,442
94,438
95,439
96,446
97,439
98,448
99,438
100,439
101,440
102,441
103,449
104,438
105,444
106,436
107,439
108,445
109,442
110,450
111,438
112,442
113,437
114,441
115,450
116,442
117,444
118,438
119,441
120,442
121,439
122,449
123,439
124,441
125,441
126,443
127,448
128,442
129,448
130,437
131,443
132,438
134,439
135,450
136,438
137,441
138,440
139,439
140,446
141,442
142,449
143,438
144,443
145,442
146,443
147,450
148,439
149,441
150,441
151,445
152,450
153,442
154,440
155,438
156,443
157,450
158,442
159,444
160,437
161,443
162,446
163,439
164,449
165,442
166,441
167,441
168,441
169,451
170,440
171,444
172,442
173,443
174,442
175,448
177,452
178,447
179,453
180,453
181,452
182,454
183,452
184,456
185,455
186,460
187,454
188,455
189,453
190,454
191,456
192,455
193,456
194,454
195,454
196,454
197,454
198,458
199,454
200,454
201,454
202,454
203,454
204,454
205,452
206,431
207,453
208,448
209,453
210,454
211,453
212,453
213,454
214,454
215,454
216,454
217,454
218,454
220,453
221,453
222,454
223,454
224,455
225,454
226,454
227,454
228,454
229,454
230,453
231,454
232,454
233,454
234,454
235,454
236,454
237,454
238,453
239,454
240,454
241,455
242,455
243,454
244,455
245,454
246,441
247,453
248,450
249,454
250,454
251,454
252,452
253,453
254,454
255,454
256,454
257,455
258,455
259,454
260,454
262,453
263,453
264,454
265,451
266,444
267,455
268,454
269,454
270,453
271,453
272,453
273,454
274,454
275,454
276,454
277,454
278,454
279,454
280,454
281,454
282,454
283,455
284,455
285,455
286,454
287,453
288,453
289,454
290,454
291,455
292,455
293,454
294,454
295,454
296,454
297,454
298,454
299,454
300,454
301,454
302,454
303,454
305,454
306,455
307,454
308,454
309,454
310,454
311,454
312,453
313,453
314,454
315,454
316,454
317,455
318,454
319,454
320,454
321,454
322,454
323,454
324,455
325,455
326,454
327,454
328,454
329,453
330,454
331,454
332,455
333,454
334,454
335,454
336,454
337,454
338,454
339,454
340,454
341,455
342,454
343,454
344,454
345,454
346,454
348,454
349,454
350,455
351,454
352,454
353,453
354,453
355,454
356,454
357,454
358,454
359,455
360,454
361,454
362,454
363,453
364,454
365,454
366,454
367,454
368,454
369,454
370,453
371,453
372,453
373,454
374,454
375,454
376,454
377,454
378,454
379,454
380,454
381,454
382,454
383,455
384,455
385,454
386,453
387,453
388,454
390,454
391,454
392,455
393,454
394,454
395,453
396,453
397,453
398,454
399,454
400,454
401,454
402,454
403,454
404,454
405,454
406,454
407,454
408,455
409,454
410,454
411,453
412,453
413,453
414,454
415,454
416,454
417,454
418,454
419,453
420,453
421,453
422,453
423,454
424,455
425,455
426,454
427,453
428,453
429,453
430,453
431,454
433,454
434,454
435,454
436,454
437,453
438,453
439,454
440,454
441,454
442,454
443,454
444,454
445,454
446,453
447,454
448,453
449,453
450,454
451,454
452,453
453,449
454,453
455,453
456,454
457,454
458,454
459,454
460,454
461,453
462,453
463,454
464,454
465,454
466,454
467,454
468,454
469,454
470,453
471,453
472,451
473,454
474,454
476,454
477,454
478,453
479,453
480,453
481,454
482,454
483,454
484,455
485,454
486,454
487,453
488,453
489,453
490,454
491,454
492,450
493,454
494,454
495,454
496,454
497,453
498,454
499,454
500,454
501,454
502,454
503,453
504,454
505,454
506,454
507,454
508,455
509,455
510,454
511,454
512,453
513,453
514,454
515,455
516,455
518,454
519,454
520,454
521,454
522,454
523,454
524,455
525,455
526,454
527,454
528,453
529,453
530,453
531,454
532,454
533,454
534,454
535,454
536,453
537,454
538,453
539,454
540,454
541,454
542,454
543,454
544,454
545,454
546,453
547,453
548,454
549,454
550,454
551,454
552,454
553,453
554,453
555,454
556,454
557,455
558,454
559,454
561,454
562,454
563,453
564,454
565,454
566,454
567,454
568,453
569,454
570,453
571,453
572,454
573,453
574,454
575,454
576,454
577,454
578,453
579,453
580,453
581,454
582,454
583,454
584,455
585,454
586,454
587,453
588,454
589,454
590,454
591,454
592,454
593,454
594,454
595,453
596,453
597,454
598,454
599,454
600,454
601,454
602,453
604,454
605,454
606,454
607,454
608,454
609,454
610,454
611,454
612,453
613,453
614,453
615,454
616,454
617,454
618,454
619,453
620,453
621,453
622,453
623,454
624,455
625,455
626,454
627,454
628,453
629,453
630,453
631,454
632,454
633,454
634,454
635,454
636,453
637,453
638,453
639,454
640,454
641,454
642,455
643,454
644,454
646,454
647,453
648,454
649,453
650,454
651,454
652,454
653,453
654,453
655,453
656,454
657,454
658,454
659,454
660,454
661,453
662,454
663,453
664,454
665,454
666,454
667,454
668,453
669,453
670,453
671,453
672,454
673,454
674,454
675,455
676,454
677,454
678,453
679,453
680,454
681,454
682,454
683,455
684,455
685,454
686,454
687,453
689,454
690,454
691,454
692,454
693,454
694,454
695,453
696,453
697,454
698,454
699,454
700,454
701,454
702,454
703,454
704,454
705,454
706,454
707,454
708,454
709,454
710,454
711,454
712,453
713,453
714,454
715,454
716,454
717,454
718,454
719,454
720,453
721,453
722,454
723,454
724,455
725,455
726,454
727,454
728,453
729,453
730,453
732,454
733,454
734,454
735,454
736,454
737,453
738,453
739,454
740,454
741,455
742,454
743,454
744,454
745,454
746,453
747,454
748,448
749,453
750,454
751,454
752,454
753,453
754,453
755,454
756,454
757,454
758,454
759,454
760,454
761,454
762,453
763,454
764,454
765,454
766,454
767,454
768,454
769,454
770,453
771,453
772,454
774,454
775,454
776,455
777,454
778,454
779,454
780,454
781,454
782,454
783,455
784,455
785,455
786,454
787,453
788,454
789,454
790,454
791,454
792,454
793,454
794,454
795,454
796,453
797,454
798,454
799,454
800,455
801,454
802,454
803,453
804,454
805,454
806,454
807,455
808,454
809,453
810,454
811,453
812,453
813,453
814,454
815,454
817,455
818,454
819,454
820,454
821,453
822,454
823,454
824,455
825,455
826,455
827,454
828,454
829,453
830,453
831,454
832,454
833,454
834,454
835,454
836,454
837,453
838,454
839,454
840,454
841,455
842,454
843,454
844,454
845,454
846,453
847,454
848,454
849,454
850,454
851,454
852,454
853,453
854,453
855,454
856,454
857,454
858,454
860,454
861,454
862,453
863,453
864,454
865,455
866,455
867,454
868,454
869,453
870,454
871,453
872,454
873,454
874,455
875,455
876,454
877,454
878,453
879,453
880,454
881,454
882,454
883,454
884,455
885,455
886,454
887,454
888,454
889,454
890,454
891,454
892,454
893,454
894,454
895,454
896,454
897,454
898,454
899,455
900,454
902,454
903,454
904,454
905,454
906,455
907,454
908,455
909,455
910,454
911,454
912,454
913,453
914,454
915,454
916,455
917,455
918,455
919,454
920,454
921,454
922,454
923,454
924,455
925,455
926,455
927,454
928,454
929,454
930,454
931,454
932,455
933,455
934,455
935,454
936,454
937,454
938,454
939,454
940,454
941,455
942,454
943,454
945,454
946,454
947,454
948,454
949,454
950,455
951,454
952,454
953,454
954,453
955,454
956,454
957,455
958,455
959,454
960,454
961,454
962,454
963,454
964,455
965,455
966,455
967,455
968,454
969,454
970,454
971,453
972,454
973,454
974,455
975,455
976,455
977,454
978,454
979,454
980,454
981,454
982,455
983,455
984,455
985,455
986,454
988,454
989,454
990,454
991,455
992,455
993,455
994,454
995,454
996,454
997,454
998,455
999,455
1000,455
1001,455
1002,454
1003,454
1004,454
1005,455
1006,455
1007,455
1008,455
1009,455
1010,454
1011,454
1012,454
1013,454
1014,454
1015,455
1016,455
1017,455
1018,454
1019,454
1020,454
1021,454
1022,454
1023,455
1024,455
1025,455
1026,455
1027,454
1028,454
1030,454
1031,454
1032,455
1033,455
1034,455
1035,454
1036,454
1037,454
1038,454
1039,454
1040,455
1041,455
1042,455
1043,454
1044,455
1045,454
1046,454
1047,454
1048,455
1049,455
1050,455
1051,454
1052,454
1053,454
1054,454
1055,454
1056,455
1057,455
1058,455
1059,455
1060,454
1061,454
1062,454
1063,454
1064,455
1065,456
1066,455
1067,455
1068,454
1069,454
1070,454
1071,454
1073,454
1074,455
1075,455
1076,455
1077,454
1078,454
1079,454
1080,454
1081,454
1082,455
1083,455
1084,455
1085,455
1086,455
1087,454
1088,454
1089,454
1090,455
1091,455
1092,455
1093,455
1094,454
1095,454
1096,454
1097,454
1098,455
1099,455
1100,455
1101,455
1102,454
1103,454
1104,455
1105,455
1106,455
1107,455
1108,455
1109,455
1110,454
1111,453
1112,454
1113,454
1114,455
1116,455
1117,455
1118,455
1119,453
1120,454
1121,454
1122,454
1123,455
1124,456
1125,456
1126,455
1127,455
1128,454
1129,454
1130,454
1131,454
1132,454
1133,455
1134,455
1135,455
1136,454
1137,454
1138,454
1139,455
1140,455
1141,455
1142,455
1143,455
1144,455
1145,455
1146,454
1147,455
1148,455
1149,455
1150,455
1151,455
1152,455
1153,455
1154,454
1155,455
1156,455
1158,455
1159,455
1160,455
1161,454
1162,454
1163,454
1164,455
1165,455
1166,456
1167,455
1168,455
1169,455
1170,454
1171,454
1172,455
1173,455
1174,455
1175,455
1176,455
1177,455
1178,454
1179,455
1180,455
1181,455
1182,455
1183,455
1184,456
1185,455
1186,454
1187,454
1188,455
1189,455
1190,455
1191,456
1192,455
1193,455
1194,455
1195,454
1196,455
1197,455
1198,455
1199,456
1201,455
1202,455
1203,454
1204,455
1205,455
1206,455
1207,455
1208,455
1209,455
1210,455
1211,454
1212,454
1213,454
1214,455
1215,455
1216,455
1217,455
1218,455
1219,455
1220,455
1221,455
1222,455
1223,455
1224,456
1225,456
1226,455
1227,455
1228,455
1229,454
1230,455
1231,455
1232,455
1233,455
1234,455
1235,455
1236,455
1237,455
1238,455
1239,455
1240,456
1241,456
1242,456
1244,455
1245,455
1246,455
1247,455
1248,455
1249,456
1250,456
1251,455
1252,455
1253,455
1254,455
1255,455
1256,455
1257,456
1258,456
1259,456
1260,455
1261,455
1262,455
1263,455
1264,456
1265,456
1266,456
1267,455
1268,455
1269,455
1270,455
1271,455
1272,455
1273,456
1274,456
1275,456
1276,455
1277,455
1278,455
1279,455
1280,455
1281,456
1282,456
1283,456
1284,456
1286,456
1287,455
1288,455
1289,455
1290,456
1291,456
1292,456
1293,456
1294,455
1295,455
1296,455
1297,455
1298,456
1299,456
1300,456
1301,456
1302,455
1303,455
1304,455
1305,456
1306,456
1307,456
1308,456
1309,456
1310,455
1311,455
1312,455
1313,455
1314,456
1315,456
1316,456
1317,456
1318,455
1319,455
1320,455
1321,455
1322,456
1323,456
1324,457
1325,456
1326,455
1327,455
1329,455
1330,455
1331,455
1332,456
1333,456
1334,456
1335,456
1336,455
1337,455
1338,455
1339,455
1340,456
1341,456
1342,456
1343,456
1344,456
1345,456
1346,455
1347,455
1348,456
1349,456
1350,456
1351,456
1352,455
1353,455
1354,455
1355,455
1356,456
1357,456
1358,456
1359,456
1360,456
1361,455
1362,455
1363,456
1364,456
1365,457
1366,457
1367,456
1368,455
1369,455
1370,455
1372,456
1373,456
1374,456
1375,456
1376,456
1377,456
1378,455
1379,455
1380,455
1381,456
1382,456
1383,456
1384,457
1385,456
1386,456
1387,455
1388,455
1389,456
1390,456
1391,456
1392,456
1393,456
1394,456
1395,455
1396,455
1397,456
1398,456
1399,457
1400,456
1401,456
1402,456
1403,455
1404,456
1405,456
1406,456
1407,456
1408,456
1409,456
1410,456
1411,456
1412,455
1414,456
1415,456
1416,457
1417,456
1418,456
1419,456
1420,456
1421,456
1422,456
1423,456
1424,457
1425,457
1426,457
1427,456
1428,455
1429,456
1430,456
1431,456
1432,456
1433,457
1434,456
1435,456
1436,456
1437,456
1438,456
1439,456
1440,456
1441,457
1442,456
1443,456
1444,456
1445,456
1446,455
1447,456
1448,456
1449,457
1450,456
1451,456
1452,456
1453,455
1454,456
1455,456
1457,457
1458,457
1459,457
1460,456
1461,456
1462,456
1463,456
1464,457
1465,457
1466,457
1467,457
1468,456
1469,455
1470,455
1471,455
1472,456
1473,456
1474,456
1475,457
1476,456
1477,456
1478,456
1479,456
1480,456
1481,456
1482,457
1483,457
1484,457
1485,456
1486,456
1487,456
1488,456
1489,446
1490,456
1491,457
1492,457
1493,456
1494,455
1495,455
1496,455
1497,456
1498,457
1500,457
1501,456
1502,456
1503,456
1504,456
1505,456
1506,457
1507,457
1508,457
1509,456
1510,456
1511,451
1512,456
1513,456
1514,456
1515,457
1516,457
1517,457
1518,456
1519,456
1520,456
1521,456
1522,456
1523,456
1524,457
1525,457
1526,456
1527,456
1528,456
1529,456
1530,456
1531,456
1532,457
1533,457
1534,456
1535,456
1536,456
1537,456
1538,456
1539,457
1540,457
1542,457
1543,456
1544,456
1545,456
1546,456
1547,456
1548,456
1549,457
1550,457
1551,456
1552,455
1553,456
1554,456
1555,456
1556,457
1557,457
1558,457
1559,457
1560,456
1561,456
1562,456
1563,456
1564,457
1565,457
1566,457
1567,457
1568,457
1569,456
1570,456
1571,456
1572,456
1573,457
1574,457
1575,457
1576,456
1577,456
1578,455
1579,456
1580,456
1581,457
1582,457
1583,457
1585,457
1586,457
1587,456
1588,456
1589,456
1590,457
1591,457
1592,457
1593,456
1594,456
1595,456
1596,456
1597,456
1598,457
1599,457
1600,457
1601,457
1602,456
1603,456
1604,456
1605,457
1606,457
1607,457
1608,457
1609,457
1610,456
1611,455
1612,455
1613,456
1614,456
1615,457
1616,457
1617,457
1618,456
1619,456
1620,456
1621,456
1622,456
1623,457
1624,457
1625,457
1626,456
1628,456
1629,456
1630,455
1631,456
1632,453
1633,457
1634,457
1635,456
1636,456
1637,456
1638,456
1639,456
1640,457
1641,457
1642,457
1643,456
1644,456
1645,456
1646,456
1647,456
1648,456
1649,457
1650,456
1651,456
1652,455
1653,456
1654,455
1655,456
1656,457
1657,457
1658,456
1659,456
1660,456
1661,456
1662,456
1663,456
1664,457
1665,457
1666,457
1667,457
1668,456
1670,456
1671,456
1672,456
1673,456
1674,456
1675,457
1676,456
1677,456
1678,456
1679,456
1680,456
1681,456
1682,457
1683,457
1684,457
1685,457
1686,456
1687,456
1688,456
1689,456
1690,457
1691,457
1692,457
1693,456
1694,456
1695,456
1696,456
1697,456
1698,456
1699,457
1700,457
1701,456
1702,456
1703,456
1704,456
1705,457
1706,457
1707,457
1708,457
1709,456
1710,456
1711,456
1713,456
1714,456
1715,456
1716,457
1717,456
1718,456
1719,456
1720,456
1721,456
1722,456
1723,457
1724,457
1725,457
1726,457
1727,456
1728,455
1729,456
1730,456
1731,456
1732,457
1733,457
1734,456
1735,456
1736,456
1737,456
1738,456
1739,456
1740,457
1741,457
1742,457
1743,456
1744,456
1745,456
1746,456
1747,456
1748,457
1749,457
1750,457
1751,456
1752,455
1753,456
1754,456
1756,456
1757,456
1758,457
1759,457
1760,456
1761,456
1762,456
1763,456
1764,456
1765,457
1766,457
1767,456
1768,456
1769,456
1770,456
1771,456
1772,456
1773,456
1774,457
1775,456
1776,456
1777,456
1778,456
1779,456
1780,456
1781,456
1782,457
1783,457
1784,457
1785,456
1786,456
1787,455
1788,456
1789,457
1790,457
1791,457
1792,457
1793,456
1794,456
1795,456
1796,456
1798,456
1799,457
1800,457
1801,457
1802,456
1803,456
1804,456
1805,457
1806,457
1807,457
1808,457
1809,457
1810,456
1811,456
1812,456
1813,456
1814,456
1815,457
1816,457
1817,457
1818,456
1819,456
1820,456
1821,456
1822,456
1823,457
1824,457
1825,457
1826,456
1827,456
1828,456
1829,456
1830,456
1831,456
1832,457
1833,457
1834,456
1835,456
1836,456
1837,456
1838,456
1839,457
1841,457
1842,457
1843,457
1844,456
1845,456
1846,456
1847,456
1848,456
1849,457
1850,457
1851,456
1852,456
1853,456
1854,456
1855,456
1856,456
1857,457
1858,457
1859,456
1860,456
1861,456
1862,456
1863,456
1864,457
1865,458
1866,457
1867,457
1868,456
1869,456
1870,456
1871,456
1872,456
1873,457
1874,457
1875,457
1876,456
1877,456
1878,456
1879,456
1880,456
1881,457
1882,457
1884,457
1885,457
1886,457
1887,456
1888,456
1889,456
1890,457
1891,457
1892,457
1893,456
1894,456
1895,456
1896,456
1897,456
1898,457
1899,457
1900,457
1901,456
1902,456
1903,456
1904,456
1905,457
1906,457
1907,457
1908,457
1909,456
1910,456
1911,456
1912,456
1913,456
1914,457
1915,457
1916,457
1917,456
1918,456
1919,456
1920,456
1921,456
1922,456
1923,457
1924,458
1926,457
1927,456
1928,456
1929,456
1930,456
1931,457
1932,457
1933,457
1934,457
1935,456
1936,456
1937,456
1938,456
1939,456
1940,457
1941,457
1942,457
1943,456
1944,456
1945,456
1946,456
1947,456
1948,456
1949,457
1950,457
1951,456
1952,456
1953,456
1954,456
1955,456
1956,457
1957,456
1958,457
1959,456
1960,456
1961,456
1962,456
1963,456
1964,457
1965,458
1966,457
1967,457
1969,456
1970,456
1971,456
1972,456
1973,456
1974,457
1975,457
1976,456
1977,456
1978,456
1979,456
1980,456
1981,457
1982,457
1983,457
1984,457
1985,457
1986,457
1987,456
1988,456
1989,457
1990,457
1991,457
1992,457
1993,456
1994,456
1995,456
1996,456
1997,457
1998,457
1999,457
2000,457
2001,456
2002,456
2003,456
2004,456
2005,457
2006,457
2007,457
2008,457
2009,456
2010,456
2012,451
2013,456
2014,456
2015,457
2016,456
2017,454
2018,456
2019,456
2020,455
2021,455
2022,456
2023,457
2024,456
2025,457
2026,457
2027,456
2028,455
2029,456
2030,455
2031,454
2032,456
2033,456
2034,456
2035,456
2036,456
2037,456
2038,456
2039,456
2040,456
2041,457
2042,457
2043,456
2044,456
2045,456
2046,456
2047,457
2048,457
2049,457
2050,457
2051,456
2052,456
2054,456
2055,456
2056,457
2057,456
2058,457
2059,457
2060,456
2061,456
2062,456
2063,456
2064,457
2065,457
2066,458
2067,457
2068,456
2069,455
2070,456
2071,456
2072,456
2073,457
2074,457
2075,457
2076,456
2077,456
2078,456
2079,456
2080,456
2081,457
2082,457
2083,457
2084,457
2085,457
2086,456
2087,456
2088,456
2089,457
2090,457
2091,457
2092,457
2093,456
2094,456
2095,456
2097,456
2098,457
2099,457
2100,457
2101,456
2102,456
2103,456
2104,456
2105,457
2106,457
2107,457
2108,457
2109,457
2110,456
2111,456
2112,456
2113,456
2114,457
2115,457
2116,457
2117,457
2118,456
2119,456
2120,456
2121,456
2122,457
2123,457
2124,458
2125,458
2126,457
2127,456
2128,456
2129,456
2130,456
2131,457
2132,457
2133,457
2134,457
2135,456
2136,456
2137,456
2138,457
2140,457
2141,457
2142,457
2143,457
2144,456
2145,456
2146,457
2147,456
2148,457
2149,457
2150,457
2151,456
2152,456
2153,456
2154,456
2155,456
2156,457
2157,457
2158,457
2159,457
2160,456
2161,456
2162,456
2163,456
2164,457
2165,458
2166,457
2167,457
2168,456
2169,456
2170,456
2171,456
2172,457
2173,457
2174,457
2175,457
2176,456
2177,456
2178,456
2179,456
2180,457
2182,457
2183,457
2184,457
2185,457
2186,457
2187,456
2188,456
2189,457
2190,457
2191,457
2192,457
2193,457
2194,456
2195,456
2196,456
2197,457
2198,457
2199,457
2200,457
2201,457
2202,456
2203,456
2204,457
2205,457
2206,457
2207,457
2208,457
2209,457
2210,456
2211,456
2212,456
2213,456
2214,457
2215,457
2216,457
2217,457
2218,457
2219,456
2220,456
2221,456
2222,457
2223,457
2225,458
2226,457
2227,456
2228,456
2229,456
2230,456
2231,457
2232,457
2233,457
2234,457
2235,456
2236,456
2237,456
2238,456
2239,457
2240,457
2241,457
2242,457
2243,456
2244,456
2245,456
2246,456
2247,456
2248,457
2249,457
2250,457
2251,456
2252,456
2253,456
2254,456
2255,457
2256,457
2257,457
2258,457
2259,457
2260,456
2261,456
2262,456
2263,456
2264,457
2265,458
2266,457
2268,456
2269,456
2270,456
2271,456
2272,457
2273,457
2274,457
2275,457
2276,457
2277,456
2278,456
2279,456
2280,456
2281,457
2282,457
2283,457
2284,457
2285,457
2286,457
2287,456
2288,456
2289,457
2290,457
2291,457
2292,457
2293,456
2294,456
2295,456
2296,456
2297,457
2298,457
2299,457
2300,457
2301,456
2302,456
2303,456
2304,457
2305,457
2306,457
2307,457
2308,457
2310,456
2311,456
2312,456
2313,456
2314,456
2315,457
2316,457
2317,457
2318,457
2319,456
2320,456
2321,456
2322,457
2323,457
2324,458
2325,458
2326,457
2327,456
2328,456
2329,456
2330,456
2331,457
2332,457
2333,457
2334,457
2335,456
2336,456
2337,456
2338,457
2339,457
2340,457
2341,457
2342,457
2343,456
2344,457
2345,457
2346,457
2347,457
2348,457
2349,457
2350,457
2351,456
2353,456
2354,456
2355,456
2356,457
2357,457
2358,457
2359,457
2360,456
2361,456
2362,456
2363,456
2364,457
2365,458
2366,458
2367,457
2368,456
2369,457
2370,456
2371,457
2372,457
2373,457
2374,457
2375,457
2376,457
2377,456
2378,456
2379,456
2380,457
2381,457
2382,457
2383,457
2384,457
2385,457
2386,456
2387,456
2388,456
2389,457
2390,457
2391,457
2392,456
2393,456
2394,456
2396,456
2397,457
2398,457
2399,457
2400,457
2401,457
2402,456
2403,456
2404,456
2405,457
2406,457
2407,457
2408,457
2409,457
2410,456
2411,456
2412,456
2413,456
2414,457
2415,457
2416,457
2417,457
2418,456
2419,456
2420,456
2421,456
2422,457
2423,457
2424,457
2425,457
2426,456
2427,456
2428,456
2429,456
2430,457
2431,457
2432,457
2433,457
2434,456
2435,456
2436,456
2438,456
2439,457
2440,457
2441,457
2442,457
2443,457
2444,456
2445,457
2446,457
2447,457
2448,457
2449,457
2450,457
2451,457
2452,456
2453,456
2454,456
2455,456
2456,457
2457,457
2458,457
2459,457
2460,456
2461,456
2462,456
2463,456
2464,458
2465,458
2466,457
2467,457
2468,456
2469,456
2470,456
2471,457
2472,457
2473,457
2474,457
2475,457
2476,456
2477,456
2478,456
2479,456
2481,457
2482,457
2483,457
2484,457
2485,457
2486,457
2487,456
2488,457
2489,457
2490,457
2491,457
2492,457
2493,456
2494,456
2495,456
2496,456
2497,457
2498,457
2499,457
2500,457
2501,456
2502,456
2503,456
2504,457
2505,457
2506,457
2507,457
2508,457
2509,457
2510,456
2511,456
2512,456
2513,456
2514,457
2515,457
2516,457
2517,457
2518,456
2519,456
2520,456
2521,457
2522,457
2524,457
2525,458
2526,457
2527,456
2528,456
2529,456
2530,456
2531,457
2532,457
2533,454
2534,456
2535,456
2536,456
2537,456
2538,455
2539,457
2540,457
2541,457
2542,457
2543,456
2544,456
2545,457
2546,457
2547,457
2548,457
2549,456
2550,456
2551,455
2552,456
2553,456
2554,456
2555,457
2556,457
2557,457
2558,457
2559,456
2560,456
2561,456
2562,456
2563,457
2564,458
2566,458
2567,457
2568,457
2569,456
2570,456
2571,456
2572,457
2573,457
2574,457
2575,457
2576,457
2577,456
2578,456
2579,456
2580,457
2581,457
2582,457
2583,457
2584,457
2585,457
2586,457
2587,456
2588,456
2589,457
2590,458
2591,457
2592,457
2593,456
2594,456
2595,456
2596,456
2597,457
2598,457
2599,457
2600,457
2601,456
2602,456
2603,456
2604,457
2605,457
2606,457
2607,457
2609,457
2610,457
2611,456
2612,456
2613,456
2614,457
2615,457
2616,457
2617,457
2618,456
2619,456
2620,456
2621,456
2622,457
2623,457
2624,458
2625,457
2626,457
2627,456
2628,456
2629,456
2630,457
2631,457
2632,457
2633,457
2634,456
2635,456
2636,456
2637,456
2638,457
2639,457
2640,457
2641,457
2642,457
2643,456
2644,456
2645,457
2646,457
2647,457
2648,457
2649,457
2650,456
2652,456
2653,456
2654,456
2655,456
2656,457
2657,457
2658,457
2659,457
2660,456
2661,456
2662,456
2663,456
2664,457
2665,458
2666,458
2667,457
2668,456
2669,456
2670,456
2671,456
2672,457
2673,457
2674,457
2675,457
2676,456
2677,456
2678,456
2679,456
2680,457
2681,457
2682,457
2683,457
2684,457
2685,457
2686,456
2687,456
2688,457
2689,457
2690,457
2691,457
2692,457
2694,456
2695,456
2696,456
2697,457
2698,457
2699,457
2700,457
2701,456
2702,456
2703,456
2704,456
2705,457
2706,457
2707,457
2708,457
2709,456
2710,456
2711,456
2712,456
2713,456
2714,457
2715,457
2716,457
2717,456
2718,456
2719,456
2720,456
2721,456
2722,457
2723,457
2724,457
2725,457
2726,456
2727,456
2728,456
2729,456
2730,457
2731,457
2732,457
2733,457
2734,456
2735,456
2737,456
2738,456
2739,456
2740,457
2741,457
2742,457
2743,456
2744,456
2745,456
2746,457
2747,457
2748,457
2749,457
2750,457
2751,456
2752,456
2753,456
2754,456
2755,457
2756,457
2757,457
2758,457
2759,457
2760,456
2761,456
2762,456
2763,456
2764,457
2765,458
2766,457
2767,457
2768,456
2769,456
2770,456
2771,457
2772,457
2773,457
2774,457
2775,456
2776,456
2777,456
2778,456
2780,456
2781,456
2782,457
2783,457
2784,457
2785,457
2786,457
2787,456
2788,457
2789,457
2790,457
2791,457
2792,457
2793,456
2794,456
2795,456
2796,456
2797,456
2798,457
2799,457
2800,457
2801,456
2802,456
2803,456
2804,457
2805,457
2806,457
2807,457
2808,456
2809,456
2810,456
2811,456
2812,456
2813,456
2814,457
2815,457
2816,457
2817,456
2818,456
2819,456
2820,456
2822,456
2823,457
2824,457
2825,457
2826,457
2827,456
2828,456
2829,456
2830,456
2831,456
2832,457
2833,457
2834,456
2835,456
2836,456
2837,456
2838,456
2839,457
2840,457
2841,457
2842,457
2843,456
2844,456
2845,456
2846,457
2847,457
2848,457
2849,457
2850,457
2851,456
2852,456
2853,456
2854,456
2855,456
2856,457
2857,457
2858,456
2859,456
2860,456
2861,456
2862,456
2863,456
2865,458
2866,457
2867,457
2868,456
2869,456
2870,456
2871,456
2872,456
2873,457
2874,457
2875,456
2876,456
2877,456
2878,456
2879,456
2880,456
2881,457
2882,457
2883,457
2884,457
2885,457
2886,456
2887,456
2888,456
2889,457
2890,457
2891,457
2892,456
2893,456
2894,456
2895,456
2896,456
2897,456
2898,457
2899,457
2900,456
2901,456
2902,456
2903,456
2904,457
2905,457
2906,457
2908,457
2909,457
2910,456
2911,454
2912,455
2913,456
2914,457
2915,456
2916,454
2917,456
2918,456
2919,456
2920,456
2921,456
2922,456
2923,454
2924,457
2925,457
2926,457
2927,456
2928,456
2929,452
2930,456
2931,457
2932,457
2933,454
2934,456
2935,456
2936,456
2937,456
2938,456
2939,457
2940,457
2941,457
2942,456
2943,456
2944,456
2945,456
2946,456
2947,457
2948,457
2950,457
2951,456
2952,456
2953,456
2954,456
2955,456
2956,457
2957,457
2958,457
2959,457
2960,456
2961,456
2962,456
2963,456
2964,457
2965,457
2966,457
2967,456
2968,456
2969,456
2970,456
2971,456
2972,457
2973,457
2974,457
2975,457
2976,456
2977,456
2978,456
2979,456
2980,456
2981,457
2982,457
2983,456
2984,457
2985,456
2986,456
2987,456
2988,457
2989,457
2990,457
2991,457
2993,456
2994,456
2995,456
2996,456
2997,456
2998,457
2999,457
3000,457
3001,456
3002,456
3003,456
3004,456
3005,457
3006,457
3007,457
3008,457
3009,456
3010,455
3011,456
3012,456
3013,456
3014,456
3015,456
3016,457
3017,456
3018,455
3019,456
3020,456
3021,456
3022,456
3023,457
3024,457
3025,457
3026,456
3027,456
3028,456
3029,456
3030,457
3031,457
3032,457
3033,457
3034,456
3036,456
3037,456
3038,456
3039,457
3040,457
3041,457
3042,457
3043,456
3044,456
3045,457
3046,456
3047,456
3048,457
3049,457
3050,457
3051,456
3052,456
3053,456
3054,456
3055,457
3056,457
3057,457
3058,457
3059,456
3060,456
3061,456
3062,456
3063,456
3064,457
3065,457
3066,457
3067,456
3068,456
3069,456
3070,456
3071,456
3072,456
3073,457
3074,457
3075,456
3076,456
3078,456
3079,456
3080,456
3081,456
3082,457
3083,457
3084,456
3085,457
3086,457
3087,456
3088,456
3089,457
3090,457
3091,455
3092,456
3093,456
3094,456
3095,456
3096,456
3097,457
3098,457
3099,457
3100,457
3101,456
3102,456
3103,456
3104,457
3105,457
3106,457
3107,457
3108,456
3109,456
3110,456
3111,456
3112,456
3113,457
3114,457
3115,457
3116,457
3117,456
3118,456
3119,456
3121,456
3122,457
3123,457
3124,457
3125,457
3126,457
3127,456
3128,456
3129,456
3130,456
3131,457
3132,457
3133,456
3134,456
3135,456
3136,456
3137,456
3138,456
3139,457
3140,457
3141,457
3142,457
3143,456
3144,456
3145,457
3146,457
3147,457
3148,457
3149,457
3150,456
3151,456
3152,456
3153,456
3154,456
3155,457
3156,457
3157,457
3158,456
3159,456
3160,456
3161,456
3162,456
3164,457
3165,458
3166,457
3167,457
3168,456
3169,456
3170,452
3171,456
3172,457
3173,457
3174,457
3175,456
3176,456
3177,456
3178,456
3179,456
3180,456
3181,456
3182,457
3183,457
3184,456
3185,456
3186,456
3187,456
3188,456
3189,457
3190,457
3191,457
3192,456
3193,456
3194,456
3195,456
3196,456
3197,457
3198,457
3199,457
3200,456
3201,456
3202,456
3203,456
3204,457
3206,457
3207,457
3208,457
3209,456
3210,456
3211,456
3212,456
3213,456
3214,457
3215,457
3216,457
3217,456
3218,456
3219,456
3220,456
3221,456
3222,457
3223,457
3224,457
3225,457
3226,457
3227,456
3228,456
3229,456
3230,457
3231,457
3232,457
3233,457
3234,456
3235,456
3236,456
3237,456
3238,456
3239,457
3240,457
3241,457
3242,456
3243,456
3244,456
3245,456
3246,457
3247,457
3249,457
3250,457
3251,456
3252,456
3253,456
3254,456
3255,456
3256,457
3257,457
3258,456
3259,456
3260,456
3261,456
3262,456
3263,456
3264,457
3265,457
3266,457
3267,456
3268,456
3269,456
3270,456
3271,456
3272,457
3273,457
3274,456
3275,456
3276,456
3277,456
3278,456
3279,456
3280,456
3281,457
3282,457
3283,456
3284,456
3285,456
3286,456
3287,456
3288,456
3289,456
3290,457
3292,456
3293,456
3294,456
3295,456
3296,456
3297,456
3298,457
3299,457
3300,456
3301,456
3302,456
3303,456
3304,456
3305,457
3306,457
3307,457
3308,456
3309,456
3310,456
3311,456
3312,456
3313,456
3314,456
3315,457
3316,456
3317,456
3318,455
3319,455
3320,456
3321,456
3322,457
3323,457
3324,457
3325,457
3326,456
3327,455
3328,455
3329,456
3330,456
3331,456
3332,456
3334,456
3335,456
3336,455
3337,456
3338,456
3339,456
3340,457
3341,457
3342,456
3343,456
3344,456
3345,456
3346,457
3347,456
3348,457
3349,456
3350,456
3351,456
3352,455
3353,455
3354,455
3355,456
3356,457
3357,456
3358,456
3359,456
3360,456
3361,455
3362,456
3363,456
3364,457
3365,457
3366,457
3367,456
3368,456
3369,456
3370,456
3371,456
3372,457
3373,457
3374,456
3375,456
3377,455
3378,455
3379,455
3380,456
3381,456
3382,456
3383,456
3384,456
3385,456
3386,456
3387,455
3388,456
3389,456
3390,456
3391,456
3392,456
3393,455
3394,455
3395,454
3396,456
3397,456
3398,456
3399,456
3400,456
3401,456
3402,455
3403,455
3404,456
3405,456
3406,457
3407,456
3408,456
3409,455
3410,455
3411,455
3412,455
3413,456
3414,456
3415,456
3416,456
3417,455
3418,455
3420,454
3421,455
3422,456
3423,456
3424,456
3425,457
3426,456
3427,455
3428,455
3429,455
3430,455
3431,456
3432,456
3433,456
3434,453
3435,455
3436,455
3437,455
3438,455
3439,456
3440,456
3441,454
3442,455
3443,455
3444,455
3445,456
3446,456
3447,456
3448,456
3449,456
3450,455
3451,455
3452,455
3453,455
3454,455
3455,456
3456,456
3457,456
3458,455
3459,455
3460,454
3462,455
3463,455
3464,456
3465,456
3466,457
3467,455
3468,455
3469,455
3470,455
3471,455
3472,455
3473,456
3474,456
3475,455
3476,455
3477,455
3478,455
3479,455
3480,455
3481,456
3482,456
3483,456
3484,455
3485,455
3486,455
3487,455
3488,455
3489,456
3490,456
3491,456
3492,455
3493,455
3494,455
3495,455
3496,456
3497,456
3498,456
3499,456
3500,455
3501,455
3502,455
3503,455
3505,456
3506,456
3507,456
3508,456
3509,455
3510,454
3511,454
3512,450
3513,455
3514,456
3515,456
3516,456
3517,455
3518,455
3519,455
3520,455
3521,455
3522,455
3523,456
3524,456
3525,456
3526,455
3527,454
3528,455
3529,455
3530,455
3531,455
3532,455
3533,455
3534,455
3535,455
3536,454
3537,455
3538,455
3539,455
3540,455
3541,455
3542,455
3543,454
3544,455
3545,455
3546,455
3548,456
3549,456
3550,455
3551,455
3552,455
3553,454
3554,455
3555,455
3556,455
3557,455
3558,455
3559,455
3560,454
3561,454
3562,455
3563,455
3564,456
3565,456
3566,456
3567,455
3568,455
3569,454
3570,455
3571,455
3572,455
3573,455
3574,455
3575,455
3576,454
3577,454
3578,454
3579,454
3580,455
3581,455
3582,455
3583,455
3584,455
3585,455
3586,454
3587,455
3588,455
3590,455
3591,455
3592,455
3593,454
3594,454
3595,454
3596,455
3597,455
3598,455
3599,455
3600,455
3601,454
3602,454
3603,454
3604,454
3605,455
3606,456
3607,455
3608,455
3609,454
3610,454
3611,454
3612,454
3613,455
3614,455
3615,455
3616,455
3617,454
3618,454
3619,454
3620,454
3621,455
3622,455
3623,455
3624,456
3625,455
3626,455
3627,454
3628,454
3629,455
3630,455
3631,455
3633,455
3634,454
3635,454
3636,454
3637,454
3638,455
3639,455
3640,455
3641,455
3642,454
3643,454
3644,454
3645,455
3646,455
3647,455
3648,455
3649,455
3650,454
3651,454
3652,454
3653,454
3654,455
3655,455
3656,455
3657,455
3658,454
3659,454
3660,454
3661,454
3662,454
3663,455
3664,456
3665,456
3666,455
3667,454
3668,454
3669,454
3670,454
3671,455
3672,455
3673,455
3674,455
3676,454
3677,454
3678,454
3679,454
3680,454
3681,455
3682,455
3683,454
3684,454
3685,454
3686,454
3687,454
3688,454
3689,455
3690,455
3691,455
3692,454
3693,454
3694,454
3695,454
3696,454
3697,454
3698,454
3699,454
3700,454
3701,454
3702,454
3703,454
3704,455
3705,455
3706,455
3707,454
3708,454
3709,454
3710,454
3711,454
3712,454
3713,454
3714,455
3715,455
3716,454
3718,453
3719,453
3720,453
3721,454
3722,455
3723,455
3724,455
3725,455
3726,455
3727,454
3728,454
3729,454
3730,455
3731,455
3732,454
3733,454
3734,454
3735,454
3736,453
3737,454
3738,454
3739,455
3740,454
3741,454
3742,454
3743,454
3744,454
3745,454
3746,454
3747,454
3748,454
3749,454
3750,454
3751,454
3752,453
3753,454
3754,454
3755,454
3756,454
3757,454
3758,454
3759,453
3761,453
3762,453
3763,454
3764,454
3765,455
3766,454
3767,454
3768,454
3769,453
3770,453
3771,454
3772,454
3773,454
3774,454
3775,454
3776,454
3777,454
3778,453
3779,454
3780,454
3781,454
3782,454
3783,454
3784,454
3785,454
3786,454
3787,454
3788,454
3789,455
3790,454
3791,454
3792,454
3793,453
3794,453
3795,454
3796,454
3797,454
3798,454
3799,454
3800,453
3801,453
3802,453
3804,454
3805,454
3806,455
3807,454
3808,454
3809,453
3810,453
3811,451
3812,453
3813,454
3814,454
3815,454
3816,451
3817,453
3818,453
3819,453
3820,453
3821,454
3822,454
3823,452
3824,454
3825,455
3826,454
3827,452
3828,453
3829,453
3830,454
3831,454
3832,448
3833,454
3834,453
3835,453
3836,453
3837,454
3838,454
3839,454
3840,454
3841,454
3842,453
3843,453
3844,453
3846,454
3847,454
3848,454
3849,454
3850,454
3851,453
3852,453
3853,453
3854,453
3855,454
3856,454
3857,454
3858,454
3859,453
3860,453
3861,453
3862,453
3863,454
3864,454
3865,454
3866,454
3867,453
3868,453
3869,453
3870,453
3871,454
3872,454
3873,454
3874,454
3875,454
3876,453
3877,453
3878,453
3879,453
3880,454
3881,454
3882,454
3883,453
3884,454
3885,453
3886,453
3887,453
3889,454
3890,454
3891,454
3892,454
3893,453
3894,453
3895,453
3896,453
3897,454
3898,454
3899,454
3900,454
3901,453
3902,453
3903,453
3904,453
3905,454
3906,454
3907,454
3908,454
3909,453
3910,453
3911,453
3912,454
3913,454
3914,454
3915,454
3916,454
3917,453
3918,453
3919,453
3920,453
3921,454
3922,454
3923,454
3924,454
3925,454
3926,453
3927,453
3928,453
3929,454
3930,454
3932,454
3933,454
3934,454
3935,453
3936,453
3937,453
3938,454
3939,454
3940,454
3941,454
3942,454
3943,453
3944,453
3945,454
3946,454
3947,454
3948,454
3949,454
3950,453
3951,453
3952,453
3953,453
3954,453
3955,454
3956,454
3957,454
3958,453
3959,453
3960,453
3961,453
3962,454
3963,454
3964,454
3965,454
3966,454
3967,453
3968,453
3969,453
3970,453
3971,454
3972,454
3974,454
3975,454
3976,453
3977,453
3978,453
3979,453
3980,454
3981,454
3982,454
3983,454
3984,454
3985,454
3986,454
3987,453
3988,454
3989,454
3990,454
3991,454
3992,453
3993,453
3994,453
3995,453
3996,454
3997,454
3998,454
3999,454
4000,453
4001,453
4002,453
4003,453
4004,454
4005,455
4006,454
4007,454
4008,453
4009,453
4010,453
4011,453
4012,453
4013,454
4014,454
4015,453
4017,453
4018,453
4019,453
4020,453
4021,454
4022,454
4023,454
4024,454
4025,454
4026,453
4027,453
4028,453
4029,453
4030,454
4031,454
4032,454
4033,454
4034,453
4035,453
4036,453
4037,453
4038,454
4039,454
4040,454
4041,453
4042,453
4043,453
4044,453
4045,454
4046,454
4047,454
4048,454
4049,454
4050,453
4051,453
4052,453
4053,453
4054,453
4055,454
4056,454
4057,454
4058,454
4060,453
4061,453
4062,453
4063,454
4064,453
4065,454
4066,454
4067,453
4068,453
4069,453
4070,453
4071,453
4072,454
4073,454
4074,454
4075,454
4076,453
4077,453
4078,453
4079,454
4080,454
4081,454
4082,454
4083,453
4084,453
4085,454
4086,454
4087,454
4088,454
4089,454
4090,454
4091,454
4092,453
4093,453
4094,453
4095,453
4096,454
4097,454
4098,454
4099,454
4100,453
4102,453
4103,453
4104,453
4105,455
4106,455
4107,454
4108,454
4109,453
4110,453
4111,453
4112,453
4113,454
4114,454
4115,454
4116,453
4117,453
4118,453
4119,453
4120,453
4121,454
4122,454
4123,454
4124,454
4125,454
4126,454
4127,453
4128,453
4129,454
4130,454
4131,454
4132,454
4133,453
4134,453
4135,453
4136,453
4137,454
4138,454
4139,454
4140,454
4141,454
4142,453
4143,453
4145,454
4146,454
4147,454
4148,454
4149,454
4150,453
4151,453
4152,453
4153,453
4154,453
4155,454
4156,454
4157,454
4158,454
4159,454
4160,453
4161,453
4162,454
4163,454
4164,454
4165,454
4166,454
4167,453
4168,453
4169,453
4170,453
4171,454
4172,454
4173,454
4174,454
4175,454
4176,453
4177,453
4178,453
4179,454
4180,454
4181,454
4182,454
4183,453
4184,454
4185,453
4186,453
4188,454
4189,454
4190,453
4191,454
4192,453
4193,450
4194,453
4195,453
4196,454
4197,454
4198,454
4199,454
4200,452
4201,453
4202,453
4203,453
4204,454
4205,455
4206,454
4207,454
4208,453
4209,453
4210,453
4211,453
4212,453
4213,454
4214,453
4215,454
4216,454
4217,453
4218,453
4219,453
4220,454
4221,454
4222,454
4223,454
4224,454
4225,454
4226,453
4227,453
4228,454
4230,454
4231,454
4232,454
4233,454
4234,453
4235,453
4236,453
4237,453
4238,454
4239,454
4240,454
4241,454
4242,453
4243,453
4244,453
4245,454
4246,454
4247,454
4248,454
4249,454
4250,453
4251,453
4252,453
4253,453
4254,454
4255,454
4256,454
4257,454
4258,454
4259,453
4260,453
4261,453
4262,453
4263,454
4264,454
4265,455
4266,454
4267,453
4268,453
4269,453
4270,454
4271,454
4273,454
4274,454
4275,454
4276,453
4277,453
4278,453
4279,453
4280,454
4281,454
4282,454
4283,454
4284,453
4285,454
4286,454
4287,454
4288,454
4289,454
4290,454
4291,454
4292,450
4293,453
4294,453
4295,454
4296,454
4297,454
4298,454
4299,453
4300,453
4301,453
4302,453
4303,453
4304,454
4305,455
4306,455
4307,454
4308,454
4309,453
4310,453
4311,453
4312,453
4313,454
4314,454
4316,454
4317,453
4318,453
4319,453
4320,453
4321,454
4322,454
4323,454
4324,454
4325,454
4326,454
4327,453
4328,453
4329,454
4330,454
4331,454
4332,454
4333,454
4334,453
4335,453
4336,453
4337,454
4338,454
4339,454
4340,454
4341,454
4342,453
4343,453
4344,454
4345,454
4346,454
4347,454
4348,454
4349,454
4350,454
4351,453
4352,453
4353,454
4354,454
4355,454
4356,454
4358,454
4359,453
4360,453
4361,453
4362,453
4363,453
4364,454
4365,455
4366,455
4367,454
4368,453
4369,453
4370,454
4371,454
4372,454
4373,454
4374,454
4375,453
4376,453
4377,453
4378,453
4379,454
4380,454
4381,454
4382,454
4383,453
4384,453
4385,454
4386,454
4387,454
4388,454
4389,454
4390,454
4391,453
4392,453
4393,453
4394,453
4395,454
4396,454
4397,454
4398,454
4399,454
4401,453
4402,453
4403,453
4404,453
4405,455
4406,455
4407,454
4408,454
4409,454
4410,453
4411,453
4412,454
4413,454
4414,454
4415,454
4416,454
4417,453
4418,453
4419,453
4420,454
4421,454
4422,454
4423,454
4424,454
4425,454
4426,454
4427,453
4428,454
4429,454
4430,452
4431,451
4432,453
4433,453
4434,453
4435,453
4436,454
4437,454
4438,454
4439,454
4440,454
4441,454
4442,453
4444,453
4445,454
4446,454
4447,454
4448,454
4449,454
4450,453
4451,453
4452,453
4453,453
4454,454
4455,454
4456,454
4457,454
4458,454
4459,453
4460,453
4461,453
4462,454
4463,454
4464,454
4465,454
4466,454
4467,453
4468,453
4469,453
4470,454
4471,454
4472,454
4473,454
4474,453
4475,453
4476,453
4477,453
4478,454
4479,454
4480,454
4481,454
4482,454
4483,453
4484,453
4486,453
4487,454
4488,453
4489,454
4490,454
4491,454
4492,453
4493,453
4494,453
4495,453
4496,454
4497,454
4498,454
4499,454
4500,454
4501,453
4502,453
4503,453
4504,454
4505,455
4506,455
4507,454
4508,454
4509,453
4510,453
4511,454
4512,454
4513,454
4514,454
4515,454
4516,454
4517,453
4518,453
4519,453
4520,454
4521,454
4522,454
4523,454
4524,455
4525,454
4526,454
4527,453
4529,454
4530,454
4531,455
4532,454
4533,454
4534,454
4535,453
4536,453
4537,454
4538,454
4539,454
4540,454
4541,454
4542,453
4543,454
4544,454
4545,454
4546,455
4547,455
4548,454
4549,454
4550,453
4551,453
4552,453
4553,454
4554,454
4555,454
4556,454
4557,454
4558,454
4559,454
4560,453
4561,453
4562,454
4563,454
4564,454
4565,455
4566,454
4567,453
4568,453
4569,453
4570,454
4572,454
4573,454
4574,454
4575,453
4576,453
4577,453
4578,453
4579,454
4580,454
4581,454
4582,454
4583,454
4584,453
4585,454
4586,454
4587,454
4588,454
4589,454
4590,454
4591,454
4592,454
4593,453
4594,453
4595,454
4596,454
4597,454
4598,454
4599,454
4600,454
4601,454
4602,453
4603,453
4604,454
4605,455
4606,454
4607,454
4608,453
4609,453
4610,452
4611,451
4612,453
4614,455
4615,454
4616,454
4617,454
4618,453
4619,453
4620,454
4621,454
4622,454
4623,454
4624,454
4625,454
4626,454
4627,453
4628,453
4629,454
4630,454
4631,454
4632,454
4633,454
4634,453
4635,453
4636,454
4637,454
4638,454
4639,454
4640,454
4641,453
4642,453
4643,453
4644,454
4645,454
4646,455
4647,455
4648,454
4649,454
4650,453
4651,453
4652,454
4653,454
4654,454
4655,454
4657,454
4658,454
4659,453
4660,453
4661,453
4662,453
4663,454
4664,454
4665,455
4666,454
4667,454
4668,453
4669,453
4670,453
4671,454
4672,454
4673,454
4674,454
4675,454
4676,453
4677,453
4678,454
4679,454
4680,454
4681,454
4682,454
4683,454
4684,453
4685,454
4686,454
4687,454
4688,454
4689,454
4690,454
4691,453
4692,453
4693,453
4694,453
4695,454
4696,454
4697,454
4698,454
4700,454
4701,453
4702,453
4703,453
4704,454
4705,455
4706,455
4707,454
4708,454
4709,453
4710,453
4711,453
4712,453
4713,453
4714,454
4715,454
4716,453
4717,452
4718,453
4719,453
4720,451
4721,453
4722,454
4723,454
4724,454
4725,454
4726,454
4727,453
4728,453
4729,453
4730,452
4731,449
4732,453
4733,453
4734,453
4735,453
4736,453
4737,454
4738,454
4739,454
4740,454
4742,453
4743,453
4744,453
4745,453
4746,454
4747,454
4748,454
4749,453
4750,453
4751,453
4752,453
4753,453
4754,453
4755,454
4756,454
4757,453
4758,453
4759,453
4760,453
4761,453
4762,453
4763,454
4764,453
4765,454
4766,454
4767,453
4768,453
4769,452
4770,453
4771,454
4772,454
4773,453
4774,453
4775,453
4776,453
4777,452
4778,453
4779,453
4780,454
4781,453
4782,453
4783,452
4785,453
4786,453
4787,453
4788,453
4789,453
4790,453
4791,453
4792,453
4793,453
4794,453
4795,453
4796,453
4797,453
4798,453
4799,453
4800,453
4801,452
4802,452
4803,453
4804,453
4805,454
4806,454
4807,453
4808,453
4809,452
4810,452
4811,453
4812,453
4813,453
4814,454
4815,453
4816,453
4817,453
4818,452
4819,453
4820,453
4821,453
4822,453
4823,453
4824,453
4825,453
4826,453
4828,452
4829,453
4830,453
4831,453
4832,453
4833,452
4834,452
4835,452
4836,452
4837,453
4838,453
4839,453
4840,453
4841,453
4842,452
4843,452
4844,452
4845,453
4846,453
4847,453
4848,453
4849,453
4850,452
4851,452
4852,452
4853,452
4854,453
4855,453
4856,453
4857,453
4858,452
4859,452
4860,452
4861,453
4862,453
4863,453
4864,453
4865,453
4866,453
4867,452
4868,452
4870,452
4871,453
4872,453
4873,453
4874,453
4875,452
4876,452
4877,452
4878,452
4879,453
4880,453
4881,453
4882,453
4883,453
4884,452
4885,453
4886,453
4887,453
4888,453
4889,453
4890,453
4891,452
4892,452
4893,452
4894,452
4895,452
4896,453
4897,453
4898,453
4899,453
4900,452
4901,452
4902,452
4903,453
4904,453
4905,453
4906,453
4907,453
4908,452
4909,452
4910,452
4911,452
4913,453
4914,453
4915,453
4916,452
4917,452
4918,452
4919,452
4920,452
4921,453
4922,453
4923,453
4924,453
4925,452
4926,453
4927,452
4928,452
4929,453
4930,453
4931,453
4932,452
4933,452
4934,452
4935,452
4936,452
4937,452
4938,453
4939,453
4940,453
4941,452
4942,452
4943,452
4944,452
4945,453
4946,454
4947,453
4948,453
4949,452
4950,452
4951,452
4952,452
4953,453
4954,453
4956,453
4957,453
4958,452
4959,452
4960,452
4961,452
4962,452
4963,453
4964,453
4965,453
4966,453
4967,452
4968,452
4969,452
4970,452
4971,453
4972,453
4973,452
4974,453
4975,452
4976,452
4977,452
4978,452
4979,453
4980,453
4981,453
4982,453
4983,452
4984,452
4985,453
4986,453
4987,453
4988,453
4989,453
4990,453
4991,452
4992,452
4993,452
4994,452
4995,453
4996,453
4998,453
4999,453
5000,452
5001,452
5002,452
5003,452
5004,453
5005,453
5006,453
5007,453
5008,452
5009,452
5010,452
5011,452
5012,453
5013,453
5014,453
5015,453
5016,452
5017,452
5018,452
5019,452
5020,452
5021,453
5022,453
5023,453
5024,452
5025,452
5026,452
5027,452
5028,452
5029,453
5030,453
5031,453
5032,452
5033,452
5034,452
5035,452
5036,452
5037,453
5038,453
5039,453
5041,452
5042,452
5043,452
5044,452
5045,453
5046,453
5047,453
5048,453
5049,452
5050,452
5051,452
5052,452
5053,452
5054,453
5055,453
5056,453
5057,453
5058,452
5059,452
5060,452
5061,452
5062,453
5063,453
5064,453
5065,453
5066,453
5067,452
5068,452
5069,452
5070,453
5071,453
5072,453
5073,453
5074,452
5075,452
5076,452
5077,452
5078,453
5079,453
5080,453
5081,453
5082,453
5084,452
5085,452
5086,453
5087,453
5088,453
5089,453
5090,451
5091,451
5092,452
5093,452
5094,452
5095,453
5096,453
5097,453
5098,453
5099,453
5100,452
5101,452
5102,452
5103,453
5104,453
5105,454
5106,454
5107,453
5108,452
5109,452
5110,452
5111,452
5112,453
5113,453
5114,453
5115,453
5116,452
5117,452
5118,452
5119,453
5120,453
5121,453
5122,453
5123,453
5124,453
5126,453
5127,453
5128,453
5129,453
5130,453
5131,453
5132,453
5133,452
5134,452
5135,452
5136,453
5137,453
5138,453
5139,453
5140,453
5141,453
5142,452
5143,452
5144,452
5145,453
5146,454
5147,453
5148,453
5149,453
5150,452
5151,451
5152,452
5153,453
5154,453
5155,453
5156,453
5157,453
5158,452
5159,452
5160,452
5161,453
5162,453
5163,453
5164,453
5165,454
5166,453
5167,452
5169,453
5170,453
5171,453
5172,453
5173,453
5174,453
5175,452
5176,452
5177,452
5178,453
5179,453
5180,453
5181,453
5182,453
5183,453
5184,452
5185,453
5186,453
5187,453
5188,453
5189,453
5190,453
5191,453
5192,452
5193,452
5194,453
5195,453
5196,453
5197,454
5198,453
5199,453
5200,453
5201,453
5202,453
5203,453
5204,454
5205,454
5206,454
5207,453
5208,453
5209,453
5210,453
5212,453
5213,454
5214,454
5215,454
5216,453
5217,453
5218,453
5219,453
5220,453
5221,454
5222,454
5223,454
5224,454
5225,454
5226,453
5227,453
5228,453
5229,454
5230,454
5231,454
5232,453
5233,453
5234,453
5235,453
5236,453
5237,454
5238,454
5239,454
5240,454
5241,453
5242,453
5243,453
5244,453
5245,454
5246,455
5247,454
5248,454
5249,453
5250,453
5251,453
5252,453
5254,454
5255,454
5256,454
5257,454
5258,453
5259,453
5260,453
5261,453
5262,454
5263,454
5264,454
5265,454
5266,454
5267,453
5268,453
5269,453
5270,454
5271,454
5272,454
5273,454
5274,454
5275,454
5276,453
5277,453
5278,454
5279,454
5280,454
5281,454
5282,454
5283,453
5284,453
5285,454
5286,454
5287,454
5288,454
5289,454
5290,454
5291,453
5292,453
5293,453
5294,454
5295,454
5297,454
5298,454
5299,454
5300,454
5301,454
5302,454
5303,454
5304,454
5305,455
5306,455
5307,454
5308,454
5309,454
5310,454
5311,454
5312,454
5313,455
5314,455
5315,454
5316,454
5317,454
5318,454
5319,454
5320,454
5321,455
5322,455
5323,454
5324,454
5325,454
5326,454
5327,454
5328,454
5329,454
5330,455
5331,454
5332,454
5333,454
5334,453
5335,454
5336,454
5337,455
5338,454
5340,455
5341,454
5342,454
5343,454
5344,454
5345,454
5346,455
5347,455
5348,454
5349,454
5350,454
5351,453
5352,454
5353,454
5354,454
5355,455
5356,454
5357,454
5358,454
5359,454
5360,454
5361,454
5362,454
5363,455
5364,454
5365,455
5366,454
5367,454
5368,454
5369,454
5370,455
5371,455
5372,455
5373,454
5374,454
5375,454
5376,454
5377,454
5378,455
5379,455
5380,455
5382,455
5383,454
5384,454
5385,454
5386,454
5387,455
5388,455
5389,455
5390,454
5391,454
5392,454
5393,454
5394,454
5395,454
5396,455
5397,455
5398,455
5399,454
5400,454
5401,454
5402,454
5403,454
5404,455
5405,455
5406,455
5407,454
5408,454
5409,454
5410,454
5411,454
5412,455
5413,455
5414,455
5415,454
5416,454
5417,454
5418,454
5419,454
5420,455
5421,455
5422,455
5423,454
5425,454
5426,454
5427,454
5428,454
5429,454
5430,455
5431,455
5432,454
5433,454
5434,454
5435,454
5436,454
5437,455
5438,455
5439,455
5440,454
5441,454
5442,454
5443,454
5444,454
5445,455
5446,455
5447,455
5448,454
5449,454
5450,454
5451,454
5452,454
5453,455
5454,455
5455,455
5456,455
5457,454
5458,454
5459,454
5460,454
5461,454
5462,455
5463,455
5464,455
5465,455
5466,454
5468,454
5469,454
5470,454
5471,455
5472,455
5473,455
5474,454
5475,454
5476,454
5477,454
5478,454
5479,454
5480,455
5481,454
5482,454
5483,454
5484,454
5485,455
5486,455
5487,455
5488,455
5489,455
5490,453
5491,451
5492,453
5493,453
5494,454
5495,454
5496,455
5497,454
5498,454
5499,454
5500,454
5501,453
5502,454
5503,454
5504,455
5505,455
5506,455
5507,454
5508,454
5510,453
5511,450
5512,454
5513,455
5514,455
5515,455
5516,454
5517,454
5518,454
5519,454
5520,454
5521,455
5522,455
5523,455
5524,454
5525,454
5526,454
5527,454
5528,454
5529,454
5530,455
5531,455
5532,454
5533,454
5534,454
5535,454
5536,454
5537,455
5538,455
5539,455
5540,454
5541,453
5542,453
5543,454
5544,454
5545,455
5546,455
5547,455
5548,454
5549,454
5550,454
5551,454
5553,454
5554,454
5555,455
5556,455
5557,455
5558,454
5559,454
5560,454
5561,454
5562,454
5563,454
5564,455
5565,455
5566,454
5567,454
5568,454
5569,454
5570,454
5571,455
5572,455
5573,455
5574,454
5575,454
5576,454
5577,454
5578,454
5579,455
5580,455
5581,454
5582,454
5583,454
5584,453
5585,454
5586,455
5587,455
5588,455
5589,454
5590,454
5591,453
5592,454
5593,454
5594,454
5596,454
5597,455
5598,454
5599,454
5600,454
5601,454
5602,454
5603,454
5604,454
5605,455
5606,455
5607,454
5608,454
5609,454
5610,454
5611,454
5612,454
5613,455
5614,455
5615,454
5616,453
5617,454
5618,454
5619,454
5620,454
5621,455
5622,455
5623,454
5624,454
5625,454
5626,454
5627,454
5628,454
5629,454
5630,455
5631,455
5632,454
5633,454
5634,454
5635,454
5636,454
5638,455
5639,455
5640,454
5641,454
5642,454
5643,454
5644,454
5645,455
5646,455
5647,455
5648,454
5649,454
5650,454
5651,454
5652,454
5653,454
5654,454
5655,455
5656,455
5657,454
5658,454
5659,454
5660,454
5661,454
5662,455
5663,455
5664,455
5665,455
5666,455
5667,454
5668,454
5669,454
5670,454
5671,455
5672,455
5673,454
5674,454
5675,454
5676,454
5677,454
5678,454
5679,455
5681,455
5682,454
5683,454
5684,454
5685,454
5686,455
5687,455
5688,455
5689,455
5690,454
5691,454
5692,454
5693,454
5694,454
5695,454
5696,455
5697,455
5698,454
5699,454
5700,454
5701,454
5702,454
5703,454
5704,455
5705,455
5706,455
5707,454
5708,454
5709,454
5710,453
5711,448
5712,454
5713,455
5714,454
5715,454
5716,451
5717,453
5718,454
5719,454
5720,454
5721,455
5722,454
5724,451
5725,454
5726,454
5727,454
5728,454
5729,454
5730,447
5731,454
5732,454
5733,453
5734,453
5735,454
5736,454
5737,455
5738,455
5739,454
5740,454
5741,454
5742,454
5743,454
5744,454
5745,455
5746,455
5747,455
5748,454
5749,454
5750,454
5751,454
5752,454
5753,454
5754,455
5755,455
5756,454
5757,454
5758,454
5759,454
5760,454
5761,454
5762,455
5763,455
5764,455
5766,455
5767,454
5768,454
5769,454
5770,455
5771,455
5772,455
5773,455
5774,454
5775,454
5776,454
5777,454
5778,454
5779,455
5780,455
5781,455
5782,454
5783,454
5784,454
5785,455
5786,455
5787,455
5788,455
5789,455
5790,454
5791,454
5792,454
5793,454
5794,454
5795,454
5796,455
5797,455
5798,454
5799,454
5800,454
5801,454
5802,454
5803,454
5804,455
5805,455
5806,455
5807,454
5809,454
5810,454
5811,454
5812,455
5813,455
5814,455
5815,455
5816,454
5817,454
5818,454
5819,454
5820,454
5821,455
5822,455
5823,455
5824,454
5825,454
5826,454
5827,454
5828,455
5829,455
5830,455
5831,454
5832,454
5833,454
5834,454
5835,454
5836,454
5837,455
5838,455
5839,455
5840,454
5841,454
5842,453
5843,454
5844,454
5845,455
5846,455
5847,455
5848,454
5849,454
5850,454
5852,454
5853,454
5854,455
5855,455
5856,455
5857,454
5858,454
5859,454
5860,454
5861,454
5862,455
5863,455
5864,455
5865,455
5866,454
5867,454
5868,454
5869,455
5870,455
5871,455
5872,455
5873,454
5874,454
5875,454
5876,454
5877,454
5878,454
5879,455
5880,455
5881,455
5882,454
5883,454
5884,454
5885,455
5886,455
5887,455
5888,455
5889,455
5890,454
5891,454
5892,454
5894,454
5895,455
5896,455
5897,455
5898,455
5899,454
5900,454
5901,454
5902,455
5903,455
5904,455
5905,456
5906,456
5907,455
5908,454
5909,454
5910,454
5911,455
5912,455
5913,455
5914,455
5915,455
5916,454
5917,454
5918,454
5919,455
5920,455
5921,455
5922,455
5923,455
5924,454
5925,455
5926,455
5927,455
5928,455
5929,455
5930,455
5931,453
5932,454
5933,454
5934,454
5935,455
5937,455
5938,455
5939,455
5940,455
5941,454
5942,454
5943,454
5944,455
5945,455
5946,456
5947,456
5948,455
5949,454
5950,454
5951,454
5952,455
5953,455
5954,455
5955,455
5956,455
5957,455
5958,454
5959,454
5960,455
5961,455
5962,455
5963,455
5964,455
5965,455
5966,455
5967,454
5968,454
5969,455
5970,455
5971,455
5972,455
5973,455
5974,454
5975,454
5976,455
5977,455
5978,455
5980,455
5981,455
5982,455
5983,454
5984,454
5985,455
5986,455
5987,456
5988,455
5989,455
5990,455
5991,453
5992,454
5993,454
5994,454
5995,455
5996,455
5997,455
5998,455
5999,454
6000,454
6001,454
6002,455
6003,455
6004,455
6005,456
6006,455
6007,454
6008,454
6009,454
6010,455
6011,455
6012,455
6013,455
6014,455
6015,455
6016,454
6017,454
6018,455
6019,455
6020,455
6022,455
6023,455
6024,455
6025,455
6026,455
6027,455
6028,455
6029,455
6030,455
6031,455
6032,455
6033,454
6034,454
6035,454
6036,455
6037,455
6038,455
6039,455
6040,455
6041,454
6042,454
6043,454
6044,455
6045,456
6046,456
6047,455
6048,455
6049,454
6050,454
6051,454
6052,455
6053,455
6054,455
6055,455
6056,455
6057,455
6058,454
6059,455
6060,455
6061,455
6062,455
6063,455
6065,455
6066,455
6067,455
6068,454
6069,455
6070,455
6071,456
6072,455
6073,455
6074,454
6075,454
6076,453
6077,455
6078,455
6079,455
6080,455
6081,455
6082,455
6083,454
6084,454
6085,455
6086,456
6087,456
6088,455
6089,455
6090,454
6091,448
6092,453
6093,455
6094,455
6095,455
6096,455
6097,455
6098,454
6099,454
6100,454
6101,454
6102,455
6103,453
6104,455
6105,456
6106,455
6108,455
6109,455
6110,455
6111,454
6112,456
6113,455
6114,455
6115,452
6116,455
6117,455
6118,454
6119,455
6120,455
6121,455
6122,455
6123,455
6124,454
6125,455
6126,455
6127,455
6128,455
6129,455
6130,455
6131,455
6132,455
6133,454
6134,454
6135,455
6136,455
6137,455
6138,455
6139,455
6140,455
6141,454
6142,454
6143,454
6144,455
6145,456
6146,456
6147,455
6148,455
6150,455
6151,455
6152,455
6153,455
6154,456
6155,456
6156,455
6157,455
6158,455
6159,454
6160,455
6161,455
6162,455
6163,455
6164,455
6165,455
6166,455
6167,455
6168,455
6169,455
6170,456
6171,456
6172,455
6173,455
6174,455
6175,454
6176,455
6177,455
6178,455
6179,455
6180,455
6181,455
6182,455
6183,455
6184,455
6185,455
6186,456
6187,456
6188,455
6189,455
6190,455
6191,454
6193,454
6194,454
6195,453
6196,455
6197,456
6198,455
6199,455
6200,455
6201,454
6202,455
6203,455
6204,455
6205,456
6206,456
6207,455
6208,454
6209,455
6210,455
6211,455
6212,455
6213,456
6214,455
6215,455
6216,455
6217,454
6218,455
6219,455
6220,455
6221,455
6222,456
6223,455
6224,454
6225,455
6226,455
6227,455
6228,456
6229,455
6230,455
6231,455
6232,455
6233,455
6234,455
6236,455
6237,455
6238,456
6239,455
6240,455
6241,455
6242,454
6243,454
6244,455
6245,456
6246,456
6247,456
6248,455
6249,455
6250,454
6251,455
6252,455
6253,455
6254,456
6255,456
6256,455
6257,455
6258,455
6259,455
6260,455
6261,455
6262,456
6263,456
6264,455
6265,456
6266,455
6267,455
6268,455
6269,455
6270,456
6271,456
6272,455
6273,455
6274,454
6275,455
6276,455
6278,455
6279,455
6280,456
6281,455
6282,455
6283,455
6284,455
6285,455
6286,456
6287,456
6288,456
6289,456
6290,455
6291,455
6292,454
6293,455
6294,455
6295,456
6296,455
6297,455
6298,455
6299,455
6300,455
6301,455
6302,455
6303,455
6304,456
6305,456
6306,456
6307,455
6308,455
6309,455
6310,455
6311,456
6312,456
6313,456
6314,455
6315,455
6316,455
6317,455
6318,455
6319,456
6321,456
6322,455
6323,455
6324,455
6325,455
6326,455
6327,455
6328,455
6329,456
6330,456
6331,455
6332,455
6333,455
6334,454
6335,455
6336,455
6337,455
6338,455
6339,455
6340,455
6341,455
6342,455
6343,455
6344,455
6345,456
6346,456
6347,455
6348,455
6349,455
6350,455
6351,455
6352,455
6353,456
6354,456
6355,455
6356,455
6357,455
6358,455
6359,455
6360,455
6361,455
6362,456
6364,455
6365,455
6366,455
6367,455
6368,455
6369,455
6370,455
6371,456
6372,455
6373,455
6374,455
6375,455
6376,455
6377,455
6378,456
6379,456
6380,456
6381,455
6382,455
6383,454
6384,454
6385,455
6386,456
6387,456
6388,456
6389,454
6390,454
6391,455
6392,455
6393,455
6394,455
6395,456
6396,456
6397,455
6398,455
6399,455
6400,454
6401,455
6402,455
6403,456
6404,456
6406,456
6407,455
6408,455
6409,455
6410,455
6411,455
6412,456
6413,455
6414,454
6415,455
6416,455
6417,455
6418,455
6419,455
6420,456
6421,455
6422,456
6423,455
6424,455
6425,455
6426,456
6427,456
6428,455
6429,456
6430,456
6431,455
6432,455
6433,454
6434,455
6435,455
6436,456
6437,455
6438,455
6439,455
6440,455
6441,454
6442,455
6443,455
6444,456
6445,456
6446,456
6447,455
6449,455
6450,455
6451,454
6452,455
6453,456
6454,456
6455,456
6456,455
6457,455
6458,455
6459,455
6460,455
6461,455
6462,456
6463,455
6464,455
6465,455
6466,455
6467,455
6468,455
6469,455
6470,456
6471,456
6472,455
6473,455
6474,455
6475,455
6476,455
6477,455
6478,456
6479,455
6480,455
6481,455
6482,455
6483,454
6484,455
6485,456
6486,456
6487,456
6488,456
6489,455
6490,455
6492,455
6493,455
6494,455
6495,455
6496,456
6497,455
6498,455
6499,455
6500,454
6501,455
6502,455
6503,455
6504,456
6505,456
6506,456
6507,455
6508,455
6509,455
6510,455
6511,455
6512,455
6513,456
6514,455
6515,455
6516,455
6517,454
6518,455
6519,455
6520,456
6521,455
6522,455
6523,455
6524,455
6525,455
6526,455
6527,455
6528,456
6529,456
6530,455
6531,455
6532,454
6534,455
6535,455
6536,455
6537,456
6538,456
6539,456
6540,455
6541,455
6542,455
6543,455
6544,455
6545,456
6546,456
6547,456
6548,455
6549,455
6550,455
6551,455
6552,455
6553,455
6554,456
6555,455
6556,455
6557,455
6558,455
6559,455
6560,455
6561,455
6562,456
6563,455
6564,455
6565,455
6566,455
6567,455
6568,455
6569,455
6570,456
6571,456
6572,455
6573,454
6574,455
6575,455
6577,455
6578,455
6579,456
6580,456
6581,455
6582,455
6583,454
6584,455
6585,456
6586,456
6587,456
6588,455
6589,455
6590,455
6591,454
6592,454
6593,455
6594,455
6595,456
6596,455
6597,455
6598,455
6599,454
6600,454
6601,455
6602,455
6603,456
6604,456
6605,456
6606,456
6607,455
6608,454
6609,455
6610,446
6611,455
6612,455
6613,455
6614,455
6615,452
6616,454
6617,455
6618,455
6620,455
6621,455
6622,455
6623,453
6624,455
6625,455
6626,455
6627,456
6628,455
6629,456
6630,455
6631,455
6632,455
6633,455
6634,454
6635,454
6636,455
6637,456
6638,455
6639,455
6640,455
6641,455
6642,455
6643,455
6644,455
6645,456
6646,456
6647,455
6648,455
6649,455
6650,454
6651,454
6652,454
6653,456
6654,456
6655,455
6656,455
6657,455
6658,454
6659,455
6660,455
6662,455
6663,455
6664,455
6665,455
6666,455
6667,455
6668,455
6669,455
6670,456
6671,456
6672,455
6673,455
6674,455
6675,455
6676,455
6677,455
6678,456
6679,456
6680,455
6681,455
6682,455
6683,455
6684,455
6685,456
6686,456
6687,456
6688,456
6689,455
6690,455
6691,455
6692,455
6693,455
6694,455
6695,456
6696,455
6697,455
6698,455
6699,455
6700,455
6701,455
6702,455
6703,456
6705,456
6706,456
6707,455
6708,455
6709,455
6710,455
6711,455
6712,456
6713,455
6714,455
6715,455
6716,455
6717,454
6718,455
6719,455
6720,456
6721,455
6722,455
6723,454
6724,454
6725,455
6726,455
6727,455
6728,455
6729,455
6730,454
6731,455
6732,454
6733,454
6734,453
6735,455
6736,455
6737,455
6738,455
6739,455
6740,455
6741,454
6742,454
6743,455
6744,455
6745,456
6746,456
6748,455
6749,455
6750,455
6751,455
6752,455
6753,455
6754,456
6755,455
6756,455
6757,455
6758,455
6759,455
6760,455
6761,455
6762,456
6763,456
6764,455
6765,455
6766,455
6767,455
6768,455
6769,456
6770,456
6771,456
6772,455
6773,455
6774,455
6775,455
6776,455
6777,456
6778,456
6779,456
6780,455
6781,455
6782,455
6783,454
6784,455
6785,456
6786,456
6787,456
6788,455
6790,455
6791,455
6792,455
6793,455
6794,455
6795,456
6796,456
6797,455
6798,455
6799,455
6800,455
6801,455
6802,455
6803,456
6804,456
6805,456
6806,456
6807,455
6808,455
6809,455
6810,455
6811,456
6812,456
6813,456
6814,455
6815,455
6816,455
6817,455
6818,455
6819,456
6820,456
6821,456
6822,455
6823,455
6824,455
6825,455
6826,455
6827,456
6828,456
6829,456
6830,455
6831,455
6833,455
6834,455
6835,455
6836,455
6837,456
6838,456
6839,455
6840,455
6841,455
6842,454
6843,455
6844,455
6845,456
6846,456
6847,456
6848,455
6849,454
6850,454
6851,455
6852,455
6853,455
6854,455
6855,455
6856,455
6857,454
6858,454
6859,454
6860,455
6861,455
6862,455
6863,455
6864,455
6865,455
6866,455
6867,454
6868,455
6869,455
6870,455
6871,455
6872,454
6873,455
6874,454
6876,455
6877,455
6878,455
6879,455
6880,455
6881,455
6882,454
6883,455
6884,454
6885,455
6886,456
6887,456
6888,455
6889,455
6890,455
6891,455
6892,454
6893,455
6894,455
6895,456
6896,456
6897,455
6898,455
6899,455
6900,455
6901,455
6902,455
6903,456
6904,455
6905,456
6906,455
6907,455
6908,455
6909,455
6910,456
6911,456
6912,456
6913,455
6914,455
6915,455
6916,455
6918,455
6919,456
6920,456
6921,456
6922,456
6923,455
6924,455
6925,455
6926,456
6927,456
6928,456
6929,456
6930,456
6931,455
6932,455
6933,455
6934,455
6935,456
6936,456
6937,456
6938,456
6939,455
6940,455
6941,455
6942,455
6943,455
6944,456
6945,456
6946,456
6947,455
6948,455
6949,455
6950,455
6951,455
6952,455
6953,456
6954,456
6955,455
6956,455
6957,455
6958,455
6959,455
6961,456
6962,456
6963,456
6964,455
6965,455
6966,455
6967,455
6968,455
6969,455
6970,456
6971,456
6972,455
6973,455
6974,455
6975,454
6976,455
6977,455
6978,455
6979,455
6980,455
6981,455
6982,454
6983,454
6984,454
6985,455
6986,456
6987,455
6988,455
6989,453
6990,454
6991,454
6992,454
6993,452
6994,455
6995,454
6996,455
6997,454
6998,454
6999,454
7000,452
7001,454
7002,455
7004,455
7005,454
7006,455
7007,455
7008,454
7009,454
7010,454
7011,454
7012,455
7013,455
7014,454
7015,454
7016,454
7017,454
7018,454
7019,455
7020,455
7021,455
7022,455
7023,454
7024,454
7025,455
7026,455
7027,455
7028,455
7029,456
7030,455
7031,455
7032,455
7033,454
7034,455
7035,455
7036,456
7037,456
7038,455
7039,455
7040,455
7041,455
7042,455
7043,455
7044,456
7046,456
7047,456
7048,455
7049,455
7050,455
7051,455
7052,456
7053,456
7054,456
7055,456
7056,455
7057,455
7058,455
7059,455
7060,455
7061,456
7062,456
7063,456
7064,455
7065,455
7066,455
7067,455
7068,455
7069,456
7070,456
7071,456
7072,456
7073,455
7074,455
7075,455
7076,455
7077,455
7078,456
7079,456
7080,455
7081,455
7082,455
7083,455
7084,455
7085,456
7086,456
7087,456
7089,455
7090,455
7091,454
7092,454
7093,453
7094,455
7095,455
7096,455
7097,455
7098,454
7099,454
7100,454
7101,455
7102,455
7103,455
7104,455
7105,455
7106,455
7107,454
7108,454
7109,454
7110,454
7111,455
7112,455
7113,455
7114,454
7115,454
7116,454
7117,454
7118,454
7119,454
7120,455
7121,454
7122,454
7123,454
7124,453
7125,454
7126,454
7127,454
7128,454
7129,454
7130,446
7132,453
7133,453
7134,454
7135,454
7136,454
7137,454
7138,454
7139,453
7140,453
7141,453
7142,453
7143,453
7144,453
7145,454
7146,454
7147,454
7148,453
7149,453
7150,453
7151,454
7152,454
7153,454
7154,454
7155,454
7156,454
7157,453
7158,453
7159,453
7160,454
7161,454
7162,454
7163,454
7164,454
7165,454
7166,454
7167,454
7168,454
7169,455
7170,455
7171,455
7172,454
7174,454
7175,454
7176,454
7177,454
7178,455
7179,455
7180,455
7181,454
7182,454
7183,454
7184,454
7185,455
7186,455
7187,456
7188,455
7189,455
7190,454
7191,454
7192,454
7193,455
7194,455
7195,455
7196,455
7197,454
7198,454
7199,454
7200,454
7201,454
7202,455
7203,455
7204,455
7205,455
7206,455
7207,454
7208,454
7209,454
7210,455
7211,455
7212,455
7213,454
7214,454
7215,454
7217,454
7218,454
7219,454
7220,455
7221,455
7222,454
7223,454
7224,453
7225,454
7226,454
7227,455
7228,454
7229,454
7230,454
7231,453
7232,453
7233,453
7234,453
7235,454
7236,454
7237,454
7238,454
7239,453
7240,453
7241,453
7242,453
7243,453
7244,454
7245,454
7246,454
7247,453
7248,452
7249,452
7250,453
7251,453
7252,453
7253,453
7254,453
7255,452
7256,452
7257,452
7258,452
7260,452
7261,453
7262,453
7263,453
7264,452
7265,452
7266,452
7267,452
7268,452
7269,453
7270,452
7271,453
7272,452
7273,452
7274,451
7275,452
7276,452
7277,452
7278,452
7279,452
7280,452
7281,452
7282,452
7283,452
7284,452
7285,453
7286,453
7287,453
7288,452
7289,452
7290,452
7291,452
7292,452
7293,453
7294,453
7295,453
7296,453
7297,452
7298,452
7299,452
7300,452
7302,453
7303,453
7304,453
7305,453
7306,453
7307,453
7308,453
7309,453
7310,453
7311,453
7312,453
7313,453
7314,453
7315,453
7316,453
7317,453
7318,453
7319,454
7320,454
7321,454
7322,453
7323,453
7324,453
7325,454
7326,454
7327,454
7328,454
7329,454
7330,453
7331,453
7332,453
7333,453
7334,453
7335,454
7336,453
7337,454
7338,454
7339,453
7340,453
7341,453
7342,453
7343,453
7345,454
7346,454
7347,454
7348,453
7349,453
7350,453
7351,453
7352,453
7353,453
7354,454
7355,453
7356,453
7357,453
7358,452
7359,453
7360,453
7361,453
7362,453
7363,453
7364,453
7365,453
7366,453
7367,453
7368,452
7369,453
7370,453
7371,453
7372,452
7373,452
7374,452
7375,452
7376,452
7377,453
7378,452
7379,452
7380,452
7381,452
7382,451
7383,451
7384,452
7385,453
7386,453
7388,452
7389,452
7390,451
7391,451
7392,451
7393,452
7394,452
7395,452
7396,452
7397,451
7398,451
7399,451
7400,451
7401,451
7402,451
7403,451
7404,451
7405,451
7406,451
7407,451
7408,451
7409,451
7410,450
7411,451
7412,451
7413,451
7414,450
7415,451
7416,451
7417,451
7418,451
7419,452
7420,452
7421,452
7422,451
7423,451
7424,451
7425,452
7426,452
7427,452
7428,452
7430,452
7431,451
7432,451
7433,451
7434,452
7435,452
7436,452
7437,452
7438,452
7439,452
7440,452
7441,452
7442,451
7443,452
7444,453
7445,453
7446,453
7447,452
7448,452
7449,452
7450,452
7451,452
7452,453
7453,453
7454,453
7455,452
7456,452
7457,452
7458,452
7459,453
7460,453
7461,453
7462,453
7463,453
7464,452
7465,452
7466,453
7467,452
7468,453
7469,453
7470,453
7471,453
7473,452
7474,452
7475,452
7476,452
7477,453
7478,453
7479,453
7480,453
7481,452
7482,452
7483,452
7484,452
7485,453
7486,454
7487,453
7488,452
7489,452
7490,452
7491,452
7492,452
7493,452
7494,453
7495,452
7496,452
7497,452
7498,452
7499,451
7500,452
7501,452
7502,453
7503,452
7504,452
7505,452
7506,452
7507,451
7508,451
7509,451
7510,452
7511,452
7512,452
7513,451
7514,451
7516,451
7517,450
7518,451
7519,451
7520,451
7521,451
7522,451
7523,450
7524,451
7525,451
7526,451
7527,451
7528,451
7529,451
7530,451
7531,450
7532,450
7533,450
7534,450
7535,451
7536,451
7537,451
7538,450
7539,450
7540,450
7541,450
7542,450
7543,451
7544,451
7545,451
7546,451
7547,450
7548,450
7549,450
7550,450
7551,451
7552,451
7553,451
7554,451
7555,450
7556,451
7558,450
7559,451
7560,451
7561,451
7562,451
7563,451
7564,451
7565,451
7566,451
7567,451
7568,451
7569,452
7570,452
7571,452
7572,452
7573,451
7574,451
7575,451
7576,451
7577,452
7578,452
7579,452
7580,451
7581,452
7582,452
7583,451
7584,452
7585,453
7586,453
7587,452
7588,452
7589,451
7590,451
7591,452
7592,452
7593,452
7594,452
7595,452
7596,452
7597,452
7598,451
7599,452
7601,451
7602,452
7603,452
7604,452
7605,452
7606,452
7607,452
7608,452
7609,452
7610,452
7611,452
7612,452
7613,452
7614,451
7615,451
7616,451
7617,452
7618,452
7619,452
7620,452
7621,452
7622,451
7623,451
7624,451
7625,452
7626,452
7627,452
7628,452
7629,452
7630,451
7631,451
7632,451
7633,451
7634,451
7635,451
7636,452
7637,452
7638,451
7639,451
7640,451
7641,451
7642,451
7644,451
7645,451
7646,452
7647,451
7648,450
7649,450
7650,450
7651,450
7652,451
7653,451
7654,451
7655,450
7656,450
7657,450
7658,450
7659,450
7660,451
7661,451
7662,450
7663,450
7664,450
7665,450
7666,450
7667,450
7668,450
7669,451
7670,450
7671,450
7672,450
7673,450
7674,449
7675,450
7676,450
7677,451
7678,450
7679,450
7680,450
7681,450
7682,450
7683,450
7684,450
7686,451
7687,451
7688,451
7689,450
7690,450
7691,451
7692,451
7693,451
7694,452
7695,451
7696,451
7697,451
7698,450
7699,451
7700,451
7701,451
7702,451
7703,451
7704,451
7705,452
7706,451
7707,451
7708,451
7709,452
7710,452
7711,452
7712,452
7713,451
7714,451
7715,451
7716,451
7717,451
7718,452
7719,452
7720,452
7721,451
7722,451
7723,451
7724,451
7725,452
7726,452
7727,452
7729,452
7730,452
7731,451
7732,451
7733,451
7734,451
7735,452
7736,452
7737,452
7738,452
7739,451
7740,451
7741,451
7742,451
7743,452
7744,452
7745,452
7746,452
7747,452
7748,451
7749,451
7750,451
7751,452
7752,452
7753,452
7754,452
7755,451
7756,451
7757,451
7758,451
7759,451
7760,452
7761,452
7762,451
7763,451
7764,451
7765,451
7766,451
7767,451
7768,451
7769,451
7770,451
7772,451
7773,451
7774,451
7775,450
7776,451
7777,451
7778,451
7779,451
7780,451
7781,450
7782,450
7783,450
7784,450
7785,451
7786,451
7787,451
7788,450
7789,450
7790,450
7791,450
7792,450
7793,451
7794,450
7795,450
7796,450
7797,450
7798,449
7799,449
7800,450
7801,450
7802,450
7803,450
7804,450
7805,450
7806,450
7807,450
7808,450
7809,450
7810,450
7811,450
7812,450
7814,450
7815,450
7816,450
7817,450
7818,450
7819,451
7820,451
7821,451
7822,451
7823,450
7824,450
7825,451
7826,451
7827,452
7828,451
7829,451
7830,451
7831,451
7832,451
7833,451
7834,451
7835,452
7836,452
7837,452
7838,451
7839,451
7840,451
7841,451
7842,451
7843,451
7844,451
7845,452
7846,452
7847,451
7848,451
7849,451
7850,449
7851,450
7852,451
7853,452
7854,452
7855,451
7857,450
7858,451
7859,451
7860,452
7861,452
7862,451
7863,451
7864,451
7865,449
7866,451
7867,452
7868,451
7869,452
7870,452
7871,449
7872,451
7873,451
7874,451
7875,451
7876,452
7877,452
7878,452
7879,452
7880,451
7881,451
7882,451
7883,451
7884,452
7885,452
7886,453
7887,452
7888,451
7889,451
7890,451
7891,451
7892,452
7893,452
7894,452
7895,452
7896,452
7897,451
7898,451
7900,451
7901,451
7902,452
7903,452
7904,452
7905,451
7906,452
7907,451
7908,451
7909,451
7910,448
7911,451
7912,452
7913,451
7914,451
7915,450
7916,451
7917,451
7918,451
7919,451
7920,451
7921,451
7922,450
7923,450
7924,450
7925,451
7926,451
7927,451
7928,451
7929,450
7930,450
7931,450
7932,450
7933,450
7934,450
7935,449
7936,451
7937,451
7938,450
7939,450
7940,450
7942,450
7943,451
7944,451
7945,451
7946,452
7947,451
7948,450
7949,450
7950,451
7951,450
7952,445
7953,451
7954,451
7955,451
7956,450
7957,449
7958,451
7959,451
7960,452
7961,452
7962,451
7963,451
7964,450
7965,451
7966,452
7967,452
7968,452
7969,452
7970,452
7971,451
7972,450
7973,451
7974,451
7975,451
7976,452
7977,452
7978,452
7979,452
7980,451
7981,451
7982,451
7983,451
7985,451
7986,452
7987,453
7988,452
7989,451
7990,451
7991,451
7992,451
7993,452
7994,452
7995,452
7996,452
7997,451
7998,451
7999,451
8000,451
8001,452
8002,452
8003,452
8004,452
8005,452
8006,452
8007,452
8008,452
8009,452
8010,452
8011,452
8012,452
8013,452
8014,451
8015,451
8016,451
8017,452
8018,452
8019,452
8020,452
8021,452
8022,452
8023,452
8024,452
8025,453
8026,453
8028,452
8029,453
8030,452
8031,451
8032,452
8033,452
8034,452
8035,452
8036,452
8037,452
8038,452
8039,451
8040,451
8041,451
8042,452
8043,452
8044,452
8045,453
8046,452
8047,452
8048,451
8049,451
8050,452
8051,452
8052,452
8053,451
8054,451
8055,451
8056,451
8057,451
8058,451
8059,451
8060,452
8061,452
8062,451
8063,451
8064,451
8065,451
8066,451
8067,451
8068,451
8070,451
8071,450
8072,450
8073,450
8074,451
8075,451
8076,451
8077,452
8078,451
8079,451
8080,451
8081,450
8082,451
8083,451
8084,451
8085,452
8086,452
8087,452
8088,451
8089,451
8090,451
8091,451
8092,452
8093,452
8094,452
8095,452
8096,452
8097,451
8098,451
8099,451
8100,451
8101,451
8102,452
8103,452
8104,452
8105,452
8106,451
8107,451
8108,451
8109,451
8110,452
8111,452
8113,451
8114,451
8115,451
8116,451
8117,451
8118,451
8119,451
8120,452
8121,451
8122,451
8123,451
8124,451
8125,451
8126,452
8127,452
8128,452
8129,451
8130,451
8131,451
8132,451
8133,451
8134,451
8135,452
8136,451
8137,451
8138,451
8139,451
8140,451
8141,451
8142,451
8143,452
8144,452
8145,452
8146,452
8147,451
8148,451
8149,451
8150,452
8151,452
8152,452
8153,452
8154,451
8156,451
8157,451
8158,451
8159,452
8160,452
8161,452
8162,452
8163,452
8164,452
8165,451
8166,452
8167,452
8168,452
8169,453
8170,452
8171,452
8172,452
8173,451
8174,452
8175,452
8176,452
8177,452
8178,452
8179,452
8180,451
8181,451
8182,451
8183,451
8184,452
8185,453
8186,453
8187,452
8188,451
8189,451
8190,451
8191,451
8192,452
8193,452
8194,452
8195,452
8196,451
8198,451
8199,451
8200,451
8201,451
8202,451
8203,451
8204,451
8205,451
8206,451
8207,451
8208,451
8209,451
8210,451
8211,451
8212,451
8213,451
8214,451
8215,451
8216,451
8217,451
8218,452
8219,452
8220,451
8221,451
8222,451
8223,451
8224,451
8225,452
8226,452
8227,452
8228,452
8229,451
8230,451
8231,451
8232,451
8233,451
8234,452
8235,451
8236,451
8237,451
8238,451
8239,451
8241,451
8242,451
8243,451
8244,452
8245,451
8246,452
8247,451
8248,450
8249,450
8250,451
8251,451
8252,451
8253,451
8254,451
8255,450
8256,450
8257,450
8258,450
8259,451
8260,451
8261,451
8262,451
8263,450
8264,450
8265,451
8266,451
8267,452
8268,452
8269,452
8270,450
8271,448
8272,451
8273,451
8274,451
8275,451
8276,452
8277,452
8278,452
8279,451
8280,451
8281,451
8282,451
8284,452
8285,452
8286,453
8287,453
8288,452
8289,452
8290,452
8291,452
8292,452
8293,453
8294,453
8295,453
8296,452
8297,452
8298,452
8299,452
8300,452
8301,453
8302,453
8303,453
8304,453
8305,453
8306,452
8307,453
8308,452
8309,453
8310,453
8311,453
8312,452
8313,452
8314,452
8315,452
8316,452
8317,452
8318,452
8319,453
8320,453
8321,452
8322,452
8323,452
8324,452
8326,453
8327,453
8328,452
8329,452
8330,451
8331,451
8332,450
8333,451
8334,452
8335,452
8336,452
8337,451
8338,451
8339,451
8340,451
8341,451
8342,452
8343,452
8344,452
8345,452
8346,452
8347,451
8348,451
8349,451
8350,451
8351,444
8352,452
8353,452
8354,451
8355,451
8356,451
8357,451
8358,451
8359,452
8360,452
8361,452
8362,451
8363,451
8364,451
8365,451
8366,451
8367,451
8369,452
8370,451
8371,451
8372,451
8373,450
8374,451
8375,451
8376,451
8377,452
8378,452
8379,451
8380,450
8381,450
8382,450
8383,451
8384,451
8385,451
8386,451
8387,451
8388,450
8389,450
8390,450
8391,450
8392,451
8393,451
8394,452
8395,451
8396,451
8397,451
8398,451
8399,451
8400,451
8401,452
8402,451
8403,452
8404,451
8405,452
8406,452
8407,451
8408,452
8409,452
8410,453
8412,452
8413,452
8414,452
8415,452
8416,452
8417,452
8418,453
8419,453
8420,453
8421,453
8422,452
8423,452
8424,452
8425,453
8426,454
8427,454
8428,454
8429,453
8430,453
8431,453
8432,453
8433,453
8434,453
8435,454
8436,454
8437,453
8438,453
8439,453
8440,452
8441,453
8442,453
8443,453
8444,453
8445,454
8446,453
8447,453
8448,453
8449,453
8450,453
8451,454
8452,454
8454,453
8455,453
8456,452
8457,452
8458,452
8459,453
8460,453
8461,453
8462,452
8463,452
8464,452
8465,452
8466,452
8467,452
8468,452
8469,452
8470,453
8471,452
8472,452
8473,452
8474,452
8475,452
8476,453
8477,452
8478,452
8479,452
8480,452
8481,451
8482,451
8483,452
8484,452
8485,453
8486,452
8487,452
8488,451
8489,451
8490,451
8491,452
8492,452
8493,452
8494,452
8495,452
8497,451
8498,451
8499,451
8500,451
8501,451
8502,451
8503,451
8504,451
8505,451
8506,451
8507,451
8508,453
8509,453
8510,453
8511,451
8512,450
8513,450
8514,450
8515,450
8516,450
8517,451
8518,451
8519,451
8520,450
8521,450
8522,450
8523,450
8524,452
8525,453
8526,454
8527,452
8528,451
8529,451
8530,451
8531,451
8532,451
8533,451
8534,452
8535,452
8536,452
8537,452
8538,452
8540,451
8541,452
8542,452
8543,453
8544,453
8545,453
8546,453
8547,453
8548,452
8549,452
8550,453
8551,453
8552,453
8553,453
8554,453
8555,453
8556,453
8557,453
8558,454
8559,454
8560,454
8561,454
8562,453
8563,453
8564,453
8565,453
8566,454
8567,454
8568,454
8569,454
8570,454
8571,453
8572,453
8573,453
8574,457
8575,458
8576,458
8577,454
8578,453
8579,453
8580,453
8582,453
8583,453
8584,453
8585,453
8586,454
8587,454
8588,453
8589,453
8590,453
8591,453
8592,453
8593,454
8594,453
8595,453
8596,452
8597,452
8598,452
8599,452
8600,452
8601,453
8602,453
8603,453
8604,452
8605,452
8606,452
8607,454
8608,454
8609,454
8610,453
8611,452
8612,452
8613,452
8614,452
8615,452
8616,452
8617,453
8618,453
8619,452
8620,452
8621,452
8622,452
8623,451
8625,452
8626,453
8627,453
8628,452
8629,452
8630,451
8631,451
8632,451
8633,451
8634,451
8635,451
8636,451
8637,451
8638,450
8639,450
8640,450
8641,450
8642,451
8643,451
8644,451
8645,451
8646,451
8647,451
8648,450
8649,451
8650,451
8651,451
8652,451
8653,451
8654,450
8655,450
8656,450
8657,451
8658,451
8659,451
8660,452
8661,452
8662,451
8663,451
8664,451
8665,452
8666,453
8668,452
8669,453
8670,453
8671,452
8672,451
8673,452
8674,452
8675,453
8676,453
8677,454
8678,453
8679,453
8680,453
8681,453
8682,453
8683,453
8684,454
8685,454
8686,455
8687,454
8688,453
8689,453
8690,453
8691,454
8692,454
8693,454
8694,454
8695,454
8696,454
8697,453
8698,454
8699,454
8700,454
8701,454
8702,454
8703,454
8704,453
8705,454
8706,454
8707,454
8708,454
8710,454
8711,454
8712,454
8713,454
8714,453
8715,453
8716,453
8717,454
8718,452
8719,454
8720,454
8721,453
8722,452
8723,452
8724,453
8725,453
8726,454
8727,454
8728,453
8729,453
8730,452
8731,444
8732,452
8733,453
8734,453
8735,453
8736,453
8737,453
8738,452
8739,452
8740,452
8741,452
8742,453
8743,453
8744,452
8745,453
8746,453
8747,452
8748,452
8749,452
8750,453
8751,453
8753,452
8754,452
8755,452
8756,451
8757,451
8758,452
8759,452
8760,452
8761,452
8762,451
8763,451
8764,451
8765,450
8766,451
8767,451
8768,451
8769,451
8770,451
8771,450
8772,451
8773,450
8774,450
8775,450
8776,451
8777,451
8778,451
8779,451
8780,450
8781,450
8782,451
8783,451
8784,452
8785,452
8786,452
8787,452
8788,451
8789,451
8790,452
8791,452
8792,453
8793,453
8794,453
8796,452
8797,452
8798,452
8799,452
8800,453
8801,453
8802,453
8803,453
8804,453
8805,453
8806,453
8807,454
8808,454
8809,454
8810,454
8811,445
8812,454
8813,453
8814,453
8815,453
8816,453
8817,454
8818,454
8819,454
8820,454
8821,454
8822,454
8823,453
8824,454
8825,455
8826,455
8827,455
8828,454
8829,454
8830,454
8831,454
8832,454
8833,455
8834,455
8835,455
8836,454
8838,454
8839,454
8840,454
8841,454
8842,454
8843,454
8844,454
8845,454
8846,454
8847,454
8848,453
8849,453
8850,454
8851,454
8852,454
8853,454
8854,453
8855,453
8856,453
8857,453
8858,453
8859,453
8860,454
8861,453
8862,453
8863,453
8864,452
8865,453
8866,453
8867,454
8868,453
8869,453
8870,453
8871,452
8872,452
8873,452
8874,452
8875,453
8876,453
8877,453
8878,452
8879,452
8881,452
8882,451
8883,452
8884,452
8885,452
8886,453
8887,453
8888,451
8889,451
8890,451
8891,452
8892,452
8893,452
8894,452
8895,452
8896,451
8897,451
8898,451
8899,451
8900,452
8901,452
8902,452
8903,451
8904,451
8905,451
8906,451
8907,452
8908,451
8909,452
8910,452
8911,452
8912,452
8913,452
8914,451
8915,452
8916,452
8917,453
8918,453
8919,453
8920,453
8921,452
8922,452
8924,453
8925,453
8926,454
8927,454
8928,454
8929,453
8930,453
8931,453
8932,454
8933,454
8934,454
8935,455
8936,454
8937,454
8938,454
8939,454
8940,454
8941,454
8942,455
8943,455
8944,455
8945,455
8946,455
8947,455
8948,454
8949,455
8950,455
8951,455
8952,455
8953,455
8954,454
8955,454
8956,454
8957,455
8958,455
8959,455
8960,455
8961,455
8962,455
8963,454
8964,454
8966,455
8967,455
8968,455
8969,455
8970,455
8971,454
8972,454
8973,454
8974,454
8975,454
8976,455
8977,455
8978,454
8979,454
8980,454
8981,453
8982,454
8983,454
8984,454
8985,454
8986,455
8987,454
8988,453
8989,453
8990,453
8991,453
8992,454
8993,454
8994,454
8995,453
8996,453
8997,453
8998,452
8999,453
9000,453
9001,453
9002,453
9003,453
9004,452
9005,452
9006,452
9007,452
9009,452
9010,453
9011,453
9012,452
9013,452
9014,452
9015,452
9016,452
9017,452
9018,452
9019,452
9020,452
9021,452
9022,451
9023,451
9024,452
9025,452
9026,453
9027,453
9028,452
9029,451
9030,451
9031,451
9032,451
9033,452
9034,452
9035,452
9036,452
9037,452
9038,452
9039,452
9040,452
9041,453
9042,453
9043,453
9044,453
9045,453
9046,453
9047,453
9048,453
9049,453
9050,453
9052,454
9053,454
9054,453
9055,453
9056,453
9057,453
9058,454
9059,454
9060,455
9061,455
9062,454
9063,454
9064,454
9065,454
9066,455
9067,455
9068,455
9069,455
9070,455
9071,454
9072,454
9073,454
9074,455
9075,455
9076,455
9077,455
9078,455
9079,455
9080,454
9081,454
9082,455
9083,455
9084,455
9085,456
9086,456
9087,455
9088,454
9089,454
9090,454
9091,455
9092,455
9094,454
9095,455
9096,455
9097,454
9098,454
9099,454
9100,455
9101,455
9102,455
9103,455
9104,454
9105,454
9106,455
9107,455
9108,454
9109,455
9110,454
9111,455
9112,454
9113,454
9114,453
9115,453
9116,454
9117,454
9118,454
9119,454
9120,453
9121,453
9122,453
9123,453
9124,453
9125,454
9126,454
9127,454
9128,453
9129,453
9130,453
9131,453
9132,453
9133,453
9134,453
9135,453
9137,452
9138,452
9139,452
9140,452
9141,452
9142,452
9143,452
9144,453
9145,452
9146,452
9147,452
9148,451
9149,452
9150,452
9151,452
9152,452
9153,452
9154,452
9155,452
9156,452
9157,452
9158,452
9159,453
9160,453
9161,452
9162,452
9163,452
9164,452
9165,453
9166,453
9167,454
9168,453
9169,453
9170,453
9171,452
9172,452
9173,453
9174,453
9175,453
9176,454
9177,454
9178,453
9180,453
9181,453
9182,453
9183,454
9184,454
9185,455
9186,455
9187,455
9188,454
9189,454
9190,454
9191,454
9192,455
9193,455
9194,455
9195,455
9196,455
9197,454
9198,455
9199,455
9200,455
9201,455
9202,455
9203,455
9204,454
9205,455
9206,455
9207,455
9208,455
9209,456
9210,455
9211,455
9212,455
9213,454
9214,454
9215,455
9216,455
9217,455
9218,456
9219,455
9220,455
9222,455
9223,454
9224,455
9225,455
9226,456
9227,456
9228,455
9229,455
9230,454
9231,454
9232,454
9233,454
9234,455
9235,455
9236,455
9237,454
9238,454
9239,454
9240,454
9241,454
9242,455
9243,455
9244,454
9245,454
9246,454
9247,454
9248,454
9249,454
9250,454
9251,454
9252,454
9253,454
9254,453
9255,453
9256,453
9257,453
9258,453
9259,453
9260,453
9261,453
9262,452
9263,452
9265,452
9266,453
9267,454
9268,453
9269,453
9270,452
9271,452
9272,452
9273,452
9274,452
9275,452
9276,453
9277,453
9278,452
9279,452
9280,452
9281,452
9282,452
9283,452
9284,453
9285,453
9286,453
9287,452
9288,452
9289,452
9290,452
9291,452
9292,453
9293,453
9294,453
9295,453
9296,452
9297,452
9298,453
9299,453
9300,454
9301,454
9302,454
9303,453
9304,453
9305,454
9306,454
9308,454
9309,454
9310,455
9311,454
9312,454
9313,454
9314,454
9315,454
9316,454
9317,454
9318,455
9319,455
9320,454
9321,454
9322,454
9323,454
9324,454
9325,455
9326,455
9327,455
9328,454
9329,454
9330,454
9331,454
9332,454
9333,455
9334,455
9335,455
9336,455
9337,454
9338,454
9339,454
9340,454
9341,455
9342,455
9343,455
9344,455
9345,455
9346,454
9347,455
9348,454
9350,454
9351,455
9352,455
9353,454
9354,454
9355,454
9356,454
9357,454
9358,454
9359,454
9360,455
9361,454
9362,454
9363,453
9364,453
9365,453
9366,454
9367,454
9368,454
9369,453
9370,453
9371,451
9372,452
9373,452
9374,453
9375,452
9376,453
9377,453
9378,453
9379,452
9380,453
9381,452
9382,453
9383,453
9384,453
9385,453
9386,452
9387,452
9388,452
9389,452
9390,452
9391,452
9393,453
9394,453
9395,452
9396,452
9397,452
9398,452
9399,452
9400,453
9401,453
9402,453
9403,452
9404,452
9405,452
9406,452
9407,452
9408,452
9409,453
9410,453
9411,452
9412,452
9413,452
9414,452
9415,452
9416,452
9417,453
9418,453
9419,453
9420,453
9421,453
9422,453
9423,453
9424,453
9425,454
9426,454
9427,454
9428,453
9429,453
9430,453
9431,453
9432,453
9433,454
9434,454
9436,454
9437,454
9438,453
9439,453
9440,453
9441,454
9442,454
9443,454
9444,454
9445,454
9446,454
9447,454
9448,454
9449,454
9450,454
9451,455
9452,454
9453,454
9454,454
9455,453
9456,454
9457,454
9458,454
9459,454
9460,454
9461,454
9462,453
9463,453
9464,454
9465,454
9466,455
9467,455
9468,454
9469,454
9470,453
9471,453
9472,453
9473,453
9474,453
9475,453
9476,454
9478,453
9479,453
9480,452
9481,453
9482,453
9483,453
9484,453
9485,453
9486,453
9487,453
9488,452
9489,452
9490,452
9491,453
9492,453
9493,453
9494,453
9495,452
9496,452
9497,452
9498,452
9499,453
9500,453
9501,453
9502,453
9503,453
9504,452
9505,452
9506,453
9507,453
9508,453
9509,453
9510,453
9511,452
9512,452
9513,452
9514,452
9515,452
9516,453
9517,453
9518,453
9519,453
9521,452
9522,452
9523,452
9524,453
9525,453
9526,454
9527,454
9528,453
9529,453
9530,452
9531,452
9532,453
9533,453
9534,453
9535,453
9536,453
9537,452
9538,452
9539,453
9540,453
9541,453
9542,453
9543,454
9544,453
9545,453
9546,453
9547,453
9548,453
9549,453
9550,454
9551,454
9552,454
9553,453
9554,453
9555,453
9556,453
9557,454
9558,454
9559,454
9560,454
9561,454
9562,454
9564,453
9565,454
9566,454
9567,455
9568,455
9569,454
9570,454
9571,452
9572,453
9573,451
9574,454
9575,454
9576,454
9577,454
9578,451
9579,453
9580,454
9581,453
9582,454
9583,454
9584,454
9585,454
9586,454
9587,453
9588,453
9589,452
9590,453
9591,453
9592,453
9593,453
9594,453
9595,452
9596,452
9597,452
9598,452
9599,453
9600,453
9601,453
9602,452
9603,452
9604,452
9606,453
9607,453
9608,453
9609,453
9610,453
9611,453
9612,452
9613,452
9614,452
9615,452
9616,453
9617,453
9618,453
9619,453
9620,452
9621,452
9622,452
9623,453
9624,453
9625,453
9626,454
9627,454
9628,453
9629,453
9630,452
9631,452
9632,453
9633,453
9634,453
9635,453
9636,453
9637,452
9638,452
9639,453
9640,453
9641,453
9642,453
9643,453
9644,453
9645,453
9646,453
9647,453
9649,453
9650,453
9651,453
9652,453
9653,453
9654,452
9655,453
9656,452
9657,453
9658,453
9659,454
9660,454
9661,453
9662,453
9663,453
9664,453
9665,453
9666,454
9667,454
9668,453
9669,453
9670,452
9671,451
9672,453
9673,453
9674,453
9675,454
9676,454
9677,453
9678,453
9679,453
9680,453
9681,453
9682,454
9683,453
9684,454
9685,454
9686,453
9687,453
9688,452
9689,453
9690,453
9692,453
9693,453
9694,453
9695,452
9696,452
9697,452
9698,452
9699,452
9700,453
9701,453
9702,453
9703,453
9704,452
9705,452
9706,453
9707,453
9708,453
9709,453
9710,453
9711,452
9712,452
9713,452
9714,452
9715,452
9716,452
9717,453
9718,453
9719,452
9720,452
9721,452
9722,452
9723,452
9724,452
9725,453
9726,453
9727,453
9728,452
9729,452
9730,452
9731,453
9732,453
9734,453
9735,453
9736,453
9737,452
9738,452
9739,452
9740,452
9741,453
9742,453
9743,453
9744,453
9745,453
9746,453
9747,453
9748,452
9749,453
9750,453
9751,454
9752,453
9753,452
9754,452
9755,452
9756,453
9757,453
9758,453
9759,453
9760,453
9761,453
9762,453
9763,452
9764,453
9765,454
9766,454
9767,454
9768,453
9769,453
9770,452
9771,452
9772,453
9773,453
9774,453
9775,453
9777,453
9778,453
9779,453
9780,453
9781,453
9782,453
9783,453
9784,454
9785,454
9786,454
9787,453
9788,453
9789,453
9790,453
9791,453
9792,453
9793,453
9794,452
9795,452
9796,452
9797,453
9798,454
9799,454
9800,454
9801,454
9802,453
9803,452
9804,452
9805,451
9806,451
9807,451
9808,451
9809,451
9810,450
9811,450
9812,449
9813,449
9814,449
9815,450
9816,450
9817,450
9818,450
9820,449
9821,449
9822,449
9823,450
9824,450
9825,450
9826,451
9827,451
9828,450
9829,450
9830,450
9831,450
9832,451
9833,451
9834,451
9835,451
9836,451
9837,451
9838,451
9839,451
9840,451
9841,452
9842,452
9843,452
9844,452
9845,452
9846,452
9847,452
9848,452
9849,453
9850,453
9851,453
9852,453
9853,452
9854,452
9855,452
9856,453
9857,453
9858,453
9859,453
9860,453
9862,453
9863,452
9864,452
9865,453
9866,453
9867,454
9868,453
9869,453
9870,453
9871,452
9872,452
9873,452
9874,453
9875,453
9876,453
9877,453
9878,452
9879,452
9880,452
9881,453
9882,453
9883,454
9884,453
9885,453
9886,453
9887,453
9888,453
9889,453
9890,453
9891,454
9892,454
9893,453
9894,453
9895,452
9896,452
9897,452
9898,453
9899,453
9900,453
9901,453
9902,453
9903,453
9905,453
9906,454
9907,455
9908,455
9909,455
9910,455
9911,455
9912,454
9913,454
9914,453
9915,453
9916,452
9917,451
9918,451
9919,450
9920,450
9921,449
9922,449
9923,449
9924,449
9925,449
9926,449
9927,449
9928,448
9929,447
9930,447
9931,447
9932,447
9933,447
9934,447
9935,446
9936,446
9937,446
9938,446
9939,446
9940,446
9941,446
9942,446
9943,446
9944,445
9945,446
9946,446
9948,445
9949,446
9950,446
9951,446
9952,446
9953,446
9954,446
9955,446
9956,447
9957,448
9958,449
9959,449
9960,450
9961,450
9962,450
9963,451
9964,451
9965,452
9966,453
9967,454
9968,453
9969,452
9970,452
9971,451
9972,451
9973,452
9974,452
9975,452
9976,452
9977,452
9978,451
9979,452
9980,451
9981,452
9982,452
9983,453
9984,452
9985,453
9986,453
9987,452
9988,452
9990,452
9991,453
9992,453
9993,453
9994,453
9995,452
9996,452
9997,452
9998,452
9999,452
10000,453
10001,453
10002,453
10003,452
10004,452
10005,452
10006,453
10007,453
10008,453
10009,453
10010,453
10011,452
10012,452
10013,452
10014,452
10015,452
10016,452
10017,452
10018,452
10019,452
10020,451
10021,451
10022,451
10023,451
10024,452
10025,452
10026,452
10027,451
10028,450
10029,450
10030,451
10031,451
10033,452
10034,454
10035,455
10036,455
10037,455
10038,456
10039,456
10040,457
10041,456
10042,455
10043,454
10044,452
10045,451
10046,450
10047,449
10048,448
10049,448
10050,448
10051,448
10052,447
10053,446
10054,445
10055,444
10056,444
10057,444
10058,443
10059,443
10060,442
10061,441
10062,441
10063,441
10064,440
10065,440
10066,440
10067,440
10068,439
10069,438
10070,438
10071,438
10072,438
10073,438
10074,437
10076,438
10077,438
10078,437
10079,437
10080,437
10081,438
10082,438
10083,439
10084,439
10085,440
10086,441
10087,441
10088,442
10089,443
10090,444
10091,445
10092,446
10093,446
10094,446
10095,445
10096,445
10097,446
10098,446
10099,447
10100,448
10101,449
10102,449
10103,448
10104,449
10105,449
10106,450
10107,450
10108,451
10109,451
10110,451
10111,451
10112,451
10113,451
10114,452
10115,452
10116,452
10118,452
10119,452
10120,452
10121,451
10122,451
10123,452
10124,452
10125,452
10126,453
10127,453
10128,452
10129,452
10130,452
10131,452
10132,452
10133,453
10134,453
10135,452
10136,452
10137,452
10138,452
10139,452
10140,452
10141,452
10142,452
10143,452
10144,451
10145,451
10146,451
10147,451
10148,451
10149,451
10150,451
10151,451
10152,450
10153,450
10154,450
10155,450
10156,450
10157,451
10158,451
10159,452
10161,456
10162,465
10163,482
10164,499
10165,511
10166,514
10167,512
10168,507
10169,503
10170,500
10171,496
10172,490
10173,481
10174,472
10175,465
10176,459
10177,453
10178,449
10179,446
10180,444
10181,442
10182,441
10183,440
10184,440
10185,439
10186,438
10187,437
10188,437
10189,435
10190,430
10191,426
10192,420
10193,411
10194,402
10195,391
10196,380
10197,367
10198,355
10199,343
10200,329
10201,316
10202,303
10204,291
10205,280
10206,270
10207,258
10208,246
10209,233
10210,221
10211,208
10212,192
10213,189
10214,179
10215,169
10216,157
10217,143
10218,144
10219,175
10220,236
10221,317
10222,397
10223,442
10224,449
10225,451
10226,454
10227,455
10228,455
10229,454
10230,454
10231,455
10232,455
10233,454
10234,455
10235,455
10236,454
10237,454
10238,454
10239,454
10240,454
10241,454
10242,453
10243,453
10244,453
10246,453
10247,453
10248,453
10249,453
10250,453
10251,453
10252,453
10253,452
10254,452
10255,452
10256,452
10257,452
10258,453
10259,453
10260,452
10261,452
10262,451
10263,451
10264,451
10265,451
10266,451
10267,451
10268,450
10269,450
10270,449
10271,449
10272,449
10273,449
10274,449
10275,450
10276,450
10277,449
10278,449
10279,449
10280,449
10281,450
10282,450
10283,450
10284,451
10285,454
10286,462
10287,474
10289,488
10290,499
10291,502
10292,499
10293,488
10294,465
10295,431
10296,391
10297,355
10298,320
10299,286
10300,255
10301,226
10302,193
10303,155
10304,121
10305,90
10306,67
10307,47
10308,33
10309,24
10310,18
10311,16
10312,16
10313,15
10314,15
10315,15
10316,15
10317,15
10318,15
10319,14
10320,14
10321,14
10322,14
10323,14
10324,15
10325,14
10326,14
10327,14
10328,13
10329,13
10330,13
10332,13
10333,13
10334,12
10335,11
10336,11
10337,10
10338,10
10339,9
10340,9
10341,9
10342,9
10343,9
10344,17
10345,58
10346,145
10347,257
10348,363
10349,431
10350,449
10351,451
10352,452
10353,454
10354,454
10355,454
10356,454
10357,454
10358,454
10359,454
10360,454
10361,454
10362,454
10363,454
10364,454
10365,455
10366,455
10367,455
10368,454
10369,454
10370,453
10371,453
10372,454
10374,454
10375,454
10376,454
10377,454
10378,453
10379,453
10380,453
10381,454
10382,454
10383,455
10384,454
10385,454
10386,454
10387,453
10388,453
10389,453
10390,453
10391,454
10392,453
10393,453
10394,452
10395,452
10396,452
10397,452
10398,452
10399,453
10400,452
10401,453
10402,452
10403,452
10404,452
10405,453
10406,454
10407,454
10408,453
10409,432
10410,371
10411,274
10412,174
10413,89
10414,40
10415,22
10417,20
10418,20
10419,19
10420,19
10421,19
10422,19
10423,19
10424,19
10425,19
10426,19
10427,19
10428,18
10429,18
10430,18
10431,19
10432,18
10433,18
10434,18
10435,18
10436,18
10437,18
10438,18
10439,17
10440,17
10441,17
10442,17
10443,17
10444,16
10445,16
10446,16
10447,16
10448,16
10449,16
10450,16
10451,16
10452,15
10453,15
10454,14
10455,14
10456,14
10457,13
10458,13
10460,12
10461,11
10462,10
10463,10
10464,10
10465,9
10466,9
10467,9
10468,8
10469,8
10470,8
10471,9
10472,16
10473,55
10474,138
10475,248
10476,355
10477,426
10478,447
10479,450
10480,452
10481,453
10482,454
10483,454
10484,454
10485,454
10486,455
10487,455
10488,455
10489,455
10490,456
10491,456
10492,456
10493,456
10494,455
10495,455
10496,455
10497,455
10498,456
10499,456
10500,456
10502,455
10503,455
10504,455
10505,454
10506,455
10507,456
10508,455
10509,455
10510,455
10511,455
10512,454
10513,454
10514,454
10515,455
10516,455
10517,455
10518,454
10519,454
10520,453
10521,453
10522,453
10523,453
10524,454
10525,454
10526,454
10527,454
10528,454
10529,454
10530,454
10531,455
10532,455
10533,455
10534,455
10535,455
10536,444
10537,392
10538,297
10539,191
10540,100
10541,44
10542,24
10543,21
10545,20
10546,20
10547,20
10548,20
10549,20
10550,20
10551,20
10552,20
10553,21
10554,19
10555,20
10556,19
10557,19
10558,19
10559,19
10560,18
10561,18
10562,18
10563,18
10564,18
10565,17
10566,17
10567,17
10568,17
10569,16
10570,16
10571,17
10572,18
10573,16
10574,16
10575,15
10576,13
10577,12
10578,11
10579,10
10580,9
10581,9
10582,9
10583,8
10584,9
10585,10
10586,10
10588,10
10589,10
10590,10
10591,10
10592,10
10593,10
10594,10
10595,11
10596,12
10597,17
10598,53
10599,134
10600,244
10601,353
10602,429
10603,453
10604,455
10605,457
10606,459
10607,460
10608,459
10609,460
10610,459
10611,458
10612,458
10613,458
10614,458
10615,459
10616,458
10617,458
10618,457
10619,457
10620,456
10621,456
10622,456
10623,456
10624,457
10625,457
10626,457
10627,456
10628,456
10630,455
10631,455
10632,456
10633,456
10634,456
10635,456
10636,456
10637,455
10638,455
10639,455
10640,455
10641,455
10642,456
10643,455
10644,454
10645,454
10646,455
10647,455
10648,455
10649,455
10650,456
10651,456
10652,455
10653,455
10654,455
10655,456
10656,456
10657,457
10658,457
10659,456
10660,456
10661,444
10662,392
10663,297
10664,193
10665,103
10666,47
10667,26
10668,22
10669,22
10670,21
10671,21
10673,21
10674,21
10675,21
10676,21
10677,21
10678,21
10679,20
10680,20
10681,21
10682,21
10683,21
10684,21
10685,20
10686,20
10687,20
10688,20
10689,20
10690,20
10691,20
10692,19
10693,19
10694,18
10695,18
10696,18
10697,18
10698,19
10699,19
10700,19
10701,19
10702,19
10703,19
10704,20
10705,20
10706,22
10707,23
10708,26
10709,37
10710,65
10711,103
10712,144
10713,185
10714,239
10716,315
10717,413
10718,497
10719,543
10720,564
10721,527
10722,488
10723,468
10724,460
10725,457
10726,456
10727,455
10728,454
10729,454
10730,454
10731,454
10732,455
10733,455
10734,455
10735,454
10736,454
10737,454
10738,454
10739,454
10740,455
10741,455
10742,455
10743,455
10744,454
10745,454
10746,455
10747,455
10748,455
10749,455
10750,455
10751,455
10752,454
10753,454
10754,455
10755,455
10756,455
10758,456
10759,456
10760,456
10761,455
10762,455
10763,455
10764,455
10765,456
10766,457
10767,457
10768,456
10769,455
10770,455
10771,455
10772,455
10773,455
10774,456
10775,456
10776,455
10777,455
10778,454
10779,454
10780,454
10781,454
10782,455
10783,455
10784,454
10785,454
10786,454
10787,454
10788,453
10789,454
10790,454
10791,454
10792,454
10793,454
10794,455
10795,458
10796,463
10797,470
10798,478
10799,488
10801,499
10802,510
10803,520
10804,529
10805,536
10806,542
10807,547
10808,550
10809,551
10810,550
10811,547
10812,545
10813,542
10814,539
10815,536
10816,533
10817,530
10818,526
10819,523
10820,520
10821,518
10822,516
10823,514
10824,513
10825,512
10826,511
10827,509
10828,507
10829,505
10830,504
10831,502
10832,500
10833,498
10834,495
10835,492
10836,490
10837,488
10838,487
10839,486
10840,486
10841,485
10842,484
10844,482
10845,482
10846,482
10847,482
10848,482
10849,481
10850,482
10851,481
10852,481
10853,481
10854,481
10855,481
10856,481
10857,481
10858,482
10859,482
10860,481
10861,481
10862,481
10863,481
10864,482
10865,482
10866,483
10867,483
10868,482
10869,482
10870,482
10871,482
10872,482
10873,482
10874,483
10875,483
10876,482
10877,482
10878,481
10879,482
10880,482
10881,482
10882,482
10883,483
10884,482
10886,482
10887,482
10888,482
10889,482
10890,482
10891,482
10892,483
10893,482
10894,482
10895,482
10896,482
10897,482
10898,482
10899,483
10900,483
10901,482
10902,482
10903,482
10904,482
10905,482
10906,483
10907,483
10908,483
10909,482
10910,482
10911,482
10912,481
10913,482
10914,482
10915,482
10916,482
10917,482
10918,482
10919,481
10920,481
10921,482
10922,482
10923,482
10924,483
10925,483
10926,483
10927,482
10929,481
10930,482
10931,482
10932,482
10933,483
10934,483
10935,482
10936,482
10937,482
10938,482
10939,482
10940,482
10941,483
10942,482
10943,482
10944,482
10945,481
10946,482
10947,482
10948,482
10949,483
10950,483
10951,482
10952,482
10953,482
10954,481
10955,482
10956,482
10957,482
10958,482
10959,482
10960,482
10961,481
10962,481
10963,481
10964,482
10965,482
10966,483
10967,483
10968,482
10969,481
10970,481
10972,481
10973,482
10974,482
10975,482
10976,482
10977,482
10978,481
10979,481
10980,481
10981,482
10982,482
10983,482
10984,482
10985,482
10986,482
10987,482
10988,482
10989,482
10990,482
10991,482
10992,482
10993,482
10994,481
10995,481
10996,481
10997,481
10998,482
10999,482
11000,482
11001,482
11002,481
11003,481
11004,482
11005,482
11006,483
11007,483
11008,482
11009,482
11010,481
11011,481
11012,481
11014,482
11015,482
11016,482
11017,482
11018,482
11019,481
11020,481
11021,481
11022,481
11023,482
11024,482
11025,482
11026,483
11027,482
11028,482
11029,481
11030,482
11031,482
11032,482
11033,482
11034,482
11035,482
11036,481
11037,481
11038,482
11039,482
11040,482
11041,482
11042,482
11043,481
11044,481
11045,481
11046,482
11047,482
11048,482
11049,482
11050,482
11051,482
11052,482
11053,481
11054,481
11055,482
11057,482
11058,482
11059,482
11060,482
11061,481
11062,481
11063,481
11064,481
11065,482
11066,483
11067,483
11068,482
11069,482
11070,481
11071,481
11072,482
11073,482
11074,482
11075,482
11076,482
11077,481
11078,481
11079,481
11080,482
11081,482
11082,482
11083,482
11084,482
11085,482
11086,482
11087,482
11088,481
11089,482
11090,482
11091,482
11092,482
11093,481
11094,481
11095,481
11096,481
11097,482
11098,482
11100,482
11101,482
11102,482
11103,481
11104,481
11105,481
11106,482
11107,483
11108,483
11109,482
11110,482
11111,481
11112,481
11113,481
11114,482
11115,482
11116,482
11117,482
11118,482
11119,481
11120,481
11121,481
11122,481
11123,482
11124,482
11125,482
11126,482
11127,482
11128,481
11129,481
11130,481
11131,472
11132,482
11133,482
11134,481
11135,481
11136,478
11137,481
11138,481
11139,482
11140,482
11142,482
11143,481
11144,481
11145,481
11146,481
11147,482
11148,482
11149,482
11150,482
11151,482
11152,481
11153,481
11154,481
11155,481
11156,481
11157,481
11158,482
11159,482
11160,481
11161,481
11162,481
11163,481
11164,481
11165,482
11166,482
11167,482
11168,481
11169,481
11170,481
11171,481
11172,481
11173,482
11174,482
11175,482
11176,481
11177,481
11178,481
11179,481
11180,481
11181,482
11182,482
11183,482
11185,481
11186,481
11187,481
11188,482
11189,481
11190,482
11191,482
11192,482
11193,481
11194,481
11195,481
11196,481
11197,481
11198,482
11199,482
11200,482
11201,482
11202,481
11203,481
11204,481
11205,481
11206,482
11207,482
11208,482
11209,481
11210,481
11211,481
11212,481
11213,481
11214,481
11215,482
11216,482
11217,482
11218,481
11219,481
11220,481
11221,481
11222,481
11223,482
11224,482
11225,482
11226,482
11228,481
11229,481
11230,481
11231,481
11232,482
11233,482
11234,482
11235,481
11236,481
11237,481
11238,481
11239,481
11240,482
11241,482
11242,481
11243,481
11244,481
11245,481
11246,481
11247,482
11248,482
11249,482
11250,482
11251,481
11252,481
11253,481
11254,481
11255,481
11256,481
11257,482
11258,482
11259,481
11260,481
11261,481
11262,481
11263,481
11264,481
11265,482
11266,482
11267,482
11268,481
11270,481
11271,481
11272,481
11273,481
11274,482
11275,482
11276,481
11277,481
11278,481
11279,481
11280,481
11281,482
11282,482
11283,482
11284,481
11285,481
11286,481
11287,481
11288,481
11289,481
11290,482
11291,482
11292,481
11293,481
11294,481
11295,481
11296,481
11297,481
11298,482
11299,482
11300,482
11301,481
11302,481
11303,481
11304,481
11305,481
11306,482
11307,482
11308,482
11309,481
11310,481
11311,481
11313,481
11314,481
11315,482
11316,482
11317,482
11318,481
11319,481
11320,481
11321,480
11322,481
11323,481
11324,482
11325,482
11326,482
11327,482
11328,481
11329,481
11330,481
11331,481
11332,482
11333,482
11334,481
11335,481
11336,481
11337,481
11338,481
11339,481
11340,481
11341,482
11342,482
11343,481
11344,481
11345,481
11346,482
11347,482
11348,481
11349,482
11350,482
11351,481
11352,481
11353,481
11354,481
11356,481
11357,482
11358,482
11359,482
11360,481
11361,481
11362,481
11363,481
11364,481
11365,482
11366,482
11367,482
11368,482
11369,481
11370,481
11371,481
11372,481
11373,482
11374,482
11375,481
11376,481
11377,481
11378,481
11379,481
11380,481
11381,482
11382,482
11383,482
11384,482
11385,481
11386,482
11387,482
11388,481
11389,482
11390,482
11391,482
11392,482
11393,481
11394,481
11395,481
11396,481
11398,482
11399,482
11400,482
11401,482
11402,481
11403,481
11404,481
11405,481
11406,482
11407,482
11408,482
11409,482
11410,481
11411,481
11412,481
11413,481
11414,481
11415,482
11416,482
11417,482
11418,481
11419,481
11420,481
11421,481
11422,481
11423,482
11424,482
11425,482
11426,482
11427,482
11428,481
11429,481
11430,481
11431,482
11432,482
11433,481
11434,481
11435,481
11436,481
11437,481
11438,481
11439,481
11441,482
11442,482
11443,481
11444,481
11445,481
11446,481
11447,482
11448,482
11449,481
11450,482
11451,482
11452,481
11453,481
11454,481
11455,481
11456,481
11457,482
11458,482
11459,481
11460,481
11461,481
11462,481
11463,481
11464,481
11465,482
11466,482
11467,482
11468,481
11469,481
11470,481
11471,481
11472,481
11473,482
11474,481
11475,482
11476,481
11477,481
11478,481
11479,481
11480,481
11481,482
11482,481
11484,482
11485,481
11486,481
11487,481
11488,482
11489,481
11490,482
11491,482
11492,482
11493,482
11494,481
11495,481
11496,481
11497,482
11498,482
11499,482
11500,482
11501,481
11502,481
11503,481
11504,481
11505,481
11506,482
11507,482
11508,482
11509,482
11510,481
11511,480
11512,480
11513,473
11514,481
11515,482
11516,482
11517,481
11518,481
11519,481
11520,481
11521,481
11522,481
11523,482
11524,482
11526,479
11527,482
11528,482
11529,481
11530,481
11531,481
11532,481
11533,477
11534,482
11535,481
11536,481
11537,481
11538,481
11539,481
11540,482
11541,482
11542,482
11543,481
11544,481
11545,480
11546,482
11547,482
11548,481
11549,482
11550,482
11551,481
11552,481
11553,481
11554,481
11555,481
11556,482
11557,482
11558,482
11559,481
11560,481
11561,481
11562,481
11563,481
11564,482
11565,482
11566,482
11567,482
11569,481
11570,481
11571,481
11572,481
11573,482
11574,482
11575,482
11576,482
11577,481
11578,481
11579,481
11580,481
11581,482
11582,482
11583,482
11584,481
11585,481
11586,481
11587,481
11588,481
11589,482
11590,482
11591,482
11592,482
11593,481
11594,481
11595,481
11596,481
11597,481
11598,482
11599,482
11600,482
11601,481
11602,481
11603,481
11604,481
11605,481
11606,482
11607,483
11608,482
11609,481
11610,481
11612,481
11613,481
11614,482
11615,482
11616,482
11617,482
11618,481
11619,481
11620,481
11621,481
11622,481
11623,482
11624,482
11625,481
11626,482
11627,482
11628,481
11629,481
11630,481
11631,482
11632,482
11633,482
11634,482
11635,481
11636,481
11637,481
11638,481
11639,482
11640,482
11641,482
11642,482
11643,481
11644,481
11645,481
11646,482
11647,482
11648,482
11649,482
11650,482
11651,481
11652,481
11654,481
11655,481
11656,481
11657,482
11658,482
11659,481
11660,481
11661,481
11662,481
11663,481
11664,482
11665,482
11666,482
11667,482
11668,482
11669,481
11670,481
11671,481
11672,481
11673,482
11674,482
11675,482
11676,481
11677,481
11678,481
11679,481
11680,482
11681,482
11682,482
11683,482
11684,482
11685,481
11686,482
11687,482
11688,481
11689,482
11690,482
11691,482
11692,481
11693,481
11694,481
11695,481
11697,481
11698,482
11699,482
11700,482
11701,482
11702,481
11703,481
11704,481
11705,481
11706,482
11707,482
11708,483
11709,482
11710,481
11711,481
11712,478
11713,481
11714,481
11715,482
11716,482
11717,482
11718,481
11719,481
11720,481
11721,481
11722,482
11723,482
11724,482
11725,482
11726,482
11727,482
11728,481
11729,481
11730,482
11731,482
11732,482
11733,482
11734,481
11735,481
11736,481
11737,481
11738,481
11740,482
11741,482
11742,482
11743,482
11744,481
11745,481
11746,481
11747,482
11748,482
11749,482
11750,482
11751,481
11752,481
11753,481
11754,481
11755,477
11756,482
11757,482
11758,482
11759,481
11760,481
11761,481
11762,481
11763,481
11764,482
11765,482
11766,482
11767,482
11768,481
11769,481
11770,481
11771,481
11772,482
11773,482
11774,482
11775,482
11776,481
11777,481
11778,481
11779,481
11780,482
11782,482
11783,482
11784,482
11785,481
11786,481
11787,482
11788,482
11789,482
11790,482
11791,482
11792,482
11793,481
11794,481
11795,481
11796,481
11797,481
11798,482
11799,482
11800,482
11801,481
11802,481
11803,481
11804,481
11805,481
11806,482
11807,482
11808,482
11809,481
11810,481
11811,481
11812,481
11813,481
11814,482
11815,482
11816,482
11817,481
11818,481
11819,480
11820,481
11821,481
11822,482
11823,482
11825,482
11826,481
11827,481
11828,481
11829,481
11830,481
11831,481
11832,482
11833,482
11834,482
11835,481
11836,481
11837,481
11838,481
11839,481
11840,482
11841,482
11842,482
11843,481
11844,481
11845,481
11846,482
11847,482
11848,482
11849,482
11850,482
11851,474
11852,481
11853,481
11854,481
11855,481
11856,482
11857,482
11858,481
11859,481
11860,481
11861,481
11862,481
11863,481
11864,482
11865,482
11866,482
11868,482
11869,481
11870,481
11871,481
11872,481
11873,482
11874,482
11875,482
11876,481
11877,481
11878,481
11879,481
11880,481
11881,482
11882,482
11883,482
11884,481
11885,481
11886,481
11887,481
11888,481
11889,482
11890,482
