Time (s),Intensity
2,449
3,449
4,449
5,449
6,448
7,448
8,448
9,448
10,448
11,449
12,449
13,449
14,449
15,448
16,448
17,449
18,448
19,449
20,430
21,401
22,399
23,403
24,440
25,407
26,416
27,412
28,416
30,418
31,415
32,441
33,418
34,420
35,420
36,421
37,440
38,423
39,436
40,415
41,423
42,424
43,421
44,443
45,423
46,429
47,424
48,425
49,430
50,427
51,442
52,430
53,426
54,428
55,431
56,441
57,427
58,443
59,430
60,432
61,426
62,429
63,442
64,431
65,444
66,432
67,433
68,430
69,431
70,444
72,431
73,437
74,428
75,431
76,429
77,431
78,446
79,431
80,436
81,433
82,435
83,440
84,435
85,445
86,434
87,437
88,431
89,433
90,440
91,434
92,445
93,436
94,436
95,434
96,435
97,445
98,435
99,445
100,434
101,435
102,431
103,437
104,447
105,438
106,443
107,432
108,435
109,436
110,439
111,447
112,434
113,440
115,437
116,437
117,440
118,437
119,447
120,436
121,438
122,433
123,439
124,446
125,435
126,443
127,437
128,439
129,436
130,435
131,448
132,436
133,437
134,434
135,439
136,446
137,438
138,446
139,438
140,439
141,432
142,439
143,447
144,438
145,439
146,439
147,439
148,446
149,439
150,442
151,436
152,439
153,444
154,438
155,447
156,439
158,440
159,434
160,439
161,448
162,436
163,440
164,438
165,439
166,447
167,438
168,439
169,436
170,441
171,448
172,438
173,444
174,436
175,437
176,446
177,439
178,439
179,438
180,441
181,440
182,439
183,448
184,437
185,439
186,440
187,439
188,448
189,439
190,441
191,447
192,446
193,450
194,446
195,451
196,452
197,449
198,452
200,451
201,453
202,451
203,451
204,452
205,449
206,451
207,452
208,458
209,452
210,452
211,452
212,453
213,460
214,452
215,452
216,452
217,452
218,421
219,454
220,452
221,452
222,452
223,452
224,452
225,451
226,451
227,452
228,452
229,452
230,452
231,452
232,451
233,452
234,452
235,452
236,453
237,451
238,450
239,449
240,452
241,452
243,452
244,452
245,452
246,452
247,452
248,452
249,452
250,452
251,452
252,452
253,453
254,452
255,452
256,453
257,452
258,443
259,451
260,452
261,452
262,453
263,453
264,451
265,452
266,452
267,452
268,452
269,453
270,453
271,452
272,453
273,452
274,452
275,452
276,453
277,453
278,452
279,454
280,452
281,452
282,449
283,452
284,452
286,453
287,453
288,453
289,453
290,453
291,452
292,452
293,453
294,453
295,453
296,454
297,454
298,454
299,452
300,452
301,452
302,453
303,453
304,453
305,453
306,453
307,452
308,452
309,452
310,453
311,453
312,453
313,453
314,453
315,453
316,453
317,453
318,453
319,453
320,454
321,453
322,453
323,453
324,453
325,453
326,453
328,453
329,454
330,454
331,453
332,453
333,453
334,453
335,453
336,454
337,454
338,454
339,453
340,453
341,453
342,453
343,453
344,453
345,454
346,454
347,453
348,453
349,453
350,453
351,453
352,453
353,454
354,454
355,454
356,454
357,453
358,453
359,453
360,453
361,453
362,454
363,453
364,453
365,453
366,453
367,453
368,453
369,453
371,454
372,453
373,453
374,453
375,453
376,453
377,454
378,454
379,454
380,454
381,453
382,453
383,453
384,452
385,453
386,453
387,453
388,454
389,453
390,453
391,453
392,453
393,453
394,454
395,454
396,454
397,454
398,453
399,453
400,452
401,453
402,453
403,454
404,454
405,454
406,453
407,453
408,453
409,453
410,453
411,454
412,454
414,454
415,453
416,453
417,454
418,454
419,453
420,454
421,454
422,454
423,453
424,453
425,453
426,453
427,453
428,454
429,454
430,454
431,453
432,453
433,453
434,453
435,453
436,454
437,454
438,454
439,453
440,453
441,453
442,453
443,453
444,454
445,454
446,454
447,454
448,453
449,453
450,453
451,453
452,454
453,453
454,453
456,454
457,453
458,454
459,453
460,453
461,453
462,454
463,453
464,453
465,453
466,453
467,453
468,453
469,453
470,453
471,454
472,453
473,453
474,453
475,453
476,453
477,453
478,454
479,453
480,453
481,453
482,453
483,453
484,453
485,453
486,454
487,454
488,454
489,453
490,453
491,453
492,453
493,453
494,454
495,454
496,454
497,454
499,453
500,452
501,453
502,453
503,453
504,454
505,454
506,454
507,453
508,453
509,453
510,453
511,454
512,454
513,454
514,454
515,453
516,453
517,453
518,454
519,454
520,454
521,454
522,454
523,453
524,453
525,453
526,453
527,453
528,454
529,454
530,454
531,453
532,453
533,453
534,453
535,454
536,455
537,455
538,454
539,453
540,453
542,453
543,453
544,453
545,454
546,454
547,454
548,454
549,453
550,453
551,453
552,453
553,454
554,454
555,454
556,454
557,454
558,453
559,453
560,453
561,453
562,454
563,454
564,454
565,453
566,453
567,453
568,453
569,454
570,454
571,454
572,454
573,453
574,453
575,453
576,453
577,454
578,454
579,454
580,454
581,453
582,453
584,453
585,453
586,453
587,454
588,454
589,454
590,453
591,453
592,453
593,453
594,454
595,454
596,454
597,454
598,454
599,453
600,453
601,452
602,453
603,454
604,454
605,454
606,453
607,453
608,453
609,453
610,453
611,454
612,454
613,454
614,454
615,453
616,454
617,454
618,453
619,454
620,454
621,453
622,451
623,453
624,453
625,453
627,453
628,454
629,454
630,454
631,454
632,453
633,453
634,453
635,453
636,453
637,454
638,454
639,454
640,453
641,453
642,453
643,453
644,454
645,454
646,454
647,454
648,453
649,453
650,453
651,453
652,453
653,454
654,454
655,454
656,454
657,454
658,453
659,453
660,454
661,454
662,454
663,454
664,453
665,453
666,453
667,453
668,453
670,454
671,454
672,454
673,454
674,453
675,453
676,453
677,454
678,454
679,454
680,454
681,453
682,453
683,453
684,453
685,453
686,454
687,454
688,454
689,454
690,453
691,453
692,453
693,453
694,454
695,454
696,454
697,454
698,454
699,453
700,453
701,453
702,453
703,454
704,454
705,454
706,453
707,453
708,453
709,453
710,454
712,454
713,454
714,454
715,453
716,453
717,454
718,454
719,453
720,454
721,454
722,454
723,454
724,453
725,453
726,453
727,453
728,454
729,454
730,454
731,453
732,453
733,453
734,453
735,454
736,454
737,455
738,455
739,454
740,453
741,453
742,453
743,453
744,454
745,454
746,454
747,454
748,454
749,453
750,453
751,453
752,454
753,454
755,454
756,454
757,454
758,454
759,454
760,454
761,454
762,454
763,454
764,454
765,454
766,453
767,453
768,453
769,454
770,454
771,454
772,454
773,454
774,453
775,453
776,454
777,454
778,454
779,454
780,454
781,453
782,453
783,453
784,453
785,454
786,454
787,454
788,454
789,454
790,454
791,454
792,454
793,454
794,454
795,454
796,454
798,454
799,453
800,453
801,453
802,454
803,454
804,454
805,455
806,454
807,453
808,453
809,454
810,454
811,454
812,454
813,454
814,454
815,454
816,454
817,454
818,454
819,454
820,454
821,454
822,454
823,454
824,453
825,453
826,454
827,454
828,454
829,455
830,455
831,454
832,453
833,454
834,454
835,454
836,455
837,455
838,454
840,454
841,454
842,451
843,454
844,454
845,454
846,455
847,454
848,454
849,454
850,454
851,454
852,453
853,454
854,455
855,454
856,454
857,454
858,454
859,454
860,454
861,455
862,455
863,454
864,454
865,454
866,453
867,454
868,454
869,454
870,455
871,455
872,454
873,454
874,454
875,453
876,454
877,455
878,454
879,454
880,454
881,454
883,453
884,453
885,453
886,454
887,454
888,455
889,454
890,454
891,454
892,454
893,453
894,454
895,454
896,455
897,455
898,454
899,454
900,453
901,453
902,454
903,455
904,454
905,454
906,454
907,454
908,454
909,453
910,454
911,454
912,455
913,455
914,454
915,453
916,454
917,454
918,454
919,454
920,454
921,454
922,454
923,454
924,454
926,454
927,454
928,455
929,455
930,454
931,454
932,454
933,454
934,454
935,454
936,454
937,455
938,455
939,454
940,454
941,454
942,453
943,454
944,454
945,454
946,454
947,454
948,454
949,454
950,454
951,454
952,454
953,455
954,454
955,454
956,454
957,454
958,454
959,454
960,454
961,454
962,455
963,455
964,454
965,454
966,453
968,453
969,454
970,454
971,455
972,454
973,454
974,453
975,454
976,454
977,454
978,455
979,455
980,455
981,454
982,453
983,453
984,454
985,454
986,454
987,454
988,455
989,454
990,454
991,453
992,454
993,454
994,454
995,455
996,455
997,455
998,454
999,454
1000,454
1001,454
1002,454
1003,454
1004,455
1005,454
1006,454
1007,453
1008,453
1009,454
1011,454
1012,454
1013,454
1014,454
1015,454
1016,454
1017,454
1018,454
1019,454
1020,455
1021,454
1022,454
1023,454
1024,454
1025,454
1026,454
1027,454
1028,454
1029,454
1030,454
1031,454
1032,454
1033,453
1034,453
1035,454
1036,455
1037,455
1038,455
1039,454
1040,453
1041,454
1042,453
1043,454
1044,454
1045,455
1046,454
1047,454
1048,453
1049,453
1050,454
1051,454
1052,454
1054,454
1055,454
1056,454
1057,454
1058,454
1059,453
1060,454
1061,454
1062,454
1063,454
1064,454
1065,453
1066,453
1067,453
1068,454
1069,454
1070,454
1071,454
1072,454
1073,454
1074,453
1075,453
1076,454
1077,455
1078,455
1079,455
1080,454
1081,454
1082,454
1083,453
1084,453
1085,454
1086,454
1087,454
1088,454
1089,454
1090,453
1091,454
1092,454
1093,454
1094,454
1096,454
1097,455
1098,455
1099,454
1100,453
1101,454
1102,454
1103,454
1104,454
1105,454
1106,454
1107,454
1108,454
1109,454
1110,454
1111,454
1112,454
1113,455
1114,454
1115,454
1116,454
1117,454
1118,454
1119,454
1120,454
1121,455
1122,454
1123,454
1124,454
1125,453
1126,454
1127,454
1128,455
1129,454
1130,454
1131,454
1132,454
1133,454
1134,454
1135,454
1136,455
1137,455
1139,454
1140,454
1141,454
1142,453
1143,454
1144,454
1145,454
1146,455
1147,455
1148,454
1149,454
1150,454
1151,454
1152,454
1153,455
1154,455
1155,455
1156,455
1157,454
1158,454
1159,454
1160,454
1161,454
1162,455
1163,455
1164,455
1165,454
1166,454
1167,454
1168,454
1169,454
1170,455
1171,455
1172,454
1173,454
1174,454
1175,454
1176,455
1177,455
1178,455
1179,455
1180,455
1182,454
1183,454
1184,454
1185,454
1186,454
1187,455
1188,455
1189,454
1190,454
1191,454
1192,453
1193,454
1194,454
1195,455
1196,455
1197,455
1198,455
1199,454
1200,454
1201,454
1202,454
1203,455
1204,455
1205,455
1206,454
1207,454
1208,454
1209,454
1210,454
1211,455
1212,455
1213,455
1214,454
1215,454
1216,454
1217,454
1218,454
1219,454
1220,455
1221,453
1222,453
1224,454
1225,454
1226,454
1227,454
1228,454
1229,455
1230,454
1231,454
1232,454
1233,453
1234,454
1235,454
1236,454
1237,455
1238,455
1239,454
1240,454
1241,454
1242,454
1243,454
1244,454
1245,455
1246,455
1247,455
1248,454
1249,454
1250,454
1251,454
1252,454
1253,455
1254,455
1255,455
1256,455
1257,455
1258,454
1259,454
1260,454
1261,454
1262,454
1263,453
1264,454
1265,454
1267,454
1268,454
1269,454
1270,455
1271,455
1272,455
1273,454
1274,454
1275,454
1276,454
1277,455
1278,455
1279,455
1280,455
1281,454
1282,454
1283,454
1284,454
1285,454
1286,455
1287,455
1288,455
1289,455
1290,454
1291,454
1292,454
1293,454
1294,455
1295,455
1296,455
1297,455
1298,454
1299,454
1300,454
1301,454
1302,455
1303,455
1304,455
1305,455
1306,454
1307,454
1308,454
1310,454
1311,454
1312,455
1313,455
1314,455
1315,454
1316,454
1317,455
1318,455
1319,455
1320,455
1321,455
1322,455
1323,454
1324,454
1325,454
1326,454
1327,455
1328,455
1329,455
1330,455
1331,454
1332,454
1333,454
1334,454
1335,454
1336,455
1337,456
1338,455
1339,455
1340,454
1341,454
1342,454
1343,455
1344,455
1345,455
1346,455
1347,455
1348,455
1349,454
1350,454
1352,455
1353,455
1354,455
1355,455
1356,455
1357,455
1358,455
1359,454
1360,454
1361,455
1362,455
1363,455
1364,455
1365,454
1366,454
1367,454
1368,455
1369,455
1370,455
1371,455
1372,455
1373,454
1374,454
1375,454
1376,455
1377,455
1378,456
1379,455
1380,455
1381,454
1382,454
1383,454
1384,454
1385,455
1386,455
1387,455
1388,455
1389,455
1390,454
1391,454
1392,455
1393,455
1395,455
1396,455
1397,456
1398,455
1399,454
1400,454
1401,454
1402,455
1403,455
1404,455
1405,455
1406,455
1407,455
1408,454
1409,455
1410,455
1411,455
1412,456
1413,455
1414,455
1415,455
1416,455
1417,455
1418,455
1419,455
1420,455
1421,455
1422,455
1423,455
1424,455
1425,454
1426,455
1427,455
1428,455
1429,455
1430,455
1431,455
1432,454
1433,454
1434,455
1435,455
1436,456
1438,456
1439,455
1440,455
1441,454
1442,454
1443,455
1444,455
1445,455
1446,455
1447,455
1448,455
1449,455
1450,454
1451,455
1452,455
1453,455
1454,455
1455,455
1456,455
1457,455
1458,455
1459,455
1460,455
1461,455
1462,456
1463,455
1464,455
1465,455
1466,455
1467,455
1468,455
1469,455
1470,455
1471,455
1472,455
1473,455
1474,454
1475,455
1476,455
1477,456
1478,456
1480,456
1481,455
1482,455
1483,454
1484,454
1485,455
1486,455
1487,456
1488,456
1489,456
1490,455
1491,455
1492,455
1493,455
1494,455
1495,456
1496,455
1497,456
1498,455
1499,454
1500,455
1501,455
1502,455
1503,456
1504,456
1505,455
1506,455
1507,455
1508,455
1509,455
1510,455
1511,456
1512,456
1513,455
1514,455
1515,455
1516,455
1517,455
1518,455
1519,456
1520,455
1521,455
1523,455
1524,455
1525,454
1526,454
1527,455
1528,456
1529,456
1530,455
1531,455
1532,455
1533,455
1534,455
1535,455
1536,456
1537,456
1538,456
1539,455
1540,455
1541,455
1542,455
1543,455
1544,455
1545,456
1546,456
1547,455
1548,455
1549,455
1550,455
1551,455
1552,455
1553,456
1554,456
1555,455
1556,456
1557,455
1558,455
1559,455
1560,455
1561,456
1562,456
1563,456
1564,455
1566,455
1567,455
1568,455
1569,456
1570,455
1571,456
1572,456
1573,455
1574,455
1575,455
1576,455
1577,456
1578,456
1579,456
1580,456
1581,455
1582,455
1583,455
1584,455
1585,455
1586,456
1587,456
1588,456
1589,455
1590,455
1591,455
1592,455
1593,456
1594,456
1595,456
1596,456
1597,456
1598,455
1599,455
1600,455
1601,455
1602,456
1603,456
1604,456
1605,456
1606,455
1608,455
1609,455
1610,455
1611,456
1612,456
1613,456
1614,455
1615,455
1616,455
1617,456
1618,455
1619,455
1620,456
1621,456
1622,456
1623,455
1624,455
1625,455
1626,455
1627,455
1628,456
1629,456
1630,456
1631,455
1632,455
1633,455
1634,455
1635,455
1636,456
1637,456
1638,456
1639,455
1640,455
1641,455
1642,455
1643,455
1644,456
1645,456
1646,456
1647,455
1648,455
1649,455
1651,455
1652,456
1653,456
1654,456
1655,456
1656,456
1657,456
1658,455
1659,455
1660,455
1661,456
1662,456
1663,456
1664,456
1665,455
1666,455
1667,455
1668,456
1669,456
1670,456
1671,456
1672,456
1673,455
1674,455
1675,455
1676,456
1677,457
1678,456
1679,456
1680,456
1681,456
1682,455
1683,455
1684,455
1685,456
1686,456
1687,456
1688,456
1689,456
1690,455
1691,455
1692,455
1694,456
1695,456
1696,456
1697,456
1698,456
1699,455
1700,455
1701,455
1702,456
1703,456
1704,456
1705,456
1706,456
1707,455
1708,455
1709,455
1710,456
1711,456
1712,456
1713,456
1714,456
1715,456
1716,456
1717,456
1718,456
1719,456
1720,456
1721,456
1722,456
1723,455
1724,455
1725,455
1726,456
1727,456
1728,456
1729,456
1730,456
1731,455
1732,455
1733,455
1734,455
1736,456
1737,457
1738,457
1739,456
1740,455
1741,455
1742,455
1743,455
1744,452
1745,456
1746,456
1747,456
1748,456
1749,455
1750,455
1751,455
1752,456
1753,456
1754,456
1755,456
1756,456
1757,456
1758,456
1759,456
1760,456
1761,456
1762,456
1763,456
1764,456
1765,455
1766,455
1767,455
1768,456
1769,456
1770,457
1771,456
1772,456
1773,455
1774,455
1775,456
1776,456
1777,456
1779,456
1780,457
1781,456
1782,456
1783,455
1784,455
1785,456
1786,456
1787,456
1788,456
1789,456
1790,456
1791,455
1792,455
1793,456
1794,456
1795,456
1796,456
1797,457
1798,456
1799,456
1800,455
1801,456
1802,456
1803,456
1804,456
1805,456
1806,456
1807,455
1808,455
1809,456
1810,456
1811,456
1812,457
1813,456
1814,456
1815,455
1816,456
1817,456
1818,456
1819,456
1820,456
1822,456
1823,456
1824,455
1825,455
1826,456
1827,456
1828,456
1829,457
1830,456
1831,456
1832,456
1833,455
1834,455
1835,456
1836,456
1837,457
1838,457
1839,456
1840,455
1841,455
1842,455
1843,456
1844,455
1845,456
1846,456
1847,456
1848,456
1849,455
1850,456
1851,456
1852,456
1853,456
1854,456
1855,456
1856,456
1857,456
1858,456
1859,456
1860,456
1861,456
1862,456
1864,453
1865,455
1866,455
1867,455
1868,456
1869,456
1870,456
1871,456
1872,456
1873,456
1874,455
1875,455
1876,455
1877,457
1878,457
1879,456
1880,456
1881,456
1882,455
1883,455
1884,455
1885,456
1886,457
1887,456
1888,456
1889,456
1890,456
1891,455
1892,455
1893,456
1894,456
1895,456
1896,457
1897,456
1898,455
1899,455
1900,455
1901,456
1902,456
1903,456
1904,456
1905,456
1907,455
1908,455
1909,455
1910,456
1911,456
1912,456
1913,456
1914,456
1915,456
1916,455
1917,456
1918,456
1919,456
1920,456
1921,456
1922,456
1923,456
1924,455
1925,455
1926,456
1927,456
1928,456
1929,456
1930,456
1931,456
1932,455
1933,455
1934,455
1935,456
1936,457
1937,457
1938,457
1939,456
1940,456
1941,455
1942,456
1943,456
1944,456
1945,456
1946,456
1947,456
1948,455
1950,455
1951,456
1952,456
1953,456
1954,456
1955,456
1956,456
1957,456
1958,456
1959,455
1960,456
1961,456
1962,457
1963,456
1964,456
1965,455
1966,455
1967,455
1968,456
1969,456
1970,456
1971,456
1972,456
1973,455
1974,455
1975,455
1976,456
1977,457
1978,457
1979,457
1980,456
1981,456
1982,455
1983,455
1984,456
1985,456
1986,456
1987,456
1988,456
1989,456
1990,455
1992,455
1993,455
1994,456
1995,457
1996,456
1997,457
1998,456
1999,455
2000,455
2001,456
2002,456
2003,456
2004,457
2005,456
2006,456
2007,455
2008,455
2009,456
2010,456
2011,456
2012,456
2013,456
2014,456
2015,455
2016,456
2017,456
2018,456
2019,456
2020,456
2021,456
2022,456
2023,456
2024,455
2025,455
2026,456
2027,456
2028,456
2029,456
2030,456
2031,455
2032,455
2033,455
2035,456
2036,456
2037,457
2038,457
2039,456
2040,455
2041,455
2042,455
2043,456
2044,456
2045,456
2046,457
2047,456
2048,456
2049,455
2050,455
2051,456
2052,456
2053,457
2054,456
2055,456
2056,456
2057,456
2058,456
2059,456
2060,456
2061,456
2062,457
2063,456
2064,456
2065,455
2066,456
2067,455
2068,456
2069,456
2070,456
2071,456
2072,456
2073,455
2074,455
2075,455
2076,456
2078,457
2079,456
2080,456
2081,455
2082,455
2083,455
2084,455
2085,456
2086,456
2087,456
2088,456
2089,456
2090,455
2091,455
2092,455
2093,455
2094,456
2095,457
2096,456
2097,456
2098,456
2099,455
2100,455
2101,456
2102,456
2103,456
2104,456
2105,456
2106,456
2107,455
2108,455
2109,455
2110,456
2111,456
2112,456
2113,456
2114,456
2115,455
2116,456
2117,456
2118,456
2120,456
2121,456
2122,456
2123,455
2124,454
2125,453
2126,455
2127,456
2128,456
2129,456
2130,456
2131,456
2132,454
2133,455
2134,456
2135,456
2136,456
2137,457
2138,457
2139,456
2140,455
2141,454
2142,455
2143,456
2144,456
2145,456
2146,456
2147,456
2148,455
2149,455
2150,455
2151,456
2152,456
2153,456
2154,456
2155,456
2156,456
2157,456
2158,455
2159,456
2160,456
2161,456
2163,456
2164,456
2165,455
2166,455
2167,455
2168,455
2169,455
2170,456
2171,456
2172,456
2173,455
2174,455
2175,455
2176,455
2177,457
2178,457
2179,456
2180,456
2181,456
2182,455
2183,455
2184,455
2185,456
2186,456
2187,456
2188,456
2189,456
2190,455
2191,455
2192,455
2193,456
2194,456
2195,456
2196,457
2197,456
2198,456
2199,455
2200,455
2201,456
2202,456
2203,456
2204,456
2206,456
2207,455
2208,455
2209,455
2210,456
2211,456
2212,456
2213,456
2214,456
2215,455
2216,455
2217,456
2218,456
2219,456
2220,456
2221,456
2222,456
2223,455
2224,455
2225,453
2226,455
2227,456
2228,456
2229,456
2230,456
2231,455
2232,455
2233,455
2234,455
2235,456
2236,456
2237,457
2238,457
2239,456
2240,455
2241,455
2242,455
2243,456
2244,456
2245,456
2246,456
2248,456
2249,455
2250,455
2251,455
2252,456
2253,456
2254,456
2255,457
2256,456
2257,456
2258,456
2259,455
2260,456
2261,456
2262,456
2263,456
2264,455
2265,455
2266,455
2267,455
2268,455
2269,456
2270,456
2271,456
2272,455
2273,455
2274,455
2275,455
2276,456
2277,457
2278,457
2279,456
2280,455
2281,455
2282,455
2283,455
2284,455
2285,456
2286,457
2287,456
2288,455
2289,455
2291,455
2292,455
2293,455
2294,456
2295,456
2296,456
2297,456
2298,456
2299,455
2300,455
2301,454
2302,456
2303,456
2304,456
2305,455
2306,455
2307,455
2308,455
2309,455
2310,456
2311,456
2312,456
2313,456
2314,455
2315,455
2316,455
2317,456
2318,456
2319,456
2320,456
2321,456
2322,456
2323,455
2324,455
2325,455
2326,456
2327,456
2328,457
2329,456
2330,456
2331,456
2332,456
2334,455
2335,456
2336,456
2337,457
2338,457
2339,456
2340,456
2341,455
2342,455
2343,456
2344,456
2345,456
2346,456
2347,456
2348,456
2349,456
2350,455
2351,456
2352,456
2353,456
2354,456
2355,456
2356,456
2357,456
2358,456
2359,456
2360,456
2361,456
2362,457
2363,456
2364,456
2365,455
2366,456
2367,456
2368,456
2369,456
2370,457
2371,456
2372,456
2373,455
2374,455
2376,455
2377,456
2378,457
2379,457
2380,456
2381,456
2382,455
2383,455
2384,456
2385,456
2386,456
2387,456
2388,456
2389,456
2390,455
2391,455
2392,455
2393,456
2394,456
2395,457
2396,456
2397,456
2398,456
2399,455
2400,455
2401,455
2402,456
2403,456
2404,456
2405,456
2406,456
2407,455
2408,455
2409,455
2410,456
2411,456
2412,456
2413,456
2414,455
2415,455
2416,456
2417,456
2419,456
2420,456
2421,456
2422,456
2423,455
2424,455
2425,455
2426,456
2427,456
2428,456
2429,456
2430,456
2431,456
2432,455
2433,456
2434,455
2435,456
2436,456
2437,457
2438,456
2439,456
2440,455
2441,455
2442,455
2443,456
2444,456
2445,456
2446,456
2447,456
2448,455
2449,455
2450,455
2451,456
2452,456
2453,456
2454,456
2455,455
2456,456
2457,456
2458,455
2459,455
2460,456
2462,456
2463,455
2464,456
2465,453
2466,455
2467,455
2468,455
2469,456
2470,456
2471,456
2472,456
2473,455
2474,455
2475,455
2476,455
2477,455
2478,457
2479,456
2480,456
2481,455
2482,455
2483,455
2484,455
2485,455
2486,456
2487,456
2488,456
2489,456
2490,455
2491,455
2492,455
2493,456
2494,456
2495,456
2496,456
2497,456
2498,455
2499,455
2500,455
2501,455
2502,456
2504,456
2505,456
2506,456
2507,455
2508,455
2509,455
2510,455
2511,456
2512,456
2513,456
2514,455
2515,455
2516,455
2517,456
2518,456
2519,455
2520,456
2521,456
2522,456
2523,455
2524,455
2525,455
2526,455
2527,456
2528,456
2529,456
2530,456
2531,455
2532,455
2533,455
2534,455
2535,455
2536,456
2537,456
2538,456
2539,455
2540,455
2541,455
2542,455
2543,455
2544,456
2545,456
2547,455
2548,455
2549,455
2550,454
2551,455
2552,455
2553,455
2554,456
2555,456
2556,455
2557,455
2558,455
2559,455
2560,455
2561,455
2562,455
2563,455
2564,455
2565,454
2566,455
2567,455
2568,455
2569,455
2570,456
2571,455
2572,455
2573,455
2574,455
2575,455
2576,455
2577,456
2578,456
2579,456
2580,455
2581,455
2582,455
2583,455
2584,455
2585,455
2586,455
2587,455
2588,455
2590,455
2591,454
2592,455
2593,454
2594,455
2595,456
2596,456
2597,456
2598,455
2599,455
2600,454
2601,455
2602,455
2603,455
2604,455
2605,455
2606,455
2607,454
2608,455
2609,455
2610,455
2611,455
2612,455
2613,455
2614,455
2615,454
2616,455
2617,455
2618,455
2619,455
2620,455
2621,455
2622,455
2623,454
2624,455
2625,455
2626,455
2627,455
2628,456
2629,455
2630,455
2632,454
2633,454
2634,454
2635,455
2636,455
2637,456
2638,456
2639,455
2640,455
2641,454
2642,454
2643,455
2644,455
2645,455
2646,455
2647,455
2648,454
2649,454
2650,454
2651,455
2652,455
2653,455
2654,455
2655,455
2656,455
2657,455
2658,455
2659,455
2660,455
2661,455
2662,455
2663,455
2664,455
2665,454
2666,454
2667,454
2668,455
2669,455
2670,455
2671,455
2672,455
2673,454
2675,454
2676,454
2677,456
2678,456
2679,455
2680,455
2681,455
2682,455
2683,455
2684,455
2685,455
2686,455
2687,455
2688,455
2689,455
2690,454
2691,454
2692,454
2693,455
2694,455
2695,455
2696,455
2697,455
2698,455
2699,454
2700,454
2701,455
2702,455
2703,455
2704,455
2705,455
2706,454
2707,454
2708,454
2709,455
2710,455
2711,455
2712,455
2713,455
2714,454
2715,454
2716,455
2718,455
2719,455
2720,455
2721,455
2722,455
2723,454
2724,454
2725,454
2726,454
2727,455
2728,455
2729,456
2730,455
2731,455
2732,454
2733,454
2734,454
2735,455
2736,455
2737,456
2738,456
2739,455
2740,454
2741,454
2742,455
2743,454
2744,452
2745,455
2746,455
2747,455
2748,454
2749,454
2750,454
2751,455
2752,455
2753,455
2754,455
2755,455
2756,455
2757,455
2758,455
2760,455
2761,455
2762,454
2763,455
2764,454
2765,454
2766,454
2767,454
2768,454
2769,454
2770,455
2771,455
2772,454
2773,454
2774,454
2775,453
2776,454
2777,455
2778,455
2779,455
2780,455
2781,454
2782,453
2783,454
2784,454
2785,454
2786,455
2787,455
2788,455
2789,454
2790,454
2791,454
2792,454
2793,454
2794,455
2795,455
2796,455
2797,455
2798,454
2799,454
2800,454
2801,454
2803,454
2804,455
2805,454
2806,453
2807,454
2808,453
2809,454
2810,454
2811,455
2812,455
2813,455
2814,454
2815,454
2816,454
2817,454
2818,455
2819,455
2820,455
2821,455
2822,454
2823,454
2824,454
2825,454
2826,454
2827,455
2828,455
2829,455
2830,454
2831,454
2832,454
2833,454
2834,454
2835,455
2836,455
2837,455
2838,455
2839,454
2840,454
2841,454
2842,454
2843,454
2844,455
2846,455
2847,455
2848,454
2849,454
2850,453
2851,454
2852,454
2853,455
2854,455
2855,455
2856,454
2857,454
2858,454
2859,454
2860,454
2861,454
2862,455
2863,454
2864,454
2865,454
2866,454
2867,454
2868,454
2869,454
2870,454
2871,454
2872,454
2873,454
2874,454
2875,454
2876,454
2877,455
2878,455
2879,454
2880,454
2881,454
2882,453
2883,454
2884,454
2885,454
2886,455
2888,455
2889,454
2890,454
2891,454
2892,454
2893,454
2894,454
2895,455
2896,454
2897,455
2898,454
2899,454
2900,454
2901,454
2902,454
2903,455
2904,454
2905,454
2906,454
2907,454
2908,454
2909,454
2910,454
2911,454
2912,455
2913,455
2914,454
2915,454
2916,454
2917,454
2918,455
2919,454
2920,455
2921,454
2922,454
2923,453
2924,454
2925,454
2926,454
2927,454
2928,455
2929,454
2931,454
2932,454
2933,453
2934,454
2935,454
2936,454
2937,455
2938,455
2939,454
2940,454
2941,453
2942,454
2943,454
2944,454
2945,454
2946,454
2947,454
2948,454
2949,453
2950,453
2951,454
2952,454
2953,454
2954,454
2955,454
2956,453
2957,454
2958,454
2959,454
2960,454
2961,454
2962,454
2963,454
2964,454
2965,453
2966,453
2967,454
2968,454
2969,454
2970,454
2971,454
2972,454
2974,453
2975,453
2976,453
2977,454
2978,455
2979,454
2980,454
2981,454
2982,453
2983,451
2984,453
2985,454
2986,454
2987,454
2988,454
2989,454
2990,453
2991,454
2992,453
2993,454
2994,454
2995,454
2996,454
2997,454
2998,454
2999,453
3000,453
3001,454
3002,454
3003,454
3004,454
3005,453
3006,453
3007,453
3008,453
3009,454
3010,454
3011,454
3012,454
3013,454
3014,453
3016,453
3017,454
3018,454
3019,454
3020,454
3021,454
3022,454
3023,454
3024,453
3025,453
3026,453
3027,454
3028,454
3029,454
3030,454
3031,453
3032,453
3033,453
3034,453
3035,454
3036,454
3037,455
3038,454
3039,454
3040,453
3041,453
3042,454
3043,454
3044,454
3045,454
3046,454
3047,454
3048,453
3049,453
3050,453
3051,454
3052,454
3053,454
3054,454
3055,453
3056,454
3057,453
3059,454
3060,453
3061,454
3062,454
3063,454
3064,454
3065,453
3066,453
3067,453
3068,454
3069,454
3070,454
3071,454
3072,454
3073,453
3074,453
3075,453
3076,453
3077,455
3078,455
3079,454
3080,454
3081,454
3082,453
3083,453
3084,454
3085,454
3086,454
3087,454
3088,454
3089,453
3090,453
3091,453
3092,453
3093,454
3094,454
3095,454
3096,454
3097,454
3098,454
3099,453
3100,454
3102,454
3103,454
3104,454
3105,454
3106,453
3107,453
3108,453
3109,453
3110,454
3111,454
3112,454
3113,454
3114,454
3115,453
3116,453
3117,454
3118,454
3119,454
3120,454
3121,454
3122,453
3123,453
3124,453
3125,453
3126,453
3127,454
3128,454
3129,454
3130,454
3131,453
3132,453
3133,453
3134,452
3135,454
3136,454
3137,455
3138,454
3139,454
3140,453
3141,453
3142,453
3144,450
3145,454
3146,454
3147,454
3148,453
3149,453
3150,453
3151,454
3152,453
3153,454
3154,454
3155,454
3156,453
3157,454
3158,454
3159,454
3160,454
3161,454
3162,454
3163,454
3164,454
3165,453
3166,453
3167,453
3168,454
3169,454
3170,454
3171,454
3172,453
3173,453
3174,453
3175,453
3176,454
3177,455
3178,455
3179,454
3180,453
3181,453
3182,453
3183,453
3184,453
3185,454
3187,454
3188,454
3189,453
3190,453
3191,453
3192,453
3193,453
3194,454
3195,454
3196,454
3197,454
3198,454
3199,453
3200,453
3201,453
3202,453
3203,454
3204,454
3205,454
3206,453
3207,453
3208,453
3209,453
3210,454
3211,454
3212,454
3213,454
3214,453
3215,453
3216,453
3217,454
3218,454
3219,454
3220,454
3221,454
3222,454
3223,453
3224,453
3225,453
3226,454
3227,454
3228,454
3230,454
3231,453
3232,453
3233,453
3234,453
3235,453
3236,454
3237,454
3238,454
3239,454
3240,453
3241,453
3242,453
3243,454
3244,454
3245,454
3246,454
3247,454
3248,453
3249,453
3250,453
3251,453
3252,454
3253,454
3254,454
3255,454
3256,453
3257,454
3258,453
3259,453
3260,454
3261,454
3262,454
3263,453
3264,453
3265,453
3266,453
3267,453
3268,454
3269,454
3270,454
3272,453
3273,453
3274,453
3275,453
3276,453
3277,454
3278,454
3279,454
3280,454
3281,453
3282,453
3283,453
3284,453
3285,454
3286,454
3287,454
3288,454
3289,453
3290,453
3291,453
3292,453
3293,454
3294,454
3295,454
3296,454
3297,454
3298,453
3299,453
3300,453
3301,453
3302,454
3303,454
3304,454
3305,454
3306,453
3307,453
3308,453
3309,454
3310,454
3311,454
3312,454
3313,454
3315,453
3316,453
3317,453
3318,454
3319,454
3320,454
3321,454
3322,454
3323,453
3324,453
3325,453
3326,453
3327,454
3328,454
3329,454
3330,454
3331,453
3332,453
3333,453
3334,454
3335,454
3336,454
3337,455
3338,454
3339,453
3340,453
3341,453
3342,453
3343,454
3344,454
3345,454
3346,454
3347,453
3348,453
3349,453
3350,453
3351,454
3352,454
3353,454
3354,453
3355,453
3356,453
3358,454
3359,454
3360,454
3361,454
3362,454
3363,454
3364,453
3365,453
3366,453
3367,453
3368,453
3369,454
3370,454
3371,454
3372,454
3373,453
3374,453
3375,453
3376,453
3377,454
3378,455
3379,454
3380,453
3381,453
3382,453
3383,453
3384,453
3385,454
3386,454
3387,454
3388,453
3389,453
3390,453
3391,453
3392,453
3393,454
3394,454
3395,454
3396,454
3397,454
3398,453
3400,453
3401,453
3402,454
3403,454
3404,454
3405,454
3406,453
3407,453
3408,453
3409,453
3410,454
3411,454
3412,454
3413,454
3414,453
3415,453
3416,453
3417,454
3418,454
3419,454
3420,454
3421,454
3422,454
3423,453
3424,453
3425,453
3426,453
3427,454
3428,454
3429,454
3430,454
3431,453
3432,453
3433,453
3434,454
3435,454
3436,454
3437,454
3438,454
3439,453
3440,453
3441,453
3443,453
3444,454
3445,454
3446,454
3447,453
3448,453
3449,453
3450,453
3451,453
3452,454
3453,454
3454,454
3455,454
3456,453
3457,454
3458,454
3459,453
3460,454
3461,454
3462,454
3463,454
3464,454
3465,453
3466,453
3467,453
3468,454
3469,454
3470,454
3471,453
3472,453
3473,453
3474,453
3475,453
3476,453
3477,455
3478,455
3479,454
3480,454
3481,453
3482,453
3483,453
3484,454
3486,454
3487,454
3488,454
3489,454
3490,453
3491,453
3492,453
3493,454
3494,454
3495,454
3496,454
3497,454
3498,454
3499,453
3500,453
3501,453
3502,452
3503,454
3504,454
3505,453
3506,453
3507,453
3508,453
3509,453
3510,453
3511,454
3512,454
3513,453
3514,453
3515,453
3516,453
3517,454
3518,454
3519,454
3520,454
3521,454
3522,453
3523,453
3524,453
3525,453
3526,454
3528,454
3529,454
3530,454
3531,453
3532,453
3533,453
3534,453
3535,453
3536,454
3537,454
3538,454
3539,453
3540,453
3541,453
3542,448
3543,453
3544,454
3545,454
3546,454
3547,453
3548,453
3549,453
3550,453
3551,453
3552,454
3553,454
3554,454
3555,453
3556,453
3557,453
3558,453
3559,453
3560,454
3561,454
3562,454
3563,453
3564,453
3565,453
3566,453
3567,453
3568,454
3569,454
3571,454
3572,453
3573,453
3574,453
3575,453
3576,453
3577,454
3578,454
3579,454
3580,454
3581,453
3582,453
3583,453
3584,453
3585,454
3586,454
3587,454
3588,454
3589,453
3590,453
3591,453
3592,453
3593,453
3594,454
3595,454
3596,454
3597,454
3598,454
3599,453
3600,453
3601,453
3602,454
3603,454
3604,454
3605,454
3606,453
3607,453
3608,453
3609,454
3610,454
3611,454
3612,454
3614,454
3615,453
3616,453
3617,453
3618,454
3619,455
3620,454
3621,454
3622,454
3623,453
3624,453
3625,453
3626,454
3627,453
3628,454
3629,454
3630,453
3631,453
3632,453
3633,453
3634,453
3635,453
3636,454
3637,454
3638,454
3639,453
3640,453
3641,453
3642,453
3643,452
3644,454
3645,454
3646,454
3647,453
3648,451
3649,453
3650,454
3651,454
3652,454
3653,453
3654,454
3656,453
3657,454
3658,454
3659,454
3660,454
3661,454
3662,454
3663,454
3664,453
3665,453
3666,453
3667,453
3668,454
3669,454
3670,454
3671,454
3672,454
3673,453
3674,453
3675,453
3676,454
3677,455
3678,455
3679,454
3680,454
3681,453
3682,453
3683,453
3684,453
3685,454
3686,454
3687,454
3688,454
3689,453
3690,453
3691,453
3692,453
3693,454
3694,454
3695,454
3696,454
3697,454
3699,453
3700,453
3701,453
3702,454
3703,454
3704,454
3705,453
3706,453
3707,453
3708,453
3709,453
3710,454
3711,454
3712,454
3713,454
3714,453
3715,453
3716,453
3717,454
3718,454
3719,454
3720,454
3721,454
3722,453
3723,453
3724,453
3725,453
3726,453
3727,454
3728,454
3729,453
3730,453
3731,453
3732,453
3733,453
3734,453
3735,454
3736,454
3737,454
3738,454
3739,453
3740,453
3742,453
3743,453
3744,454
3745,454
3746,454
3747,454
3748,453
3749,453
3750,453
3751,453
3752,454
3753,454
3754,454
3755,453
3756,453
3757,453
3758,453
3759,453
3760,453
3761,454
3762,449
3763,453
3764,453
3765,453
3766,453
3767,453
3768,453
3769,454
3770,454
3771,453
3772,453
3773,453
3774,453
3775,453
3776,453
3777,454
3778,454
3779,453
3780,453
3781,453
3782,453
3784,453
3785,453
3786,454
3787,453
3788,453
3789,453
3790,452
3791,453
3792,453
3793,453
3794,454
3795,454
3796,454
3797,453
3798,453
3799,453
3800,453
3801,453
3802,453
3803,453
3804,454
3805,453
3806,452
3807,452
3808,453
3809,453
3810,453
3811,454
3812,454
3813,453
3814,453
3815,453
3816,453
3817,453
3818,454
3819,453
3820,453
3821,453
3822,452
3823,453
3824,453
3825,453
3827,453
3828,454
3829,454
3830,453
3831,453
3832,452
3833,452
3834,453
3835,453
3836,453
3837,454
3838,454
3839,453
3840,453
3841,452
3842,453
3843,448
3844,453
3845,453
3846,453
3847,453
3848,453
3849,452
3850,453
3851,453
3852,453
3853,453
3854,453
3855,453
3856,452
3857,453
3858,453
3859,453
3860,453
3861,453
3862,453
3863,453
3864,452
3865,452
3866,453
3867,453
3868,453
3870,453
3871,453
3872,453
3873,452
3874,452
3875,452
3876,452
3877,453
3878,454
3879,453
3880,453
3881,452
3882,452
3883,452
3884,453
3885,453
3886,453
3887,453
3888,453
3889,453
3890,452
3891,452
3892,453
3893,453
3894,453
3895,453
3896,453
3897,453
3898,453
3899,452
3900,452
3901,453
3902,453
3903,453
3904,453
3905,452
3906,452
3907,452
3908,452
3909,453
3910,453
3912,453
3913,453
3914,452
3915,452
3916,452
3917,452
3918,453
3919,453
3920,453
3921,453
3922,453
3923,452
3924,452
3925,452
3926,453
3927,453
3928,453
3929,453
3930,452
3931,452
3932,452
3933,452
3934,452
3935,453
3936,453
3937,453
3938,453
3939,452
3940,452
3941,452
3942,452
3943,452
3944,453
3945,453
3946,452
3947,452
3948,452
3949,452
3950,452
3951,452
3952,453
3953,453
3955,452
3956,452
3957,452
3958,452
3959,453
3960,452
3961,450
3962,452
3963,452
3964,452
3965,452
3966,451
3967,451
3968,452
3969,452
3970,452
3971,452
3972,452
3973,451
3974,451
3975,452
3976,452
3977,453
3978,453
3979,452
3980,452
3981,451
3982,452
3983,452
3984,452
3985,452
3986,452
3987,452
3988,452
3989,452
3990,452
3991,452
3992,452
3993,452
3994,452
3995,452
3996,452
3998,452
3999,452
4000,451
4001,452
4002,452
4003,452
4004,453
4005,452
4006,452
4007,451
4008,451
4009,452
4010,452
4011,452
4012,452
4013,452
4014,452
4015,451
4016,451
4017,452
4018,452
4019,452
4020,452
4021,452
4022,449
4023,442
4024,451
4025,451
4026,452
4027,452
4028,450
4029,452
4030,452
4031,451
4032,451
4033,451
4034,452
4035,452
4036,452
4037,452
4038,452
4040,451
4041,451
4042,451
4043,452
4044,450
4045,452
4046,452
4047,452
4048,451
4049,451
4050,451
4051,452
4052,452
4053,452
4054,452
4055,452
4056,452
4057,452
4058,452
4059,452
4060,452
4061,452
4062,452
4063,452
4064,451
4065,451
4066,451
4067,451
4068,452
4069,452
4070,452
4071,451
4072,451
4073,451
4074,451
4075,452
4076,452
4077,452
4078,453
4079,452
4080,451
4081,451
4083,451
4084,452
4085,452
4086,452
4087,452
4088,452
4089,452
4090,451
4091,451
4092,451
4093,452
4094,452
4095,452
4096,452
4097,452
4098,452
4099,451
4100,451
4101,452
4102,452
4103,452
4104,452
4105,452
4106,451
4107,451
4108,451
4109,451
4110,452
4111,452
4112,452
4113,452
4114,451
4115,451
4116,451
4117,452
4118,453
4119,452
4120,452
4121,452
4122,451
4123,451
4124,451
4126,451
4127,452
4128,452
4129,452
4130,452
4131,451
4132,451
4133,451
4134,451
4135,452
4136,452
4137,452
4138,452
4139,452
4140,451
4141,451
4142,451
4143,451
4144,452
4145,452
4146,452
4147,451
4148,451
4149,451
4150,451
4151,452
4152,452
4153,452
4154,452
4155,451
4156,451
4157,452
4158,451
4159,452
4160,452
4161,452
4162,452
4163,452
4164,451
4165,451
4166,451
4168,451
4169,452
4170,452
4171,452
4172,451
4173,451
4174,451
4175,451
4176,451
4177,452
4178,452
4179,452
4180,452
4181,451
4182,451
4183,451
4184,452
4185,452
4186,452
4187,452
4188,452
4189,451
4190,451
4191,451
4192,452
4193,452
4194,452
4195,452
4196,452
4197,452
4198,451
4199,451
4200,451
4201,452
4202,452
4203,452
4204,452
4205,451
4206,451
4207,451
4208,451
4209,452
4211,452
4212,452
4213,452
4214,451
4215,451
4216,451
4217,451
4218,452
4219,452
4220,452
4221,452
4222,451
4223,451
4224,451
4225,451
4226,452
4227,452
4228,452
4229,452
4230,451
4231,451
4232,451
4233,451
4234,451
4235,452
4236,452
4237,452
4238,452
4239,451
4240,451
4241,451
4242,451
4243,452
4244,452
4245,452
4246,451
4247,451
4248,451
4249,451
4250,451
4251,452
4252,452
4254,452
4255,451
4256,451
4257,451
4258,451
4259,451
4260,452
4261,451
4262,452
4263,451
4264,451
4265,451
4266,451
4267,451
4268,451
4269,452
4270,451
4271,451
4272,451
4273,451
4274,451
4275,451
4276,451
4277,452
4278,452
4279,451
4280,451
4281,451
4282,450
4283,447
4284,451
4285,451
4286,452
4287,451
4288,451
4289,450
4290,450
4291,451
4292,451
4293,451
4294,451
4296,451
4297,451
4298,451
4299,451
4300,450
4301,451
4302,451
4303,451
4304,451
4305,451
4306,451
4307,450
4308,450
4309,450
4310,451
4311,451
4312,451
4313,451
4314,450
4315,450
4316,450
4317,451
4318,451
4319,451
4320,451
4321,451
4322,450
4323,450
4324,450
4325,450
4326,451
4327,451
4328,451
4329,451
4330,451
4331,450
4332,450
4333,450
4334,451
4335,451
4336,451
4337,451
4339,451
4340,450
4341,450
4342,450
4343,450
4344,451
4345,451
4346,451
4347,450
4348,450
4349,450
4350,450
4351,451
4352,451
4353,451
4354,451
4355,450
4356,450
4357,450
4358,451
4359,450
4360,451
4361,451
4362,451
4363,450
4364,450
4365,450
4366,450
4367,450
4368,451
4369,450
4370,451
4371,451
4372,450
4373,450
4374,450
4375,450
4376,450
4377,451
4378,451
4379,451
4380,450
4382,450
4383,450
4384,450
4385,450
4386,450
4387,451
4388,450
4389,450
4390,450
4391,450
4392,450
4393,450
4394,450
4395,450
4396,450
4397,451
4398,450
4399,450
4400,450
4401,450
4402,450
4403,448
4404,450
4405,450
4406,450
4407,449
4408,450
4409,450
4410,449
4411,450
4412,450
4413,450
4414,449
4415,449
4416,450
4417,450
4418,451
4419,451
4420,450
4421,450
4422,449
4424,449
4425,448
4426,450
4427,450
4428,450
4429,450
4430,450
4431,450
4432,449
4433,449
4434,450
4435,450
4436,450
4437,451
4438,450
4439,450
4440,449
4441,449
4442,450
4443,450
4444,450
4445,450
4446,450
4447,450
4448,449
4449,449
4450,449
4451,450
4452,450
4453,450
4454,450
4455,449
4456,449
4457,450
4458,450
4459,450
4460,450
4461,450
4462,450
4463,450
4464,449
4465,449
4467,449
4468,449
4469,450
4470,450
4471,450
4472,449
4473,449
4474,449
4475,449
4476,449
4477,450
4478,450
4479,450
4480,449
4481,449
4482,449
4483,449
4484,449
4485,449
4486,450
4487,450
4488,450
4489,449
4490,449
4491,449
4492,449
4493,449
4494,450
4495,450
4496,450
4497,449
4498,449
4499,449
4500,449
4501,449
4502,449
4503,446
4504,449
4505,449
4506,449
4507,449
4508,449
4510,449
4511,449
4512,449
4513,450
4514,449
4515,449
4516,449
4517,449
4518,450
4519,450
4520,449
4521,449
4522,449
4523,449
4524,449
4525,449
4526,449
4527,449
4528,450
4529,450
4530,449
4531,449
4532,449
4533,449
4534,449
4535,450
4536,450
4537,450
4538,450
4539,449
4540,449
4541,449
4542,449
4543,449
4544,450
4545,450
4546,449
4547,449
4548,449
4549,449
4550,449
4552,449
4553,449
4554,449
4555,449
4556,449
4557,449
4558,449
4559,449
4560,449
4561,449
4562,450
4563,449
4564,448
4565,449
4566,449
4567,449
4568,449
4569,450
4570,450
4571,449
4572,449
4573,449
4574,449
4575,449
4576,449
4577,450
4578,450
4579,449
4580,449
4581,449
4582,449
4583,449
4584,449
4585,449
4586,449
4587,449
4588,449
4589,448
4590,448
4591,449
4592,449
4593,449
4595,449
4596,450
4597,449
4598,449
4599,449
4600,449
4601,449
4602,449
4603,449
4604,449
4605,449
4606,449
4607,448
4608,449
4609,449
4610,449
4611,449
4612,449
4613,449
4614,448
4615,449
4616,448
4617,449
4618,450
4619,450
4620,449
4621,449
4622,448
4623,448
4624,449
4625,449
4626,448
4627,450
4628,450
4629,449
4630,449
4631,449
4632,449
4633,449
4634,449
4635,449
4636,449
4638,450
4639,449
4640,449
4641,448
4642,449
4643,449
4644,449
4645,448
4646,449
4647,449
4648,449
4649,449
4650,449
4651,449
4652,449
4653,449
4654,449
4655,449
4656,449
4657,449
4658,449
4659,449
4660,449
4661,449
4662,449
4663,449
4664,449
4665,448
4666,449
4667,449
4668,449
4669,449
4670,449
4671,449
4672,448
4673,449
4674,448
4675,449
4676,449
4677,450
4678,450
4680,449
4681,449
4682,449
4683,448
4684,449
4685,449
4686,449
4687,449
4688,449
4689,449
4690,448
4691,448
4692,449
4693,449
4694,449
4695,449
4696,449
4697,449
4698,449
4699,449
4700,449
4701,449
4702,449
4703,449
4704,449
4705,449
4706,449
4707,449
4708,449
4709,449
4710,449
4711,449
4712,449
4713,449
4714,449
4715,448
4716,449
4717,450
4718,450
4719,449
4720,449
4721,449
4723,449
4724,449
4725,449
4726,449
4727,449
4728,449
4729,449
4730,449
4731,449
4732,448
4733,449
4734,449
4735,449
4736,450
4737,450
4738,450
4739,449
4740,448
4741,449
4742,449
4743,449
4744,449
4745,449
4746,449
4747,449
4748,449
4749,448
4750,449
4751,449
4752,449
4753,449
4754,449
4755,449
4756,449
4757,449
4758,450
4759,449
4760,449
4761,450
4762,450
4763,449
4764,449
4766,449
4767,449
4768,449
4769,449
4770,450
4771,449
4772,449
4773,449
4774,448
4775,449
4776,449
4777,449
4778,450
4779,450
4780,449
4781,449
4782,448
4783,449
4784,449
4785,450
4786,449
4787,449
4788,449
4789,449
4790,448
4791,448
4792,449
4793,449
4794,450
4795,450
4796,449
4797,449
4798,449
4799,449
4800,449
4801,449
4802,449
4803,449
4804,449
4805,449
4806,449
4808,449
4809,449
4810,449
4811,449
4812,449
4813,449
4814,449
4815,449
4816,448
4817,449
4818,450
4819,450
4820,449
4821,449
4822,449
4823,448
4824,448
4825,449
4826,449
4827,449
4828,449
4829,449
4830,449
4831,449
4832,448
4833,449
4834,449
4835,449
4836,449
4837,450
4838,449
4839,449
4840,449
4841,449
4842,449
4843,448
4844,449
4845,449
4846,449
4847,449
4848,449
4849,449
4851,449
4852,449
4853,449
4854,449
4855,449
4856,449
4857,449
4858,449
4859,450
4860,449
4861,450
4862,448
4863,449
4864,449
4865,449
4866,449
4867,449
4868,450
4869,449
4870,449
4871,449
4872,449
4873,449
4874,449
4875,449
4876,449
4877,450
4878,450
4879,449
4880,449
4881,449
4882,449
4883,449
4884,450
4885,450
4886,450
4887,450
4888,449
4889,449
4890,449
4891,449
4892,450
4894,450
4895,450
4896,450
4897,450
4898,450
4899,450
4900,449
4901,450
4902,450
4903,450
4904,450
4905,450
4906,449
4907,449
4908,449
4909,450
4910,450
4911,450
4912,450
4913,450
4914,449
4915,449
4916,450
4917,450
4918,450
4919,450
4920,450
4921,450
4922,449
4923,449
4924,449
4925,450
4926,450
4927,450
4928,450
4929,450
4930,450
4931,449
4932,449
4933,450
4934,450
4936,450
4937,450
4938,450
4939,450
4940,450
4941,450
4942,450
4943,450
4944,450
4945,449
4946,450
4947,450
4948,449
4949,449
4950,450
4951,450
4952,450
4953,450
4954,450
4955,450
4956,449
4957,450
4958,450
4959,450
4960,450
4961,450
4962,451
4963,450
4964,450
4965,449
4966,450
4967,450
4968,450
4969,450
4970,450
4971,450
4972,450
4973,449
4974,450
4975,450
4976,450
4977,451
4979,451
4980,450
4981,450
4982,449
4983,450
4984,450
4985,450
4986,450
4987,451
4988,450
4989,450
4990,449
4991,450
4992,450
4993,451
4994,450
4995,451
4996,451
4997,451
4998,450
4999,450
5000,450
5001,451
5002,450
5003,451
5004,451
5005,450
5006,449
5007,450
5008,450
5009,450
5010,451
5011,451
5012,451
5013,450
5014,450
5015,450
5016,450
5017,451
5018,451
5019,451
5020,450
5022,450
5023,450
5024,450
5025,450
5026,451
5027,451
5028,451
5029,451
5030,450
5031,450
5032,450
5033,450
5034,451
5035,451
5036,451
5037,451
5038,451
5039,451
5040,450
5041,450
5042,451
5043,451
5044,451
5045,451
5046,451
5047,450
5048,451
5049,451
5050,451
5051,451
5052,451
5053,451
5054,451
5055,450
5056,450
5057,451
5058,451
5059,451
5060,451
5061,451
5062,451
5064,450
5065,450
5066,450
5067,451
5068,451
5069,449
5070,451
5071,452
5072,451
5073,450
5074,450
5075,451
5076,450
5077,452
5078,452
5079,452
5080,451
5081,451
5082,448
5083,450
5084,451
5085,451
5086,451
5087,451
5088,451
5089,450
5090,450
5091,451
5092,451
5093,451
5094,452
5095,451
5096,451
5097,451
5098,451
5099,451
5100,451
5101,452
5102,452
5103,451
5104,451
5105,451
5107,451
5108,451
5109,451
5110,452
5111,452
5112,452
5113,451
5114,451
5115,451
5116,451
5117,451
5118,452
5119,452
5120,452
5121,452
5122,451
5123,451
5124,451
5125,451
5126,452
5127,452
5128,452
5129,452
5130,451
5131,451
5132,451
5133,452
5134,452
5135,452
5136,452
5137,452
5138,452
5139,451
5140,451
5141,451
5142,452
5143,452
5144,452
5145,452
5146,452
5147,451
5148,451
5150,451
5151,452
5152,452
5153,452
5154,452
5155,452
5156,451
5157,452
5158,452
5159,452
5160,452
5161,452
5162,452
5163,452
5164,452
5165,451
5166,452
5167,452
5168,452
5169,453
5170,453
5171,452
5172,452
5173,452
5174,452
5175,452
5176,452
5177,453
5178,453
5179,453
5180,452
5181,452
5182,451
5183,452
5184,452
5185,453
5186,453
5187,452
5188,452
5189,452
5190,452
5192,452
5193,452
5194,453
5195,452
5196,452
5197,452
5198,452
5199,452
5200,452
5201,452
5202,452
5203,453
5204,452
5205,452
5206,452
5207,452
5208,452
5209,452
5210,453
5211,453
5212,453
5213,452
5214,452
5215,452
5216,452
5217,453
5218,453
5219,453
5220,453
5221,453
5222,452
5223,452
5224,452
5225,453
5226,453
5227,453
5228,453
5229,453
5230,452
5231,452
5232,452
5233,452
5235,453
5236,453
5237,453
5238,453
5239,453
5240,452
5241,452
5242,452
5243,453
5244,453
5245,453
5246,453
5247,452
5248,452
5249,452
5250,453
5251,453
5252,453
5253,453
5254,453
5255,452
5256,452
5257,452
5258,453
5259,453
5260,453
5261,453
5262,453
5263,453
5264,452
5265,452
5266,453
5267,453
5268,453
5269,453
5270,453
5271,453
5272,453
5273,452
5274,453
5275,453
5276,453
5278,454
5279,454
5280,453
5281,452
5282,452
5283,453
5284,453
5285,453
5286,453
5287,453
5288,453
5289,452
5290,452
5291,452
5292,453
5293,453
5294,453
5295,453
5296,453
5297,453
5298,453
5299,453
5300,453
5301,453
5302,453
5303,453
5304,453
5305,453
5306,453
5307,453
5308,453
5309,453
5310,453
5311,453
5312,453
5313,453
5314,452
5315,453
5316,453
5317,454
5318,454
5320,454
5321,453
5322,453
5323,453
5324,452
5325,453
5326,453
5327,454
5328,453
5329,453
5330,453
5331,452
5332,452
5333,453
5334,453
5335,453
5336,454
5337,454
5338,453
5339,453
5340,453
5341,453
5342,453
5343,453
5344,454
5345,453
5346,453
5347,453
5348,453
5349,453
5350,453
5351,454
5352,454
5353,454
5354,453
5355,453
5356,453
5357,453
5358,454
5359,453
5360,453
5361,454
5363,453
5364,453
5365,453
5366,453
5367,453
5368,453
5369,454
5370,453
5371,453
5372,453
5373,453
5374,453
5375,453
5376,453
5377,454
5378,454
5379,454
5380,453
5381,453
5382,453
5383,453
5384,453
5385,454
5386,454
5387,454
5388,453
5389,453
5390,453
5391,453
5392,453
5393,454
5394,454
5395,454
5396,453
5397,453
5398,453
5399,453
5400,453
5401,454
5402,454
5403,454
5404,454
5406,453
5407,453
5408,453
5409,453
5410,454
5411,454
5412,454
5413,454
5414,453
5415,453
5416,453
5417,454
5418,454
5419,454
5420,454
5421,453
5422,453
5423,453
5424,453
5425,453
5426,454
5427,454
5428,454
5429,454
5430,453
5431,453
5432,453
5433,453
5434,454
5435,454
5436,454
5437,454
5438,454
5439,453
5440,453
5441,453
5442,454
5443,454
5444,453
5445,453
5446,453
5448,453
5449,453
5450,453
5451,453
5452,453
5453,455
5454,454
5455,454
5456,453
5457,454
5458,454
5459,454
5460,454
5461,454
5462,454
5463,454
5464,453
5465,451
5466,453
5467,454
5468,454
5469,454
5470,454
5471,454
5472,453
5473,453
5474,453
5475,454
5476,454
5477,455
5478,455
5479,454
5480,454
5481,453
5482,453
5483,454
5484,454
5485,454
5486,454
5487,454
5488,453
5489,453
5491,453
5492,454
5493,454
5494,454
5495,454
5496,454
5497,454
5498,454
5499,454
5500,454
5501,454
5502,454
5503,454
5504,454
5505,454
5506,453
5507,453
5508,454
5509,454
5510,454
5511,454
5512,454
5513,454
5514,453
5515,453
5516,454
5517,454
5518,455
5519,455
5520,454
5521,453
5522,453
5523,453
5524,453
5525,454
5526,454
5527,454
5528,454
5529,454
5530,453
5531,453
5532,454
5534,454
5535,454
5536,454
5537,454
5538,454
5539,454
5540,453
5541,453
5542,454
5543,454
5544,454
5545,454
5546,453
5547,454
5548,453
5549,453
5550,453
5551,454
5552,454
5553,454
5554,454
5555,454
5556,453
5557,454
5558,454
5559,454
5560,454
5561,454
5562,454
5563,453
5564,452
5565,453
5566,453
5567,454
5568,454
5569,454
5570,454
5571,454
5572,453
5573,453
5574,454
5576,454
5577,454
5578,455
5579,455
5580,454
5581,453
5582,453
5583,453
5584,454
5585,454
5586,454
5587,454
5588,454
5589,453
5590,453
5591,453
5592,453
5593,454
5594,454
5595,454
5596,454
5597,454
5598,454
5599,454
5600,453
5601,454
5602,454
5603,454
5604,454
5605,453
5606,453
5607,453
5608,454
5609,454
5610,454
5611,454
5612,454
5613,453
5614,453
5615,453
5616,453
5617,454
5619,455
5620,454
5621,454
5622,454
5623,453
5624,453
5625,454
5626,454
5627,454
5628,454
5629,454
5630,454
5631,453
5632,453
5633,454
5634,454
5635,454
5636,454
5637,454
5638,454
5639,454
5640,454
5641,454
5642,454
5643,454
5644,454
5645,454
5646,454
5647,453
5648,453
5649,453
5650,454
5651,454
5652,454
5653,454
5654,454
5655,453
5656,453
5657,454
5658,454
5659,454
5660,454
5662,454
5663,454
5664,454
5665,453
5666,453
5667,454
5668,454
5669,454
5670,454
5671,454
5672,454
5673,453
5674,454
5675,454
5676,454
5677,455
5678,455
5679,455
5680,454
5681,453
5682,453
5683,454
5684,454
5685,454
5686,454
5687,454
5688,454
5689,453
5690,453
5691,454
5692,454
5693,454
5694,454
5695,454
5696,454
5697,454
5698,454
5699,454
5700,454
5701,454
5702,455
5704,454
5705,454
5706,453
5707,454
5708,454
5709,454
5710,454
5711,455
5712,454
5713,454
5714,453
5715,454
5716,454
5717,454
5718,455
5719,455
5720,454
5721,454
5722,454
5723,454
5724,454
5725,454
5726,455
5727,455
5728,455
5729,454
5730,454
5731,454
5732,454
5733,454
5734,454
5735,455
5736,455
5737,455
5738,454
5739,454
5740,454
5741,454
5742,454
5743,455
5744,455
5745,454
5747,454
5748,454
5749,454
5750,454
5751,454
5752,454
5753,455
5754,454
5755,454
5756,454
5757,454
5758,455
5759,455
5760,455
5761,455
5762,454
5763,454
5764,454
5765,454
5766,454
5767,454
5768,455
5769,455
5770,454
5771,454
5772,454
5773,453
5774,454
5775,454
5776,455
5777,455
5778,455
5779,455
5780,454
5781,454
5782,454
5783,454
5784,454
5785,455
5786,455
5787,454
5788,454
5790,454
5791,454
5792,454
5793,455
5794,455
5795,455
5796,455
5797,454
5798,454
5799,454
5800,454
5801,454
5802,455
5803,455
5804,455
5805,454
5806,454
5807,454
5808,454
5809,455
5810,455
5811,455
5812,455
5813,455
5814,454
5815,454
5816,454
5817,455
5818,456
5819,456
5820,455
5821,454
5822,454
5823,454
5824,455
5825,452
5826,455
5827,455
5828,455
5829,455
5830,454
5832,455
5833,455
5834,455
5835,455
5836,455
5837,455
5838,456
5839,455
5840,455
5841,455
5842,455
5843,455
5844,456
5845,456
5846,455
5847,455
5848,455
5849,455
5850,455
5851,456
5852,456
5853,456
5854,455
5855,455
5856,455
5857,456
5858,456
5859,456
5860,456
5861,456
5862,456
5863,455
5864,455
5865,454
5866,455
5867,455
5868,456
5869,456
5870,456
5871,455
5872,455
5873,455
5875,455
5876,456
5877,456
5878,457
5879,456
5880,456
5881,455
5882,455
5883,455
5884,456
5885,456
5886,456
5887,456
5888,455
5889,455
5890,455
5891,455
5892,456
5893,456
5894,456
5895,456
5896,456
5897,456
5898,456
5899,456
5900,456
5901,456
5902,456
5903,456
5904,456
5905,455
5906,455
5907,456
5908,456
5909,456
5910,457
5911,456
5912,456
5913,455
5914,455
5915,455
5916,456
5918,457
5919,457
5920,456
5921,456
5922,456
5923,455
5924,455
5925,456
5926,456
5927,457
5928,457
5929,456
5930,456
5931,455
5932,455
5933,456
5934,456
5935,456
5936,457
5937,457
5938,456
5939,456
5940,456
5941,456
5942,456
5943,457
5944,456
5945,456
5946,456
5947,456
5948,455
5949,456
5950,456
5951,456
5952,456
5953,456
5954,456
5955,456
5956,455
5957,456
5958,457
5960,456
5961,456
5962,456
5963,456
5964,455
5965,455
5966,455
5967,456
5968,456
5969,457
5970,457
5971,456
5972,456
5973,456
5974,456
5975,456
5976,457
5977,457
5978,457
5979,457
5980,456
5981,456
5982,456
5983,455
5984,456
5985,457
5986,457
5987,456
5988,456
5989,455
5990,456
5991,456
5992,456
5993,456
5994,457
5995,457
5996,456
5997,456
5998,456
5999,456
6000,456
6001,457
6003,457
6004,457
6005,456
6006,456
6007,456
6008,456
6009,457
6010,457
6011,457
6012,457
6013,456
6014,456
6015,456
6016,456
6017,457
6018,457
6019,458
6020,457
6021,456
6022,456
6023,456
6024,456
6025,457
6026,457
6027,457
6028,457
6029,456
6030,456
6031,456
6032,456
6033,457
6034,457
6035,457
6036,457
6037,457
6038,457
6039,456
6040,456
6041,456
6042,457
6043,457
6044,457
6046,457
6047,456
6048,456
6049,456
6050,456
6051,457
6052,457
6053,457
6054,457
6055,456
6056,456
6057,456
6058,457
6059,457
6060,457
6061,457
6062,456
6063,456
6064,456
6065,456
6066,456
6067,457
6068,457
6069,457
6070,457
6071,457
6072,456
6073,456
6074,456
6075,457
6076,457
6077,457
6078,458
6079,457
6080,456
6081,455
6082,456
6083,456
6084,457
6085,457
6086,457
6088,456
6089,456
6090,456
6091,456
6092,456
6093,457
6094,457
6095,457
6096,457
6097,456
6098,456
6099,457
6100,457
6101,457
6102,457
6103,457
6104,457
6105,456
6106,456
6107,456
6108,456
6109,457
6110,457
6111,457
6112,457
6113,456
6114,456
6115,456
6116,456
6117,457
6118,457
6119,457
6120,457
6121,456
6122,456
6123,456
6124,456
6125,457
6126,457
6127,457
6128,457
6129,456
6131,456
6132,456
6133,456
6134,457
6135,457
6136,457
6137,457
6138,457
6139,456
6140,456
6141,456
6142,457
6143,457
6144,457
6145,457
6146,457
6147,456
6148,456
6149,456
6150,457
6151,457
6152,457
6153,457
6154,456
6155,456
6156,456
6157,457
6158,457
6159,457
6160,457
6161,457
6162,457
6163,456
6164,456
6165,456
6166,456
6167,457
6168,457
6169,457
6170,457
6171,456
6172,456
6174,456
6175,457
6176,457
6177,457
6178,458
6179,457
6180,457
6181,456
6182,456
6183,456
6184,457
6185,457
6186,457
6187,457
6188,457
6189,456
6190,456
6191,457
6192,457
6193,457
6194,457
6195,457
6196,456
6197,457
6198,457
6199,457
6200,457
6201,457
6202,457
6203,457
6204,456
6205,456
6206,456
6207,456
6208,457
6209,457
6210,457
6211,457
6212,457
6213,456
6214,456
6216,456
6217,457
6218,458
6219,458
6220,457
6221,457
6222,456
6223,456
6224,456
6225,456
6226,457
6227,457
6228,457
6229,457
6230,456
6231,456
6232,456
6233,457
6234,457
6235,457
6236,457
6237,457
6238,457
6239,457
6240,456
6241,457
6242,457
6243,457
6244,457
6245,457
6246,456
6247,456
6248,456
6249,457
6250,457
6251,457
6252,457
6253,457
6254,457
6255,456
6256,456
6257,457
6259,457
6260,457
6261,457
6262,457
6263,457
6264,456
6265,456
6266,456
6267,457
6268,457
6269,457
6270,457
6271,457
6272,456
6273,456
6274,456
6275,457
6276,457
6277,458
6278,458
6279,457
6280,456
6281,456
6282,456
6283,457
6284,457
6285,457
6286,457
6287,457
6288,456
6289,456
6290,456
6291,456
6292,457
6293,457
6294,457
6295,457
6296,456
6297,457
6298,457
6299,457
6300,457
6302,457
6303,457
6304,457
6305,456
6306,456
6307,456
6308,456
6309,457
6310,457
6311,457
6312,456
6313,456
6314,456
6315,456
6316,456
6317,457
6318,458
6319,458
6320,456
6321,456
6322,456
6323,456
6324,455
6325,456
6326,457
6327,457
6328,456
6329,456
6330,456
6331,456
6332,456
6333,456
6334,457
6335,457
6336,457
6337,457
6338,457
6339,456
6340,455
6341,456
6342,456
6344,456
6345,456
6346,454
6347,456
6348,456
6349,456
6350,456
6351,457
6352,457
6353,454
6354,456
6355,456
6356,456
6357,456
6358,457
6359,457
6360,457
6361,456
6362,456
6363,456
6364,456
6365,456
6366,456
6367,456
6368,456
6369,457
6370,456
6371,456
6372,455
6373,455
6374,456
6375,456
6376,456
6377,457
6378,457
6379,456
6380,455
6381,455
6382,456
6383,456
6384,456
6385,456
6387,456
6388,456
6389,455
6390,455
6391,456
6392,456
6393,456
6394,456
6395,456
6396,456
6397,456
6398,456
6399,456
6400,456
6401,456
6402,456
6403,456
6404,456
6405,455
6406,455
6407,455
6408,456
6409,456
6410,456
6411,456
6412,456
6413,455
6414,455
6415,455
6416,456
6417,456
6418,457
6419,456
6420,456
6421,455
6422,455
6423,455
6424,455
6425,456
6426,456
6427,456
6428,456
6430,455
6431,455
6432,455
6433,455
6434,456
6435,456
6436,456
6437,456
6438,456
6439,455
6440,455
6441,455
6442,454
6443,455
6444,456
6445,455
6446,455
6447,455
6448,454
6449,455
6450,455
6451,455
6452,455
6453,455
6454,455
6455,455
6456,454
6457,455
6458,456
6459,456
6460,455
6461,450
6462,455
6463,455
6464,454
6465,454
6466,455
6467,455
6468,455
6469,455
6470,455
6472,455
6473,455
6474,455
6475,455
6476,455
6477,455
6478,456
6479,456
6480,455
6481,454
6482,455
6483,454
6484,455
6485,455
6486,456
6487,455
6488,454
6489,454
6490,454
6491,455
6492,455
6493,455
6494,455
6495,455
6496,455
6497,455
6498,455
6499,455
6500,455
6501,455
6502,455
6503,455
6504,454
6505,454
6506,454
6507,454
6508,455
6509,455
6510,455
6511,455
6512,455
6513,454
6515,454
6516,454
6517,455
6518,455
6519,456
6520,455
6521,455
6522,454
6523,454
6524,454
6525,455
6526,455
6527,455
6528,455
6529,455
6530,454
6531,454
6532,454
6533,454
6534,455
6535,455
6536,455
6537,455
6538,455
6539,454
6540,454
6541,454
6542,455
6543,455
6544,455
6545,455
6546,454
6547,454
6548,454
6549,454
6550,454
6551,455
6552,455
6553,454
6554,454
6555,454
6556,454
6558,455
6559,455
6560,455
6561,454
6562,455
6563,454
6564,453
6565,454
6566,454
6567,454
6568,454
6569,454
6570,454
6571,454
6572,454
6573,454
6574,454
6575,454
6576,455
6577,455
6578,455
6579,455
6580,454
6581,454
6582,454
6583,454
6584,454
6585,455
6586,454
6587,454
6588,453
6589,454
6590,454
6591,454
6592,454
6593,454
6594,455
6595,454
6596,454
6597,454
6598,454
6600,454
6601,454
6602,455
6603,454
6604,454
6605,454
6606,454
6607,454
6608,454
6609,454
6610,455
6611,455
6612,454
6613,454
6614,454
6615,454
6616,454
6617,454
6618,455
6619,455
6620,454
6621,454
6622,453
6623,454
6624,454
6625,454
6626,455
6627,455
6628,454
6629,454
6630,454
6631,453
6632,454
6633,454
6634,454
6635,455
6636,455
6637,454
6638,454
6639,454
6640,454
6641,454
6643,455
6644,454
6645,454
6646,454
6647,454
6648,453
6649,454
6650,454
6651,454
6652,455
6653,455
6654,454
6655,454
6656,454
6657,454
6658,455
6659,455
6660,455
6661,455
6662,454
6663,454
6664,454
6665,454
6666,454
6667,454
6668,455
6669,454
6670,454
6671,454
6672,454
6673,454
6674,454
6675,455
6676,455
6677,455
6678,455
6679,455
6680,454
6681,454
6682,454
6683,454
6684,455
6686,455
6687,455
6688,454
6689,454
6690,454
6691,454
6692,454
6693,455
6694,455
6695,454
6696,454
6697,454
6698,454
6699,455
6700,455
6701,455
6702,455
6703,455
6704,454
6705,454
6706,454
6707,454
6708,455
6709,455
6710,455
6711,455
6712,454
6713,454
6714,454
6715,454
6716,454
6717,455
6718,455
6719,455
6720,454
6721,454
6722,454
6723,454
6724,454
6725,455
6726,455
6728,455
6729,455
6730,454
6731,454
6732,454
6733,454
6734,454
6735,455
6736,455
6737,454
6738,455
6739,454
6740,454
6741,454
6742,454
6743,455
6744,455
6745,455
6746,454
6747,454
6748,454
6749,454
6750,454
6751,455
6752,455
6753,455
6754,454
6755,454
6756,454
6757,455
6758,455
6759,455
6760,455
6761,455
6762,454
6763,454
6764,454
6765,454
6766,455
6767,455
6768,455
6769,455
6771,455
6772,454
6773,454
6774,454
6775,455
6776,455
6777,455
6778,456
6779,455
6780,454
6781,454
6782,454
6783,454
6784,455
6785,455
6786,455
6787,455
6788,454
6789,454
6790,454
6791,455
6792,455
6793,455
6794,455
6795,455
6796,454
6797,455
6798,455
6799,455
6800,455
6801,455
6802,455
6803,455
6804,454
6805,454
6806,454
6807,454
6808,455
6809,455
6810,455
6811,455
6812,454
6814,454
6815,454
6816,455
6817,455
6818,456
6819,456
6820,455
6821,455
6822,455
6823,454
6824,455
6825,455
6826,455
6827,456
6828,455
6829,455
6830,454
6831,454
6832,455
6833,455
6834,455
6835,455
6836,455
6837,455
6838,455
6839,455
6840,454
6841,455
6842,455
6843,456
6844,455
6845,455
6846,455
6847,454
6848,454
6849,455
6850,455
6851,455
6852,455
6853,455
6854,455
6856,454
6857,454
6858,455
6859,456
6860,455
6861,455
6862,455
6863,455
6864,454
6865,454
6866,455
6867,455
6868,455
6869,455
6870,455
6871,455
6872,454
6873,454
6874,455
6875,455
6876,455
6877,456
6878,456
6879,455
6880,455
6881,454
6882,455
6883,455
6884,455
6885,456
6886,455
6887,455
6888,454
6889,454
6890,455
6891,455
6892,455
6893,455
6894,455
6895,455
6896,455
6897,455
6899,455
6900,455
6901,455
6902,456
6903,455
6904,455
6905,455
6906,455
6907,455
6908,455
6909,455
6910,455
6911,455
6912,455
6913,455
6914,455
6915,455
6916,455
6917,455
6918,456
6919,456
6920,455
6921,455
6922,455
6923,455
6924,455
6925,456
6926,456
6927,455
6928,455
6929,455
6930,455
6931,455
6932,455
6933,455
6934,456
6935,456
6936,455
6937,455
6938,455
6939,455
6940,455
6942,455
6943,456
6944,456
6945,456
6946,455
6947,454
6948,455
6949,455
6950,455
6951,456
6952,455
6953,456
6954,455
6955,455
6956,455
6957,455
6958,456
6959,456
6960,456
6961,456
6962,455
6963,455
6964,455
6965,454
6966,455
6967,456
6968,456
6969,456
6970,455
6971,455
6972,455
6973,455
6974,455
6975,455
6976,456
6977,456
6978,456
6979,455
6980,455
6981,454
6982,455
6984,455
6985,456
6986,456
6987,455
6988,455
6989,455
6990,455
6991,455
6992,455
6993,456
6994,456
6995,456
6996,455
6997,455
6998,455
6999,455
7000,455
7001,456
7002,455
7003,456
7004,455
7005,455
7006,455
7007,455
7008,455
7009,456
7010,456
7011,456
7012,455
7013,455
7014,455
7015,455
7016,455
7017,456
7018,456
7019,456
7020,455
7021,455
7022,455
7023,455
7024,455
7025,456
7027,456
7028,456
7029,455
7030,455
7031,455
7032,455
7033,455
7034,456
7035,456
7036,456
7037,456
7038,456
7039,455
7040,455
7041,455
7042,456
7043,456
7044,456
7045,455
7046,455
7047,455
7048,455
7049,455
7050,455
7051,456
7052,456
7053,456
7054,455
7055,455
7056,455
7057,455
7058,456
7059,456
7060,456
7061,456
7062,455
7063,455
7064,455
7065,455
7066,456
7067,456
7068,456
7070,456
7071,455
7072,455
7073,455
7074,455
7075,456
7076,456
7077,456
7078,457
7079,456
7080,455
7081,455
7082,455
7083,454
7084,456
7085,455
7086,456
7087,455
7088,455
7089,455
7090,455
7091,455
7092,456
7093,456
7094,456
7095,456
7096,455
7097,455
7098,456
7099,456
7100,456
7101,456
7102,456
7103,456
7104,455
7105,455
7106,455
7107,455
7108,456
7109,456
7110,456
7112,456
7113,455
7114,455
7115,455
7116,455
7117,456
7118,457
7119,457
7120,456
7121,455
7122,455
7123,455
7124,455
7125,455
7126,456
7127,456
7128,456
7129,455
7130,455
7131,455
7132,455
7133,456
7134,456
7135,456
7136,456
7137,456
7138,456
7139,456
7140,455
7141,456
7142,456
7143,455
7144,453
7145,455
7146,455
7147,455
7148,455
7149,455
7150,456
7151,456
7152,456
7153,456
7155,455
7156,455
7157,455
7158,456
7159,456
7160,456
7161,456
7162,456
7163,455
7164,455
7165,455
7166,455
7167,456
7168,456
7169,456
7170,456
7171,455
7172,455
7173,455
7174,456
7175,456
7176,456
7177,457
7178,457
7179,456
7180,455
7181,455
7182,455
7183,456
7184,456
7185,456
7186,456
7187,456
7188,455
7189,456
7190,456
7191,456
7192,457
7193,457
7194,456
7195,456
7196,456
7198,456
7199,456
7200,456
7201,456
7202,456
7203,456
7204,456
7205,455
7206,455
7207,456
7208,456
7209,456
7210,456
7211,456
7212,456
7213,456
7214,455
7215,455
7216,456
7217,456
7218,457
7219,457
7220,456
7221,456
7222,456
7223,455
7224,456
7225,456
7226,456
7227,456
7228,456
7229,456
7230,455
7231,456
7232,456
7233,456
7234,456
7235,456
7236,456
7237,456
7238,456
7240,456
7241,456
7242,456
7243,457
7244,456
7245,456
7246,456
7247,456
7248,455
7249,456
7250,456
7251,456
7252,456
7253,456
7254,456
7255,456
7256,455
7257,455
7258,457
7259,457
7260,456
7261,456
7262,456
7263,455
7264,456
7265,455
7266,456
7267,456
7268,456
7269,456
7270,456
7271,455
7272,456
7273,456
7274,456
7275,457
7276,457
7277,457
7278,457
7279,456
7280,455
7281,456
7283,456
7284,456
7285,457
7286,457
7287,456
7288,456
7289,456
7290,456
7291,456
7292,457
7293,457
7294,457
7295,456
7296,456
7297,456
7298,456
7299,456
7300,456
7301,457
7302,457
7303,456
7304,456
7305,456
7306,455
7307,456
7308,456
7309,457
7310,457
7311,456
7312,456
7313,456
7314,456
7315,456
7316,456
7317,457
7318,457
7319,457
7320,456
7321,456
7322,456
7323,456
7324,456
7326,457
7327,457
7328,457
7329,456
7330,456
7331,456
7332,456
7333,456
7334,456
7335,457
7336,457
7337,456
7338,456
7339,456
7340,456
7341,456
7342,457
7343,457
7344,457
7345,456
7346,456
7347,453
7348,456
7349,456
7350,456
7351,457
7352,456
7353,456
7354,456
7355,456
7356,456
7357,456
7358,457
7359,457
7360,457
7361,457
7362,455
7363,450
7364,455
7365,456
7366,456
7368,457
7369,457
7370,456
7371,456
7372,455
7373,455
7374,456
7375,456
7376,457
7377,456
7378,457
7379,457
7380,456
7381,456
7382,455
7383,456
7384,457
7385,457
7386,457
7387,456
7388,456
7389,456
7390,456
7391,457
7392,457
7393,457
7394,457
7395,456
7396,456
7397,456
7398,456
7399,457
7400,457
7401,457
7402,457
7403,457
7404,456
7405,456
7406,456
7407,456
7408,457
7409,457
7411,457
7412,456
7413,456
7414,456
7415,456
7416,456
7417,457
7418,458
7419,457
7420,457
7421,456
7422,456
7423,456
7424,456
7425,457
7426,457
7427,457
7428,457
7429,456
7430,456
7431,456
7432,456
7433,457
7434,457
7435,457
7436,457
7437,456
7438,457
7439,457
7440,457
7441,457
7442,457
7443,457
7444,457
7445,456
7446,456
7447,456
7448,456
7449,457
7450,457
7451,457
7452,457
7454,456
7455,456
7456,456
7457,456
7458,457
7459,457
7460,457
7461,457
7462,457
7463,456
7464,456
7465,456
7466,456
7467,457
7468,457
7469,457
7470,456
7471,456
7472,456
7473,456
7474,457
7475,457
7476,457
7477,457
7478,457
7479,456
7480,456
7481,456
7482,456
7483,457
7484,457
7485,457
7486,457
7487,456
7488,456
7489,456
7490,457
7491,457
7492,457
7493,457
7494,457
7496,456
7497,456
7498,456
7499,457
7500,457
7501,457
7502,457
7503,457
7504,456
7505,456
7506,456
7507,456
7508,456
7509,457
7510,457
7511,457
7512,456
7513,456
7514,456
7515,456
7516,456
7517,457
7518,457
7519,457
7520,456
7521,456
7522,456
7523,456
7524,456
7525,457
7526,457
7527,457
7528,456
7529,456
7530,456
7531,456
7532,456
7533,457
7534,457
7535,457
7536,457
7537,456
7539,456
7540,456
7541,456
7542,457
7543,457
7544,457
7545,456
7546,456
7547,456
7548,456
7549,456
7550,457
7551,457
7552,457
7553,457
7554,456
7555,456
7556,456
7557,456
7558,457
7559,458
7560,457
7561,457
7562,456
7563,456
7564,456
7565,456
7566,456
7567,457
7568,457
7569,457
7570,456
7571,456
7572,456
7573,456
7574,456
7575,457
7576,457
7577,457
7578,457
7579,456
7580,456
7582,456
7583,456
7584,457
7585,457
7586,457
7587,456
7588,456
7589,456
7590,456
7591,456
7592,457
7593,457
7594,457
7595,457
7596,456
7597,456
7598,457
7599,457
7600,457
7601,457
7602,457
7603,457
7604,456
7605,456
7606,456
7607,456
7608,457
7609,457
7610,457
7611,457
7612,456
7613,456
7614,456
7615,456
7616,457
7617,457
7618,458
7619,457
7620,456
7621,456
7622,456
7624,456
7625,457
7626,457
7627,457
7628,457
7629,456
7630,456
7631,456
7632,456
7633,456
7634,457
7635,457
7636,457
7637,456
7638,456
7639,456
7640,456
7641,456
7642,457
7643,457
7644,457
7645,457
7646,456
7647,456
7648,456
7649,456
7650,456
7651,457
7652,457
7653,456
7654,456
7655,456
7656,456
7657,457
7658,457
7659,457
7660,457
7661,456
7662,456
7663,456
7664,456
7665,456
7667,456
7668,457
7669,457
7670,457
7671,456
7672,456
7673,456
7674,456
7675,456
7676,457
7677,457
7678,457
7679,457
7680,456
7681,455
7682,456
7683,456
7684,457
7685,457
7686,457
7687,456
7688,456
7689,456
7690,456
7691,456
7692,457
7693,457
7694,457
7695,456
7696,456
7697,456
7698,457
7699,457
7700,457
7701,457
7702,457
7703,456
7704,456
7705,455
7706,456
7707,456
7708,457
7710,457
7711,457
7712,456
7713,456
7714,456
7715,456
7716,456
7717,457
7718,458
7719,458
7720,457
7721,456
7722,456
7723,456
7724,456
7725,455
7726,457
7727,456
7728,457
7729,456
7730,456
7731,456
7732,454
7733,457
7734,457
7735,457
7736,456
7737,456
7738,457
7739,457
7740,456
7741,456
7742,457
7743,457
7744,457
7745,456
7746,456
7747,456
7748,456
7749,456
7750,457
7752,457
7753,457
7754,456
7755,456
7756,456
7757,456
7758,457
7759,457
7760,457
7761,457
7762,456
7763,456
7764,456
7765,456
7766,457
7767,457
7768,457
7769,457
7770,457
7771,456
7772,456
7773,456
7774,457
7775,457
7776,457
7777,457
7778,457
7779,457
7780,456
7781,456
7782,456
7783,457
7784,457
7785,457
7786,457
7787,456
7788,456
7789,456
7790,457
7791,457
7792,457
7793,457
7795,456
7796,456
7797,456
7798,457
7799,457
7800,457
7801,457
7802,457
7803,457
7804,456
7805,456
7806,456
7807,456
7808,456
7809,457
7810,457
7811,457
7812,456
7813,456
7814,456
7815,456
7816,457
7817,457
7818,458
7819,458
7820,457
7821,456
7822,456
7823,456
7824,457
7825,457
7826,457
7827,457
7828,457
7829,456
7830,456
7831,456
7832,457
7833,457
7834,457
7835,457
7836,457
7838,457
7839,457
7840,457
7841,456
7842,457
7843,457
7844,457
7845,457
7846,456
7847,456
7848,456
7849,457
7850,457
7851,457
7852,457
7853,457
7854,456
7855,456
7856,456
7857,456
7858,457
7859,457
7860,457
7861,456
7862,456
7863,456
7864,455
7865,456
7866,456
7867,457
7868,457
7869,457
7870,456
7871,456
7872,456
7873,456
7874,457
7875,457
7876,457
7877,457
7878,457
7880,456
7881,456
7882,456
7883,457
7884,457
7885,457
7886,457
7887,456
7888,456
7889,456
7890,456
7891,457
7892,457
7893,457
7894,457
7895,457
7896,456
7897,456
7898,457
7899,457
7900,457
7901,457
7902,457
7903,457
7904,456
7905,456
7906,456
7907,456
7908,457
7909,457
7910,457
7911,457
7912,456
7913,456
7914,456
7915,456
7916,457
7917,457
7918,458
7919,457
7920,456
7921,456
7923,456
7924,456
7925,457
7926,457
7927,457
7928,456
7929,456
7930,456
7931,456
7932,456
7933,457
7934,457
7935,457
7936,457
7937,456
7938,457
7939,457
7940,456
7941,457
7942,457
7943,457
7944,457
7945,456
7946,456
7947,456
7948,456
7949,456
7950,457
7951,457
7952,457
7953,456
7954,456
7955,456
7956,456
7957,457
7958,457
7959,457
7960,457
7961,456
7962,456
7963,456
7964,456
7966,456
7967,456
7968,457
7969,457
7970,456
7971,456
7972,456
7973,456
7974,456
7975,457
7976,457
7977,457
7978,457
7979,456
7980,456
7981,456
7982,456
7983,456
7984,457
7985,457
7986,457
7987,456
7988,456
7989,456
7990,456
7991,457
7992,457
7993,457
7994,457
7995,456
7996,456
7997,456
7998,457
7999,457
8000,457
8001,457
8002,457
8003,456
8004,456
8005,456
8006,456
8008,457
8009,457
8010,457
8011,457
8012,457
8013,456
8014,456
8015,456
8016,456
8017,457
8018,458
8019,457
8020,457
8021,456
8022,456
8023,456
8024,456
8025,457
8026,457
8027,457
8028,456
8029,456
8030,456
8031,456
8032,456
8033,457
8034,457
8035,457
8036,456
8037,456
8038,456
8039,456
8040,456
8041,457
8042,457
8043,457
8044,457
8045,456
8046,456
8047,456
8048,456
8049,457
8051,457
8052,457
8053,456
8054,456
8055,456
8056,456
8057,456
8058,457
8059,457
8060,457
8061,457
8062,456
8063,456
8064,456
8065,456
8066,456
8067,457
8068,457
8069,456
8070,456
8071,456
8072,456
8073,456
8074,456
8075,457
8076,457
8077,457
8078,457
8079,456
8080,456
8081,455
8082,456
8083,457
8084,456
8085,456
8086,456
8087,456
8088,455
8089,456
8090,456
8091,457
8092,457
8094,456
8095,456
8096,456
8097,455
8098,456
8099,456
8100,456
8101,456
8102,456
8103,455
8104,453
8105,455
8106,455
8107,455
8108,456
8109,456
8110,456
8111,456
8112,455
8113,455
8114,455
8115,455
8116,454
8117,456
8118,456
8119,456
8120,455
8121,455
8122,455
8123,455
8124,455
8125,453
8126,456
8127,455
8128,455
8129,454
8130,455
8131,455
8132,455
8133,456
8134,456
8136,456
8137,455
8138,455
8139,455
8140,455
8141,455
8142,456
8143,456
8144,456
8145,455
8146,455
8147,455
8148,455
8149,455
8150,456
8151,456
8152,456
8153,456
8154,455
8155,455
8156,455
8157,456
8158,457
8159,457
8160,456
8161,456
8162,456
8163,455
8164,455
8165,455
8166,456
8167,456
8168,456
8169,456
8170,456
8171,456
8172,455
8173,456
8174,456
8175,456
8176,456
8177,456
8179,456
8180,456
8181,456
8182,456
8183,456
8184,456
8185,456
8186,456
8187,456
8188,455
8189,455
8190,456
8191,456
8192,456
8193,456
8194,456
8195,456
8196,455
8197,455
8198,456
8199,457
8200,457
8201,457
8202,456
8203,455
8204,454
8205,451
8206,456
8207,456
8208,456
8209,457
8210,456
8211,456
8212,455
8213,456
8214,455
8215,456
8216,456
8217,457
8218,457
8219,456
8220,456
8222,455
8223,455
8224,456
8225,454
8226,457
8227,457
8228,456
8229,456
8230,455
8231,455
8232,456
8233,456
8234,456
8235,456
8236,456
8237,456
8238,456
8239,456
8240,455
8241,456
8242,456
8243,456
8244,456
8245,455
8246,455
8247,455
8248,455
8249,456
8250,456
8251,456
8252,456
8253,455
8254,455
8255,455
8256,455
8257,456
8258,456
8259,456
8260,456
8261,455
8262,455
8264,455
8265,455
8266,455
8267,456
8268,456
8269,456
8270,455
8271,455
8272,455
8273,455
8274,455
8275,456
8276,456
8277,455
8278,455
8279,455
8280,455
8281,454
8282,455
8283,455
8284,455
8285,455
8286,455
8287,455
8288,455
8289,454
8290,455
8291,455
8292,456
8293,455
8294,455
8295,455
8296,454
8297,455
8298,455
8299,456
8300,455
8301,455
8302,455
8303,455
8304,455
8305,455
8307,455
8308,455
8309,456
8310,456
8311,455
8312,455
8313,455
8314,455
8315,455
8316,455
8317,456
8318,456
8319,456
8320,455
8321,455
8322,455
8323,455
8324,455
8325,456
8326,456
8327,456
8328,455
8329,455
8330,455
8331,455
8332,455
8333,456
8334,456
8335,456
8336,456
8337,455
8338,456
8339,456
8340,456
8341,456
8342,456
8343,456
8344,456
8345,455
8346,455
8347,455
8348,455
8350,456
8351,457
8352,456
8353,456
8354,455
8355,455
8356,455
8357,455
8358,457
8359,457
8360,457
8361,456
8362,456
8363,456
8364,455
8365,455
8366,456
8367,456
8368,456
8369,456
8370,456
8371,455
8372,456
8373,456
8374,456
8375,456
8376,456
8377,456
8378,456
8379,456
8380,455
8381,456
8382,456
8383,456
8384,456
8385,456
8386,456
8387,455
8388,455
8389,455
8390,456
8392,456
8393,456
8394,456
8395,456
8396,455
8397,455
8398,456
8399,456
8400,456
8401,456
8402,456
8403,455
8404,455
8405,455
8406,455
8407,455
8408,456
8409,456
8410,455
8411,455
8412,455
8413,455
8414,454
8415,455
8416,455
8417,455
8418,456
8419,456
8420,454
8421,455
8422,454
8423,455
8424,455
8425,455
8426,455
8427,455
8428,454
8429,454
8430,454
8431,454
8432,454
8433,455
8435,455
8436,454
8437,454
8438,454
8439,454
8440,454
8441,454
8442,455
8443,455
8444,454
8445,454
8446,454
8447,453
8448,454
8449,454
8450,455
8451,455
8452,454
8453,454
8454,454
8455,454
8456,454
8457,455
8458,455
8459,455
8460,455
8461,454
8462,454
8463,454
8464,454
8465,454
8466,455
8467,455
8468,455
8469,455
8470,454
8471,454
8472,454
8473,455
8474,455
8475,455
8476,455
8478,455
8479,455
8480,455
8481,454
8482,455
8483,455
8484,456
8485,455
8486,455
8487,455
8488,454
8489,454
8490,455
8491,455
8492,455
8493,456
8494,455
8495,455
8496,455
8497,455
8498,456
8499,456
8500,456
8501,456
8502,456
8503,455
8504,455
8505,455
8506,455
8507,455
8508,456
8509,456
8510,456
8511,455
8512,455
8513,455
8514,455
8515,456
8516,456
8517,457
8518,457
8520,456
8521,455
8522,455
8523,455
8524,455
8525,456
8526,456
8527,456
8528,455
8529,455
8530,455
8531,455
8532,455
8533,456
8534,456
8535,456
8536,456
8537,455
8538,456
8539,455
8540,455
8541,456
8542,456
8543,456
8544,455
8545,455
8546,455
8547,455
8548,455
8549,455
8550,456
8551,456
8552,456
8553,455
8554,455
8555,455
8556,455
8557,456
8558,456
8559,456
8560,455
8561,455
8563,454
8564,455
8565,454
8566,455
8567,455
8568,455
8569,455
8570,455
8571,454
8572,454
8573,454
8574,455
8575,455
8576,455
8577,455
8578,455
8579,454
8580,454
8581,454
8582,454
8583,455
8584,455
8585,455
8586,454
8587,454
8588,454
8589,454
8590,454
8591,454
8592,455
8593,455
8594,454
8595,454
8596,453
8597,453
8598,454
8599,455
8600,454
8601,454
8602,454
8603,454
8604,453
8606,453
8607,454
8608,454
8609,454
8610,454
8611,454
8612,454
8613,453
8614,453
8615,453
8616,454
8617,454
8618,455
8619,455
8620,453
8621,453
8622,454
8623,453
8624,453
8625,450
8626,454
8627,455
8628,454
8629,454
8630,452
8631,454
8632,454
8633,455
8634,454
8635,454
8636,454
8637,454
8638,454
8639,454
8640,454
8641,455
8642,455
8643,455
8644,454
8645,452
8646,454
8648,454
8649,454
8650,455
8651,455
8652,455
8653,455
8654,454
8655,454
8656,454
8657,455
8658,456
8659,456
8660,455
8661,455
8662,455
8663,454
8664,454
8665,454
8666,455
8667,455
8668,455
8669,455
8670,455
8671,455
8672,454
8673,455
8674,455
8675,456
8676,455
8677,455
8678,455
8679,455
8680,455
8681,455
8682,455
8683,455
8684,456
8685,455
8686,455
8687,454
8688,455
8689,455
8691,455
8692,456
8693,456
8694,455
8695,455
8696,454
8697,454
8698,455
8699,455
8700,456
8701,455
8702,455
8703,455
8704,454
8705,454
8706,454
8707,455
8708,455
8709,455
8710,455
8711,455
8712,454
8713,454
8714,454
8715,454
8716,455
8717,455
8718,455
8719,455
8720,454
8721,453
8722,453
8723,454
8724,454
8725,454
8726,454
8727,454
8728,454
8729,453
8730,453
8731,453
8732,454
8734,454
8735,454
8736,454
8737,453
8738,454
8739,454
8740,454
8741,453
8742,453
8743,454
8744,453
8745,453
8746,452
8747,452
8748,453
8749,453
8750,453
8751,453
8752,454
8753,453
8754,452
8755,452
8756,453
8757,453
8758,454
8759,454
8760,453
8761,453
8762,452
8763,452
8764,452
8765,453
8766,453
8767,453
8768,453
8769,453
8770,452
8771,453
8772,453
8773,453
8774,453
8776,453
8777,453
8778,453
8779,453
8780,453
8781,452
8782,453
8783,453
8784,454
8785,453
8786,453
8787,453
8788,453
8789,453
8790,453
8791,454
8792,454
8793,454
8794,454
8795,453
8796,453
8797,453
8798,454
8799,454
8800,454
8801,454
8802,454
8803,453
8804,453
8805,453
8806,454
8807,454
8808,454
8809,454
8810,454
8811,454
8812,453
8813,453
8814,454
8815,454
8816,454
8817,455
8819,455
8820,455
8821,454
8822,453
8823,454
8824,454
8825,454
8826,455
8827,455
8828,454
8829,454
8830,454
8831,454
8832,454
8833,455
8834,455
8835,455
8836,454
8837,454
8838,454
8839,455
8840,454
8841,455
8842,455
8843,455
8844,454
8845,454
8846,454
8847,454
8848,454
8849,455
8850,454
8851,454
8852,455
8853,454
8854,454
8855,453
8856,454
8857,454
8858,455
8859,455
8860,454
8862,454
8863,453
8864,453
8865,454
8866,454
8867,454
8868,454
8869,454
8870,454
8871,453
8872,453
8873,453
8874,454
8875,454
8876,454
8877,454
8878,454
8879,454
8880,453
8881,453
8882,453
8883,454
8884,454
8885,453
8886,453
8887,453
8888,453
8889,453
8890,453
8891,453
8892,453
8893,453
8894,453
8895,452
8896,452
8897,452
8898,453
8899,453
8900,453
8901,453
8902,452
8904,452
8905,452
8906,452
8907,452
8908,452
8909,453
8910,453
8911,452
8912,452
8913,452
8914,452
8915,452
8916,452
8917,453
8918,453
8919,453
8920,452
8921,451
8922,452
8923,452
8924,452
8925,453
8926,453
8927,452
8928,452
8929,452
8930,452
8931,452
8932,452
8933,453
8934,453
8935,453
8936,453
8937,452
8938,452
8939,453
8940,453
8941,453
8942,453
8943,453
8944,453
8945,452
8947,452
8948,452
8949,453
8950,453
8951,453
8952,453
8953,453
8954,452
8955,452
8956,453
8957,453
8958,454
8959,454
8960,453
8961,453
8962,453
8963,452
8964,453
8965,453
8966,453
8967,453
8968,454
8969,453
8970,453
8971,453
8972,453
8973,453
8974,454
8975,453
8976,453
8977,454
8978,453
8979,454
8980,453
8981,453
8982,453
8983,454
8984,454
8985,453
8986,453
8987,453
8988,453
8990,453
8991,454
8992,454
8993,454
8994,454
8995,453
8996,453
8997,453
8998,454
8999,454
9000,455
9001,454
9002,454
9003,453
9004,453
9005,453
9006,453
9007,453
9008,454
9009,454
9010,454
9011,453
9012,453
9013,452
9014,453
9015,453
9016,453
9017,453
9018,454
9019,454
9020,453
9021,452
9022,453
9023,453
9024,453
9025,453
9026,453
9027,453
9028,453
9029,452
9030,452
9032,453
9033,453
9034,453
9035,453
9036,453
9037,452
9038,451
9039,453
9040,453
9041,453
9042,453
9043,453
9044,452
9045,452
9046,452
9047,452
9048,452
9049,452
9050,452
9051,452
9052,452
9053,452
9054,451
9055,451
9056,451
9057,452
9058,453
9059,453
9060,452
9061,451
9062,451
9063,451
9064,451
9065,451
9066,452
9067,452
9068,452
9069,451
9070,451
9071,451
9072,451
9073,451
9075,452
9076,452
9077,451
9078,452
9079,451
9080,451
9081,451
9082,451
9083,452
9084,452
9085,452
9086,452
9087,451
9088,451
9089,451
9090,452
9091,452
9092,452
9093,452
9094,452
9095,451
9096,451
9097,452
9098,452
9099,452
9100,452
9101,452
9102,452
9103,452
9104,452
9105,452
9106,452
9107,452
9108,453
9109,452
9110,452
9111,452
9112,452
9113,452
9114,452
9115,452
9116,453
9118,453
9119,453
9120,453
9121,452
9122,452
9123,452
9124,452
9125,453
9126,453
9127,453
9128,452
9129,452
9130,452
9131,452
9132,452
9133,453
9134,453
9135,453
9136,452
9137,452
9138,453
9139,452
9140,452
9141,453
9142,453
9143,453
9144,452
9145,452
9146,452
9147,452
9148,453
9149,453
9150,453
9151,453
9152,452
9153,452
9154,452
9155,452
9156,452
9157,453
9158,453
9160,453
9161,453
9162,452
9163,452
9164,452
9165,452
9166,452
9167,453
9168,453
9169,452
9170,452
9171,452
9172,452
9173,452
9174,452
9175,453
9176,452
9177,452
9178,452
9179,452
9180,451
9181,451
9182,452
9183,452
9184,452
9185,452
9186,452
9187,451
9188,451
9189,451
9190,452
9191,452
9192,452
9193,452
9194,451
9195,451
9196,451
9197,451
9198,452
9199,452
9200,452
9201,451
9203,451
9204,451
9205,451
9206,451
9207,451
9208,451
9209,451
9210,451
9211,451
9212,450
9213,450
9214,450
9215,450
9216,450
9217,451
9218,451
9219,451
9220,450
9221,450
9222,450
9223,450
9224,451
9225,451
9226,451
9227,450
9228,450
9229,450
9230,450
9231,450
9232,451
9233,451
9234,451
9235,450
9236,450
9237,450
9238,451
9239,451
9240,450
9241,451
9242,451
9243,451
9244,451
9246,450
9247,450
9248,451
9249,451
9250,451
9251,451
9252,451
9253,451
9254,450
9255,451
9256,450
9257,451
9258,452
9259,452
9260,451
9261,451
9262,451
9263,451
9264,451
9265,451
9266,451
9267,451
9268,451
9269,451
9270,451
9271,451
9272,451
9273,451
9274,451
9275,451
9276,451
9277,451
9278,451
9279,451
9280,451
9281,451
9282,451
9283,451
9284,451
9285,451
9286,451
9288,451
9289,450
9290,450
9291,451
9292,451
9293,451
9294,451
9295,451
9296,451
9297,451
9298,451
9299,451
9300,452
9301,452
9302,451
9303,451
9304,451
9305,451
9306,451
9307,451
9308,451
9309,452
9310,451
9311,451
9312,451
9313,450
9314,451
9315,451
9316,451
9317,452
9318,452
9319,452
9320,451
9321,450
9322,451
9323,451
9324,451
9325,451
9326,451
9327,451
9328,450
9329,450
9331,450
9332,451
9333,451
9334,451
9335,451
9336,451
9337,450
9338,450
9339,451
9340,451
9341,451
9342,451
9343,451
9344,451
9345,450
9346,450
9347,450
9348,450
9349,450
9350,451
9351,451
9352,450
9353,450
9354,450
9355,449
9356,449
9357,450
9358,451
9359,451
9360,450
9361,449
9362,449
9363,449
9364,449
9365,449
9366,450
9367,450
9368,450
9369,449
9370,449
9371,449
9372,449
9374,449
9375,449
9376,449
9377,449
9378,449
9379,449
9380,449
9381,449
9382,449
9383,449
9384,450
9385,449
9386,449
9387,449
9388,449
9389,449
9390,449
9391,449
9392,450
9393,450
9394,449
9395,449
9396,449
9397,449
9398,450
9399,450
9400,450
9401,450
9402,450
9403,449
9404,449
9405,449
9406,450
9407,450
9408,450
9409,450
9410,450
9411,449
9412,449
9413,449
9414,449
9416,450
9417,450
9418,450
9419,450
9420,450
9421,449
9422,449
9423,450
9424,450
9425,450
9426,450
9427,450
9428,449
9429,449
9430,449
9431,449
9432,449
9433,450
9434,450
9435,449
9436,449
9437,448
9438,449
9439,449
9440,449
9441,450
9442,449
9443,449
9444,449
9445,449
9446,448
9447,449
9448,449
9449,449
9450,449
9451,449
9452,449
9453,449
9454,449
9455,449
9456,449
9457,449
9459,450
9460,450
9461,449
9462,449
9463,449
9464,449
9465,449
9466,449
9467,449
9468,449
9469,449
9470,449
9471,449
9472,448
9473,449
9474,449
9475,449
9476,449
9477,449
9478,449
9479,449
9480,449
9481,449
9482,449
9483,449
9484,450
9485,449
9486,449
9487,449
9488,449
9489,449
9490,449
9491,449
9492,449
9493,449
9494,449
9495,449
9496,448
9497,448
9498,449
9499,450
9500,449
9502,449
9503,449
9504,449
9505,448
9506,448
9507,449
9508,449
9509,449
9510,449
9511,449
9512,448
9513,448
9514,448
9515,449
9516,449
9517,449
9518,449
9519,449
9520,448
9521,448
9522,448
9523,448
9524,449
9525,449
9526,449
9527,448
9528,448
9529,448
9530,448
9531,448
9532,449
9533,449
9534,449
9535,449
9536,448
9537,448
9538,449
9539,449
9540,449
9541,449
9542,449
9544,449
9545,449
9546,449
9547,448
9548,449
9549,449
9550,449
9551,449
9552,449
9553,449
9554,448
9555,449
9556,449
9557,449
9558,450
9559,450
9560,450
9561,449
9562,449
9563,449
9564,449
9565,449
9566,450
9567,449
9568,449
9569,449
9570,449
9571,449
9572,449
9573,449
9574,449
9575,449
9576,449
9577,449
9578,449
9579,449
9580,449
9581,449
9582,449
9583,449
9584,449
9585,449
9587,449
9588,448
9589,449
9590,449
9591,449
9592,449
9593,449
9594,449
9595,449
9596,448
9597,449
9598,449
9599,450
9600,450
9601,449
9602,449
9603,449
9604,448
9605,449
9606,449
9607,449
9608,449
9609,449
9610,449
9611,449
9612,449
9613,449
9614,449
9615,449
9616,449
9617,449
9618,450
9619,450
9620,449
9621,449
9622,449
9623,448
9624,445
9625,450
9626,450
9627,450
9628,449
9630,449
9631,449
9632,450
9633,450
9634,450
9635,450
9636,449
9637,448
9638,449
9639,450
9640,450
9641,450
9642,450
9643,450
9644,450
9645,449
9646,449
9647,449
9648,449
9649,450
9650,450
9651,450
9652,449
9653,449
9654,449
9655,449
9656,449
9657,450
9658,450
9659,450
9660,449
9661,449
9662,449
9663,448
9664,449
9665,449
9666,450
9667,449
9668,449
9669,449
9670,448
9672,448
9673,448
9674,449
9675,449
9676,449
9677,449
9678,449
9679,449
9680,448
9681,448
9682,448
9683,449
9684,449
9685,449
9686,448
9687,448
9688,448
9689,448
9690,448
9691,449
9692,449
9693,449
9694,448
9695,448
9696,448
9697,448
9698,449
9699,449
9700,449
9701,449
9702,449
9703,448
9704,448
9705,448
9706,449
9707,449
9708,449
9709,449
9710,449
9711,448
9712,448
9713,448
9715,448
9716,449
9717,449
9718,449
9719,449
9720,449
9721,448
9722,448
9723,448
9724,448
9725,449
9726,449
9727,449
9728,448
9729,448
9730,448
9731,448
9732,448
9733,449
9734,448
9735,448
9736,448
9737,447
9738,448
9739,448
9740,448
9741,448
9742,448
9743,448
9744,448
9745,448
9746,447
9747,448
9748,448
9749,448
9750,448
9751,449
9752,448
9753,448
9754,448
9755,448
9756,448
9758,449
9759,450
9760,450
9761,449
9762,448
9763,448
9764,448
9765,449
9766,449
9767,449
9768,450
9769,449
9770,449
9771,449
9772,449
9773,449
9774,449
9775,449
9776,450
9777,449
9778,449
9779,449
9780,449
9781,449
9782,449
9783,450
9784,450
9785,450
9786,449
9787,449
9788,449
9789,449
9790,450
9791,450
9792,450
9793,450
9794,449
9795,449
9796,449
9797,449
9798,450
9800,451
9801,450
9802,450
9803,449
9804,449
9805,449
9806,449
9807,449
9808,449
9809,450
9810,449
9811,449
9812,448
9813,448
9814,448
9815,449
9816,449
9817,449
9818,450
9819,450
9820,449
9821,448
9822,448
9823,449
9824,449
9825,449
9826,449
9827,449
9828,448
9829,448
9830,448
9831,448
9832,449
9833,449
9834,449
9835,449
9836,448
9837,448
9838,449
9839,449
9840,449
9841,449
9843,449
9844,449
9845,448
9846,448
9847,448
9848,448
9849,448
9850,449
9851,449
9852,448
9853,448
9854,448
9855,448
9856,448
9857,448
9858,449
9859,449
9860,449
9861,448
9862,448
9863,448
9864,448
9865,448
9866,449
9867,449
9868,448
9869,448
9870,448
9871,448
9872,448
9873,448
9874,448
9875,448
9876,448
9877,448
9878,448
9879,448
9880,447
9881,447
9882,448
9883,448
9884,448
9886,447
9887,447
9888,447
9889,447
9890,448
9891,448
9892,448
9893,448
9894,448
9895,447
9896,447
9897,447
9898,448
9899,448
9900,449
9901,448
9902,448
9903,448
9904,448
9905,448
9906,448
9907,448
9908,449
9909,449
9910,449
9911,449
9912,448
9913,448
9914,449
9915,449
9916,449
9917,449
9918,450
9919,449
9920,449
9921,449
9922,449
9923,449
9924,450
9925,450
9926,450
9928,450
9929,449
9930,449
9931,449
9932,450
9933,450
9934,450
9935,450
9936,450
9937,449
9938,450
9939,450
9940,450
9941,450
9942,450
9943,450
9944,450
9945,449
9946,449
9947,449
9948,450
9949,450
9950,450
9951,450
9952,450
9953,449
9954,449
9955,449
9956,450
9957,450
9958,450
9959,451
9960,450
9961,449
9962,449
9963,449
9964,449
9965,450
9966,450
9967,450
9968,449
9969,449
9971,449
9972,449
9973,449
9974,449
9975,450
9976,449
9977,449
9978,449
9979,449
9980,449
9981,448
9982,449
9983,449
9984,449
9985,449
9986,448
9987,448
9988,448
9989,448
9990,449
9991,449
9992,449
9993,449
9994,448
9995,448
9996,448
9997,448
9998,449
9999,449
10000,449
10001,449
10002,448
10003,447
10004,448
10005,448
10006,448
10007,446
10008,448
10009,448
10010,448
10011,448
10012,447
10014,447
10015,447
10016,448
10017,448
10018,448
10019,448
10020,448
10021,447
10022,447
10023,447
10024,447
10025,448
10026,447
10027,447
10028,447
10029,447
10030,447
10031,447
10032,447
10033,447
10034,448
10035,447
10036,447
10037,447
10038,447
10039,448
10040,448
10041,448
10042,448
10043,448
10044,447
10045,447
10046,447
10047,447
10048,448
10049,448
10050,448
10051,448
10052,448
10053,448
10054,448
10056,448
10057,448
10058,449
10059,450
10060,450
10061,449
10062,448
10063,448
10064,449
10065,449
10066,450
10067,450
10068,450
10069,449
10070,449
10071,449
10072,449
10073,450
10074,450
10075,450
10076,450
10077,450
10078,450
10079,450
10080,450
10081,450
10082,450
10083,450
10084,450
10085,450
10086,450
10087,450
10088,450
10089,450
10090,450
10091,450
10092,450
10093,450
10094,450
10095,450
10096,450
10097,450
10099,450
10100,451
10101,450
10102,450
10103,450
10104,449
10105,449
10106,449
10107,450
10108,450
10109,450
10110,450
10111,449
10112,449
10113,449
10114,449
10115,449
10116,450
10117,450
10118,450
10119,449
10120,449
10121,448
10122,449
10123,449
10124,449
10125,449
10126,449
10127,449
10128,448
10129,448
10130,448
10131,449
10132,449
10133,449
10134,449
10135,449
10136,448
10137,448
10138,449
10139,449
10140,449
10142,449
10143,449
10144,449
10145,448
10146,448
10147,448
10148,448
10149,448
10150,449
10151,448
10152,448
10153,448
10154,448
10155,448
10156,448
10157,448
10158,449
10159,449
10160,448
10161,447
10162,447
10163,447
10164,447
10165,447
10166,448
10167,448
10168,447
10169,447
10170,447
10171,447
10172,447
10173,447
10174,447
10175,448
10176,447
10177,447
10178,447
10179,447
10180,447
10181,447
10182,447
10184,448
10185,447
10186,447
10187,447
10188,447
10189,447
10190,447
10191,448
10192,448
10193,448
10194,448
10195,448
10196,448
10197,448
10198,449
10199,449
10200,450
10201,449
10202,449
10203,449
10204,448
10205,449
10206,449
10207,449
10208,450
10209,450
10210,450
10211,449
10212,449
10213,449
10214,450
10215,450
10216,450
10217,451
10218,450
10219,450
10220,450
10221,450
10222,450
10223,450
10224,450
10225,451
10227,451
10228,450
10229,450
10230,450
10231,450
10232,451
10233,451
10234,451
10235,451
10236,450
10237,450
10238,450
10239,451
10240,451
10241,451
10242,451
10243,451
10244,450
10245,450
10246,450
10247,450
10248,450
10249,450
10250,451
10251,451
10252,450
10253,450
10254,450
10255,450
10256,450
10257,450
10258,451
10259,451
10260,450
10261,450
10262,449
10263,449
10264,450
10265,450
10266,450
10267,450
10268,449
10270,449
10271,449
10272,449
10273,449
10274,450
10275,450
10276,450
10277,450
10278,449
10279,449
10280,449
10281,449
10282,449
10283,449
10284,449
10285,449
10286,449
10287,449
10288,449
10289,449
10290,449
10291,449
10292,449
10293,449
10294,449
10295,448
10296,448
10297,448
10298,449
10299,449
10300,449
10301,449
10302,448
10303,448
10304,448
10305,448
10306,448
10307,448
10308,449
10309,448
10310,448
10312,447
10313,447
10314,447
10315,447
10316,448
10317,448
10318,448
10319,448
10320,448
10321,447
10322,447
10323,447
10324,448
10325,448
10326,448
10327,448
10328,447
10329,447
10330,447
10331,448
10332,448
10333,448
10334,448
10335,448
10336,448
10337,448
10338,449
10339,449
10340,449
10341,449
10342,449
10343,449
10344,448
10345,448
10346,449
10347,449
10348,449
10349,450
10350,450
10351,450
10352,449
10353,449
10355,449
10356,450
10357,450
10358,450
10359,451
10360,451
10361,450
10362,450
10363,450
10364,450
10365,450
10366,451
10367,451
10368,451
10369,451
10370,450
10371,451
10372,450
10373,451
10374,451
10375,451
10376,451
10377,451
10378,451
10379,451
10380,451
10381,451
10382,451
10383,451
10384,451
10385,451
10386,450
10387,450
10388,450
10389,451
10390,451
10391,451
10392,451
10393,451
10394,451
10395,450
10396,450
10398,451
10399,451
10400,452
10401,451
10402,451
10403,450
10404,450
10405,449
10406,450
10407,450
10408,451
10409,450
10410,450
10411,450
10412,450
10413,449
10414,450
10415,450
10416,450
10417,450
10418,450
10419,450
10420,449
10421,449
10422,449
10423,449
10424,449
10425,450
10426,450
10427,449
10428,449
10429,449
10430,449
10431,449
10432,449
10433,449
10434,449
10435,449
10436,449
10437,448
10438,449
10440,449
10441,449
10442,449
10443,449
10444,449
10445,448
10446,448
10447,448
10448,448
10449,449
10450,448
10451,449
10452,448
10453,448
10454,448
10455,448
10456,448
10457,448
10458,448
10459,449
10460,448
10461,448
10462,447
10463,447
10464,448
10465,448
10466,448
10467,448
10468,448
10469,448
10470,448
10471,448
10472,448
10473,448
10474,449
10475,449
10476,449
10477,448
10478,448
10479,449
10480,448
10481,449
10483,449
10484,449
10485,450
10486,449
10487,449
10488,449
10489,449
10490,450
10491,450
10492,450
10493,450
10494,450
10495,450
10496,450
10497,450
10498,450
10499,451
10500,452
10501,451
10502,450
10503,450
10504,450
10505,450
10506,451
10507,451
10508,451
10509,451
10510,451
10511,451
10512,451
10513,451
10514,451
10515,451
10516,452
10517,451
10518,452
10519,452
10520,451
10521,450
10522,451
10523,451
10524,452
10526,451
10527,448
10528,451
10529,451
10530,451
10531,451
10532,451
10533,452
10534,451
10535,451
10536,451
10537,451
10538,451
10539,451
10540,452
10541,451
10542,452
10543,451
10544,451
10545,451
10546,450
10547,450
10548,451
10549,451
10550,451
10551,451
10552,451
10553,450
10554,450
10555,450
10556,450
10557,451
10558,451
10559,451
10560,450
10561,450
10562,449
10563,450
10564,450
10565,450
10566,450
10568,450
10569,450
10570,449
10571,449
10572,449
10573,450
10574,449
10575,450
10576,450
10577,449
10578,449
10579,449
10580,449
10581,449
10582,449
10583,449
10584,448
10585,449
10586,448
10587,448
10588,448
10589,448
10590,449
10591,449
10592,448
10593,448
10594,448
10595,448
10596,448
10597,448
10598,449
10599,449
10600,449
10601,448
10602,448
10603,448
10604,448
10605,448
10606,448
10607,449
10608,449
10609,449
10611,448
10612,448
10613,448
10614,448
10615,449
10616,449
10617,449
10618,449
10619,449
10620,449
10621,449
10622,449
10623,449
10624,450
10625,450
10626,450
10627,450
10628,449
10629,449
10630,449
10631,450
10632,450
10633,451
10634,451
10635,451
10636,450
10637,450
10638,451
10639,451
10640,451
10641,451
10642,451
10643,451
10644,451
10645,451
10646,451
10647,451
10648,451
10649,452
10650,452
10651,451
10652,451
10654,451
10655,451
10656,451
10657,451
10658,452
10659,452
10660,452
10661,451
10662,451
10663,451
10664,451
10665,452
10666,452
10667,452
10668,450
10669,452
10670,451
10671,451
10672,451
10673,452
10674,452
10675,452
10676,452
10677,452
10678,452
10679,452
10680,451
10681,452
10682,452
10683,452
10684,452
10685,451
10686,451
10687,451
10688,451
10689,451
10690,452
10691,452
10692,451
10693,451
10694,451
10696,450
10697,450
10698,451
10699,452
10700,452
10701,451
10702,451
10703,451
10704,450
10705,450
10706,450
10707,451
10708,451
10709,451
10710,450
10711,450
10712,450
10713,450
10714,450
10715,450
10716,450
10717,450
10718,450
10719,450
10720,450
10721,449
10722,449
10723,449
10724,450
10725,450
10726,450
10727,449
10728,449
10729,448
10730,448
10731,449
10732,449
10733,449
10734,449
10735,448
10736,448
10737,448
10739,449
10740,449
10741,449
10742,449
10743,449
10744,449
10745,448
10746,448
10747,448
10748,448
10749,449
10750,449
10751,449
10752,449
10753,448
10754,448
10755,448
10756,449
10757,449
10758,450
10759,450
10760,450
10761,449
10762,449
10763,449
10764,449
10765,450
10766,450
10767,450
10768,450
10769,450
10770,450
10771,450
10772,450
10773,451
10774,451
10775,451
10776,451
10777,451
10778,451
10779,451
10780,451
10782,451
10783,452
10784,452
10785,451
10786,451
10787,451
10788,451
10789,451
10790,452
10791,452
10792,452
10793,452
10794,451
10795,451
10796,451
10797,451
10798,452
10799,452
10800,452
10801,452
10802,452
10803,451
10804,451
10805,451
10806,452
10807,452
10808,452
10809,452
10810,452
10811,451
10812,451
10813,451
10814,452
10815,452
10816,452
10817,452
10818,452
10819,452
10820,451
10821,451
10822,451
10824,452
10825,452
10826,452
10827,452
10828,451
10829,451
10830,451
10831,451
10832,452
10833,452
10834,452
10835,452
10836,451
10837,451
10838,451
10839,452
10840,451
10841,451
10842,451
10843,451
10844,451
10845,450
10846,450
10847,450
10848,451
10849,451
10850,451
10851,451
10852,450
10853,449
10854,450
10855,449
10856,450
10857,450
10858,451
10859,451
10860,450
10861,449
10862,449
10863,449
10864,449
10865,450
10867,450
10868,450
10869,449
10870,449
10871,449
10872,449
10873,449
10874,449
10875,450
10876,449
10877,449
10878,449
10879,449
10880,449
10881,449
10882,449
10883,449
10884,449
10885,449
10886,449
10887,448
10888,449
10889,449
10890,449
10891,449
10892,449
10893,450
10894,449
10895,449
10896,449
10897,449
10898,450
10899,451
10900,450
10901,450
10902,450
10903,449
10904,443
10905,450
10906,450
10907,451
10908,451
10910,448
10911,451
10912,451
10913,451
10914,450
10915,450
10916,451
10917,451
10918,450
10919,452
10920,451
10921,451
10922,451
10923,451
10924,452
10925,452
10926,452
10927,451
10928,451
10929,451
10930,451
10931,451
10932,452
10933,452
10934,452
10935,451
10936,451
10937,451
10938,452
10939,452
10940,452
10941,452
10942,452
10943,452
10944,451
10945,451
10946,451
10947,451
10948,452
10949,452
10950,452
10952,452
10953,452
10954,451
10955,451
10956,451
10957,452
10958,452
10959,452
10960,452
10961,452
10962,451
10963,451
10964,451
10965,452
10966,452
10967,452
10968,452
10969,451
10970,451
10971,451
10972,451
10973,451
10974,451
10975,451
10976,451
10977,451
10978,451
10979,451
10980,451
10981,451
10982,451
10983,451
10984,451
10985,450
10986,450
10987,450
10988,450
10989,450
10990,450
10991,450
10992,450
10993,450
10995,450
10996,449
10997,450
10998,449
10999,450
11000,451
11001,450
11002,450
11003,450
11004,449
11005,449
11006,450
11007,450
11008,450
11009,450
11010,450
11011,449
11012,449
11013,449
11014,450
11015,450
11016,450
11017,450
11018,450
11019,450
11020,450
11021,450
11022,450
11023,450
11024,450
11025,450
11026,450
11027,450
11028,450
11029,449
11030,450
11031,450
11032,450
11033,450
11034,450
11035,450
11036,450
11038,450
11039,451
11040,451
11041,451
11042,451
11043,451
11044,451
11045,450
11046,450
11047,451
11048,451
11049,451
11050,452
11051,452
11052,451
11053,451
11054,451
11055,451
11056,451
11057,452
11058,452
11059,452
11060,452
11061,451
11062,451
11063,451
11064,451
11065,452
11066,452
11067,452
11068,452
11069,451
11070,451
11071,451
11072,452
11073,452
11074,452
11075,452
11076,452
11077,452
11078,451
11080,452
11081,452
11082,452
11083,452
11084,452
11085,452
11086,451
11087,451
11088,451
11089,451
11090,452
11091,452
11092,452
11093,452
11094,452
11095,451
11096,451
11097,451
11098,452
11099,452
11100,452
11101,451
11102,451
11103,451
11104,450
11105,450
11106,451
11107,451
11108,451
11109,451
11110,451
11111,450
11112,450
11113,450
11114,450
11115,451
11116,451
11117,451
11118,451
11119,451
11120,450
11121,450
11123,450
11124,451
11125,451
11126,451
11127,451
11128,450
11129,450
11130,450
11131,450
11132,451
11133,451
11134,451
11135,451
11136,450
11137,450
11138,450
11139,451
11140,451
11141,451
11142,451
11143,450
11144,450
11145,450
11146,450
11147,450
11148,450
11149,450
11150,450
11151,450
11152,450
11153,450
11154,450
11155,450
11156,451
11157,451
11158,451
11159,451
11160,451
11161,450
11162,450
11163,451
11164,451
11166,451
11167,451
11168,451
11169,451
11170,450
11171,450
11172,450
11173,451
11174,451
11175,451
11176,451
11177,451
11178,451
11179,451
11180,451
11181,451
11182,452
11183,452
11184,452
11185,452
11186,451
11187,451
11188,451
11189,451
11190,452
11191,452
11192,452
11193,452
11194,451
11195,451
11196,451
11197,451
11198,452
11199,453
11200,452
11201,452
11202,451
11203,451
11204,451
11205,451
11206,452
11208,452
11209,452
11210,451
11211,451
11212,451
11213,451
11214,451
11215,451
11216,452
11217,452
11218,452
11219,452
11220,452
11221,451
11222,451
11223,451
11224,452
11225,451
11226,451
11227,451
11228,450
11229,450
11230,450
11231,450
11232,451
11233,451
11234,451
11235,450
11236,450
11237,450
11238,451
11239,451
11240,451
11241,451
11242,451
11243,451
11244,450
11245,450
11246,450
11247,450
11248,451
11249,451
11251,451
11252,450
11253,450
11254,450
11255,450
11256,450
11257,450
11258,451
11259,451
11260,451
11261,450
11262,450
11263,450
11264,450
11265,451
11266,451
11267,451
11268,451
11269,450
11270,450
11271,450
11272,451
11273,451
11274,451
11275,451
11276,451
11277,451
11278,451
11279,451
11280,451
11281,451
11282,451
11283,451
11284,451
11285,451
11286,450
11287,450
11288,450
11289,451
11290,451
11291,451
11292,451
11294,451
11295,451
11296,451
11297,451
11298,451
11299,452
11300,452
11301,452
11302,451
11303,451
11304,451
11305,451
11306,451
11307,451
11308,452
11309,451
11310,451
11311,451
11312,450
11313,451
11314,451
11315,451
11316,451
11317,451
11318,452
11319,451
11320,451
11321,451
11322,451
11323,451
11324,452
11325,451
11326,451
11327,451
11328,450
11329,450
11330,450
11331,450
11332,451
11333,451
11334,451
11336,450
11337,450
11338,450
11339,451
11340,451
11341,451
11342,451
11343,451
11344,450
11345,450
11346,450
11347,450
11348,450
11349,451
11350,451
11351,451
11352,450
11353,450
11354,450
11355,450
11356,450
11357,451
11358,451
11359,451
11360,451
11361,450
11362,449
11363,450
11364,450
11365,450
11366,450
11367,450
11368,450
11369,450
11370,449
11371,450
11372,450
11373,450
11374,450
11375,451
11376,450
11377,450
11379,450
11380,450
11381,450
11382,451
11383,450
11384,450
11385,450
11386,450
11387,450
11388,450
11389,450
11390,451
11391,451
11392,451
11393,450
11394,450
11395,450
11396,450
11397,450
11398,451
11399,451
11400,451
11401,451
11402,450
11403,450
11404,450
11405,450
11406,451
11407,451
11408,451
11409,451
11410,450
11411,450
11412,450
11413,450
11414,451
11415,451
11416,451
11417,451
11418,451
11419,451
11420,450
11422,450
11423,450
11424,451
11425,451
11426,451
11427,451
11428,450
11429,450
11430,450
11431,450
11432,451
11433,451
11434,451
11435,451
11436,451
11437,451
11438,451
11439,452
11440,452
11441,452
11442,452
11443,452
11444,451
11445,450
11446,450
11447,450
11448,450
11449,450
11450,450
11451,450
11452,449
11453,449
11454,449
11455,449
11456,450
11457,450
11458,450
11459,450
11460,450
11461,449
11462,449
11464,449
11465,449
11466,449
11467,449
11468,449
11469,448
11470,447
11471,447
11472,447
11473,447
11474,447
11475,447
11476,446
11477,446
11478,446
11479,446
11480,446
11481,446
11482,447
11483,447
11484,447
11485,446
11486,446
11487,446
11488,446
11489,447
11490,447
11491,448
11492,448
11493,447
11494,447
11495,447
11496,448
11497,448
11498,449
11499,449
11500,449
11501,449
11502,448
11503,448
11504,449
11505,449
11507,449
11508,450
11509,450
11510,450
11511,450
11512,449
11513,449
11514,450
11515,450
11516,450
11517,451
11518,450
11519,451
11520,450
11521,450
11522,450
11523,450
11524,451
11525,451
11526,451
11527,450
11528,450
11529,450
11530,450
11531,450
11532,451
11533,451
11534,451
11535,450
11536,450
11537,450
11538,450
11539,451
11540,451
11541,450
11542,450
11543,450
11544,450
11545,450
11546,450
11547,450
11548,450
11550,451
11551,451
11552,450
11553,450
11554,450
11555,450
11556,450
11557,451
11558,451
11559,451
11560,451
11561,450
11562,450
11563,450
11564,450
11565,450
11566,450
11567,450
11568,450
11569,449
11570,449
11571,449
11572,450
11573,450
11574,451
11575,452
11576,454
11577,455
11578,455
11579,455
11580,454
11581,454
11582,453
11583,453
11584,452
11585,451
11586,450
11587,450
11588,450
11589,450
11590,450
11592,450
11593,449
11594,449
11595,448
11596,447
11597,447
11598,447
11599,447
11600,446
11601,445
11602,445
11603,444
11604,443
11605,443
11606,443
11607,443
11608,442
11609,442
11610,441
11611,441
11612,441
11613,441
11614,441
11615,441
11616,441
11617,441
11618,441
11619,441
11620,441
11621,440
11622,441
11623,440
11624,441
11625,441
11626,441
11627,440
11628,441
11629,441
11630,441
11631,442
11632,442
11633,443
11635,444
11636,444
11637,444
11638,445
11639,446
11640,447
11641,447
11642,447
11643,446
11644,446
11645,445
11646,445
11647,445
11648,446
11649,447
11650,448
11651,448
11652,448
11653,447
11654,448
11655,448
11656,449
11657,449
11658,450
11659,450
11660,450
11661,449
11662,449
11663,449
11664,450
11665,450
11666,450
11667,450
11668,450
11669,449
11670,449
11671,449
11672,450
11673,450
11674,450
11675,450
11676,450
11678,449
11679,450
11680,450
11681,449
11682,450
11683,450
11684,450
11685,445
11686,449
11687,449
11688,449
11689,449
11690,450
11691,450
11692,450
11693,450
11694,449
11695,449
11696,449
11697,449
11698,449
11699,450
11700,450
11701,449
11702,449
11703,448
11704,448
11705,448
11706,449
11707,449
11708,449
11709,449
11710,449
11711,449
11712,450
11713,451
11714,453
11715,455
11716,458
11717,459
11718,461
11720,463
11721,463
11722,462
11723,461
11724,459
11725,457
11726,455
11727,454
11728,452
11729,451
11730,450
11731,450
11732,449
11733,449
11734,448
11735,445
11736,445
11737,444
11738,443
11739,442
11740,442
11741,440
11742,440
11743,439
11744,438
11745,437
11746,437
11747,436
11748,436
11749,435
11750,435
11751,434
11752,434
11753,434
11754,433
11755,433
11756,433
11757,433
11758,434
11759,433
11760,432
11761,432
11763,432
11764,432
11765,432
11766,433
11767,433
11768,433
11769,433
11770,433
11771,434
11772,435
11773,436
11774,436
11775,438
11776,438
11777,439
11778,440
11779,442
11780,444
11781,445
11782,446
11783,445
11784,443
11785,443
11786,443
11787,444
11788,444
11789,445
11790,446
11791,446
11792,446
11793,446
11794,446
11795,447
11796,447
11797,448
11798,449
11799,449
11800,449
11801,449
11802,448
11803,448
11804,448
11806,449
11807,449
11808,450
11809,449
11810,449
11811,449
11812,448
11813,448
11814,449
11815,449
11816,449
11817,449
11818,449
11819,449
11820,449
11821,449
11822,449
11823,449
11824,449
11825,449
11826,449
11827,449
11828,448
11829,448
11830,448
11831,448
11832,448
11833,448
11834,448
11835,447
11836,447
11837,447
11838,448
11839,448
11840,448
11841,448
11842,447
11843,447
11844,446
11845,446
11846,442
11848,446
11849,447
11850,447
11851,448
11852,449
11853,452
11854,458
11855,467
11856,478
11857,487
11858,494
11859,498
11860,499
11861,496
11862,492
11863,486
11864,478
11865,472
11866,466
11867,461
11868,457
11869,454
11870,451
11871,449
11872,447
11873,446
11874,444
11875,442
11876,441
11877,439
11878,437
11879,432
11880,423
11881,411
11882,396
11883,380
11884,363
11885,343
11886,323
11887,301
11888,280
11889,257
11891,234
11892,210
11893,188
11894,168
11895,150
11896,133
11897,120
11898,110
11899,100
11900,90
11901,81
11902,71
11903,64
11904,58
11905,54
11906,51
11907,47
11908,44
11909,41
11910,37
11911,32
11912,27
11913,22
11914,18
11915,14
11916,11
11917,13
11918,36
11919,100
11920,198
11921,306
11922,395
11923,441
11924,448
11925,450
11926,452
11927,452
11928,453
11929,453
11930,453
11931,454
11932,454
11934,453
11935,453
11936,453
11937,452
11938,452
11939,453
11940,453
11941,452
11942,452
11943,452
11944,451
11945,450
11946,450
11947,450
11948,451
11949,451
11950,450
11951,450
11952,450
11953,450
11954,450
11955,450
11956,450
11957,451
11958,451
11959,451
11960,450
11961,449
11962,449
11963,449
11964,449
11965,449
11966,449
11967,449
11968,448
11969,447
11970,447
11971,447
11972,447
11973,447
11974,448
11976,447
11977,447
11978,447
11979,447
11980,447
11981,447
11982,447
11983,447
11984,447
11985,447
11986,447
11987,447
11988,447
11989,447
11990,447
11991,448
11992,454
11993,464
11994,474
11995,477
11996,465
11997,437
11998,396
11999,349
12000,295
12001,238
12002,182
12003,134
12004,95
12005,66
12006,42
12007,26
12008,19
12009,18
12010,18
12011,17
12012,17
12013,17
12014,17
12015,17
12016,17
12017,18
12019,17
12020,17
12021,17
12022,17
12023,17
12024,17
12025,17
12026,17
12027,16
12028,16
12029,16
12030,16
12031,16
12032,16
12033,17
12034,17
12035,16
12036,16
12037,16
12038,16
12039,16
12040,15
12041,15
12042,14
12043,13
12044,12
12045,11
12046,11
12047,10
12048,9
12049,9
12050,8
12051,8
12052,8
12053,7
12054,7
12055,8
12056,8
12057,13
12058,41
12059,108
12060,204
12062,305
12063,391
12064,437
12065,447
12066,449
12067,450
12068,451
12069,452
12070,453
12071,453
12072,452
12073,452
12074,452
12075,453
12076,453
12077,452
12078,452
12079,453
12080,452
12081,452
12082,452
12083,452
12084,452
12085,451
12086,451
12087,451
12088,451
12089,451
12090,452
12091,452
12092,452
12093,452
12094,451
12095,451
12096,451
12097,452
12098,452
12099,452
12100,452
12101,452
12102,448
12104,451
12105,451
12106,452
12107,452
12108,452
12109,452
12110,451
12111,451
12112,451
12113,452
12114,452
12115,453
12116,453
12117,453
12118,453
12119,453
12120,453
12121,453
12122,453
12123,453
12124,453
12125,452
12126,431
12127,371
12128,279
12129,183
12130,99
12131,46
12132,24
12133,19
12134,19
12135,19
12136,19
12137,18
12138,18
12139,18
12140,19
12141,19
12142,18
12143,18
12144,18
12145,18
12147,18
12148,18
12149,18
12150,18
12151,18
12152,17
12153,17
12154,17
12155,18
12156,17
12157,18
12158,18
12159,18
12160,17
12161,17
12162,17
12163,16
12164,17
12165,16
12166,16
12167,16
12168,16
12169,16
12170,16
12171,15
12172,16
12173,15
12174,15
12175,15
12176,14
12177,13
12178,12
12179,12
12180,11
12181,11
12182,11
12183,10
12184,10
12185,9
12186,8
12187,8
12188,8
12190,8
12191,8
12192,8
12193,9
12194,15
12195,48
12196,122
12197,223
12198,326
12199,408
12200,444
12201,449
12202,451
12203,453
12204,454
12205,455
12206,455
12207,455
12208,455
12209,455
12210,454
12211,454
12212,453
12213,453
12214,454
12215,453
12216,453
12217,453
12218,453
12219,452
12220,452
12221,452
12222,452
12223,452
12224,452
12225,452
12226,452
12227,451
12228,451
12229,451
12230,451
12232,452
12233,452
12234,452
12235,452
12236,452
12237,451
12238,451
12239,452
12240,453
12241,452
12242,452
12243,452
12244,452
12245,452
12246,451
12247,452
12248,453
12249,453
12250,453
12251,453
12252,453
12253,453
12254,453
12255,454
12256,454
12257,454
12258,455
12259,455
12260,454
12261,451
12262,425
12263,360
12264,266
12265,172
12266,91
12267,43
12268,23
12269,20
12270,20
12271,19
12272,19
12273,20
12275,20
12276,20
12277,20
12278,19
12279,19
12280,19
12281,20
12282,20
12283,20
12284,20
12285,19
12286,19
12287,19
12288,19
12289,18
12290,18
12291,18
12292,18
12293,17
12294,17
12295,17
12296,17
12297,16
12298,16
12299,16
12300,15
12301,15
12302,15
12303,15
12304,14
12305,15
12306,14
12307,14
12308,14
12309,14
12310,14
12311,14
12312,14
12313,14
12314,13
12315,13
12316,13
12318,13
12319,13
12320,13
12321,13
12322,13
12323,15
12324,11
12325,15
12326,15
12327,16
12328,17
12329,17
12330,20
12331,38
12332,91
12333,177
12334,276
12335,369
12336,432
12337,453
12338,456
12339,457
12340,458
12341,458
12342,458
12343,457
12344,457
12345,456
12346,456
12347,455
12348,456
12349,456
12350,455
12351,455
12352,454
12353,454
12354,453
12355,453
12356,454
12357,454
12358,454
12360,453
12361,453
12362,452
12363,452
12364,452
12365,453
12366,453
12367,453
12368,453
12369,453
12370,452
12371,452
12372,452
12373,453
12374,453
12375,453
12376,453
12377,453
12378,453
12379,453
12380,454
12381,454
12382,454
12383,454
12384,454
12385,454
12386,454
12387,455
12388,455
12389,455
12390,456
12391,457
12392,456
12393,456
12394,456
12395,456
12396,456
12397,456
12398,456
12399,451
12400,417
12401,344
12403,250
12404,158
12405,83
12406,41
12407,25
12408,23
12409,23
12410,23
12411,22
12412,22
12413,23
12414,23
12415,24
12416,24
12417,24
12418,24
12419,24
12420,25
12421,25
12422,25
12423,25
12424,25
12425,24
12426,24
12427,24
12428,23
12429,23
12430,24
12431,26
12432,36
12433,74
12434,139
12435,218
12436,309
12437,403
12438,450
12439,460
12440,487
12441,493
12442,471
12443,475
12444,484
12446,473
12447,462
12448,455
12449,453
12450,452
12451,452
12452,451
12453,450
12454,450
12455,450
12456,451
12457,451
12458,451
12459,451
12460,451
12461,450
12462,450
12463,450
12464,451
12465,451
12466,451
12467,451
12468,451
12469,450
12470,450
12471,450
12472,451
12473,451
12474,451
12475,451
12476,451
12477,450
12478,451
12479,451
12480,451
12481,451
12482,451
12483,451
12484,451
12485,451
12486,450
12488,450
12489,451
12490,451
12491,451
12492,451
12493,451
12494,451
12495,450
12496,450
12497,450
12498,451
12499,452
12500,452
12501,451
12502,450
12503,450
12504,450
12505,450
12506,451
12507,451
12508,451
12509,451
12510,451
12511,450
12512,450
12513,450
12514,450
12515,451
12516,451
12517,451
12518,451
12519,451
12520,451
12521,451
12522,451
12523,451
12524,451
12525,451
12526,451
12527,450
12528,450
12529,450
12531,450
12532,451
12533,451
12534,451
12535,451
12536,450
12537,450
12538,450
12539,451
12540,451
12541,451
12542,451
12543,451
12544,450
12545,450
12546,450
12547,450
12548,451
12549,451
12550,451
12551,451
12552,450
12553,450
12554,450
12555,450
12556,451
12557,451
12558,451
12559,451
12560,451
12561,450
12562,450
12563,450
12564,451
12565,451
12566,451
12567,451
12568,450
12569,450
12570,450
12571,450
12572,451
12574,451
12575,451
12576,451
12577,450
12578,450
12579,451
12580,451
12581,451
12582,451
12583,451
12584,451
12585,450
12586,450
12587,450
12588,450
12589,450
12590,451
12591,451
12592,451
12593,450
12594,450
12595,450
12596,450
12597,450
12598,451
12599,451
12600,451
12601,450
12602,450
12603,450
12604,450
12605,450
12606,450
12607,451
12608,451
12609,450
12610,450
12611,450
12612,450
12613,450
12614,450
12616,451
12617,451
12618,450
12619,451
12620,450
12621,450
12622,450
12623,451
12624,451
12625,451
12626,451
12627,450
12628,450
12629,450
12630,450
12631,450
12632,451
12633,450
12634,450
12635,450
12636,450
12637,450
12638,450
12639,451
12640,451
12641,451
12642,451
12643,450
12644,450
12645,450
12646,450
12647,450
12648,451
12649,451
12650,451
12651,450
12652,450
12653,450
12654,450
12655,450
12656,451
12657,451
12659,451
12660,451
12661,450
12662,450
12663,450
12664,450
12665,451
12666,451
12667,451
12668,451
12669,450
12670,450
12671,450
12672,450
12673,450
12674,451
12675,451
12676,451
12677,450
12678,450
12679,450
12680,450
12681,450
12682,450
12683,451
12684,451
12685,450
12686,450
12687,450
12688,450
12689,450
12690,451
12691,451
12692,450
12693,450
12694,450
12695,450
12696,450
12697,450
12698,451
12699,451
12700,451
12702,450
12703,450
12704,449
12705,450
12706,450
12707,451
12708,451
12709,451
12710,450
12711,450
12712,450
12713,450
12714,450
12715,450
12716,450
12717,450
12718,450
12719,450
12720,450
12721,450
12722,450
12723,450
12724,450
12725,450
12726,450
12727,450
12728,450
12729,450
12730,450
12731,450
12732,451
12733,450
12734,450
12735,450
12736,450
12737,450
12738,450
12739,451
12740,451
12741,450
12742,450
12744,450
12745,450
12746,450
12747,450
12748,450
12749,450
12750,450
12751,450
12752,450
12753,450
12754,450
12755,450
12756,450
12757,451
12758,451
12759,451
12760,451
12761,450
12762,450
12763,450
12764,450
12765,451
12766,451
12767,450
12768,450
12769,450
12770,450
12771,450
12772,450
12773,450
12774,450
12775,450
12776,450
12777,450
12778,450
12779,450
12780,450
12781,450
12782,450
12783,450
12784,450
12785,450
12787,450
12788,449
12789,450
12790,450
12791,450
12792,450
12793,450
12794,450
12795,450
12796,450
12797,450
12798,450
12799,451
12800,451
12801,450
12802,450
12803,450
12804,450
12805,450
12806,450
12807,450
12808,450
12809,450
12810,450
12811,450
12812,450
12813,450
12814,450
12815,450
12816,450
12817,450
12818,450
12819,450
12820,450
12821,450
12822,450
12823,450
12824,450
12825,450
12826,450
12827,450
12828,449
12830,449
12831,450
12832,450
12833,450
12834,450
12835,450
12836,450
12837,450
12838,450
12839,451
12840,451
12841,451
12842,450
12843,450
12844,450
12845,450
12846,450
12847,450
12848,450
12849,451
12850,450
12851,450
12852,450
12853,450
12854,450
12855,450
12856,450
12857,450
12858,451
12859,451
12860,450
12861,450
12862,450
12863,450
12864,450
12865,450
12866,450
12867,450
12868,450
12869,449
12870,449
12872,450
12873,450
12874,450
12875,450
12876,450
12877,450
12878,450
12879,450
12880,450
12881,450
12882,450
12883,450
12884,450
12885,450
12886,450
12887,449
12888,450
12889,450
12890,450
12891,451
12892,450
12893,450
12894,449
12895,450
12896,449
12897,450
12898,450
12899,451
12900,451
12901,450
12902,449
12903,449
12904,449
12905,450
12906,450
12907,450
12908,450
12909,450
12910,450
12911,449
12912,449
12913,450
12915,450
12916,450
12917,450
12918,450
12919,450
12920,450
12921,450
12922,450
12923,450
12924,450
12925,450
12926,450
12927,450
12928,450
12929,449
12930,450
12931,450
12932,450
12933,450
12934,450
12935,450
12936,450
12937,449
12938,450
12939,451
12940,451
12941,450
12942,450
12943,450
12944,450
12945,450
12946,449
12947,449
12948,450
12949,451
12950,450
12951,450
12952,450
12953,450
12954,450
12955,450
12956,450
12958,451
12959,451
12960,450
12961,450
12962,449
12963,449
12964,449
12965,444
12966,450
12967,450
12968,450
12969,450
12970,450
12971,450
12972,450
12973,450
12974,450
12975,451
12976,450
12977,450
12978,449
12979,450
12980,450
12981,450
12982,450
12983,450
12984,450
12985,450
12986,450
12987,450
12988,450
12989,450
12990,450
12991,450
12992,450
12993,450
12994,450
12995,449
12996,450
12997,450
12998,451
13000,451
13001,450
13002,450
13003,450
13004,450
13005,450
13006,450
13007,450
13008,450
13009,450
13010,450
13011,450
13012,450
13013,450
13014,450
13015,450
13016,450
13017,450
13018,450
13019,450
13020,450
13021,449
13022,450
13023,450
13024,450
13025,450
13026,450
13027,450
13028,449
13029,449
13030,450
13031,450
13032,450
13033,450
13034,450
13035,450
13036,450
13037,450
13038,450
13039,451
13040,451
13041,451
13043,450
13044,450
13045,449
13046,449
13047,450
13048,450
13049,450
13050,451
13051,450
13052,450
13053,450
13054,449
13055,450
13056,450
13057,450
13058,451
13059,451
13060,451
13061,450
13062,450
13063,450
13064,450
13065,451
13066,451
13067,450
13068,450
13069,450
13070,450
13071,450
13072,450
13073,451
13074,451
13075,450
13076,450
13077,450
13078,450
13079,450
13080,451
13081,450
13082,451
13083,451
13084,450
13086,450
13087,450
13088,450
13089,450
13090,451
13091,451
13092,451
13093,450
13094,450
13095,450
13096,450
13097,450
13098,450
13099,451
13100,451
13101,451
13102,450
13103,450
13104,450
13105,450
13106,450
13107,451
13108,451
13109,451
13110,450
13111,450
13112,450
13113,450
13114,450
13115,451
13116,451
13117,451
13118,451
13119,451
13120,450
13121,450
13122,450
13123,451
13124,451
13125,451
13126,450
13128,450
13129,450
13130,450
13131,450
13132,451
13133,451
13134,451
13135,450
13136,450
13137,450
13138,450
13139,451
13140,451
13141,451
13142,451
13143,451
13144,450
13145,450
13146,450
13147,450
13148,450
13149,451
13150,451
13151,451
13152,451
13153,450
13154,450
13155,450
13156,451
13157,451
13158,451
13159,451
13160,451
13161,450
13162,450
13163,450
13164,451
13165,451
13166,451
13167,451
13168,450
13169,450
13171,450
13172,450
13173,451
13174,451
13175,451
13176,451
13177,450
13178,450
13179,451
13180,451
13181,451
13182,451
13183,451
13184,451
13185,451
13186,450
13187,450
13188,450
13189,451
13190,451
13191,451
13192,451
13193,450
13194,450
13195,450
13196,450
13197,450
13198,451
13199,452
13200,451
13201,451
13202,450
13203,450
13204,450
13205,451
13206,451
13207,451
13208,451
13209,451
13210,450
13211,450
13212,450
13214,451
13215,451
13216,451
13217,451
13218,451
13219,451
13220,451
13221,450
13222,451
13223,451
13224,451
13225,451
13226,451
13227,450
13228,450
13229,450
13230,450
13231,451
13232,451
13233,451
13234,451
13235,450
13236,451
13237,450
13238,451
13239,451
13240,451
13241,451
13242,451
13243,451
13244,450
13245,450
13246,450
13247,451
13248,451
13249,452
13250,451
13251,451
13252,451
13253,451
13254,450
13256,451
13257,451
13258,451
13259,452
13260,451
13261,451
13262,450
13263,450
13264,451
13265,451
13266,451
13267,451
13268,451
13269,450
13270,450
13271,450
13272,450
13273,451
13274,451
13275,451
13276,451
13277,451
13278,451
13279,451
13280,451
13281,451
13282,451
13283,451
13284,451
13285,451
13286,451
13287,451
13288,451
13289,451
13290,451
13291,451
13292,451
13293,451
13294,450
13295,450
13296,450
13297,451
13299,452
13300,452
13301,452
13302,451
13303,450
13304,450
13305,451
13306,451
13307,451
13308,451
13309,451
13310,451
13311,450
13312,450
13313,450
13314,451
13315,451
13316,451
13317,451
13318,451
13319,451
13320,451
13321,450
13322,451
13323,450
13324,451
13325,451
13326,450
13327,450
13328,450
13329,449
13330,451
13331,451
13332,451
13333,451
13334,451
13335,451
13336,450
13337,450
13338,451
13339,451
13340,452
13342,451
13343,451
13344,450
13345,445
13346,450
13347,450
13348,451
13349,451
13350,451
13351,451
13352,451
13353,450
13354,450
13355,451
13356,451
13357,451
13358,451
13359,452
13360,451
13361,450
13362,450
13363,450
13364,451
13365,451
13366,451
13367,451
13368,451
13369,450
13370,451
13371,451
13372,451
13373,451
13374,452
13375,451
13376,451
13377,450
13378,451
13379,451
13380,451
13381,451
13382,452
13384,451
13385,451
13386,450
13387,450
13388,451
13389,451
13390,451
13391,451
13392,452
13393,451
13394,451
13395,451
13396,451
13397,451
13398,451
13399,452
13400,452
13401,451
13402,451
13403,451
13404,450
13405,451
13406,451
13407,452
13408,451
13409,451
13410,450
13411,450
13412,450
13413,451
13414,451
13415,451
13416,451
13417,451
13418,451
13419,451
13420,451
13421,451
13422,451
13423,451
13424,451
13425,452
13427,451
13428,451
13429,450
13430,451
13431,451
13432,451
13433,451
13434,451
13435,451
13436,451
13437,450
13438,451
13439,451
13440,452
13441,452
13442,451
13443,451
13444,451
13445,451
13446,451
13447,451
13448,451
13449,452
13450,452
13451,451
13452,451
13453,451
13454,451
13455,451
13456,451
13457,451
13458,452
13459,452
13460,451
13461,450
13462,450
13463,451
13464,451
13465,451
13466,451
13467,451
13468,451
13470,451
13471,451
13472,451
13473,451
13474,451
13475,451
13476,451
13477,451
13478,450
13479,451
13480,451
13481,451
13482,452
13483,452
13484,451
13485,451
13486,451
13487,451
13488,451
13489,451
13490,452
13491,452
13492,451
13493,451
13494,451
13495,451
13496,451
13497,451
13498,451
13499,452
13500,451
13501,451
13502,451
13503,451
13504,451
13505,451
13506,451
13507,451
13508,451
13509,451
13510,451
13512,451
13513,450
13514,451
13515,451
13516,451
13517,451
13518,451
13519,451
13520,451
13521,451
13522,451
13523,451
13524,451
13525,451
13526,451
13527,450
13528,450
13529,450
13530,451
13531,451
13532,451
13533,451
13534,451
13535,451
13536,451
13537,450
13538,451
13539,451
13540,452
13541,451
13542,451
13543,450
13544,450
13545,450
13546,450
13547,451
13548,451
13549,451
13550,451
13551,451
13552,450
13553,450
13555,451
13556,451
13557,451
13558,451
13559,452
13560,451
13561,451
13562,450
13563,450
13564,450
13565,445
13566,451
13567,451
13568,451
13569,450
13570,450
13571,450
13572,450
13573,451
13574,451
13575,451
13576,451
13577,450
13578,450
13579,451
13580,451
13581,451
13582,451
13583,451
13584,451
13585,450
13586,450
13587,450
13588,451
13589,451
13590,451
13591,451
13592,451
13593,450
13594,450
13595,450
13596,450
13598,451
13599,451
13600,451
13601,451
13602,450
13603,450
13604,450
13605,450
13606,450
13607,451
13608,451
13609,451
13610,450
13611,450
13612,450
13613,450
13614,451
13615,451
13616,451
13617,451
13618,451
13619,451
13620,451
13621,450
13622,450
13623,451
13624,451
13625,451
13626,450
13627,450
13628,450
13629,450
13630,451
13631,451
13632,451
13633,451
13634,451
13635,450
13636,450
13637,450
13638,451
13640,451
13641,451
13642,451
13643,451
13644,450
13645,450
13646,450
13647,450
13648,451
13649,451
13650,451
13651,451
13652,450
13653,450
13654,450
13655,450
13656,450
13657,451
13658,451
13659,451
13660,451
13661,450
13662,450
13663,450
13664,450
13665,451
13666,451
13667,451
13668,450
13669,450
13670,450
13671,450
13672,450
13673,451
13674,451
13675,451
13676,450
13677,450
13678,450
13679,450
13680,451
13681,451
13683,451
13684,451
13685,451
13686,450
13687,450
13688,450
13689,450
13690,450
13691,451
13692,451
13693,450
13694,450
13695,450
13696,450
13697,450
13698,451
13699,451
13700,451
13701,451
13702,450
13703,450
13704,450
13705,450
13706,450
13707,451
13708,451
13709,450
13710,450
13711,450
13712,450
13713,450
13714,450
13715,450
13716,451
13717,450
13718,450
13719,450
13720,450
13721,450
13722,450
13723,450
13724,451
13726,450
13727,450
13728,450
13729,449
13730,450
13731,450
13732,450
13733,450
13734,450
13735,450
13736,450
13737,450
13738,450
13739,451
13740,451
13741,451
13742,451
13743,450
13744,450
13745,450
13746,450
13747,450
13748,450
13749,451
13750,450
13751,450
13752,450
13753,450
13754,450
13755,450
13756,450
13757,451
13758,450
13759,451
13760,450
13761,450
13762,450
13763,450
13764,450
13765,450
13766,450
13768,450
13769,450
13770,450
13771,450
13772,450
13773,450
13774,450
13775,450
13776,450
13777,450
13778,450
13779,450
13780,450
13781,450
13782,450
13783,450
13784,450
13785,450
13786,449
13787,450
13788,450
13789,450
13790,450
13791,450
13792,450
13793,450
13794,449
13795,449
13796,450
13797,450
13798,450
13799,451
13800,451
13801,450
13802,450
13803,449
13804,449
13805,450
13806,450
13807,450
13808,450
13809,450
13811,450
13812,449
13813,450
13814,450
13815,450
13816,450
13817,450
13818,450
13819,450
13820,450
13821,450
13822,450
13823,450
13824,450
13825,450
13826,450
13827,450
13828,449
13829,449
13830,450
13831,450
13832,450
13833,450
13834,450
13835,450
13836,449
13837,449
13838,450
13839,451
13840,451
13841,450
13842,450
13843,450
13844,446
13845,449
13846,449
13847,450
13848,450
13849,450
13850,450
13851,449
13852,449
13854,449
13855,449
13856,450
13857,450
13858,450
13859,451
13860,450
13861,450
13862,450
13863,450
13864,449
13865,450
13866,450
13867,450
13868,450
13869,449
13870,449
13871,449
13872,450
13873,450
13874,450
13875,450
13876,450
13877,450
13878,450
13879,450
13880,450
13881,450
13882,450
13883,450
13884,450
13885,449
13886,449
13887,449
13888,450
13889,450
13890,450
13891,450
13892,450
13893,450
13894,449
13896,449
13897,449
13898,450
13899,451
13900,451
13901,451
13902,450
13903,450
13904,449
13905,449
13906,450
13907,450
13908,450
13909,450
13910,449
13911,449
13912,449
13913,449
13914,449
13915,450
13916,450
13917,450
13918,449
13919,450
13920,450
13921,449
13922,450
13923,450
13924,450
13925,450
13926,450
13927,449
13928,449
13929,449
13930,449
13931,450
13932,450
13933,450
13934,450
13935,449
13936,449
13937,449
13939,450
13940,450
13941,451
13942,450
13943,450
13944,450
13945,449
13946,449
13947,449
13948,450
13949,450
13950,450
13951,450
13952,449
13953,449
13954,449
13955,450
13956,450
13957,450
13958,450
13959,450
13960,450
13961,449
13962,449
13963,449
13964,450
13965,450
13966,450
13967,450
13968,449
13969,449
13970,449
13971,449
13972,450
13973,450
13974,450
13975,450
13976,450
13977,449
13978,450
13979,450
13980,450
13982,450
13983,450
13984,450
13985,450
13986,449
13987,449
13988,449
13989,450
13990,450
13991,450
13992,450
13993,450
13994,449
13995,449
13996,449
13997,450
13998,450
13999,451
14000,451
14001,450
14002,449
14003,449
14004,449
14005,450
14006,450
14007,450
14008,450
14009,450
14010,449
14011,449
14012,449
14013,449
14014,450
14015,450
14016,450
14017,450
14018,450
14019,450
14020,449
14021,449
14022,450
14024,450
14025,450
14026,450
14027,450
14028,449
14029,449
14030,449
14031,450
14032,450
14033,450
14034,450
14035,450
14036,449
14037,449
14038,449
14039,450
14040,450
14041,450
14042,450
14043,450
14044,449
14045,449
14046,449
14047,450
14048,450
14049,450
14050,450
14051,450
14052,450
14053,449
14054,449
14055,450
14056,450
14057,450
14058,450
14059,450
14060,450
14061,449
14062,450
14063,450
14064,450
14065,450
14067,450
14068,450
14069,450
14070,449
14071,450
14072,450
14073,450
14074,450
14075,450
14076,450
14077,449
14078,449
14079,450
14080,450
14081,450
14082,450
14083,450
14084,450
14085,450
14086,449
14087,449
14088,449
14089,450
