Time (s),Intensity
1,455
2,454
3,454
4,454
5,454
6,453
7,453
8,424
9,398
10,403
11,409
12,415
13,442
14,414
15,408
16,415
17,417
18,444
19,418
20,432
21,423
22,425
23,435
24,427
26,445
27,422
28,424
29,428
30,427
31,444
32,431
33,438
34,428
35,433
36,434
37,431
38,449
39,428
40,433
41,432
42,429
43,446
44,438
45,447
46,430
47,436
48,434
49,439
50,449
51,434
52,440
53,431
54,435
55,444
56,438
57,449
58,436
59,437
60,436
61,439
62,450
63,438
64,444
65,436
66,437
67,444
69,438
70,450
71,438
72,442
73,438
74,439
75,450
76,438
77,440
78,438
79,443
80,450
81,442
82,447
83,436
84,443
85,444
86,441
87,451
88,438
89,442
90,440
91,441
92,450
93,442
94,447
95,441
96,441
97,443
98,443
99,450
100,439
101,443
102,442
103,443
104,451
105,442
106,446
107,438
108,441
109,444
110,443
112,451
113,442
114,443
115,440
116,441
117,452
118,442
119,445
120,444
121,443
122,445
123,443
124,451
125,439
126,445
127,440
128,443
129,452
130,442
131,443
132,442
133,443
134,447
135,445
136,451
137,439
138,445
139,438
140,441
141,451
142,443
143,446
144,444
145,445
146,443
147,445
148,451
149,439
150,445
151,442
152,443
154,452
155,442
156,450
157,442
158,442
159,442
160,443
161,452
162,446
163,445
164,439
165,445
166,448
167,443
168,452
169,442
170,445
171,441
172,443
173,451
174,442
175,448
176,446
177,449
178,454
179,452
180,454
181,450
182,457
183,455
184,464
185,457
186,457
187,456
188,455
189,452
190,455
191,453
192,456
193,457
194,464
195,456
197,459
198,455
199,456
200,456
201,456
202,455
203,455
204,456
205,456
206,436
207,456
208,455
209,455
210,456
211,456
212,456
213,456
214,455
215,455
216,455
217,455
218,452
219,456
220,456
221,456
222,455
223,455
224,456
225,452
226,437
227,456
228,455
229,456
230,455
231,455
232,455
233,456
234,456
235,456
236,456
237,456
238,455
240,455
241,455
242,455
243,456
244,457
245,454
246,450
247,455
248,455
249,455
250,455
251,452
252,456
253,456
254,456
255,456
256,455
257,455
258,456
259,456
260,456
261,456
262,456
263,456
264,456
265,456
266,455
267,456
268,456
269,456
270,456
271,456
272,455
273,455
274,456
275,456
276,456
277,456
278,456
279,456
280,455
282,455
283,455
284,456
285,457
286,457
287,456
288,456
289,455
290,455
291,456
292,456
293,456
294,456
295,457
296,456
297,456
298,456
299,455
300,456
301,456
302,456
303,457
304,457
305,456
306,455
307,456
308,455
309,456
310,456
311,456
312,456
313,456
314,455
315,456
316,456
317,456
318,457
319,456
320,456
321,456
322,456
323,457
325,456
326,456
327,456
328,456
329,456
330,456
331,455
332,455
333,456
334,456
335,456
336,457
337,457
338,456
339,456
340,455
341,456
342,456
343,456
344,457
345,457
346,456
347,456
348,456
349,456
350,456
351,456
352,457
353,457
354,456
355,456
356,456
357,456
358,456
359,456
360,457
361,457
362,457
363,456
364,456
365,456
366,456
368,456
369,457
370,457
371,457
372,456
373,456
374,456
375,456
376,457
377,457
378,457
379,457
380,456
381,456
382,456
383,456
384,457
385,457
386,457
387,457
388,456
389,456
390,456
391,456
392,456
393,457
394,457
395,457
396,456
397,456
398,456
399,456
400,456
401,457
402,456
403,457
404,457
405,456
406,456
407,456
408,457
410,457
411,457
412,457
413,457
414,456
415,456
416,456
417,457
418,457
419,457
420,457
421,457
422,456
423,456
424,456
425,457
426,457
427,457
428,457
429,457
430,457
431,456
432,456
433,457
434,457
435,457
436,457
437,457
438,457
439,456
440,456
441,456
442,456
443,458
444,458
445,458
446,457
447,456
448,456
449,456
450,457
451,457
453,457
454,457
455,457
456,456
457,456
458,456
459,457
460,457
461,457
462,457
463,457
464,457
465,457
466,456
467,456
468,457
469,457
470,457
471,457
472,456
473,456
474,456
475,456
476,457
477,457
478,457
479,457
480,456
481,456
482,456
483,457
484,457
485,458
486,457
487,457
488,456
489,456
490,456
491,456
492,456
493,457
494,457
496,457
497,456
498,456
499,456
500,456
501,457
502,457
503,457
504,457
505,457
506,456
507,456
508,456
509,457
510,457
511,457
512,457
513,457
514,456
515,456
516,456
517,456
518,457
519,457
520,457
521,456
522,456
523,456
524,457
525,457
526,457
527,457
528,457
529,457
530,456
531,456
532,456
533,457
534,457
535,457
536,457
538,457
539,457
540,456
541,456
542,457
543,457
544,458
545,458
546,457
547,456
548,456
549,455
550,456
551,456
552,457
553,457
554,457
555,457
556,456
557,457
558,456
559,454
560,457
561,457
562,457
563,456
564,457
565,457
566,457
567,457
568,457
569,457
570,457
571,457
572,456
573,456
574,456
575,457
576,457
577,457
578,457
579,457
581,456
582,456
583,456
584,457
585,458
586,457
587,457
588,457
589,457
590,456
591,456
592,456
593,457
594,457
595,457
596,457
597,456
598,456
599,456
600,456
601,457
602,457
603,458
604,458
605,457
606,456
607,456
608,456
609,457
610,457
611,457
612,457
613,456
614,456
615,456
616,456
617,457
618,457
619,457
620,457
621,457
622,456
624,456
625,457
626,457
627,457
628,457
629,457
630,456
631,456
632,456
633,456
634,457
635,457
636,457
637,457
638,456
639,456
640,456
641,456
642,457
643,457
644,458
645,458
646,456
647,456
648,456
649,456
650,457
651,457
652,457
653,457
654,457
655,456
656,456
657,456
658,456
659,457
660,457
661,457
662,456
663,457
664,457
666,456
667,456
668,457
669,457
670,457
671,457
672,456
673,456
674,456
675,456
676,457
677,457
678,457
679,457
680,456
681,456
682,456
683,456
684,457
685,457
686,457
687,457
688,457
689,456
690,456
691,456
692,457
693,458
694,457
695,457
696,457
697,456
698,456
699,456
700,456
701,457
702,457
703,458
704,457
705,457
706,456
707,456
709,456
710,457
711,457
712,457
713,457
714,456
715,456
716,456
717,456
718,457
719,457
720,457
721,457
722,456
723,456
724,456
725,457
726,456
727,457
728,457
729,457
730,456
731,456
732,456
733,456
734,457
735,457
736,457
737,457
738,456
739,456
740,456
741,456
742,457
743,457
744,458
745,457
746,456
747,456
748,456
749,456
750,457
752,457
753,457
754,457
755,456
756,456
757,456
758,456
759,456
760,457
761,457
762,457
763,457
764,457
765,457
766,456
767,457
768,457
769,457
770,457
771,457
772,456
773,456
774,456
775,456
776,457
777,457
778,457
779,457
780,456
781,456
782,456
783,457
784,457
785,458
786,457
787,457
788,457
789,456
790,456
791,456
792,457
794,457
795,457
796,457
797,456
798,456
799,456
800,456
801,456
802,457
803,457
804,457
805,457
806,456
807,456
808,456
809,457
810,457
811,457
812,457
813,457
814,456
815,456
816,456
817,457
818,457
819,457
820,457
821,456
822,456
823,456
824,457
825,457
826,457
827,457
828,457
829,457
830,456
831,456
832,456
833,457
834,457
835,457
837,457
838,457
839,456
840,456
841,456
842,457
843,457
844,458
845,458
846,457
847,456
848,456
849,456
850,457
851,457
852,457
853,457
854,457
855,456
856,456
857,456
858,456
859,457
860,457
861,457
862,457
863,456
864,457
865,457
866,456
867,457
868,457
869,457
870,457
871,457
872,456
873,456
874,456
875,457
876,457
877,457
878,456
880,456
881,456
882,456
883,456
884,457
885,457
886,457
887,457
888,457
889,456
890,456
891,456
892,456
893,457
894,457
895,457
896,457
897,456
898,456
899,456
900,456
901,457
902,457
903,457
904,457
905,457
906,456
907,456
908,456
909,457
910,457
911,457
912,457
913,456
914,456
915,456
916,457
917,457
918,457
919,457
920,456
922,456
923,455
924,456
925,457
926,457
927,457
928,457
929,457
930,456
931,456
932,456
933,456
934,457
935,457
936,457
937,457
938,456
939,456
940,456
941,456
942,456
943,457
944,458
945,457
946,456
947,456
948,456
949,456
950,456
951,457
952,457
953,457
954,456
955,456
956,456
957,456
958,456
959,457
960,457
961,457
962,457
963,457
965,457
966,457
967,456
968,457
969,457
970,457
971,457
972,456
973,456
974,456
975,456
976,456
977,457
978,457
979,456
980,456
981,456
982,456
983,456
984,457
985,457
986,457
987,457
988,456
989,456
990,456
991,456
992,457
993,457
994,457
995,457
996,456
997,456
998,456
999,456
1000,456
1001,457
1002,457
1003,457
1004,457
1005,457
1006,456
1008,456
1009,457
1010,457
1011,457
1012,457
1013,456
1014,456
1015,456
1016,456
1017,456
1018,457
1019,457
1020,457
1021,457
1022,456
1023,456
1024,457
1025,457
1026,457
1027,457
1028,457
1029,457
1030,458
1031,459
1032,459
1033,460
1034,460
1035,460
1036,460
1037,459
1038,458
1039,458
1040,457
1041,457
1042,457
1043,458
1044,458
1045,457
1046,456
1047,456
1048,456
1050,456
1051,457
1052,457
1053,457
1054,457
1055,457
1056,456
1057,456
1058,456
1059,456
1060,457
1061,457
1062,457
1063,456
1064,457
1065,457
1066,456
1067,457
1068,457
1069,457
1070,457
1071,457
1072,456
1073,456
1074,456
1075,457
1076,457
1077,457
1078,457
1079,456
1080,456
1081,456
1082,456
1083,456
1084,457
1085,457
1086,457
1087,456
1088,456
1089,456
1090,456
1091,456
1093,457
1094,457
1095,457
1096,456
1097,456
1098,456
1099,456
1100,456
1101,457
1102,457
1103,457
1104,457
1105,457
1106,456
1107,456
1108,456
1109,457
1110,457
1111,457
1112,457
1113,456
1114,456
1115,456
1116,456
1117,457
1118,457
1119,457
1120,457
1121,456
1122,456
1123,456
1124,456
1125,457
1126,457
1127,457
1128,457
1129,456
1130,456
1131,456
1132,456
1133,457
1134,457
1136,457
1137,457
1138,456
1139,456
1140,456
1141,456
1142,456
1143,457
1144,458
1145,458
1146,457
1147,456
1148,456
1149,456
1150,457
1151,457
1152,457
1153,457
1154,457
1155,456
1156,456
1157,456
1158,456
1159,457
1160,457
1161,457
1162,457
1163,457
1164,457
1165,457
1166,457
1167,457
1168,457
1169,457
1170,457
1171,456
1172,456
1173,456
1174,456
1175,457
1176,457
1178,457
1179,457
1180,457
1181,456
1182,456
1183,456
1184,457
1185,457
1186,457
1187,457
1188,457
1189,456
1190,456
1191,456
1192,456
1193,457
1194,457
1195,457
1196,457
1197,456
1198,456
1199,456
1200,457
1201,457
1202,457
1203,457
1204,457
1205,457
1206,456
1207,456
1208,456
1209,457
1210,457
1211,457
1212,457
1213,456
1214,456
1215,456
1216,457
1217,457
1218,457
1219,457
1221,457
1222,456
1223,456
1224,457
1225,457
1226,457
1227,457
1228,457
1229,457
1230,456
1231,456
1232,456
1233,456
1234,457
1235,456
1236,457
1237,457
1238,456
1239,456
1240,456
1241,456
1242,457
1243,457
1244,458
1245,457
1246,457
1247,456
1248,455
1249,456
1250,456
1251,457
1252,457
1253,457
1254,457
1255,456
1256,456
1257,457
1258,457
1259,457
1260,457
1261,457
1262,457
1264,457
1265,457
1266,457
1267,457
1268,457
1269,457
1270,457
1271,457
1272,457
1273,456
1274,456
1275,457
1276,457
1277,457
1278,457
1279,457
1280,456
1281,456
1282,457
1283,457
1284,458
1285,458
1286,457
1287,457
1288,457
1289,456
1290,456
1291,457
1292,457
1293,457
1294,457
1295,457
1296,457
1297,456
1298,456
1299,456
1300,457
1301,457
1302,457
1303,458
1304,457
1306,457
1307,456
1308,456
1309,457
1310,457
1311,457
1312,457
1313,457
1314,456
1315,456
1316,457
1317,457
1318,457
1319,458
1320,457
1321,457
1322,456
1323,457
1324,457
1325,458
1326,457
1327,457
1328,457
1329,457
1330,456
1331,456
1332,456
1333,457
1334,457
1335,457
1336,457
1337,457
1338,457
1339,456
1340,456
1341,456
1342,457
1343,458
1344,458
1345,458
1346,457
1347,456
1349,456
1350,455
1351,457
1352,457
1353,457
1354,457
1355,457
1356,456
1357,456
1358,456
1359,457
1360,457
1361,457
1362,457
1363,457
1364,457
1365,457
1366,456
1367,457
1368,457
1369,456
1370,453
1371,457
1372,457
1373,456
1374,457
1375,456
1376,457
1377,457
1378,457
1379,457
1380,457
1381,456
1382,456
1383,457
1384,458
1385,458
1386,457
1387,457
1388,456
1389,456
1390,457
1392,457
1393,457
1394,457
1395,457
1396,457
1397,456
1398,456
1399,456
1400,457
1401,457
1402,457
1403,457
1404,458
1405,457
1406,456
1407,456
1408,457
1409,457
1410,457
1411,457
1412,457
1413,457
1414,456
1415,456
1416,457
1417,457
1418,457
1419,457
1420,457
1421,457
1422,456
1423,456
1424,457
1425,458
1426,457
1427,457
1428,457
1429,454
1430,456
1431,456
1432,456
1434,457
1435,457
1436,457
1437,457
1438,457
1439,457
1440,457
1441,456
1442,457
1443,457
1444,458
1445,458
1446,457
1447,457
1448,456
1449,452
1450,456
1451,457
1452,458
1453,457
1454,456
1455,456
1456,455
1457,456
1458,457
1459,457
1460,457
1461,455
1462,457
1463,456
1464,457
1465,455
1466,457
1467,457
1468,457
1469,457
1470,457
1471,457
1472,456
1473,454
1474,457
1475,457
1477,457
1478,457
1479,457
1480,457
1481,456
1482,456
1483,456
1484,457
1485,458
1486,458
1487,457
1488,457
1489,457
1490,456
1491,456
1492,457
1493,457
1494,457
1495,457
1496,457
1497,457
1498,456
1499,457
1500,457
1501,457
1502,457
1503,457
1504,458
1505,457
1506,457
1507,456
1508,457
1509,457
1510,458
1511,457
1512,457
1513,457
1514,457
1515,457
1516,457
1517,457
1518,458
1520,457
1521,457
1522,456
1523,456
1524,457
1525,457
1526,458
1527,457
1528,457
1529,457
1530,457
1531,456
1532,456
1533,457
1534,457
1535,458
1536,457
1537,457
1538,457
1539,457
1540,456
1541,457
1542,457
1543,457
1544,458
1545,457
1546,457
1547,456
1548,457
1549,457
1550,457
1551,458
1552,458
1553,457
1554,457
1555,456
1556,457
1557,457
1558,457
1559,457
1560,457
1562,457
1563,457
1564,457
1565,457
1566,457
1567,457
1568,457
1569,457
1570,457
1571,457
1572,457
1573,456
1574,457
1575,457
1576,457
1577,457
1578,457
1579,457
1580,456
1581,456
1582,456
1583,457
1584,458
1585,458
1586,457
1587,457
1588,456
1589,456
1590,456
1591,457
1592,457
1593,456
1594,457
1595,457
1596,457
1597,456
1598,456
1599,457
1600,457
1601,457
1602,458
1603,458
1605,458
1606,457
1607,456
1608,457
1609,457
1610,458
1611,457
1612,457
1613,457
1614,456
1615,457
1616,457
1617,457
1618,457
1619,458
1620,457
1621,457
1622,457
1623,456
1624,457
1625,457
1626,457
1627,457
1628,457
1629,457
1630,456
1631,456
1632,457
1633,457
1634,457
1635,457
1636,457
1637,457
1638,457
1639,457
1640,456
1641,457
1642,457
1643,458
1644,458
1645,458
1646,456
1648,456
1649,456
1650,457
1651,457
1652,458
1653,457
1654,457
1655,456
1656,456
1657,456
1658,457
1659,457
1660,457
1661,457
1662,457
1663,456
1664,457
1665,457
1666,456
1667,457
1668,457
1669,457
1670,457
1671,457
1672,457
1673,456
1674,457
1675,457
1676,457
1677,457
1678,457
1679,457
1680,456
1681,456
1682,457
1683,457
1684,458
1685,458
1686,457
1687,457
1688,457
1690,456
1691,456
1692,457
1693,457
1694,458
1695,457
1696,457
1697,457
1698,456
1699,456
1700,457
1701,458
1702,458
1703,458
1704,457
1705,457
1706,457
1707,456
1708,456
1709,456
1710,457
1711,457
1712,457
1713,457
1714,456
1715,456
1716,457
1717,457
1718,457
1719,457
1720,457
1721,457
1722,456
1723,457
1724,457
1725,457
1726,457
1727,457
1728,457
1729,456
1730,456
1731,456
1733,457
1734,457
1735,458
1736,457
1737,457
1738,457
1739,457
1740,456
1741,457
1742,457
1743,457
1744,458
1745,458
1746,457
1747,457
1748,456
1749,457
1750,457
1751,457
1752,458
1753,457
1754,457
1755,456
1756,456
1757,456
1758,457
1759,457
1760,458
1761,458
1762,457
1763,457
1764,457
1765,457
1766,457
1767,457
1768,457
1769,457
1770,457
1771,457
1772,456
1773,456
1774,457
1776,457
1777,457
1778,457
1779,457
1780,457
1781,456
1782,456
1783,456
1784,458
1785,458
1786,457
1787,457
1788,457
1789,456
1790,456
1791,457
1792,457
1793,457
1794,457
1795,457
1796,457
1797,457
1798,456
1799,457
1800,457
1801,457
1802,457
1803,457
1804,458
1805,457
1806,456
1807,456
1808,457
1809,457
1810,457
1811,457
1812,457
1813,457
1814,456
1815,456
1816,457
1818,457
1819,458
1820,458
1821,457
1822,457
1823,457
1824,457
1825,457
1826,458
1827,457
1828,457
1829,457
1830,456
1831,456
1832,457
1833,457
1834,457
1835,458
1836,458
1837,457
1838,457
1839,456
1840,457
1841,457
1842,457
1843,457
1844,458
1845,458
1846,457
1847,456
1848,457
1849,457
1850,457
1851,458
1852,457
1853,457
1854,457
1855,457
1856,456
1857,457
1858,457
1859,457
1861,458
1862,457
1863,457
1864,457
1865,457
1866,457
1867,457
1868,457
1869,458
1870,457
1871,457
1872,457
1873,456
1874,457
1875,457
1876,457
1877,457
1878,457
1879,457
1880,457
1881,456
1882,456
1883,457
1884,458
1885,458
1886,457
1887,457
1888,457
1889,456
1890,456
1891,457
1892,457
1893,457
1894,457
1895,457
1896,456
1897,456
1898,456
1899,457
1900,457
1901,458
1902,458
1904,457
1905,457
1906,457
1907,457
1908,457
1909,457
1910,457
1911,457
1912,457
1913,457
1914,456
1915,456
1916,456
1917,457
1918,457
1919,457
1920,457
1921,457
1922,456
1923,456
1924,457
1925,457
1926,457
1927,458
1928,457
1929,457
1930,456
1931,456
1932,456
1933,457
1934,457
1935,457
1936,457
1937,457
1938,456
1939,456
1940,457
1941,457
1942,457
1943,458
1944,458
1946,458
1947,457
1948,457
1949,456
1950,457
1951,457
1952,458
1953,457
1954,457
1955,456
1956,456
1957,456
1958,457
1959,457
1960,458
1961,458
1962,457
1963,457
1964,457
1965,457
1966,457
1967,457
1968,457
1969,458
1970,457
1971,457
1972,456
1973,456
1974,457
1975,457
1976,457
1977,457
1978,457
1979,457
1980,456
1981,456
1982,456
1983,457
1984,458
1985,458
1986,457
1987,457
1989,456
1990,456
1991,456
1992,457
1993,457
1994,457
1995,457
1996,457
1997,456
1998,457
1999,456
2000,457
2001,457
2002,457
2003,457
2004,457
2005,457
2006,456
2007,457
2008,456
2009,457
2010,457
2011,457
2012,457
2013,457
2014,457
2015,456
2016,457
2017,457
2018,457
2019,457
2020,457
2021,457
2022,456
2023,456
2024,457
2025,458
2026,457
2027,457
2028,457
2029,457
2030,457
2032,456
2033,457
2034,457
2035,458
2036,457
2037,457
2038,456
2039,456
2040,456
2041,456
2042,456
2043,457
2044,458
2045,457
2046,457
2047,456
2048,456
2049,457
2050,457
2051,457
2052,457
2053,457
2054,457
2055,456
2056,456
2057,456
2058,457
2059,457
2060,457
2061,457
2062,457
2063,457
2064,457
2065,457
2066,457
2067,457
2068,457
2069,457
2070,457
2071,456
2072,456
2074,457
2075,457
2076,457
2077,457
2078,457
2079,457
2080,456
2081,456
2082,457
2083,457
2084,458
2085,458
2086,458
2087,457
2088,457
2089,457
2090,456
2091,457
2092,457
2093,457
2094,457
2095,457
2096,457
2097,456
2098,456
2099,456
2100,457
2101,457
2102,457
2103,457
2104,457
2105,457
2106,456
2107,457
2108,457
2109,457
2110,457
2111,457
2112,456
2113,456
2114,456
2115,456
2117,457
2118,457
2119,457
2120,457
2121,457
2122,457
2123,456
2124,457
2125,457
2126,458
2127,458
2128,457
2129,457
2130,456
2131,457
2132,457
2133,457
2134,457
2135,457
2136,457
2137,457
2138,456
2139,456
2140,456
2141,457
2142,457
2143,457
2144,458
2145,458
2146,456
2147,456
2148,456
2149,457
2150,457
2151,457
2152,457
2153,457
2154,457
2155,456
2156,456
2157,457
2158,457
2160,457
2161,457
2162,457
2163,457
2164,457
2165,457
2166,457
2167,457
2168,457
2169,457
2170,457
2171,457
2172,457
2173,457
2174,457
2175,457
2176,457
2177,457
2178,457
2179,457
2180,457
2181,456
2182,457
2183,457
2184,458
2185,458
2186,458
2187,457
2188,457
2189,456
2190,456
2191,457
2192,457
2193,457
2194,457
2195,457
2196,456
2197,456
2198,456
2199,457
2200,457
2202,458
2203,457
2204,457
2205,457
2206,457
2207,456
2208,457
2209,457
2210,457
2211,457
2212,457
2213,457
2214,456
2215,456
2216,457
2217,457
2218,457
2219,457
2220,457
2221,457
2222,456
2223,456
2224,457
2225,457
2226,457
2227,457
2228,457
2229,457
2230,456
2231,456
2232,457
2233,457
2234,457
2235,457
2236,457
2237,457
2238,456
2239,457
2240,457
2241,457
2242,457
2243,458
2245,458
2246,457
2247,457
2248,457
2249,457
2250,457
2251,457
2252,458
2253,457
2254,457
2255,457
2256,457
2257,457
2258,457
2259,457
2260,457
2261,458
2262,457
2263,456
2264,457
2265,457
2266,457
2267,457
2268,457
2269,457
2270,457
2271,457
2272,456
2273,456
2274,457
2275,457
2276,457
2277,457
2278,457
2279,457
2280,456
2281,456
2282,457
2283,457
2284,458
2285,458
2286,457
2288,457
2289,457
2290,457
2291,457
2292,457
2293,457
2294,458
2295,457
2296,457
2297,457
2298,457
2299,457
2300,457
2301,458
2302,458
2303,458
2304,458
2305,457
2306,457
2307,457
2308,457
2309,458
2310,458
2311,458
2312,457
2313,457
2314,457
2315,457
2316,457
2317,458
2318,458
2319,458
2320,457
2321,457
2322,457
2323,457
2324,458
2325,458
2326,458
2327,458
2328,457
2330,457
2331,457
2332,457
2333,457
2334,457
2335,458
2336,458
2337,458
2338,457
2339,457
2340,457
2341,457
2342,458
2343,458
2344,458
2345,458
2346,457
2347,457
2348,457
2349,457
2350,457
2351,458
2352,458
2353,458
2354,457
2355,457
2356,457
2357,457
2358,458
2359,458
2360,458
2361,458
2362,457
2363,457
2364,457
2365,457
2366,457
2367,458
2368,458
2369,458
2370,457
2371,457
2373,457
2374,457
2375,457
2376,458
2377,457
2378,458
2379,457
2380,457
2381,457
2382,457
2383,457
2384,458
2385,458
2386,458
2387,458
2388,457
2389,457
2390,457
2391,457
2392,458
2393,458
2394,458
2395,458
2396,457
2397,457
2398,457
2399,457
2400,458
2401,458
2402,458
2403,458
2404,458
2405,458
2406,457
2407,457
2408,458
2409,458
2410,458
2411,458
2412,457
2413,457
2414,457
2416,457
2417,458
2418,458
2419,458
2420,458
2421,457
2422,457
2423,457
2424,458
2425,458
2426,459
2427,458
2428,458
2429,458
2430,457
2431,457
2432,457
2433,458
2434,458
2435,458
2436,458
2437,458
2438,457
2439,457
2440,458
2441,458
2442,458
2443,458
2444,459
2445,458
2446,457
2447,457
2448,457
2449,457
2450,456
2451,455
2452,458
2453,458
2454,458
2455,457
2456,457
2458,458
2459,456
2460,458
2461,458
2462,458
2463,458
2464,458
2465,458
2466,458
2467,458
2468,458
2469,458
2470,458
2471,457
2472,457
2473,457
2474,458
2475,458
2476,458
2477,458
2478,458
2479,458
2480,457
2481,458
2482,458
2483,458
2484,459
2485,459
2486,458
2487,458
2488,457
2489,457
2490,457
2491,458
2492,458
2493,458
2494,458
2495,458
2496,457
2497,457
2498,457
2499,457
2501,458
2502,458
2503,458
2504,458
2505,458
2506,458
2507,457
2508,457
2509,458
2510,458
2511,458
2512,458
2513,457
2514,457
2515,457
2516,457
2517,458
2518,458
2519,458
2520,458
2521,457
2522,457
2523,457
2524,458
2525,458
2526,458
2527,458
2528,458
2529,457
2530,457
2531,457
2532,458
2533,458
2534,458
2535,458
2536,458
2537,458
2538,457
2539,457
2540,458
2541,458
2542,458
2544,459
2545,459
2546,458
2547,457
2548,457
2549,457
2550,458
2551,458
2552,458
2553,458
2554,458
2555,457
2556,457
2557,457
2558,458
2559,458
2560,458
2561,458
2562,458
2563,457
2564,458
2565,458
2566,458
2567,458
2568,458
2569,457
2570,458
2571,457
2572,457
2573,456
2574,457
2575,458
2576,458
2577,457
2578,458
2579,457
2580,457
2581,457
2582,457
2583,458
2584,459
2586,458
2587,458
2588,457
2589,457
2590,456
2591,457
2592,458
2593,458
2594,458
2595,458
2596,457
2597,457
2598,457
2599,457
2600,458
2601,458
2602,458
2603,458
2604,458
2605,458
2606,457
2607,457
2608,458
2609,458
2610,458
2611,458
2612,457
2613,457
2614,457
2615,457
2616,457
2617,458
2618,458
2619,458
2620,458
2621,458
2622,457
2623,457
2624,458
2625,458
2626,458
2627,458
2629,457
2630,457
2631,457
2632,457
2633,457
2634,457
2635,458
2636,458
2637,458
2638,457
2639,457
2640,457
2641,457
2642,458
2643,458
2644,458
2645,458
2646,457
2647,457
2648,457
2649,457
2650,458
2651,458
2652,458
2653,457
2654,458
2655,457
2656,457
2657,457
2658,457
2659,458
2660,458
2661,457
2662,457
2663,457
2664,457
2665,458
2666,457
2667,458
2668,458
2669,457
2670,457
2672,457
2673,457
2674,457
2675,457
2676,458
2677,457
2678,457
2679,457
2680,457
2681,457
2682,457
2683,457
2684,458
2685,458
2686,458
2687,457
2688,457
2689,457
2690,457
2691,457
2692,457
2693,458
2694,457
2695,457
2696,457
2697,457
2698,457
2699,457
2700,457
2701,457
2702,458
2703,457
2704,457
2705,457
2706,456
2707,457
2708,458
2709,458
2710,457
2711,457
2712,457
2714,457
2715,457
2716,457
2717,457
2718,457
2719,457
2720,457
2721,457
2722,456
2723,456
2724,457
2725,457
2726,458
2727,457
2728,457
2729,457
2730,457
2731,457
2732,456
2733,457
2734,457
2735,457
2736,457
2737,457
2738,457
2739,456
2740,456
2741,457
2742,457
2743,457
2744,458
2745,457
2746,456
2747,456
2748,457
2749,457
2750,457
2751,457
2752,457
2753,457
2754,456
2755,456
2757,456
2758,456
2759,457
2760,457
2761,457
2762,457
2763,456
2764,456
2765,457
2766,457
2767,457
2768,457
2769,457
2770,457
2771,456
2772,456
2773,456
2774,456
2775,457
2776,457
2777,457
2778,457
2779,456
2780,456
2781,456
2782,456
2783,457
2784,457
2785,457
2786,457
2787,456
2788,456
2789,456
2790,456
2791,456
2792,457
2793,457
2794,457
2795,456
2796,456
2797,456
2798,456
2800,456
2801,457
2802,457
2803,457
2804,456
2805,456
2806,456
2807,456
2808,456
2809,457
2810,456
2811,456
2812,456
2813,456
2814,456
2815,456
2816,456
2817,456
2818,457
2819,456
2820,456
2821,455
2822,455
2823,455
2824,456
2825,456
2826,456
2827,456
2828,456
2829,455
2830,455
2831,456
2832,456
2833,456
2834,456
2835,456
2836,456
2837,456
2838,455
2839,455
2840,456
2842,456
2843,456
2844,456
2845,456
2846,456
2847,455
2848,455
2849,455
2850,456
2851,456
2852,456
2853,456
2854,456
2855,455
2856,455
2857,455
2858,456
2859,456
2860,456
2861,456
2862,455
2863,455
2864,456
2865,456
2866,456
2867,456
2868,456
2869,456
2870,455
2871,455
2872,455
2873,455
2874,455
2875,456
2876,456
2877,456
2878,455
2879,455
2880,455
2881,455
2882,455
2883,455
2885,456
2886,456
2887,456
2888,455
2889,455
2890,455
2891,455
2892,455
2893,456
2894,456
2895,455
2896,455
2897,455
2898,455
2899,455
2900,456
2901,456
2902,456
2903,456
2904,455
2905,455
2906,455
2907,455
2908,455
2909,455
2910,456
2911,455
2912,455
2913,454
2914,455
2915,455
2916,455
2917,455
2918,456
2919,455
2920,455
2921,455
2922,455
2923,455
2924,455
2925,456
2926,455
2928,455
2929,455
2930,454
2931,454
2932,454
2933,455
2934,455
2935,455
2936,455
2937,455
2938,454
2939,454
2940,454
2941,455
2942,455
2943,455
2944,455
2945,455
2946,454
2947,454
2948,454
2949,454
2950,455
2951,455
2952,455
2953,455
2954,454
2955,454
2956,454
2957,454
2958,455
2959,455
2960,455
2961,454
2962,454
2963,454
2964,455
2965,454
2966,454
2967,455
2968,455
2970,454
2971,451
2972,453
2973,453
2974,454
2975,454
2976,454
2977,455
2978,454
2979,454
2980,454
2981,454
2982,454
2983,454
2984,455
2985,454
2986,455
2987,454
2988,454
2989,454
2990,454
2991,454
2992,454
2993,455
2994,454
2995,454
2996,454
2997,454
2998,454
2999,454
3000,455
3001,455
3002,455
3003,455
3004,454
3005,454
3006,454
3007,454
3008,454
3009,454
3010,455
3011,454
3013,454
3014,453
3015,454
3016,454
3017,454
3018,454
3019,455
3020,455
3021,454
3022,453
3023,454
3024,454
3025,455
3026,455
3027,454
3028,455
3029,454
3030,454
3031,453
3032,454
3033,454
3034,455
3035,455
3036,455
3037,454
3038,454
3039,454
3040,454
3041,454
3042,455
3043,455
3044,455
3045,455
3046,454
3047,454
3048,454
3049,454
3050,455
3051,455
3052,455
3053,454
3054,454
3056,454
3057,454
3058,454
3059,454
3060,455
3061,455
3062,454
3063,454
3064,454
3065,454
3066,455
3067,455
3068,455
3069,454
3070,454
3071,454
3072,454
3073,454
3074,454
3075,455
3076,455
3077,455
3078,455
3079,454
3080,454
3081,454
3082,454
3083,454
3084,455
3085,455
3086,455
3087,454
3088,454
3089,454
3090,454
3091,454
3092,455
3093,455
3094,455
3095,454
3096,454
3098,454
3099,454
3100,455
3101,455
3102,455
3103,455
3104,455
3105,454
3106,455
3107,454
3108,454
3109,454
3110,448
3111,455
3112,454
3113,454
3114,454
3115,454
3116,455
3117,455
3118,455
3119,455
3120,455
3121,454
3122,454
3123,454
3124,455
3125,455
3126,455
3127,455
3128,455
3129,454
3130,454
3131,454
3132,454
3133,455
3134,455
3135,455
3136,455
3137,454
3138,454
3139,454
3141,454
3142,455
3143,455
3144,455
3145,456
3146,455
3147,454
3148,454
3149,455
3150,455
3151,455
3152,455
3153,455
3154,455
3155,454
3156,454
3157,454
3158,455
3159,455
3160,455
3161,455
3162,455
3163,455
3164,455
3165,455
3166,455
3167,455
3168,455
3169,455
3170,455
3171,455
3172,454
3173,454
3174,455
3175,455
3176,455
3177,455
3178,455
3179,454
3180,454
3181,455
3182,455
3184,455
3185,456
3186,456
3187,455
3188,454
3189,454
3190,454
3191,455
3192,455
3193,455
3194,455
3195,455
3196,454
3197,454
3198,454
3199,455
3200,455
3201,455
3202,455
3203,455
3204,455
3205,455
3206,455
3207,455
3208,449
3209,455
3210,455
3211,455
3212,454
3213,454
3214,454
3215,454
3216,455
3217,455
3218,455
3219,455
3220,455
3221,455
3222,454
3223,455
3224,455
3226,456
3227,455
3228,455
3229,455
3230,455
3231,454
3232,455
3233,455
3234,455
3235,455
3236,455
3237,455
3238,455
3239,455
3240,455
3241,455
3242,455
3243,455
3244,456
3245,456
3246,455
3247,455
3248,455
3249,455
3250,456
3251,456
3252,456
3253,455
3254,455
3255,455
3256,455
3257,455
3258,455
3259,456
3260,455
3261,455
3262,455
3263,455
3264,455
3265,456
3266,455
3267,456
3269,456
3270,456
3271,455
3272,455
3273,455
3274,455
3275,455
3276,456
3277,456
3278,456
3279,455
3280,455
3281,455
3282,455
3283,455
3284,456
3285,456
3286,456
3287,455
3288,455
3289,455
3290,455
3291,455
3292,456
3293,456
3294,456
3295,455
3296,455
3297,455
3298,455
3299,456
3300,456
3301,456
3302,456
3303,455
3304,456
3305,455
3306,455
3307,455
3308,456
3309,456
3310,456
3312,455
3313,455
3314,455
3315,455
3316,455
3317,456
3318,456
3319,456
3320,456
3321,455
3322,455
3323,455
3324,456
3325,456
3326,456
3327,456
3328,456
3329,455
3330,455
3331,455
3332,455
3333,456
3334,456
3335,457
3336,456
3337,456
3338,455
3339,455
3340,456
3341,456
3342,456
3343,456
3344,457
3345,456
3346,455
3347,455
3348,455
3349,455
3350,456
3351,453
3352,456
3354,456
3355,456
3356,455
3357,455
3358,456
3359,455
3360,456
3361,456
3362,456
3363,455
3364,453
3365,456
3366,456
3367,456
3368,456
3369,456
3370,456
3371,455
3372,455
3373,456
3374,455
3375,456
3376,456
3377,456
3378,456
3379,455
3380,455
3381,455
3382,456
3383,456
3384,457
3385,457
3386,456
3387,456
3388,455
3389,456
3390,456
3391,456
3392,456
3393,456
3394,456
3395,456
3397,456
3398,455
3399,456
3400,456
3401,456
3402,456
3403,456
3404,456
3405,456
3406,456
3407,456
3408,456
3409,456
3410,456
3411,456
3412,455
3413,455
3414,454
3415,456
3416,456
3417,456
3418,456
3419,457
3420,456
3421,456
3422,455
3423,456
3424,457
3425,457
3426,457
3427,456
3428,456
3429,455
3430,454
3431,454
3432,456
3433,456
3434,456
3435,456
3436,455
3437,456
3438,455
3440,456
3441,456
3442,456
3443,456
3444,456
3445,457
3446,456
3447,456
3448,456
3449,456
3450,457
3451,457
3452,457
3453,456
3454,456
3455,456
3456,456
3457,456
3458,456
3459,456
3460,456
3461,456
3462,456
3463,456
3464,456
3465,457
3466,457
3467,457
3468,457
3469,457
3470,456
3471,456
3472,456
3473,456
3474,456
3475,456
3476,457
3477,456
3478,456
3479,456
3480,456
3482,456
3483,456
3484,456
3485,457
3486,457
3487,456
3488,456
3489,456
3490,456
3491,456
3492,456
3493,457
3494,457
3495,456
3496,456
3497,456
3498,456
3499,456
3500,457
3501,456
3502,457
3503,456
3504,456
3505,456
3506,456
3507,456
3508,456
3509,457
3510,457
3511,457
3512,456
3513,456
3514,456
3515,456
3516,457
3517,457
3518,457
3519,457
3520,456
3521,456
3522,456
3523,456
3525,457
3526,457
3527,457
3528,457
3529,456
3530,456
3531,456
3532,456
3533,457
3534,457
3535,457
3536,457
3537,456
3538,456
3539,456
3540,456
3541,456
3542,457
3543,457
3544,457
3545,457
3546,456
3547,456
3548,456
3549,456
3550,457
3551,457
3552,456
3553,456
3554,456
3555,456
3556,456
3557,456
3558,457
3559,457
3560,457
3561,457
3562,456
3563,456
3564,457
3565,457
3566,457
3568,457
3569,457
3570,457
3571,456
3572,456
3573,456
3574,456
3575,457
3576,457
3577,457
3578,457
3579,456
3580,456
3581,456
3582,456
3583,457
3584,457
3585,457
3586,457
3587,456
3588,456
3589,456
3590,456
3591,456
3592,456
3593,457
3594,457
3595,456
3596,456
3597,456
3598,456
3599,457
3600,457
3601,457
3602,457
3603,456
3604,457
3605,457
3606,456
3607,456
3608,457
3610,457
3611,457
3612,456
3613,456
3614,456
3615,456
3616,456
3617,457
3618,457
3619,457
3620,457
3621,456
3622,456
3623,456
3624,457
3625,457
3626,457
3627,457
3628,457
3629,456
3630,456
3631,456
3632,456
3633,457
3634,457
3635,457
3636,457
3637,456
3638,456
3639,456
3640,456
3641,457
3642,457
3643,457
3644,457
3645,457
3646,456
3647,456
3648,456
3649,456
3650,457
3651,457
3653,457
3654,456
3655,456
3656,456
3657,456
3658,457
3659,457
3660,457
3661,457
3662,456
3663,456
3664,456
3665,457
3666,457
3667,457
3668,457
3669,457
3670,456
3671,456
3672,456
3673,456
3674,456
3675,457
3676,457
3677,457
3678,456
3679,456
3680,456
3681,456
3682,456
3683,457
3684,458
3685,457
3686,456
3687,456
3688,456
3689,456
3690,456
3691,456
3692,457
3693,457
3694,457
3696,456
3697,456
3698,456
3699,456
3700,456
3701,457
3702,457
3703,457
3704,456
3705,456
3706,457
3707,456
3708,457
3709,457
3710,457
3711,457
3712,456
3713,456
3714,456
3715,456
3716,457
3717,457
3718,457
3719,457
3720,456
3721,456
3722,456
3723,456
3724,457
3725,457
3726,457
3727,456
3728,456
3729,455
3730,454
3731,454
3732,456
3733,456
3734,456
3735,456
3736,456
3738,455
3739,453
3740,456
3741,456
3742,456
3743,456
3744,457
3745,457
3746,456
3747,456
3748,456
3749,456
3750,447
3751,456
3752,457
3753,456
3754,456
3755,456
3756,456
3757,456
3758,457
3759,457
3760,457
3761,456
3762,456
3763,456
3764,456
3765,457
3766,457
3767,457
3768,457
3769,456
3770,456
3771,456
3772,456
3773,456
3774,456
3775,457
3776,457
3777,457
3778,456
3779,456
3781,456
3782,456
3783,457
3784,457
3785,457
3786,457
3787,456
3788,456
3789,456
3790,456
3791,456
3792,457
3793,457
3794,456
3795,456
3796,456
3797,456
3798,456
3799,457
3800,457
3801,457
3802,457
3803,456
3804,457
3805,457
3806,456
3807,456
3808,457
3809,457
3810,457
3811,457
3812,456
3813,456
3814,456
3815,456
3816,457
3817,457
3818,457
3819,457
3820,456
3821,456
3822,456
3824,456
3825,457
3826,457
3827,457
3828,457
3829,456
3830,456
3831,456
3832,456
3833,457
3834,457
3835,457
3836,457
3837,456
3838,456
3839,456
3840,456
3841,456
3842,457
3843,457
3844,457
3845,457
3846,457
3847,456
3848,456
3849,456
3850,457
3851,457
3852,457
3853,456
3854,456
3855,456
3856,456
3857,456
3858,456
3859,457
3860,457
3861,456
3862,456
3863,456
3864,457
3866,457
3867,457
3868,457
3869,457
3870,457
3871,456
3872,456
3873,456
3874,456
3875,456
3876,457
3877,457
3878,457
3879,456
3880,456
3881,456
3882,456
3883,457
3884,458
3885,458
3886,457
3887,456
3888,456
3889,456
3890,456
3891,457
3892,457
3893,457
3894,457
3895,456
3896,456
3897,456
3898,456
3899,456
3900,457
3901,457
3902,457
3903,455
3904,457
3905,457
3906,456
3907,456
3909,457
3910,457
3911,456
3912,456
3913,456
3914,456
3915,456
3916,456
3917,457
3918,457
3919,457
3920,456
3921,456
3922,456
3923,456
3924,456
3925,457
3926,458
3927,457
3928,456
3929,456
3930,456
3931,456
3932,456
3933,457
3934,457
3935,457
3936,457
3937,456
3938,456
3939,456
3940,455
3941,457
3942,457
3943,457
3944,456
3945,457
3946,456
3947,456
3948,456
3949,457
3950,457
3952,457
3953,457
3954,456
3955,456
3956,458
3957,459
3958,460
3959,460
3960,460
3961,459
3962,458
3963,457
3964,457
3965,457
3966,458
3967,457
3968,457
3969,457
3970,457
3971,456
3972,456
3973,456
3974,456
3975,457
3976,457
3977,457
3978,457
3979,456
3980,456
3981,456
3982,457
3983,457
3984,458
3985,457
3986,457
3987,456
3988,456
3989,456
3990,456
3991,456
3992,457
3994,457
3995,457
3996,456
3997,456
3998,456
3999,457
4000,457
4001,457
4002,457
4003,457
4004,456
4005,456
4006,457
4007,456
4008,457
4009,457
4010,457
4011,457
4012,456
4013,455
4014,456
4015,456
4016,457
4017,457
4018,457
4019,457
4020,456
4021,456
4022,456
4023,456
4024,457
4025,458
4026,457
4027,457
4028,457
4029,456
4030,456
4031,456
4032,456
4033,457
4034,457
4035,457
4037,457
4038,456
4039,456
4040,456
4041,456
4042,457
4043,457
4044,457
4045,457
4046,456
4047,456
4048,456
4049,456
4050,457
4051,457
4052,457
4053,457
4054,456
4055,456
4056,456
4057,456
4058,457
4059,457
4060,457
4061,457
4062,456
4063,456
4064,456
4065,457
4066,457
4067,457
4068,457
4069,457
4070,456
4071,456
4072,456
4073,456
4074,457
4075,457
4076,457
4077,457
4078,456
4080,456
4081,456
4082,456
4083,457
4084,457
4085,457
4086,457
4087,456
4088,456
4089,456
4090,456
4091,457
4092,457
4093,457
4094,457
4095,457
4096,456
4097,456
4098,456
4099,457
4100,457
4101,457
4102,457
4103,456
4104,457
4105,457
4106,457
4107,456
4108,457
4109,457
4110,457
4111,457
4112,456
4113,456
4114,456
4115,457
4116,457
4117,457
4118,457
4119,457
4120,456
4122,456
4123,456
4124,457
4125,458
4126,458
4127,457
4128,457
4129,457
4130,456
4131,456
4132,456
4133,457
4134,457
4135,457
4136,457
4137,456
4138,456
4139,456
4140,456
4141,457
4142,457
4143,457
4144,457
4145,457
4146,457
4147,456
4148,457
4149,457
4150,457
4151,457
4152,457
4153,457
4154,456
4155,456
4156,456
4157,457
4158,457
4159,457
4160,457
4161,457
4162,456
4163,456
4165,457
4166,457
4167,457
4168,457
4169,457
4170,457
4171,456
4172,456
4173,456
4174,457
4175,457
4176,457
4177,457
4178,457
4179,456
4180,456
4181,456
4182,457
4183,457
4184,457
4185,458
4186,457
4187,456
4188,456
4189,456
4190,456
4191,457
4192,457
4193,457
4194,457
4195,456
4196,456
4197,456
4198,456
4199,457
4200,457
4201,457
4202,457
4203,457
4204,457
4205,457
4206,456
4208,456
4209,457
4210,457
4211,457
4212,456
4213,456
4214,456
4215,456
4216,457
4217,457
4218,457
4219,457
4220,457
4221,456
4222,456
4223,456
4224,457
4225,458
4226,457
4227,457
4228,457
4229,456
4230,456
4231,456
4232,456
4233,457
4234,457
4235,457
4236,456
4237,456
4238,456
4239,456
4240,457
4241,457
4242,457
4243,457
4244,457
4245,457
4246,456
4247,456
4248,456
4250,457
4251,457
4252,457
4253,457
4254,456
4255,456
4256,456
4257,456
4258,457
4259,457
4260,457
4261,457
4262,457
4263,456
4264,456
4265,457
4266,457
4267,457
4268,457
4269,457
4270,456
4271,456
4272,456
4273,456
4274,456
4275,457
4276,457
4277,457
4278,456
4279,456
4280,456
4281,456
4282,457
4283,457
4284,458
4285,458
4286,457
4287,456
4288,456
4289,456
4290,457
4291,457
4293,457
4294,457
4295,456
4296,456
4297,456
4298,456
4299,456
4300,457
4301,457
4302,457
4303,457
4304,456
4305,457
4306,457
4307,456
4308,457
4309,457
4310,457
4311,457
4312,456
4313,456
4314,456
4315,456
4316,457
4317,457
4318,457
4319,457
4320,457
4321,456
4322,456
4323,456
4324,457
4325,458
4326,457
4327,457
4328,457
4329,456
4330,456
4331,456
4332,457
4333,457
4334,457
4336,457
4337,456
4338,456
4339,456
4340,456
4341,456
4342,457
4343,457
4344,457
4345,457
4346,457
4347,456
4348,456
4349,456
4350,457
4351,457
4352,457
4353,456
4354,456
4355,456
4356,456
4357,456
4358,457
4359,457
4360,457
4361,457
4362,456
4363,456
4364,457
4365,457
4366,457
4367,457
4368,457
4369,457
4370,456
4371,456
4372,456
4373,456
4374,457
4375,457
4376,457
4378,457
4379,456
4380,456
4381,456
4382,456
4383,457
4384,457
4385,458
4386,458
4387,456
4388,456
4389,456
4390,456
4391,457
4392,457
4393,457
4394,457
4395,456
4396,456
4397,456
4398,456
4399,457
4400,457
4401,457
4402,457
4403,457
4404,457
4405,457
4406,457
4407,457
4408,457
4409,457
4410,457
4411,457
4412,456
4413,456
4414,456
4415,457
4416,457
4417,457
4418,457
4419,457
4421,456
4422,456
4423,456
4424,456
4425,458
4426,458
4427,457
4428,457
4429,456
4430,456
4431,456
4432,456
4433,457
4434,457
4435,457
4436,457
4437,456
4438,456
4439,456
4440,457
4441,457
4442,457
4443,457
4444,457
4445,457
4446,457
4447,456
4448,456
4449,456
4450,457
4451,457
4452,455
4453,456
4454,456
4455,456
4456,456
4457,457
4458,457
4459,457
4460,457
4461,457
4462,456
4464,456
4465,457
4466,457
4467,457
4468,457
4469,457
4470,457
4471,456
4472,456
4473,456
4474,457
4475,457
4476,457
4477,457
4478,457
4479,456
4480,456
4481,456
4482,457
4483,457
4484,457
4485,458
4486,457
4487,456
4488,456
4489,456
4490,457
4491,457
4492,457
4493,457
4494,457
4495,456
4496,456
4497,456
4498,457
4499,457
4500,457
4501,457
4502,457
4503,456
4504,456
4506,457
4507,456
4508,457
4509,457
4510,456
4511,457
4512,456
4513,456
4514,456
4515,456
4516,456
4517,457
4518,457
4519,456
4520,456
4521,456
4522,456
4523,456
4524,457
4525,458
4526,458
4527,457
4528,457
4529,456
4530,456
4531,456
4532,457
4533,457
4534,457
4535,457
4536,457
4537,456
4538,456
4539,456
4540,457
4541,457
4542,457
4543,457
4544,457
4545,457
4546,456
4547,456
4549,457
4550,457
4551,457
4552,457
4553,457
4554,456
4555,456
4556,456
4557,456
4558,457
4559,457
4560,457
4561,457
4562,456
4563,456
4564,456
4565,457
4566,457
4567,457
4568,457
4569,457
4570,456
4571,456
4572,456
4573,456
4574,457
4575,457
4576,457
4577,457
4578,457
4579,456
4580,456
4581,456
4582,457
4583,457
4584,458
4585,458
4586,457
4587,457
4588,456
4589,456
4590,457
4592,457
4593,457
4594,457
4595,457
4596,456
4597,456
4598,456
4599,457
4600,457
4601,457
4602,457
4603,457
4604,456
4605,457
4606,457
4607,457
4608,457
4609,457
4610,457
4611,457
4612,456
4613,456
4614,456
4615,457
4616,457
4617,457
4618,457
4619,457
4620,457
4621,456
4622,456
4623,456
4624,457
4625,458
4626,457
4627,457
4628,456
4629,456
4630,456
4631,457
4632,457
4634,457
4635,457
4636,457
4637,456
4638,456
4639,456
4640,456
4641,457
4642,457
4643,457
4644,457
4645,457
4646,457
4647,456
4648,456
4649,457
4650,457
4651,458
4652,457
4653,457
4654,456
4655,456
4656,456
4657,457
4658,457
4659,457
4660,457
4661,457
4662,456
4663,456
4664,457
4665,457
4666,457
4667,457
4668,457
4669,457
4670,456
4671,456
4672,456
4673,457
4674,457
4675,457
4677,457
4678,457
4679,456
4680,456
4681,456
4682,456
4683,457
4684,457
4685,457
4686,457
4687,456
4688,456
4689,456
4690,456
4691,457
4692,457
4693,457
4694,457
4695,456
4696,456
4697,456
4698,456
4699,457
4700,456
4701,457
4702,457
4703,457
4704,457
4705,457
4706,457
4707,457
4708,457
4709,452
4710,457
4711,457
4712,456
4713,456
4714,456
4715,456
4716,457
4717,457
4718,457
4720,457
4721,456
4722,456
4723,456
4724,457
4725,458
4726,458
4727,457
4728,457
4729,456
4730,456
4731,456
4732,457
4733,457
4734,457
4735,457
4736,457
4737,456
4738,456
4739,456
4740,457
4741,457
4742,457
4743,457
4744,457
4745,457
4746,457
4747,456
4748,457
4749,457
4750,457
4751,457
4752,457
4753,457
4754,456
4755,456
4756,457
4757,457
4758,457
4759,457
4760,457
4762,456
4763,456
4764,456
4765,457
4766,457
4767,457
4768,457
4769,457
4770,457
4771,456
4772,456
4773,456
4774,457
4775,457
4776,457
4777,457
4778,457
4779,456
4780,456
4781,457
4782,457
4783,457
4784,458
4785,458
4786,457
4787,456
4788,457
4789,456
4790,457
4791,457
4792,457
4793,457
4794,457
4795,457
4796,456
4797,456
4798,457
4799,457
4800,457
4801,457
4802,457
4803,456
4805,457
4806,457
4807,457
4808,457
4809,457
4810,457
4811,457
4812,457
4813,457
4814,457
4815,457
4816,457
4817,457
4818,457
4819,457
4820,456
4821,456
4822,456
4823,456
4824,457
4825,458
4826,458
4827,457
4828,457
4829,456
4830,457
4831,456
4832,457
4833,457
4834,457
4835,457
4836,456
4837,456
4838,456
4839,456
4840,457
4841,457
4842,457
4843,457
4844,457
4845,457
4846,456
4848,456
4849,457
4850,457
4851,457
4852,457
4853,457
4854,456
4855,456
4856,456
4857,457
4858,457
4859,457
4860,457
4861,457
4862,457
4863,456
4864,456
4865,457
4866,458
4867,457
4868,457
4869,457
4870,457
4871,456
4872,456
4873,457
4874,457
4875,458
4876,457
4877,457
4878,457
4879,457
4880,456
4881,457
4882,457
4883,457
4884,458
4885,458
4886,457
4887,456
4888,456
4890,456
4891,457
4892,457
4893,457
4894,457
4895,456
4896,456
4897,456
4898,456
4899,457
4900,457
4901,458
4902,457
4903,457
4904,456
4905,457
4906,457
4907,457
4908,457
4909,457
4910,457
4911,457
4912,456
4913,456
4914,456
4915,457
4916,457
4917,457
4918,457
4919,457
4920,456
4921,456
4922,456
4923,457
4924,458
4925,458
4926,457
4927,457
4928,456
4929,456
4930,457
4931,456
4933,457
4934,458
4935,457
4936,457
4937,456
4938,456
4939,456
4940,457
4941,457
4942,457
4943,458
4944,457
4945,457
4946,457
4947,456
4948,456
4949,457
4950,457
4951,458
4952,457
4953,457
4954,456
4955,456
4956,456
4957,457
4958,457
4959,457
4960,457
4961,457
4962,456
4963,456
4964,457
4965,457
4966,457
4967,457
4968,457
4969,457
4970,456
4971,456
4972,456
4973,457
4974,457
4976,457
4977,457
4978,457
4979,456
4980,456
4981,456
4982,457
4983,457
4984,457
4985,458
4986,458
4987,456
4988,456
4989,456
4990,456
4991,457
4992,457
4993,457
4994,457
4995,456
4996,456
4997,456
4998,456
4999,457
5000,457
5001,457
5002,457
5003,456
5004,457
5005,457
5006,457
5007,457
5008,457
5009,457
5010,457
5011,456
5012,456
5013,456
5014,456
5015,457
5016,457
5018,457
5019,457
5020,457
5021,456
5022,456
5023,456
5024,457
5025,458
5026,458
5027,457
5028,456
5029,457
5030,456
5031,456
5032,457
5033,457
5034,457
5035,457
5036,456
5037,456
5038,456
5039,456
5040,456
5041,457
5042,457
5043,457
5044,457
5045,457
5046,457
5047,456
5048,457
5049,457
5050,457
5051,457
5052,457
5053,456
5054,456
5055,456
5056,456
5057,457
5058,457
5059,457
5061,457
5062,456
5063,456
5064,456
5065,457
5066,457
5067,457
5068,457
5069,457
5070,456
5071,456
5072,456
5073,456
5074,457
5075,457
5076,457
5077,457
5078,457
5079,456
5080,456
5081,456
5082,457
5083,457
5084,457
5085,457
5086,457
5087,456
5088,456
5089,456
5090,456
5091,457
5092,457
5093,457
5094,457
5095,456
5096,456
5097,456
5098,457
5099,457
5100,457
5101,457
5102,457
5104,456
5105,456
5106,456
5107,456
5108,457
5109,457
5110,457
5111,456
5112,456
5113,456
5114,456
5115,456
5116,457
5117,457
5118,457
5119,456
5120,456
5121,456
5122,456
5123,456
5124,457
5125,457
5126,458
5127,457
5128,457
5129,456
5130,456
5131,456
5132,457
5133,457
5134,457
5135,457
5136,456
5137,456
5138,456
5139,456
5140,456
5141,457
5142,457
5143,457
5144,457
5146,456
5147,456
5148,456
5149,456
5150,457
5151,457
5152,457
5153,456
5154,456
5155,456
5156,456
5157,456
5158,457
5159,457
5160,457
5161,456
5162,456
5163,456
5164,456
5165,456
5166,457
5167,457
5168,457
5169,456
5170,456
5171,456
5172,456
5173,456
5174,456
5175,456
5176,456
5177,456
5178,455
5179,455
5180,455
5181,455
5182,456
5183,456
5184,456
5185,456
5186,456
5187,455
5189,455
5190,455
5191,455
5192,456
5193,456
5194,455
5195,455
5196,455
5197,454
5198,455
5199,455
5200,455
5201,455
5202,455
5203,455
5204,454
5205,455
5206,455
5207,455
5208,455
5209,455
5210,455
5211,455
5212,454
5213,454
5214,455
5215,455
5216,455
5217,455
5218,455
5219,455
5220,455
5221,454
5222,454
5223,455
5224,456
5225,456
5226,455
5227,455
5228,454
5229,454
5230,454
5232,455
5233,455
5234,455
5235,455
5236,455
5237,454
5238,454
5239,454
5240,454
5241,454
5242,455
5243,455
5244,455
5245,455
5246,455
5247,454
5248,454
5249,455
5250,455
5251,455
5252,455
5253,454
5254,454
5255,454
5256,454
5257,455
5258,454
5259,455
5260,455
5261,455
5262,454
5263,454
5264,455
5265,455
5266,456
5267,455
5268,455
5269,455
5270,454
5271,455
5272,455
5274,455
5275,454
5276,455
5277,455
5278,455
5279,454
5280,454
5281,455
5282,455
5283,455
5284,455
5285,456
5286,456
5287,455
5288,455
5289,455
5290,455
5291,455
5292,456
5293,455
5294,455
5295,455
5296,455
5297,455
5298,455
5299,456
5300,456
5301,456
5302,456
5303,455
5304,456
5305,456
5306,456
5307,456
5308,456
5309,456
5310,456
5311,455
5312,455
5313,455
5314,456
5315,456
5317,456
5318,456
5319,456
5320,456
5321,456
5322,455
5323,455
5324,456
5325,457
5326,457
5327,456
5328,456
5329,456
5330,456
5331,456
5332,456
5333,456
5334,457
5335,457
5336,456
5337,456
5338,456
5339,456
5340,456
5341,456
5342,457
5343,457
5344,457
5345,456
5346,456
5347,456
5348,456
5349,457
5350,457
5351,457
5352,457
5353,456
5354,456
5355,456
5356,456
5357,457
5358,457
5360,457
5361,457
5362,457
5363,456
5364,456
5365,457
5366,458
5367,457
5368,457
5369,457
5370,457
5371,456
5372,456
5373,456
5374,457
5375,457
5376,457
5377,457
5378,456
5379,456
5380,456
5381,456
5382,457
5383,457
5384,457
5385,457
5386,457
5387,456
5388,456
5389,456
5390,457
5391,457
5392,457
5393,457
5394,457
5395,456
5396,456
5397,456
5398,457
5399,457
5400,457
5402,457
5403,456
5404,456
5405,457
5406,457
5407,457
5408,457
5409,457
5410,457
5411,457
5412,456
5413,456
5414,456
5415,456
5416,457
5417,457
5418,457
5419,457
5420,456
5421,456
5422,456
5423,456
5424,457
5425,458
5426,458
5427,457
5428,456
5429,456
5430,456
5431,457
5432,457
5433,457
5434,457
5435,457
5436,456
5437,456
5438,456
5439,456
5440,457
5441,457
5442,457
5443,457
5445,457
5446,457
5447,456
5448,456
5449,457
5450,457
5451,457
5452,457
5453,457
5454,456
5455,456
5456,456
5457,457
5458,457
5459,457
5460,457
5461,457
5462,456
5463,456
5464,456
5465,457
5466,458
5467,457
5468,457
5469,457
5470,456
5471,456
5472,456
5473,456
5474,457
5475,457
5476,457
5477,457
5478,456
5479,456
5480,456
5481,456
5482,457
5483,457
5484,457
5485,457
5486,457
5488,456
5489,456
5490,456
5491,457
5492,457
5493,457
5494,457
5495,456
5496,456
5497,456
5498,456
5499,457
5500,457
5501,457
5502,457
5503,457
5504,456
5505,457
5506,457
5507,457
5508,457
5509,457
5510,457
5511,457
5512,457
5513,456
5514,456
5515,457
5516,457
5517,457
5518,457
5519,457
5520,456
5521,456
5522,456
5523,457
5524,457
5525,458
5526,457
5527,457
5528,456
5530,456
5531,456
5532,457
5533,457
5534,457
5535,457
5536,457
5537,456
5538,456
5539,456
5540,456
5541,457
5542,457
5543,457
5544,457
5545,457
5546,457
5547,456
5548,456
5549,457
5550,457
5551,457
5552,457
5553,456
5554,456
5555,456
5556,456
5557,457
5558,457
5559,457
5560,457
5561,456
5562,456
5563,456
5564,457
5565,457
5566,458
5567,457
5568,457
5569,457
5570,456
5571,456
5573,456
5574,456
5575,457
5576,457
5577,457
5578,457
5579,456
5580,456
5581,456
5582,457
5583,457
5584,457
5585,458
5586,457
5587,456
5588,456
5589,456
5590,456
5591,457
5592,457
5593,456
5594,451
5595,456
5596,456
5597,456
5598,457
5599,457
5600,457
5601,457
5602,457
5603,456
5604,456
5605,456
5606,457
5607,457
5608,457
5609,457
5610,456
5611,456
5612,456
5613,452
5614,456
5616,457
5617,457
5618,457
5619,457
5620,456
5621,456
5622,456
5623,456
5624,457
5625,457
5626,458
5627,457
5628,457
5629,456
5630,456
5631,456
5632,457
5633,457
5634,457
5635,457
5636,456
5637,456
5638,456
5639,457
5640,456
5641,457
5642,457
5643,458
5644,457
5645,457
5646,457
5647,456
5648,457
5649,457
5650,457
5651,457
5652,457
5653,456
5654,456
5655,456
5656,457
5658,457
5659,457
5660,457
5661,457
5662,456
5663,456
5664,456
5665,457
5666,457
5667,457
5668,457
5669,457
5670,456
5671,456
5672,457
5673,456
5674,457
5675,457
5676,457
5677,457
5678,456
5679,456
5680,456
5681,457
5682,457
5683,457
5684,457
5685,458
5686,457
5687,456
5688,456
5689,456
5690,457
5691,457
5692,457
5693,457
5694,457
5695,456
5696,456
5697,456
5698,456
5699,457
5701,457
5702,457
5703,456
5704,456
5705,457
5706,457
5707,456
5708,457
5709,457
5710,457
5711,457
5712,456
5713,456
5714,456
5715,457
5716,457
5717,457
5718,457
5719,457
5720,456
5721,456
5722,456
5723,457
5724,457
5725,458
5726,458
5727,457
5728,456
5729,456
5730,456
5731,457
5732,457
5733,457
5734,457
5735,457
5736,456
5737,456
5738,456
5739,457
5740,457
5741,457
5742,457
5744,457
5745,457
5746,457
5747,456
5748,456
5749,457
5750,457
5751,457
5752,457
5753,457
5754,456
5755,456
5756,456
5757,457
5758,457
5759,457
5760,457
5761,457
5762,456
5763,456
5764,456
5765,457
5766,458
5767,457
5768,457
5769,456
5770,456
5771,456
5772,456
5773,457
5774,457
5775,457
5776,457
5777,457
5778,456
5779,456
5780,457
5781,457
5782,457
5783,457
5784,458
5786,457
5787,457
5788,456
5789,456
5790,456
5791,457
5792,457
5793,457
5794,457
5795,456
5796,456
5797,456
5798,457
5799,457
5800,457
5801,457
5802,457
5803,457
5804,456
5805,457
5806,457
5807,457
5808,457
5809,457
5810,457
5811,457
5812,456
5813,456
5814,456
5815,457
5816,457
5817,457
5818,457
5819,456
5820,456
5821,456
5822,456
5823,457
5824,458
5825,458
5826,457
5827,457
5829,455
5830,455
5831,456
5832,456
5833,457
5834,457
5835,457
5836,457
5837,456
5838,456
5839,456
5840,457
5841,457
5842,457
5843,457
5844,457
5845,457
5846,457
5847,456
5848,457
5849,457
5850,457
5851,457
5852,457
5853,456
5854,456
5855,456
5856,456
5857,457
5858,457
5859,457
5860,457
5861,456
5862,456
5863,456
5864,457
5865,457
5866,458
5867,457
5868,457
5869,456
5870,456
5872,456
5873,456
5874,457
5875,457
5876,457
5877,457
5878,457
5879,456
5880,456
5881,456
5882,457
5883,457
5884,457
5885,458
5886,457
5887,457
5888,456
5889,456
5890,457
5891,457
5892,457
5893,457
5894,457
5895,456
5896,456
5897,457
5898,457
5899,457
5900,458
5901,457
5902,457
5903,457
5904,457
5905,457
5906,457
5907,457
5908,457
5909,457
5910,457
5911,456
5912,456
5914,456
5915,457
5916,457
5917,457
5918,457
5919,457
5920,457
5921,456
5922,456
5923,456
5924,457
5925,458
5926,458
5927,457
5928,456
5929,456
5930,456
5931,457
5932,457
5933,457
5934,458
5935,457
5936,457
5937,456
5938,456
5939,456
5940,457
5941,457
5942,457
5943,457
5944,457
5945,457
5946,456
5947,456
5948,457
5949,457
5950,457
5951,457
5952,457
5953,456
5954,456
5955,456
5957,457
5958,457
5959,457
5960,457
5961,457
5962,456
5963,456
5964,456
5965,457
5966,458
5967,457
5968,457
5969,457
5970,451
5971,456
5972,455
5973,456
5974,457
5975,457
5976,457
5977,455
5978,456
5979,456
5980,456
5981,456
5982,457
5983,457
5984,457
5985,457
5986,457
5987,456
5988,456
5989,456
5990,457
5991,457
5992,455
5993,457
5994,456
5995,456
5996,456
5997,456
5998,457
6000,457
6001,457
6002,457
6003,457
6004,456
6005,457
6006,457
6007,457
6008,457
6009,457
6010,457
6011,457
6012,456
6013,456
6014,456
6015,457
6016,457
6017,457
6018,457
6019,457
6020,456
6021,456
6022,456
6023,457
6024,457
6025,458
6026,458
6027,457
6028,456
6029,456
6030,456
6031,456
6032,457
6033,457
6034,457
6035,457
6036,457
6037,456
6038,456
6039,457
6040,457
6042,457
6043,457
6044,457
6045,457
6046,457
6047,456
6048,457
6049,457
6050,457
6051,457
6052,457
6053,457
6054,456
6055,456
6056,457
6057,457
6058,457
6059,457
6060,457
6061,457
6062,457
6063,456
6064,456
6065,457
6066,458
6067,457
6068,457
6069,457
6070,456
6071,456
6072,456
6073,456
6074,457
6075,458
6076,457
6077,457
6078,456
6079,456
6080,456
6081,457
6082,457
6083,457
6085,458
6086,457
6087,456
6088,456
6089,456
6090,450
6091,457
6092,457
6093,457
6094,456
6095,456
6096,456
6097,456
6098,456
6099,457
6100,458
6101,457
6102,457
6103,456
6104,456
6105,457
6106,457
6107,457
6108,457
6109,457
6110,457
6111,456
6112,456
6113,456
6114,457
6115,457
6116,457
6117,457
6118,457
6119,457
6120,456
6121,456
6122,456
6123,457
6124,458
6125,458
6126,457
6128,457
6129,456
6130,456
6131,456
6132,457
6133,457
6134,457
6135,457
6136,457
6137,456
6138,456
6139,456
6140,457
6141,457
6142,457
6143,457
6144,457
6145,457
6146,457
6147,456
6148,457
6149,457
6150,457
6151,457
6152,457
6153,456
6154,457
6155,456
6156,457
6157,457
6158,457
6159,457
6160,457
6161,457
6162,456
6163,456
6164,457
6165,458
6166,458
6167,457
6168,456
6170,456
6171,456
6172,456
6173,457
6174,457
6175,457
6176,457
6177,457
6178,457
6179,457
6180,456
6181,456
6182,457
6183,457
6184,457
6185,457
6186,457
6187,456
6188,456
6189,456
6190,457
6191,457
6192,458
6193,457
6194,457
6195,456
6196,456
6197,456
6198,457
6199,457
6200,457
6201,457
6202,457
6203,456
6204,457
6205,457
6206,457
6207,457
6208,457
6209,457
6210,457
6211,457
6213,456
6214,456
6215,457
6216,457
6217,457
6218,457
6219,457
6220,456
6221,456
6222,456
6223,456
6224,457
6225,458
6226,458
6227,457
6228,457
6229,456
6230,456
6231,454
6232,457
6233,457
6234,457
6235,457
6236,456
6237,456
6238,456
6239,457
6240,457
6241,457
6242,457
6243,457
6244,457
6245,457
6246,457
6247,456
6248,457
6249,457
6250,457
6251,457
6252,457
6253,456
6254,456
6256,456
6257,457
6258,457
6259,457
6260,457
6261,457
6262,457
6263,456
6264,456
6265,457
6266,458
6267,457
6268,457
6269,457
6270,457
6271,456
6272,456
6273,456
6274,457
6275,457
6276,457
6277,457
6278,456
6279,456
6280,456
6281,457
6282,457
6283,457
6284,457
6285,457
6286,457
6287,456
6288,456
6289,456
6290,457
6291,457
6292,457
6293,457
6294,457
6295,456
6296,456
6298,456
6299,457
6300,457
6301,457
6302,457
6303,456
6304,456
6305,457
6306,457
6307,457
6308,457
6309,457
6310,457
6311,457
6312,456
6313,456
6314,456
6315,457
6316,457
6317,457
6318,457
6319,457
6320,456
6321,456
6322,456
6323,457
6324,457
6325,458
6326,458
6327,457
6328,456
6329,456
6330,457
6331,457
6332,457
6333,457
6334,457
6335,457
6336,456
6337,456
6338,456
6339,457
6341,457
6342,457
6343,457
6344,457
6345,457
6346,457
6347,456
6348,456
6349,457
6350,456
6351,452
6352,457
6353,456
6354,457
6355,456
6356,455
6357,457
6358,457
6359,457
6360,456
6361,455
6362,456
6363,456
6364,457
6365,457
6366,456
6367,455
6368,457
6369,456
6370,456
6371,456
6372,456
6373,457
6374,457
6375,457
6376,457
6377,457
6378,457
6379,456
6380,457
6381,457
6382,457
6384,457
6385,458
6386,457
6387,457
6388,456
6389,457
6390,457
6391,457
6392,457
6393,457
6394,457
6395,456
6396,456
6397,457
6398,457
6399,457
6400,457
6401,457
6402,457
6403,457
6404,456
6405,457
6406,457
6407,457
6408,457
6409,457
6410,457
6411,456
6412,456
6413,456
6414,457
6415,457
6416,457
6417,457
6418,457
6419,457
6420,456
6421,457
6422,457
6423,457
6424,458
6426,458
6427,458
6428,457
6429,456
6430,456
6431,457
6432,457
6433,457
6434,457
6435,457
6436,457
6437,456
6438,456
6439,456
6440,457
6441,457
6442,457
6443,457
6444,457
6445,457
6446,457
6447,456
6448,457
6449,457
6450,457
6451,457
6452,457
6453,456
6454,456
6455,456
6456,457
6457,457
6458,457
6459,456
6460,457
6461,456
6462,456
6463,456
6464,457
6465,458
6466,458
6467,457
6469,457
6470,457
6471,455
6472,456
6473,456
6474,457
6475,457
6476,457
6477,457
6478,457
6479,456
6480,456
6481,457
6482,457
6483,457
6484,458
6485,458
6486,457
6487,456
6488,457
6489,457
6490,457
6491,457
6492,457
6493,457
6494,457
6495,457
6496,456
6497,456
6498,457
6499,457
6500,457
6501,457
6502,457
6503,456
6504,457
6505,457
6506,457
6507,457
6508,457
6509,457
6510,457
6512,456
6513,456
6514,456
6515,457
6516,457
6517,457
6518,458
6519,457
6520,457
6521,456
6522,456
6523,456
6524,457
6525,458
6526,457
6527,457
6528,456
6529,456
6530,456
6531,457
6532,457
6533,457
6534,457
6535,457
6536,456
6537,456
6538,457
6539,457
6540,457
6541,457
6542,457
6543,457
6544,457
6545,457
6546,457
6547,457
6548,457
6549,457
6550,457
6551,457
6552,457
6554,456
6555,456
6556,457
6557,457
6558,457
6559,457
6560,457
6561,457
6562,457
6563,456
6564,457
6565,457
6566,458
6567,457
6568,457
6569,457
6570,457
6571,457
6572,457
6573,457
6574,457
6575,458
6576,457
6577,457
6578,457
6579,457
6580,457
6581,457
6582,457
6583,457
6584,457
6585,457
6586,457
6587,456
6588,456
6589,457
6590,456
6591,456
6592,456
6593,457
6594,456
6595,456
6597,456
6598,457
6599,457
6600,457
6601,457
6602,456
6603,457
6604,456
6605,456
6606,457
6607,457
6608,457
6609,458
6610,457
6611,456
6612,456
6613,455
6614,457
6615,457
6616,457
6617,457
6618,457
6619,457
6620,456
6621,456
6622,457
6623,457
6624,457
6625,457
6626,458
6627,457
6628,457
6629,456
6630,456
6631,457
6632,457
6633,457
6634,457
6635,457
6636,456
6637,456
6638,457
6640,457
6641,457
6642,457
6643,457
6644,457
6645,457
6646,457
6647,457
6648,457
6649,457
6650,457
6651,457
6652,457
6653,456
6654,456
6655,457
6656,456
6657,457
6658,457
6659,458
6660,457
6661,457
6662,456
6663,456
6664,457
6665,458
6666,458
6667,457
6668,457
6669,457
6670,456
6671,456
6672,457
6673,457
6674,457
6675,457
6676,457
6677,457
6678,456
6679,456
6680,456
6682,457
6683,457
6684,457
6685,458
6686,457
6687,457
6688,456
6689,456
6690,457
6691,457
6692,457
6693,457
6694,457
6695,456
6696,456
6697,456
6698,457
6699,457
6700,457
6701,457
6702,457
6703,456
6704,456
6705,457
6706,457
6707,457
6708,457
6709,457
6710,457
6711,456
6712,456
6713,456
6714,457
6715,457
6716,457
6717,457
6718,457
6719,456
6720,456
6721,456
6722,456
6723,457
6725,458
6726,458
6727,457
6728,456
6729,456
6730,456
6731,457
6732,457
6733,457
6734,457
6735,457
6736,457
6737,456
6738,456
6739,457
6740,457
6741,457
6742,457
6743,457
6744,457
6745,457
6746,457
6747,457
6748,457
6749,457
6750,457
6751,457
6752,457
6753,456
6754,456
6755,456
6756,457
6757,457
6758,457
6759,457
6760,457
6761,456
6762,456
6763,456
6764,457
6765,458
6766,458
6768,457
6769,457
6770,456
6771,456
6772,456
6773,457
6774,457
6775,457
6776,457
6777,457
6778,456
6779,456
6780,456
6781,456
6782,456
6783,457
6784,457
6785,457
6786,457
6787,456
6788,456
6789,456
6790,457
6791,457
6792,457
6793,457
6794,457
6795,456
6796,456
6797,456
6798,457
6799,457
6800,457
6801,457
6802,457
6803,456
6804,457
6805,457
6806,457
6807,457
6808,457
6810,457
6811,457
6812,456
6813,456
6814,456
6815,457
6816,457
6817,457
6818,457
6819,457
6820,456
6821,456
6822,456
6823,456
6824,457
6825,457
6826,458
6827,457
6828,456
6829,456
6830,456
6831,457
6832,457
6833,457
6834,457
6835,457
6836,457
6837,456
6838,456
6839,457
6840,457
6841,457
6842,457
6843,457
6844,456
6845,457
6846,457
6847,456
6848,457
6849,457
6850,457
6851,457
6853,457
6854,456
6855,456
6856,456
6857,457
6858,457
6859,457
6860,457
6861,457
6862,456
6863,456
6864,456
6865,457
6866,458
6867,457
6868,457
6869,457
6870,456
6871,456
6872,456
6873,456
6874,457
6875,457
6876,457
6877,457
6878,456
6879,456
6880,456
6881,456
6882,457
6883,457
6884,457
6885,457
6886,456
6887,456
6888,456
6889,457
6890,457
6891,457
6892,457
6893,457
6894,456
6896,456
6897,456
6898,457
6899,457
6900,457
6901,457
6902,457
6903,456
6904,456
6905,457
6906,457
6907,457
6908,457
6909,457
6910,457
6911,456
6912,456
6913,456
6914,456
6915,456
6916,457
6917,457
6918,457
6919,456
6920,456
6921,456
6922,456
6923,457
6924,457
6925,457
6926,457
6927,456
6928,456
6929,456
6930,456
6931,457
6932,457
6933,457
6934,457
6935,457
6936,456
6938,456
6939,456
6940,456
6941,457
6942,457
6943,457
6944,456
6945,456
6946,456
6947,456
6948,457
6949,457
6950,457
6951,457
6952,457
6953,456
6954,456
6955,456
6956,456
6957,457
6958,457
6959,457
6960,457
6961,456
6962,456
6963,456
6964,456
6965,457
6966,458
6967,457
6968,456
6969,456
6970,456
6971,456
6972,456
6973,457
6974,457
6975,457
6976,457
6977,456
6978,456
6979,456
6981,456
6982,457
6983,457
6984,457
6985,457
6986,457
6987,457
6988,456
6989,456
6990,457
6991,457
6992,457
6993,457
6994,456
6995,456
6996,456
6997,456
6998,456
6999,457
7000,457
7001,457
7002,457
7003,456
7004,456
7005,457
7006,457
7007,457
7008,457
7009,457
7010,456
7011,452
7012,455
7013,456
7014,456
7015,456
7016,454
7017,457
7018,456
7019,456
7020,456
7021,456
7022,456
7024,455
7025,457
7026,458
7027,457
7028,456
7029,456
7030,456
7031,456
7032,456
7033,455
7034,457
7035,457
7036,456
7037,456
7038,456
7039,456
7040,457
7041,457
7042,457
7043,457
7044,456
7045,456
7046,456
7047,456
7048,456
7049,457
7050,457
7051,457
7052,456
7053,456
7054,456
7055,456
7056,456
7057,456
7058,457
7059,457
7060,456
7061,456
7062,456
7063,456
7064,457
7066,457
7067,457
7068,456
7069,456
7070,456
7071,456
7072,456
7073,456
7074,456
7075,456
7076,456
7077,456
7078,456
7079,456
7080,456
7081,456
7082,456
7083,457
7084,457
7085,457
7086,456
7087,456
7088,456
7089,456
7090,457
7091,457
7092,457
7093,457
7094,456
7095,455
7096,456
7097,456
7098,456
7099,456
7100,457
7101,457
7102,456
7103,456
7104,456
7105,457
7106,457
7107,457
7109,457
7110,457
7111,456
7112,455
7113,456
7114,456
7115,456
7116,456
7117,457
7118,457
7119,456
7120,456
7121,456
7122,456
7123,456
7124,456
7125,457
7126,457
7127,456
7128,456
7129,456
7130,456
7131,456
7132,456
7133,457
7134,456
7135,456
7136,456
7137,456
7138,456
7139,456
7140,456
7141,456
7142,457
7143,456
7144,456
7145,456
7146,456
7147,456
7148,456
7149,456
7150,457
7152,456
7153,456
7154,455
7155,455
7156,456
7157,456
7158,456
7159,456
7160,456
7161,455
7162,456
7163,456
7164,455
7165,456
7166,457
7167,456
7168,456
7169,455
7170,456
7171,455
7172,455
7173,456
7174,456
7175,456
7176,456
7177,456
7178,455
7179,455
7180,455
7181,456
7182,456
7183,456
7184,456
7185,456
7186,456
7187,455
7188,455
7189,456
7190,456
7191,456
7192,456
7194,455
7195,455
7196,455
7197,455
7198,456
7199,456
7200,456
7201,456
7202,456
7203,455
7204,455
7205,456
7206,456
7207,456
7208,456
7209,456
7210,456
7211,455
7212,455
7213,455
7214,455
7215,456
7216,456
7217,456
7218,456
7219,455
7220,455
7221,455
7222,455
7223,456
7224,456
7225,457
7226,456
7227,455
7228,455
7229,455
7230,455
7231,456
7232,456
7233,456
7234,456
7235,456
7237,455
7238,455
7239,455
7240,456
7241,456
7242,456
7243,456
7244,456
7245,456
7246,456
7247,455
7248,456
7249,456
7250,456
7251,456
7252,456
7253,455
7254,455
7255,455
7256,455
7257,456
7258,456
7259,456
7260,455
7261,455
7262,455
7263,455
7264,455
7265,456
7266,456
7267,456
7268,456
7269,455
7270,455
7271,455
7272,455
7273,456
7274,456
7275,456
7276,456
7277,455
7278,455
7280,455
7281,455
7282,456
7283,456
7284,456
7285,456
7286,456
7287,455
7288,455
7289,455
7290,455
7291,456
7292,456
7293,455
7294,455
7295,455
7296,455
7297,455
7298,456
7299,456
7300,456
7301,456
7302,455
7303,455
7304,455
7305,455
7306,456
7307,456
7308,456
7309,456
7310,455
7311,455
7312,455
7313,455
7314,455
7315,456
7316,456
7317,456
7318,455
7319,455
7320,455
7322,455
7323,455
7324,456
7325,456
7326,456
7327,456
7328,455
7329,455
7330,455
7331,455
7332,456
7333,456
7334,456
7335,455
7336,455
7337,455
7338,455
7339,455
7340,455
7341,456
7342,456
7343,455
7344,455
7345,455
7346,455
7347,455
7348,456
7349,456
7350,456
7351,456
7352,455
7353,455
7354,455
7355,455
7356,456
7357,456
7358,456
7359,456
7360,455
7361,455
7362,455
7363,455
7365,456
7366,456
7367,456
7368,456
7369,455
7370,455
7371,455
7372,455
7373,456
7374,456
7375,456
7376,456
7377,455
7378,455
7379,455
7380,455
7381,456
7382,456
7383,456
7384,456
7385,456
7386,456
7387,455
7388,455
7389,455
7390,455
7391,454
7392,455
7393,455
7394,450
7395,455
7396,455
7397,455
7398,455
7399,453
7400,456
7401,456
7402,455
7403,455
7404,455
7405,456
7406,456
7408,456
7409,456
7410,450
7411,455
7412,455
7413,455
7414,455
7415,455
7416,456
7417,455
7418,456
7419,455
7420,455
7421,455
7422,455
7423,456
7424,456
7425,456
7426,456
7427,456
7428,455
7429,451
7430,455
7431,455
7432,456
7433,456
7434,456
7435,455
7436,455
7437,455
7438,454
7439,455
7440,456
7441,456
7442,456
7443,456
7444,455
7445,455
7446,455
7447,455
7448,456
7450,456
7451,456
7452,455
7453,454
7454,455
7455,455
7456,455
7457,455
7458,456
7459,456
7460,455
7461,454
7462,455
7463,455
7464,455
7465,456
7466,456
7467,456
7468,455
7469,455
7470,455
7471,455
7472,455
7473,455
7474,455
7475,455
7476,455
7477,455
7478,455
7479,455
7480,455
7481,455
7482,456
7483,456
7484,455
7485,456
7486,455
7487,455
7488,455
7489,455
7490,456
7491,456
7493,456
7494,455
7495,455
7496,455
7497,455
7498,455
7499,456
7500,455
7501,456
7502,455
7503,455
7504,455
7505,455
7506,456
7507,456
7508,456
7509,456
7510,455
7511,455
7512,455
7513,455
7514,455
7515,455
7516,456
7517,456
7518,456
7519,455
7520,455
7521,455
7522,455
7523,456
7524,456
7525,456
7526,456
7527,455
7528,455
7529,455
7530,455
7531,456
7532,451
7533,456
7534,456
7536,455
7537,455
7538,455
7539,455
7540,455
7541,456
7542,456
7543,456
7544,455
7545,455
7546,455
7547,455
7548,455
7549,456
7550,456
7551,456
7552,455
7553,455
7554,455
7555,455
7556,455
7557,455
7558,456
7559,455
7560,455
7561,455
7562,455
7563,455
7564,455
7565,456
7566,456
7567,456
7568,456
7569,455
7570,455
7571,455
7572,455
7573,455
7574,456
7575,456
7576,455
7578,455
7579,455
7580,455
7581,455
7582,455
7583,456
7584,456
7585,456
7586,456
7587,455
7588,455
7589,455
7590,456
7591,456
7592,455
7593,456
7594,455
7595,455
7596,455
7597,455
7598,455
7599,455
7600,456
7601,455
7602,455
7603,455
7604,454
7605,455
7606,455
7607,455
7608,455
7609,455
7610,455
7611,454
7612,454
7613,455
7614,455
7615,455
7616,455
7617,455
7618,455
7619,454
7621,454
7622,455
7623,455
7624,455
7625,456
7626,456
7627,456
7628,455
7629,455
7630,454
7631,455
7632,455
7633,456
7634,455
7635,455
7636,455
7637,455
7638,455
7639,455
7640,455
7641,456
7642,456
7643,455
7644,455
7645,455
7646,455
7647,455
7648,455
7649,456
7650,455
7651,455
7652,455
7653,455
7654,455
7655,455
7656,455
7657,456
7658,456
7659,456
7660,455
7661,455
7662,455
7664,455
7665,456
7666,456
7667,456
7668,456
7669,455
7670,455
7671,455
7672,455
7673,455
7674,456
7675,456
7676,456
7677,455
7678,455
7679,455
7680,455
7681,455
7682,456
7683,456
7684,456
7685,456
7686,455
7687,455
7688,455
7689,455
7690,455
7691,454
7692,455
7693,455
7694,455
7695,455
7696,454
7697,455
7698,455
7699,456
7700,455
7701,455
7702,455
7703,455
7704,455
7706,456
7707,456
7708,455
7709,456
7710,455
7711,455
7712,455
7713,455
7714,455
7715,455
7716,456
7717,455
7718,455
7719,455
7720,455
7721,454
7722,455
7723,455
7724,455
7725,456
7726,455
7727,455
7728,454
7729,454
7730,454
7731,455
7732,455
7733,455
7734,455
7735,454
7736,454
7737,454
7738,454
7739,454
7740,455
7741,455
7742,455
7743,454
7744,454
7745,454
7746,454
7747,454
7749,455
7750,455
7751,454
7752,454
7753,454
7754,454
7755,454
7756,454
7757,455
7758,455
7759,455
7760,454
7761,454
7762,454
7763,454
7764,454
7765,455
7766,455
7767,455
7768,454
7769,454
7770,454
7771,452
7772,447
7773,453
7774,455
7775,455
7776,454
7777,453
7778,453
7779,454
7780,454
7781,455
7782,455
7783,455
7784,454
7785,455
7786,455
7787,454
7788,454
7789,454
7790,455
7792,455
7793,451
7794,455
7795,455
7796,454
7797,455
7798,455
7799,455
7800,455
7801,455
7802,455
7803,455
7804,454
7805,455
7806,455
7807,456
7808,455
7809,455
7810,455
7811,455
7812,454
7813,454
7814,455
7815,455
7816,455
7817,455
7818,455
7819,455
7820,455
7821,454
7822,455
7823,455
7824,455
7825,456
7826,455
7827,455
7828,454
7829,455
7830,455
7831,455
7832,455
7834,455
7835,455
7836,455
7837,454
7838,454
7839,455
7840,455
7841,455
7842,455
7843,455
7844,454
7845,455
7846,455
7847,455
7848,455
7849,455
7850,455
7851,455
7852,454
7853,454
7854,454
7855,454
7856,455
7857,455
7858,455
7859,455
7860,454
7861,454
7862,454
7863,454
7864,454
7865,455
7866,455
7867,455
7868,454
7869,454
7870,454
7871,454
7872,454
7873,454
7874,454
7875,454
7877,454
7878,453
7879,453
7880,453
7881,454
7882,454
7883,454
7884,454
7885,454
7886,454
7887,453
7888,453
7889,453
7890,454
7891,454
7892,454
7893,454
7894,453
7895,453
7896,453
7897,453
7898,453
7899,454
7900,454
7901,454
7902,453
7903,453
7904,453
7905,453
7906,454
7907,454
7908,454
7909,453
7910,453
7911,453
7912,453
7913,453
7914,453
7915,454
7916,454
7917,454
7918,453
7920,453
7921,453
7922,453
7923,454
7924,454
7925,454
7926,455
7927,454
7928,453
7929,453
7930,453
7931,454
7932,454
7933,455
7934,454
7935,454
7936,454
7937,453
7938,454
7939,454
7940,454
7941,455
7942,455
7943,454
7944,454
7945,454
7946,454
7947,454
7948,454
7949,454
7950,455
7951,454
7952,454
7953,454
7954,454
7955,454
7956,455
7957,454
7958,455
7959,454
7960,454
7962,454
7963,454
7964,453
7965,454
7966,455
7967,455
7968,453
7969,454
7970,454
7971,454
7972,453
7973,454
7974,454
7975,454
7976,454
7977,454
7978,453
7979,453
7980,454
7981,454
7982,454
7983,454
7984,454
7985,454
7986,454
7987,453
7988,452
7989,454
7990,454
7991,454
7992,453
7993,453
7994,453
7995,453
7996,453
7997,453
7998,453
7999,454
8000,453
8001,453
8002,452
8003,452
8005,452
8006,453
8007,453
8008,453
8009,453
8010,453
8011,452
8012,450
8013,452
8014,452
8015,453
8016,452
8017,453
8018,452
8019,452
8020,451
8021,452
8022,452
8023,452
8024,451
8025,453
8026,452
8027,452
8028,451
8029,451
8030,450
8031,451
8032,452
8033,452
8034,452
8035,451
8036,451
8037,451
8038,452
8039,452
8040,452
8041,452
8042,452
8043,452
8044,451
8045,451
8046,452
8048,452
8049,452
8050,452
8051,452
8052,452
8053,451
8054,451
8055,451
8056,452
8057,452
8058,452
8059,452
8060,452
8061,452
8062,452
8063,452
8064,452
8065,453
8066,453
8067,453
8068,452
8069,452
8070,452
8071,452
8072,452
8073,453
8074,453
8075,453
8076,453
8077,452
8078,452
8079,452
8080,452
8081,453
8082,453
8083,453
8084,453
8085,453
8086,453
8087,452
8088,452
8090,453
8091,453
8092,453
8093,453
8094,452
8095,452
8096,452
8097,453
8098,453
8099,453
8100,453
8101,453
8102,453
8103,452
8104,452
8105,453
8106,453
8107,453
8108,453
8109,453
8110,453
8111,452
8112,452
8113,452
8114,452
8115,453
8116,453
8117,452
8118,452
8119,452
8120,452
8121,452
8122,452
8123,452
8124,453
8125,453
8126,453
8127,452
8128,452
8129,451
8130,452
8131,452
8133,452
8134,452
8135,452
8136,451
8137,451
8138,451
8139,451
8140,452
8141,452
8142,452
8143,452
8144,451
8145,452
8146,452
8147,452
8148,451
8149,451
8150,452
8151,451
8152,451
8153,450
8154,450
8155,451
8156,451
8157,451
8158,451
8159,451
8160,450
8161,450
8162,450
8163,450
8164,451
8165,452
8166,451
8167,451
8168,451
8169,450
8170,450
8171,450
8172,450
8173,451
8174,451
8176,451
8177,450
8178,450
8179,450
8180,450
8181,450
8182,451
8183,451
8184,451
8185,451
8186,451
8187,451
8188,450
8189,451
8190,451
8191,451
8192,451
8193,451
8194,451
8195,450
8196,450
8197,451
8198,451
8199,451
8200,451
8201,451
8202,451
8203,451
8204,451
8205,452
8206,452
8207,452
8208,452
8209,452
8210,451
8211,451
8212,451
8213,452
8214,452
8215,452
8216,452
8218,452
8219,451
8220,451
8221,451
8222,451
8223,452
8224,452
8225,453
8226,453
8227,452
8228,452
8229,452
8230,452
8231,452
8232,453
8233,453
8234,452
8235,452
8236,451
8237,452
8238,452
8239,452
8240,452
8241,452
8242,452
8243,452
8244,451
8245,452
8246,452
8247,452
8248,452
8249,452
8250,452
8251,452
8252,451
8253,451
8254,451
8255,451
8256,452
8257,452
8258,452
8259,451
8261,451
8262,451
8263,451
8264,451
8265,451
8266,452
8267,452
8268,451
8269,451
8270,451
8271,451
8272,451
8273,451
8274,451
8275,451
8276,451
8277,451
8278,450
8279,450
8280,450
8281,451
8282,451
8283,451
8284,451
8285,451
8286,451
8287,450
8288,450
8289,450
8290,451
8291,450
8292,450
8293,450
8294,449
8295,447
8296,449
8297,450
8298,450
8299,450
8300,450
8301,450
8302,446
8304,449
8305,449
8306,450
8307,450
8308,450
8309,449
8310,449
8311,441
8312,449
8313,449
8314,450
8315,450
8316,450
8317,450
8318,450
8319,450
8320,449
8321,449
8322,450
8323,450
8324,450
8325,451
8326,450
8327,450
8328,450
8329,450
8330,450
8331,450
8332,451
8333,451
8334,450
8335,450
8336,450
8337,450
8338,450
8339,451
8340,451
8341,451
8342,451
8343,451
8344,450
8346,450
8347,451
8348,451
8349,451
8350,451
8351,451
8352,451
8353,451
8354,451
8355,451
8356,451
8357,451
8358,452
8359,451
8360,451
8361,451
8362,451
8363,451
8364,451
8365,452
8366,452
8367,452
8368,451
8369,451
8370,451
8371,450
8372,451
8373,451
8374,451
8375,451
8376,451
8377,451
8378,451
8379,451
8380,451
8381,451
8382,451
8383,451
8384,451
8385,451
8386,451
8387,450
8389,451
8390,451
8391,451
8392,451
8393,450
8394,450
8395,450
8396,450
8397,451
8398,451
8399,451
8400,451
8401,451
8402,450
8403,450
8404,449
8405,451
8406,451
8407,452
8408,451
8409,451
8410,450
8411,450
8412,450
8413,450
8414,450
8415,450
8416,451
8417,450
8418,450
8419,450
8420,449
8421,449
8422,450
8423,450
8424,450
8425,450
8426,450
8427,449
8428,449
8429,449
8430,448
8432,447
8433,449
8434,449
8435,449
8436,449
8437,449
8438,449
8439,449
8440,449
8441,450
8442,449
8443,449
8444,448
8445,449
8446,449
8447,449
8448,449
8449,449
8450,449
8451,449
8452,448
8453,449
8454,448
8455,449
8456,449
8457,449
8458,449
8459,449
8460,449
8461,449
8462,449
8463,449
8464,450
8465,450
8466,450
8467,450
8468,450
8469,450
8470,450
8471,449
8472,450
8474,450
8475,451
8476,450
8477,450
8478,450
8479,450
8480,450
8481,450
8482,450
8483,451
8484,450
8485,450
8486,450
8487,450
8488,450
8489,450
8490,451
8491,450
8492,450
8493,450
8494,450
8495,450
8496,450
8497,450
8498,451
8499,451
8500,451
8501,450
8502,450
8503,450
8504,450
8505,451
8506,451
8507,451
8508,451
8509,450
8510,450
8511,450
8512,450
8513,450
8514,451
8515,451
8517,450
8518,451
8519,450
8520,450
8521,450
8522,450
8523,450
8524,451
8525,451
8526,451
8527,451
8528,450
8529,450
8530,450
8531,450
8532,450
8533,451
8534,450
8535,450
8536,449
8537,450
8538,450
8539,450
8540,450
8541,450
8542,450
8543,449
8544,449
8545,450
8546,450
8547,449
8548,449
8549,449
8550,450
8551,450
8552,449
8553,449
8554,448
8555,449
8556,449
8557,449
8558,449
8560,449
8561,448
8562,448
8563,448
8564,448
8565,449
8566,449
8567,449
8568,449
8569,448
8570,448
8571,448
8572,448
8573,448
8574,448
8575,448
8576,448
8577,448
8578,448
8579,447
8580,448
8581,448
8582,448
8583,448
8584,448
8585,448
8586,448
8587,448
8588,448
8589,448
8590,448
8591,448
8592,448
8593,448
8594,448
8595,448
8596,448
8597,448
8598,449
8599,449
8600,449
8602,448
8603,448
8604,448
8605,448
8606,449
8607,450
8608,449
8609,449
8610,449
8611,448
8612,448
8613,448
8614,449
8615,449
8616,449
8617,449
8618,449
8619,448
8620,448
8621,448
8622,449
8623,449
8624,449
8625,449
8626,449
8627,449
8628,448
8629,449
8630,449
8631,449
8632,449
8633,449
8634,449
8635,448
8636,448
8637,448
8638,449
8639,449
8640,449
8641,449
8642,449
8643,449
8645,449
8646,449
8647,449
8648,449
8649,449
8650,449
8651,449
8652,449
8653,449
8654,448
8655,448
8656,449
8657,449
8658,449
8659,449
8660,449
8661,448
8662,448
8663,449
8664,449
8665,449
8666,450
8667,449
8668,449
8669,448
8670,448
8671,448
8672,449
8673,449
8674,449
8675,449
8676,448
8677,448
8678,448
8679,448
8680,448
8681,448
8682,449
8683,448
8684,448
8685,448
8686,448
8688,448
8689,448
8690,448
8691,448
8692,448
8693,448
8694,448
8695,447
8696,447
8697,448
8698,448
8699,448
8700,448
8701,448
8702,447
8703,447
8704,447
8705,447
8706,448
8707,448
8708,447
8709,447
8710,447
8711,447
8712,447
8713,447
8714,447
8715,447
8716,447
8717,447
8718,447
8719,446
8720,446
8721,447
8722,447
8723,447
8724,447
8725,448
8726,447
8727,447
8728,447
8730,447
8731,447
8732,447
8733,447
8734,447
8735,447
8736,447
8737,447
8738,447
8739,448
8740,448
8741,448
8742,448
8743,448
8744,448
8745,448
8746,448
8747,448
8748,448
8749,448
8750,448
8751,448
8752,448
8753,447
8754,447
8755,447
8756,448
8757,448
8758,448
8759,448
8760,448
8761,447
8762,447
8763,447
8764,448
8765,448
8766,448
8767,448
8768,448
8769,447
8770,447
8771,448
8773,448
8774,448
8775,448
8776,448
8777,447
8778,447
8779,447
8780,447
8781,448
8782,448
8783,448
8784,448
8785,448
8786,448
8787,448
8788,447
8789,447
8790,448
8791,448
8792,448
8793,447
8794,447
8795,447
8796,447
8797,447
8798,448
8799,448
8800,448
8801,447
8802,447
8803,447
8804,447
8805,447
8806,448
8807,448
8808,447
8809,447
8810,447
8811,447
8812,447
8813,447
8814,448
8816,448
8817,448
8818,447
8819,447
8820,447
8821,447
8822,447
8823,447
8824,447
8825,447
8826,448
8827,447
8828,446
8829,446
8830,447
8831,447
8832,447
8833,447
8834,447
8835,446
8836,446
8837,446
8838,446
8839,447
8840,447
8841,447
8842,447
8843,446
8844,446
8845,446
8846,447
8847,446
8848,447
8849,447
8850,446
8851,446
8852,446
8853,446
8854,446
8855,446
8856,446
8858,446
8859,447
8860,446
8861,446
8862,446
8863,446
8864,447
8865,447
8866,447
8867,448
8868,447
8869,447
8870,446
8871,446
8872,447
8873,447
8874,447
8875,447
8876,447
8877,447
8878,447
8879,447
8880,447
8881,447
8882,447
8883,447
8884,447
8885,447
8886,448
8887,447
8888,447
8889,447
8890,448
8891,448
8892,448
8893,447
8894,447
8895,447
8896,447
8897,447
8898,447
8899,447
8901,447
8902,447
8903,447
8904,447
8905,447
8906,447
8907,448
8908,447
8909,447
8910,447
8911,446
8912,447
8913,447
8914,447
8915,447
8916,447
8917,447
8918,447
8919,446
8920,446
8921,446
8922,447
8923,447
8924,447
8925,447
8926,447
8927,447
8928,446
8929,446
8930,447
8931,447
8932,447
8933,447
8934,447
8935,447
8936,447
8937,447
8938,447
8939,447
8940,447
8941,447
8942,447
8944,447
8945,447
8946,447
8947,447
8948,447
8949,447
8950,448
8951,447
8952,447
8953,446
8954,446
8955,447
8956,447
8957,448
8958,447
8959,447
8960,447
8961,447
8962,447
8963,447
8964,447
8965,448
8966,448
8967,447
8968,447
8969,447
8970,446
8971,447
8972,447
8973,447
8974,447
8975,447
8976,447
8977,446
8978,446
8979,446
8980,446
8981,447
8982,447
8983,447
8984,446
8986,447
8987,447
8988,446
8989,446
8990,447
8991,447
8992,447
8993,446
8994,446
8995,446
8996,446
8997,446
8998,447
8999,447
9000,447
9001,446
9002,446
9003,446
9004,447
9005,447
9006,447
9007,448
9008,447
9009,447
9010,447
9011,447
9012,446
9013,447
9014,447
9015,447
9016,447
9017,447
9018,446
9019,446
9020,447
9021,447
9022,447
9023,447
9024,447
9025,448
9026,447
9027,446
9029,446
9030,446
9031,447
9032,447
9033,447
9034,447
9035,446
9036,446
9037,446
9038,446
9039,446
9040,446
9041,446
9042,447
9043,446
9044,446
9045,446
9046,447
9047,447
9048,446
9049,447
9050,446
9051,446
9052,446
9053,446
9054,446
9055,446
9056,446
9057,446
9058,446
9059,446
9060,446
9061,446
9062,446
9063,446
9064,447
9065,448
9066,447
9067,447
9068,446
9069,446
9070,446
9072,446
9073,447
9074,447
9075,447
9076,447
9077,447
9078,447
9079,447
9080,447
9081,447
9082,448
9083,448
9084,447
9085,447
9086,447
9087,447
9088,447
9089,447
9090,447
9091,448
9092,448
9093,447
9094,447
9095,447
9096,447
9097,447
9098,447
9099,448
9100,448
9101,447
9102,447
9103,447
9104,447
9105,448
9106,448
9107,447
9108,447
9109,447
9110,446
9111,447
9112,447
9114,447
9115,447
9116,447
9117,447
9118,447
9119,446
9120,446
9121,446
9122,446
9123,447
9124,447
9125,447
9126,447
9127,447
9128,446
9129,446
9130,446
9131,447
9132,447
9133,447
9134,447
9135,446
9136,446
9137,446
9138,447
9139,447
9140,447
9141,447
9142,447
9143,447
9144,446
9145,447
9146,447
9147,447
9148,447
9149,447
9150,447
9151,447
9152,446
9153,446
9154,446
9155,446
9157,447
9158,447
9159,447
9160,446
9161,446
9162,446
9163,446
9164,446
9165,446
9166,447
9167,447
9168,446
9169,446
9170,446
9171,446
9172,446
9173,446
9174,446
9175,446
9176,446
9177,446
9178,446
9179,446
9180,446
9181,446
9182,446
9183,446
9184,446
9185,446
9186,446
9187,446
9188,446
9189,446
9190,446
9191,446
9192,446
9193,446
9194,446
9195,446
9196,446
9197,446
9198,447
9200,447
9201,447
9202,446
9203,446
9204,446
9205,446
9206,447
9207,448
9208,447
9209,447
9210,447
9211,447
9212,447
9213,447
9214,447
9215,448
9216,448
9217,448
9218,448
9219,447
9220,447
9221,447
9222,448
9223,448
9224,448
9225,448
9226,448
9227,448
9228,447
9229,447
9230,448
9231,448
9232,448
9233,448
9234,448
9235,448
9236,447
9237,448
9238,448
9239,448
9240,448
9242,448
9243,448
9244,447
9245,447
9246,448
9247,448
9248,448
9249,448
9250,448
9251,448
9252,447
9253,447
9254,447
9255,447
9256,447
9257,447
9258,447
9259,447
9260,447
9261,447
9262,447
9263,447
9264,447
9265,448
9266,448
9267,448
9268,447
9269,447
9270,447
9271,447
9272,447
9273,447
9274,447
9275,447
9276,446
9277,446
9278,446
9279,446
9280,447
9281,447
9282,447
9283,447
9285,447
9286,447
9287,447
9288,446
9289,446
9290,447
9291,447
9292,446
9293,444
9294,445
9295,446
9296,446
9297,446
9298,445
9299,446
9300,443
9301,446
9302,445
9303,446
9304,445
9305,443
9306,446
9307,446
9308,446
9309,446
9310,446
9311,443
9312,445
9313,445
9314,446
9315,446
9316,446
9317,446
9318,445
9319,445
9320,445
9321,444
9322,446
9323,446
9324,446
9325,447
9326,446
9328,446
9329,446
9330,446
9331,446
9332,447
9333,447
9334,447
9335,447
9336,446
9337,446
9338,447
9339,447
9340,447
9341,448
9342,447
9343,447
9344,447
9345,447
9346,448
9347,448
9348,448
9349,448
9350,448
9351,448
9352,448
9353,448
9354,448
9355,448
9356,448
9357,449
9358,448
9359,448
9360,448
9361,448
9362,448
9363,448
9364,448
9365,449
9366,449
9367,448
9368,448
9370,448
9371,448
9372,448
9373,448
9374,449
9375,448
9376,448
9377,448
9378,448
9379,448
9380,448
9381,448
9382,448
9383,448
9384,448
9385,448
9386,448
9387,448
9388,448
9389,448
9390,448
9391,448
9392,448
9393,447
9394,447
9395,447
9396,447
9397,448
9398,448
9399,448
9400,447
9401,447
9402,447
9403,447
9404,447
9405,448
9406,448
9407,448
9408,447
9409,447
9410,447
9411,447
9413,447
9414,447
9415,447
9416,447
9417,447
9418,447
9419,446
9420,446
9421,446
9422,446
9423,446
9424,447
9425,446
9426,447
9427,447
9428,446
9429,446
9430,446
9431,446
9432,446
9433,446
9434,446
9435,445
9436,445
9437,445
9438,445
9439,445
9440,446
9441,446
9442,446
9443,445
9444,445
9445,445
9446,446
9447,446
9448,446
9449,446
9450,446
9451,445
9452,445
9453,445
9454,445
9456,445
9457,446
9458,446
9459,446
9460,446
9461,446
9462,446
9463,446
9464,446
9465,446
9466,447
9467,447
9468,446
9469,446
9470,446
9471,447
9472,447
9473,447
9474,447
9475,448
9476,447
9477,447
9478,447
9479,447
9480,448
9481,448
9482,448
9483,448
9484,448
9485,448
9486,448
9487,448
9488,448
9489,448
9490,449
9491,449
9492,448
9493,448
9494,448
9495,448
9496,448
9498,448
9499,449
9500,449
9501,448
9502,448
9503,448
9504,448
9505,448
9506,449
9507,449
9508,449
9509,448
9510,448
9511,448
9512,448
9513,448
9514,448
9515,448
9516,448
9517,448
9518,448
9519,448
9520,447
9521,448
9522,448
9523,448
9524,448
9525,448
9526,448
9527,448
9528,447
9529,447
9530,447
9531,448
9532,448
9533,447
9534,447
9535,447
9536,447
9537,447
9538,447
9539,447
9541,447
9542,447
9543,447
9544,447
9545,447
9546,447
9547,447
9548,447
9549,447
9550,447
9551,447
9552,446
9553,446
9554,446
9555,446
9556,447
9557,447
9558,447
9559,446
9560,446
9561,446
9562,445
9563,446
9564,446
9565,446
9566,447
9567,446
9568,445
9569,445
9570,445
9571,445
9572,445
9573,446
9574,445
9575,445
9576,445
9577,445
9578,445
9579,445
9580,445
9581,445
9582,445
9584,445
9585,445
9586,445
9587,445
9588,445
9589,445
9590,445
9591,445
9592,446
9593,445
9594,445
9595,445
9596,445
9597,446
9598,446
9599,446
9600,446
9601,446
9602,446
9603,446
9604,446
9605,447
9606,447
9607,448
9608,447
9609,447
9610,447
9611,447
9612,447
9613,447
9614,448
9615,448
9616,448
9617,448
9618,447
9619,447
9620,448
9621,447
9622,448
9623,448
9624,448
9626,448
9627,448
9628,448
9629,447
9630,448
9631,448
9632,448
9633,449
9634,448
9635,448
9636,448
9637,447
9638,448
9639,448
9640,449
9641,448
9642,448
9643,448
9644,448
9645,448
9646,448
9647,448
9648,448
9649,448
9650,448
9651,448
9652,448
9653,447
9654,447
9655,448
9656,448
9657,448
9658,448
9659,447
9660,447
9661,447
9662,447
9663,447
9664,447
9665,448
9666,448
9667,447
9669,447
9670,447
9671,446
9672,446
9673,446
9674,447
9675,444
9676,447
9677,446
9678,446
9679,446
9680,444
9681,447
9682,447
9683,447
9684,446
9685,446
9686,446
9687,447
9688,446
9689,446
9690,446
9691,446
9692,446
9693,445
9694,443
9695,445
9696,446
9697,446
9698,446
9699,446
9700,446
9701,445
9702,445
9703,445
9704,445
9705,446
9706,446
9707,446
9708,445
9709,445
9710,444
9712,444
9713,445
9714,445
9715,445
9716,445
9717,445
9718,445
9719,444
9720,445
9721,445
9722,445
9723,445
9724,445
9725,445
9726,446
9727,445
9728,445
9729,445
9730,445
9731,446
9732,446
9733,446
9734,446
9735,446
9736,446
9737,446
9738,446
9739,446
9740,447
9741,447
9742,447
9743,446
9744,446
9745,447
9746,447
9747,447
9748,447
9749,448
9750,448
9751,447
9752,447
9754,447
9755,447
9756,447
9757,448
9758,448
9759,448
9760,448
9761,448
9762,447
9763,448
9764,448
9765,448
9766,449
9767,449
9768,448
9769,448
9770,448
9771,448
9772,448
9773,448
9774,448
9775,448
9776,448
9777,448
9778,448
9779,448
9780,448
9781,448
9782,448
9783,448
9784,448
9785,448
9786,448
9787,448
9788,448
9789,448
9790,448
9791,448
9792,448
9793,447
9794,447
9795,447
9797,447
9798,447
9799,448
9800,448
9801,447
9802,447
9803,447
9804,447
9805,447
9806,448
9807,448
9808,447
9809,447
9810,447
9811,446
9812,446
9813,446
9814,447
9815,447
9816,447
9817,446
9818,446
9819,446
9820,446
9821,446
9822,446
9823,446
9824,446
9825,447
9826,446
9827,446
9828,446
9829,446
9830,446
9831,446
9832,446
9833,446
9834,446
9835,445
9836,445
9837,445
9838,445
9840,446
9841,446
9842,445
9843,445
9844,445
9845,445
9846,445
9847,446
9848,445
9849,446
9850,446
9851,445
9852,445
9853,445
9854,445
9855,445
9856,445
9857,446
9858,446
9859,446
9860,445
9861,445
9862,445
9863,446
9864,446
9865,447
9866,447
9867,447
9868,446
9869,446
9870,446
9871,447
9872,447
9873,447
9874,447
9875,447
9876,447
9877,447
9878,447
9879,447
9880,448
9882,448
9883,448
9884,448
9885,448
9886,448
9887,448
9888,448
9889,449
9890,449
9891,449
9892,449
9893,448
9894,448
9895,448
9896,448
9897,449
9898,449
9899,449
9900,449
9901,449
9902,448
9903,448
9904,448
9905,449
9906,449
9907,450
9908,449
9909,449
9910,448
9911,448
9912,448
9913,449
9914,449
9915,449
9916,449
9917,448
9918,448
9919,448
9920,448
9921,448
9922,449
9923,449
9925,449
9926,449
9927,449
9928,448
9929,448
9930,448
9931,449
9932,448
9933,448
9934,448
9935,448
9936,447
9937,447
9938,447
9939,448
9940,448
9941,448
9942,447
9943,448
9944,447
9945,447
9946,448
9947,448
9948,448
9949,447
9950,447
9951,447
9952,447
9953,447
9954,447
9955,447
9956,447
9957,447
9958,447
9959,447
9960,447
9961,446
9962,446
9963,446
9964,447
9965,448
9966,447
9968,446
9969,446
9970,446
9971,446
9972,446
9973,446
9974,446
9975,446
9976,446
9977,446
9978,446
9979,445
9980,446
9981,446
9982,447
9983,446
9984,446
9985,446
9986,447
9987,447
9988,446
9989,447
9990,447
9991,447
9992,447
9993,447
9994,446
9995,447
9996,447
9997,447
9998,448
9999,448
10000,448
10001,448
10002,447
10003,448
10004,448
10005,449
10006,449
10007,449
10008,449
10010,448
10011,448
10012,448
10013,448
10014,449
10015,449
10016,449
10017,449
10018,449
10019,449
10020,449
10021,449
10022,449
10023,450
10024,450
10025,450
10026,450
10027,450
10028,449
10029,449
10030,450
10031,450
10032,450
10033,450
10034,450
10035,449
10036,449
10037,449
10038,449
10039,450
10040,450
10041,450
10042,450
10043,450
10044,449
10045,450
10046,450
10047,450
10048,450
10049,450
10050,450
10051,450
10053,449
10054,449
10055,449
10056,450
10057,450
10058,450
10059,450
10060,449
10061,449
10062,449
10063,449
10064,449
10065,450
10066,450
10067,450
10068,449
10069,449
10070,449
10071,449
10072,449
10073,449
10074,449
10075,449
10076,448
10077,448
10078,448
10079,448
10080,448
10081,448
10082,449
10083,448
10084,448
10085,448
10086,448
10087,448
10088,448
10089,448
10090,448
10091,448
10092,448
10093,447
10094,447
10096,447
10097,447
10098,448
10099,448
10100,447
10101,447
10102,447
10103,447
10104,447
10105,447
10106,448
10107,448
10108,447
10109,447
10110,447
10111,447
10112,447
10113,447
10114,447
10115,447
10116,448
10117,447
10118,447
10119,447
10120,447
10121,447
10122,448
10123,448
10124,448
10125,448
10126,448
10127,448
10128,448
10129,448
10130,448
10131,449
10132,449
10133,449
10134,449
10135,449
10136,449
10138,449
10139,449
10140,449
10141,450
10142,450
10143,449
10144,449
10145,449
10146,450
10147,450
10148,450
10149,450
10150,450
10151,449
10152,444
10153,449
10154,449
10155,450
10156,450
10157,450
10158,450
10159,450
10160,450
10161,450
10162,449
10163,450
10164,451
10165,451
10166,451
10167,451
10168,450
10169,450
10170,450
10171,450
10172,450
10173,450
10174,449
10175,450
10176,450
10177,450
10178,450
10179,450
10181,450
10182,451
10183,451
10184,450
10185,450
10186,450
10187,450
10188,450
10189,450
10190,451
10191,450
10192,450
10193,450
10194,450
10195,450
10196,450
10197,450
10198,450
10199,450
10200,450
10201,450
10202,449
10203,449
10204,449
10205,450
10206,450
10207,450
10208,450
10209,449
10210,449
10211,449
10212,449
10213,449
10214,449
10215,449
10216,449
10217,449
10218,448
10219,448
10220,448
10221,448
10222,448
10224,449
10225,449
10226,449
10227,448
10228,448
10229,448
10230,448
10231,448
10232,448
10233,448
10234,448
10235,448
10236,447
10237,447
10238,448
10239,448
10240,448
10241,448
10242,448
10243,448
10244,448
10245,448
10246,448
10247,448
10248,449
10249,449
10250,448
10251,448
10252,448
10253,448
10254,448
10255,449
10256,449
10257,449
10258,449
10259,449
10260,449
10261,449
10262,449
10263,449
10264,450
10266,450
10267,450
10268,450
10269,450
10270,449
10271,449
10272,450
10273,450
10274,450
10275,450
10276,450
10277,450
10278,450
10279,450
10280,450
10281,450
10282,451
10283,451
10284,450
10285,450
10286,450
10287,451
10288,451
10289,451
10290,451
10291,451
10292,451
10293,450
10294,450
10295,450
10296,450
10297,451
10298,451
10299,451
10300,451
10301,451
10302,450
10303,450
10304,450
10305,451
10306,451
10307,451
10309,451
10310,450
10311,450
10312,450
10313,450
10314,451
10315,451
10316,451
10317,451
10318,450
10319,450
10320,450
10321,450
10322,450
10323,451
10324,451
10325,451
10326,451
10327,450
10328,449
10329,450
10330,450
10331,450
10332,450
10333,450
10334,449
10335,449
10336,449
10337,449
10338,449
10339,449
10340,450
10341,449
10342,449
10343,449
10344,449
10345,449
10346,449
10347,449
10348,449
10349,449
10350,449
10352,448
10353,448
10354,448
10355,449
10356,449
10357,449
10358,449
10359,449
10360,449
10361,448
10362,449
10363,449
10364,449
10365,449
10366,450
10367,449
10368,448
10369,448
10370,448
10371,448
10372,449
10373,449
10374,449
10375,449
10376,448
10377,448
10378,448
10379,449
10380,449
10381,449
10382,450
10383,449
10384,449
10385,449
10386,449
10387,449
10388,449
10389,450
10390,450
10391,450
10392,450
10394,450
10395,450
10396,450
10397,450
10398,450
10399,450
10400,451
10401,450
10402,450
10403,450
10404,450
10405,450
10406,451
10407,452
10408,451
10409,451
10410,450
10411,450
10412,450
10413,451
10414,451
10415,451
10416,451
10417,451
10418,451
10419,450
10420,450
10421,451
10422,451
10423,451
10424,451
10425,451
10426,451
10427,451
10428,450
10429,451
10430,451
10431,451
10432,451
10433,451
10434,451
10435,450
10437,450
10438,450
10439,451
10440,451
10441,451
10442,451
10443,451
10444,450
10445,450
10446,451
10447,451
10448,451
10449,451
10450,450
10451,450
10452,450
10453,450
10454,449
10455,450
10456,450
10457,450
10458,451
10459,450
10460,450
10461,450
10462,450
10463,450
10464,450
10465,451
10466,451
10467,451
10468,450
10469,450
10470,449
10471,450
10472,450
10473,450
10474,450
10475,450
10476,449
10477,449
10478,449
10480,449
10481,450
10482,450
10483,450
10484,450
10485,449
10486,449
10487,450
10488,449
10489,450
10490,450
10491,450
10492,449
10493,449
10494,449
10495,449
10496,449
10497,450
10498,450
10499,450
10500,450
10501,450
10502,449
10503,449
10504,449
10505,450
10506,450
10507,451
10508,450
10509,450
10510,449
10511,450
10512,450
10513,450
10514,450
10515,450
10516,451
10517,450
10518,450
10519,450
10520,450
10522,450
10523,451
10524,451
10525,451
10526,451
10527,451
10528,450
10529,451
10530,451
10531,450
10532,445
10533,451
10534,451
10535,450
10536,450
10537,450
10538,450
10539,450
10540,451
10541,451
10542,451
10543,450
10544,449
10545,451
10546,451
10547,452
10548,451
10549,451
10550,448
10551,451
10552,451
10553,450
10554,448
10555,451
10556,451
10557,451
10558,451
10559,450
10560,450
10561,450
10562,450
10563,450
10565,450
10566,451
10567,450
10568,450
10569,449
10570,450
10571,450
10572,450
10573,450
10574,451
10575,450
10576,450
10577,450
10578,450
10579,450
10580,450
10581,451
10582,450
10583,450
10584,450
10585,450
10586,450
10587,450
10588,450
10589,450
10590,451
10591,450
10592,450
10593,450
10594,450
10595,450
10596,450
10597,450
10598,450
10599,451
10600,450
10601,450
10602,450
10603,449
10604,450
10605,451
10606,451
10608,450
10609,450
10610,450
10611,450
10612,450
10613,450
10614,453
10615,454
10616,455
10617,455
10618,455
10619,454
10620,454
10621,454
10622,453
10623,452
10624,452
10625,451
10626,451
10627,451
10628,450
10629,450
10630,450
10631,450
10632,451
10633,451
10634,450
10635,450
10636,450
10637,450
10638,449
10639,450
10640,451
10641,450
10642,450
10643,450
10644,450
10645,450
10646,451
10647,451
10648,451
10650,451
10651,450
10652,450
10653,447
10654,449
10655,450
10656,451
10657,451
10658,451
10659,450
10660,450
10661,450
10662,450
10663,450
10664,451
10665,451
10666,451
10667,451
10668,450
10669,450
10670,450
10671,450
10672,450
10673,451
10674,451
10675,450
10676,450
10677,450
10678,449
10679,450
10680,450
10681,450
10682,450
10683,450
10684,450
10685,449
10686,450
10687,450
10688,450
10689,450
10690,450
10691,450
10693,450
10694,449
10695,449
10696,450
10697,450
10698,450
10699,450
10700,450
10701,450
10702,450
10703,449
10704,450
10705,450
10706,451
10707,451
10708,450
10709,450
10710,450
10711,450
10712,449
10713,450
10714,450
10715,451
10716,451
10717,450
10718,450
10719,450
10720,450
10721,450
10722,450
10723,451
10724,451
10725,450
10726,450
10727,450
10728,450
10729,450
10730,450
10731,450
10732,451
10733,450
10734,450
10736,449
10737,450
10738,450
10739,450
10740,450
10741,450
10742,450
10743,450
10744,450
10745,450
10746,450
10747,451
10748,451
10749,451
10750,451
10751,450
10752,450
10753,450
10754,450
10755,450
10756,451
10757,451
10758,451
10759,450
10760,450
10761,450
10762,450
10763,450
10764,451
10765,451
10766,451
10767,451
10768,450
10769,450
10770,449
10771,449
10772,450
10773,450
10774,450
10775,450
10776,449
10778,449
10779,450
10780,450
10781,450
10782,450
10783,450
10784,450
10785,449
10786,450
10787,450
10788,449
10789,449
10790,449
10791,449
10792,448
10793,448
10794,448
10795,448
10796,448
10797,448
10798,448
10799,448
10800,448
10801,448
10802,448
10803,448
10804,448
10805,449
10806,449
10807,449
10808,449
10809,448
10810,448
10811,448
10812,449
10813,449
10814,449
10815,449
10816,449
10817,449
10818,449
10819,449
10821,449
10822,449
10823,450
10824,450
10825,450
10826,450
10827,450
10828,449
10829,449
10830,450
10831,450
10832,450
10833,450
10834,450
10835,450
10836,450
10837,450
10838,450
10839,450
10840,451
10841,450
10842,450
10843,449
10844,450
10845,450
10846,450
10847,451
10848,450
10849,451
10850,450
10851,450
10852,450
10853,450
10854,450
10855,450
10856,451
10857,450
10858,450
10859,450
10860,449
10861,450
10862,450
10864,450
10865,450
10866,451
10867,451
10868,450
10869,450
10870,450
10871,450
10872,450
10873,450
10874,450
10875,450
10876,450
10877,449
10878,449
10879,450
10880,450
10881,450
10882,450
10883,450
10884,450
10885,449
10886,450
10887,450
10888,451
10889,451
10890,452
10891,452
10892,451
10893,451
10894,450
10895,450
10896,450
10897,450
10898,450
10899,450
10900,450
10901,449
10902,449
10903,449
10904,448
10906,449
10907,449
10908,449
10909,448
10910,447
10911,446
10912,447
10913,447
10914,446
10915,441
10916,445
10917,446
10918,445
10919,444
10920,444
10921,444
10922,444
10923,445
10924,445
10925,445
10926,445
10927,445
10928,445
10929,445
10930,445
10931,443
10932,445
10933,445
10934,445
10935,445
10936,445
10937,446
10938,447
10939,447
10940,448
10941,448
10942,448
10943,448
10944,448
10945,449
10946,449
10947,449
10949,449
10950,448
10951,448
10952,448
10953,448
10954,448
10955,448
10956,449
10957,450
10958,449
10959,449
10960,449
10961,449
10962,449
10963,449
10964,450
10965,450
10966,451
10967,450
10968,449
10969,450
10970,450
10971,449
10972,449
10973,450
10974,450
10975,449
10976,449
10977,449
10978,449
10979,450
10980,450
10981,450
10982,450
10983,450
10984,449
10985,450
10986,450
10987,450
10988,450
10989,450
10990,450
10992,450
10993,449
10994,449
10995,449
10996,449
10997,449
10998,450
10999,450
11000,449
11001,449
11002,449
11003,449
11004,449
11005,449
11006,450
11007,450
11008,449
11009,449
11010,449
11011,441
11012,448
11013,448
11014,449
11015,449
11016,449
11017,449
11018,450
11019,450
11020,451
11021,452
11022,453
11023,455
11024,456
11025,457
11026,456
11027,456
11028,454
11029,454
11030,453
11031,452
11032,450
11034,446
11035,448
11036,447
11037,446
11038,446
11039,446
11040,446
11041,445
11042,445
11043,444
11044,444
11045,443
11046,443
11047,444
11048,443
11049,443
11050,443
11051,442
11052,442
11053,442
11054,442
11055,442
11056,442
11057,442
11058,442
11059,442
11060,441
11061,441
11062,441
11063,442
11064,442
11065,443
11066,443
11067,443
11068,443
11069,443
11070,443
11071,444
11072,445
11073,446
11074,446
11075,446
11077,447
11078,447
11079,448
11080,448
11081,448
11082,448
11083,448
11084,448
11085,447
11086,447
11087,447
11088,447
11089,448
11090,448
11091,448
11092,449
11093,448
11094,448
11095,449
11096,449
11097,449
11098,449
11099,449
11100,449
11101,449
11102,449
11103,449
11104,449
11105,450
11106,450
11107,450
11108,450
11109,449
11110,449
11111,449
11112,449
11113,449
11114,449
11115,450
11116,449
11117,449
11118,449
11120,449
11121,449
11122,449
11123,450
11124,450
11125,449
11126,449
11127,449
11128,449
11129,449
11130,449
11131,449
11132,449
11133,449
11134,449
11135,448
11136,448
11137,448
11138,448
11139,448
11140,449
11141,448
11142,448
11143,448
11144,447
11145,447
11146,448
11147,448
11148,449
11149,450
11150,446
11151,453
11152,455
11153,457
11154,459
11155,461
11156,462
11157,461
11158,460
11159,458
11160,456
11162,455
11163,453
11164,453
11165,452
11166,452
11167,451
11168,450
11169,449
11170,448
11171,447
11172,446
11173,444
11174,442
11175,441
11176,440
11177,439
11178,438
11179,438
11180,437
11181,437
11182,436
11183,436
11184,436
11185,436
11186,436
11187,436
11188,435
11189,435
11190,435
11191,435
11192,435
11193,434
11194,434
11195,434
11196,434
11197,435
11198,435
11199,435
11200,435
11201,435
11202,435
11203,436
11205,437
11206,439
11207,440
11208,441
11209,441
11210,442
11211,443
11212,444
11213,445
11214,446
11215,445
11216,444
11217,443
11218,443
11219,444
11220,444
11221,444
11222,445
11223,446
11224,446
11225,446
11226,447
11227,447
11228,447
11229,447
11230,448
11231,448
11232,449
11233,448
11234,448
11235,448
11236,448
11237,449
11238,449
11239,449
11240,449
11241,449
11242,449
11243,449
11244,449
11245,449
11246,449
11248,450
11249,449
11250,449
11251,448
11252,448
11253,448
11254,448
11255,449
11256,449
11257,449
11258,449
11259,448
11260,448
11261,447
11262,447
11263,448
11264,448
11265,448
11266,448
11267,448
11268,447
11269,447
11270,447
11271,447
11272,447
11273,448
11274,447
11275,447
11276,447
11277,447
11278,448
11279,448
11280,450
11281,455
11282,464
11283,476
11284,488
11285,497
11286,502
11287,502
11288,498
11290,493
11291,485
11292,476
11293,469
11294,464
11295,460
11296,455
11297,451
11298,449
11299,446
11300,445
11301,442
11302,437
11303,424
11304,407
11305,385
11306,362
11307,338
11308,312
11309,286
11310,261
11311,235
11312,210
11313,187
11314,164
11315,141
11316,121
11317,103
11318,88
11319,74
11320,62
11321,54
11322,47
11323,41
11324,35
11325,30
11326,25
11327,21
11328,18
11329,16
11330,13
11331,11
11333,10
11334,9
11335,9
11336,8
11337,7
11338,7
11339,7
11340,7
11341,8
11342,11
11343,37
11344,105
11345,205
11346,313
11347,400
11348,442
11349,448
11350,450
11351,451
11352,451
11353,451
11354,451
11355,452
11356,452
11357,452
11358,452
11359,452
11360,452
11361,451
11362,451
11363,452
11364,452
11365,452
11366,451
11367,451
11368,450
11369,450
11370,450
11371,450
11372,451
11373,451
11374,451
11376,450
11377,450
11378,450
11379,450
11380,450
11381,450
11382,451
11383,450
11384,450
11385,449
11386,449
11387,449
11388,449
11389,449
11390,449
11391,448
11392,448
11393,447
11394,447
11395,446
11396,446
11397,446
11398,447
11399,447
11400,446
11401,446
11402,446
11403,446
11404,446
11405,446
11406,447
11407,447
11408,446
11409,446
11410,445
11411,437
11412,416
11413,385
11414,350
11415,318
11416,292
11418,267
11419,242
11420,214
11421,185
11422,156
11423,129
11424,100
11425,76
11426,56
11427,40
11428,28
11429,20
11430,17
11431,16
11432,16
11433,16
11434,15
11435,15
11436,15
11437,15
11438,15
11439,15
11440,15
11441,14
11442,14
11443,14
11444,13
11445,13
11446,13
11447,14
11448,13
11449,13
11450,13
11451,13
11452,12
11453,12
11454,12
11455,13
11456,12
11457,12
11458,12
11459,11
11461,11
11462,10
11463,10
11464,10
11465,9
11466,8
11467,8
11468,7
11469,7
11470,7
11471,7
11472,7
11473,7
11474,8
11475,24
11476,77
11477,168
11478,276
11479,373
11480,432
11481,447
11482,449
11483,450
11484,451
11485,451
11486,452
11487,453
11488,452
11489,452
11490,452
11491,452
11492,452
11493,451
11494,451
11495,451
11496,452
11497,452
11498,452
11499,451
11500,451
11501,450
11502,450
11504,450
11505,450
11506,451
11507,452
11508,451
11509,451
11510,451
11511,451
11512,451
11513,451
11514,452
11515,452
11516,452
11517,452
11518,451
11519,450
11520,450
11521,451
11522,451
11523,451
11524,450
11525,450
11526,450
11527,450
11528,449
11529,450
11530,450
11531,444
11532,451
11533,451
11534,451
11535,451
11536,451
11537,451
11538,452
11539,452
11540,452
11541,450
11542,422
11543,353
11544,256
11546,159
11547,79
11548,34
11549,18
11550,16
11551,18
11552,17
11553,16
11554,16
11555,16
11556,16
11557,16
11558,16
11559,16
11560,16
11561,15
11562,16
11563,16
11564,16
11565,16
11566,15
11567,15
11568,15
11569,15
11570,15
11571,15
11572,15
11573,16
11574,15
11575,15
11576,14
11577,14
11578,14
11579,14
11580,13
11581,13
11582,13
11583,13
11584,12
11585,12
11586,12
11587,12
11589,12
11590,12
11591,11
11592,11
11593,10
11594,9
11595,9
11596,9
11597,8
11598,8
11599,7
11600,7
11601,7
11602,7
11603,6
11604,6
11605,7
11606,8
11607,20
11608,68
11609,156
11610,263
11611,363
11612,428
11613,447
11614,449
11615,451
11616,452
11617,452
11618,452
11619,452
11620,453
11621,453
11622,454
11623,454
11624,454
11625,454
11626,454
11627,453
11628,453
11629,453
11630,453
11632,453
11633,453
11634,452
11635,452
11636,452
11637,452
11638,452
11639,452
11640,452
11641,453
11642,452
11643,452
11644,451
11645,451
11646,452
11647,452
11648,452
11649,452
11650,452
11651,451
11652,451
11653,451
11654,451
11655,451
11656,451
11657,451
11658,451
11659,450
11660,450
11661,451
11662,451
11663,451
11664,452
11665,452
11666,452
11667,452
11668,451
11669,451
11670,452
11671,452
11672,452
11674,452
11675,436
11676,382
11677,289
11678,189
11679,100
11680,44
11681,22
11682,18
11683,17
11684,17
11685,17
11686,17
11687,17
11688,17
11689,17
11690,17
11691,17
11692,17
11693,17
11694,17
11695,17
11696,17
11697,17
11698,16
11699,16
11700,16
11701,15
11702,15
11703,15
11704,15
11705,14
11706,14
11707,14
11708,13
11709,12
11710,12
11711,11
11712,11
11713,11
11714,10
11715,10
11717,9
11718,9
11719,10
11720,11
11721,12
11722,12
11723,12
11724,11
11725,10
11726,10
11727,9
11728,9
11729,9
11730,9
11731,9
11732,8
11733,9
11734,9
11735,9
11736,10
11737,10
11738,15
11739,43
11740,111
11741,212
11742,318
11743,405
11744,446
11745,452
11746,454
11747,456
11748,457
11749,457
11750,457
11751,456
11752,456
11753,456
11754,456
11755,456
11756,456
11757,456
11758,455
11760,455
11761,454
11762,454
11763,454
11764,454
11765,454
11766,454
11767,453
11768,453
11769,452
11770,453
11771,453
11772,453
11773,453
11774,453
11775,453
11776,453
11777,453
11778,452
11779,452
11780,453
11781,453
11782,453
11783,453
11784,452
11785,452
11786,452
11787,453
11788,452
11789,452
11790,452
11791,452
11792,452
11793,452
11794,452
11795,452
11796,453
11797,454
11798,454
11799,454
11800,454
11802,454
11803,454
11804,454
11805,453
11806,454
11807,441
11808,390
11809,302
11810,202
11811,112
11812,51
11813,24
11814,18
11815,18
11816,18
11817,18
11818,17
11819,17
11820,17
11821,17
11822,18
11823,18
11824,18
11825,18
11826,17
11827,17
11828,17
11829,18
11830,18
11831,18
11832,18
11833,18
11834,17
11835,17
11836,17
11837,17
11838,17
11839,17
11840,16
11841,16
11842,16
11843,15
11845,15
11846,16
11847,16
11848,16
11849,16
11850,16
11851,17
11852,17
11853,17
11854,18
11855,19
11856,21
11857,33
11858,77
11859,140
11860,204
11861,279
11862,362
11863,447
11864,495
11865,524
11866,552
11867,553
11868,526
11869,496
11870,473
11871,461
11872,457
11873,454
11874,453
11875,452
11876,451
11877,451
11878,451
11879,452
11880,452
11881,452
11882,452
11883,452
11884,451
11885,452
11886,452
11888,452
11889,452
11890,452
11891,452
11892,452
11893,451
11894,451
11895,451
11896,452
11897,452
11898,452
11899,452
11900,452
11901,452
11902,452
11903,452
11904,452
11905,452
11906,453
11907,453
11908,452
11909,452
11910,452
11911,452
11912,452
11913,452
11914,452
11915,453
11916,452
11917,452
11918,452
11919,452
11920,453
11921,455
11922,456
11923,457
11924,457
11925,456
11926,456
11927,456
11928,456
11930,455
11931,454
11932,454
11933,453
11934,452
11935,452
11936,452
11937,452
11938,451
11939,452
11940,452
11941,452
11942,451
11943,451
11944,451
11945,451
11946,452
11947,452
11948,451
11949,452
11950,451
11951,445
11952,450
11953,451
11954,451
11955,451
11956,451
11957,452
11958,450
11959,451
11960,451
11961,451
11962,451
11963,451
11964,452
11965,452
11966,452
11967,452
11968,452
11969,449
11970,452
11971,452
11973,453
11974,453
11975,453
11976,453
11977,453
11978,453
11979,453
11980,454
11981,454
11982,454
11983,454
11984,454
11985,454
11986,454
11987,454
11988,454
11989,455
11990,455
11991,454
11992,454
11993,454
11994,454
11995,454
11996,454
11997,454
11998,455
11999,455
12000,454
12001,454
12002,454
12003,453
12004,454
12005,454
12006,455
12007,455
12008,454
12009,454
12010,454
12011,454
12012,454
12013,454
12014,455
12016,454
12017,454
12018,454
12019,454
12020,453
12021,454
12022,454
12023,454
12024,454
12025,454
12026,454
12027,454
12028,454
12029,454
12030,454
12031,455
12032,454
12033,454
12034,454
12035,454
12036,453
12037,454
12038,454
12039,454
12040,455
12041,454
12042,454
12043,454
12044,454
12045,454
12046,455
12047,455
12048,454
12049,454
12050,454
12051,454
12052,453
12053,454
12054,454
12055,454
12056,454
12058,454
12059,454
12060,454
12061,453
12062,454
12063,454
12064,454
12065,454
12066,455
12067,454
12068,454
12069,453
12070,453
12071,454
12072,454
12073,454
12074,455
12075,454
12076,454
12077,454
12078,454
12079,454
12080,454
12081,454
12082,454
12083,454
12084,454
12085,453
12086,454
12087,454
12088,454
12089,454
12090,454
12091,454
12092,454
12093,453
12094,454
12095,454
12096,454
12097,454
12098,454
12099,454
12101,454
12102,453
12103,454
12104,454
12105,454
12106,454
12107,455
12108,454
12109,454
12110,453
12111,453
12112,453
12113,454
12114,454
12115,454
12116,454
12117,454
12118,454
12119,453
12120,454
12121,454
12122,454
12123,454
12124,454
12125,454
12126,454
12127,454
12128,453
12129,454
12130,454
12131,454
12132,454
12133,454
12134,454
12135,453
12136,453
12137,453
12138,454
12139,454
12140,454
12141,454
12142,454
12144,453
12145,453
12146,454
12147,454
12148,455
12149,454
12150,454
12151,454
12152,453
12153,454
12154,454
12155,454
12156,454
12157,454
12158,454
12159,454
12160,453
12161,453
12162,453
12163,454
12164,454
12165,454
12166,454
12167,454
12168,453
12169,453
12170,453
12171,454
12172,454
12173,454
12174,454
12175,454
12176,453
12177,453
12178,453
12179,454
12180,454
12181,454
12182,454
12183,454
12184,453
12186,453
12187,454
12188,454
12189,454
12190,454
12191,454
12192,453
12193,453
12194,453
12195,453
12196,453
12197,454
12198,454
12199,454
12200,454
12201,453
12202,453
12203,453
12204,453
12205,454
12206,454
12207,455
12208,454
12209,453
12210,453
12211,453
12212,453
12213,454
12214,454
12215,454
12216,454
12217,453
12218,453
12219,453
12220,453
12221,453
12222,454
12223,454
12224,454
12225,453
12226,453
12227,454
12229,453
12230,454
12231,454
12232,454
12233,454
12234,453
12235,453
12236,453
12237,453
12238,453
12239,454
12240,454
12241,454
12242,453
12243,453
12244,453
12245,453
12246,454
12247,454
12248,454
12249,454
12250,454
12251,453
12252,453
12253,453
12254,454
12255,454
12256,454
12257,454
12258,454
12259,453
12260,453
12261,453
12262,453
12263,454
12264,454
12265,454
12266,454
12267,454
12268,453
12269,453
12270,453
12272,454
12273,454
12274,454
12275,454
12276,453
12277,453
12278,453
12279,453
12280,454
12281,454
12282,454
12283,454
12284,453
12285,453
12286,454
12287,453
12288,454
12289,454
12290,454
12291,454
12292,453
12293,453
12294,453
12295,453
12296,454
12297,454
12298,454
12299,454
12300,453
12301,453
12302,453
12303,453
12304,453
12305,454
12306,454
12307,454
12308,453
12309,453
12310,453
12311,453
12312,454
12314,454
12315,454
12316,454
12317,454
12318,453
12319,453
12320,453
12321,453
12322,454
12323,454
12324,454
12325,453
12326,453
12327,453
12328,453
12329,454
12330,454
12331,450
12332,453
12333,453
12334,453
12335,452
12336,450
12337,453
12338,454
12339,454
12340,454
12341,453
12342,453
12343,453
12344,453
12345,453
12346,454
12347,454
12348,454
12349,454
12350,448
12351,453
12352,453
12353,453
12354,454
12355,451
12357,454
12358,454
12359,454
12360,453
12361,453
12362,454
12363,454
12364,454
12365,454
12366,454
12367,454
12368,454
12369,453
12370,453
12371,454
12372,454
12373,454
12374,454
12375,454
12376,453
12377,453
12378,453
12379,454
12380,454
12381,454
12382,454
12383,454
12384,453
12385,453
12386,454
12387,454
12388,454
12389,454
12390,454
12391,454
12392,453
12393,453
12394,453
12395,454
12396,454
12397,454
12398,454
12400,454
12401,454
12402,454
12403,453
12404,453
12405,454
12406,455
12407,455
12408,455
12409,454
12410,454
12411,454
12412,454
12413,454
12414,454
12415,454
12416,454
12417,454
12418,454
12419,454
12420,454
12421,454
12422,454
12423,454
12424,454
12425,454
12426,454
12427,454
12428,454
12429,454
12430,454
12431,454
12432,454
12433,454
12434,454
12435,454
12436,454
12437,454
12438,454
12439,454
12440,454
12442,454
12443,454
12444,453
12445,454
12446,454
12447,455
12448,455
12449,455
12450,454
12451,454
12452,453
12453,453
12454,454
12455,451
12456,454
12457,454
12458,454
12459,454
12460,454
12461,453
12462,454
12463,454
12464,454
12465,454
12466,455
12467,455
12468,454
12469,454
12470,454
12471,454
12472,454
12473,455
12474,454
12475,454
12476,454
12477,454
12478,454
12479,454
12480,454
12481,455
12482,454
12483,454
12485,454
12486,454
12487,454
12488,455
12489,454
12490,455
12491,454
12492,454
12493,454
12494,454
12495,454
12496,454
12497,454
12498,454
12499,455
12500,454
12501,454
12502,454
12503,454
12504,454
12505,454
12506,455
12507,455
12508,454
12509,454
12510,454
12511,454
12512,454
12513,454
12514,455
12515,455
12516,454
12517,454
12518,454
12519,454
12520,454
12521,454
12522,455
12523,455
12524,455
12525,454
12526,454
12528,454
12529,454
12530,454
12531,455
12532,454
12533,454
12534,454
12535,454
12536,454
12537,454
12538,454
12539,454
12540,454
12541,455
12542,454
12543,454
12544,454
12545,454
12546,455
12547,455
12548,455
12549,454
12550,454
12551,454
12552,454
12553,454
12554,454
12555,454
12556,455
12557,454
12558,454
12559,454
12560,454
12561,454
12562,454
12563,455
12564,454
12565,455
12566,455
12567,454
12568,454
12570,454
12571,452
12572,454
12573,455
12574,454
12575,454
12576,454
12577,453
12578,454
12579,454
12580,455
12581,454
12582,454
12583,455
12584,454
12585,454
12586,454
12587,455
12588,455
12589,455
12590,455
12591,448
12592,453
12593,454
12594,454
12595,454
12596,454
12597,455
12598,455
12599,455
12600,454
12601,454
12602,454
12603,454
12604,454
12605,454
12606,455
12607,455
12608,454
12609,454
12610,454
12611,454
12613,454
12614,455
12615,455
12616,455
12617,454
12618,454
12619,454
12620,454
12621,454
12622,454
12623,455
12624,455
12625,454
12626,454
12627,454
12628,454
12629,454
12630,454
12631,455
12632,455
12633,454
12634,454
12635,454
12636,454
12637,454
12638,455
12639,454
12640,455
12641,455
12642,454
12643,454
12644,454
12645,454
12646,455
12647,455
12648,455
12649,455
12650,454
12651,454
12652,454
12653,454
12654,454
12656,455
12657,455
12658,455
12659,454
12660,454
12661,454
12662,454
12663,454
12664,455
12665,455
12666,455
12667,455
12668,454
12669,454
12670,454
12671,454
12672,455
12673,455
12674,454
12675,454
12676,454
12677,454
12678,454
12679,454
12680,455
12681,455
12682,455
12683,455
12684,454
12685,454
12686,454
12687,455
12688,455
12689,455
12690,455
12691,455
12692,454
12693,454
12694,454
12695,454
12696,455
12698,455
12699,455
12700,455
12701,454
12702,454
12703,454
12704,455
12705,455
12706,455
12707,455
12708,455
12709,454
12710,454
12711,454
12712,454
12713,455
12714,455
12715,455
12716,455
12717,454
12718,454
12719,454
12720,454
12721,454
12722,455
12723,455
12724,455
12725,455
12726,455
12727,455
12728,454
12729,455
12730,455
12731,455
12732,455
12733,455
12734,454
12735,454
12736,454
12737,454
12738,455
12739,455
12741,455
12742,455
12743,454
12744,454
12745,454
12746,455
12747,455
12748,456
12749,455
12750,455
12751,454
12752,454
12753,454
12754,454
12755,455
12756,455
12757,455
12758,454
12759,454
12760,454
12761,454
12762,455
12763,455
12764,455
12765,455
12766,455
12767,455
12768,454
12769,454
12770,454
12771,455
12772,455
12773,455
12774,455
12775,454
12776,454
12777,454
12778,454
12779,455
12780,455
12781,455
12782,455
12784,454
12785,454
12786,454
12787,455
12788,455
12789,455
12790,455
12791,455
12792,454
12793,454
12794,454
12795,454
12796,455
12797,455
12798,455
12799,455
12800,454
12801,454
12802,454
12803,454
12804,454
12805,455
12806,455
12807,455
12808,455
12809,454
12810,454
12811,454
12812,455
12813,455
12814,455
12815,455
12816,455
12817,454
12818,454
12819,454
12820,454
12821,455
12822,455
12823,455
12824,454
12826,454
12827,454
12828,454
12829,454
12830,455
12831,455
12832,455
12833,455
12834,454
12835,454
12836,454
12837,454
12838,455
12839,455
12840,455
12841,455
12842,454
12843,454
12844,454
12845,454
12846,455
12847,455
12848,455
12849,454
12850,455
12851,454
12852,454
12853,454
12854,454
12855,455
12856,455
12857,455
12858,455
12859,454
12860,454
12861,454
12862,455
12863,455
12864,455
12865,455
12866,455
12867,455
12869,454
12870,454
12871,455
12872,455
12873,455
12874,455
12875,454
12876,454
12877,454
12878,454
12879,454
12880,455
12881,455
12882,455
12883,454
12884,454
12885,454
12886,455
12887,455
12888,455
12889,455
12890,455
12891,455
12892,454
12893,454
12894,454
12895,454
12896,455
12897,455
12898,455
12899,455
12900,454
12901,454
12902,454
12903,454
12904,454
12905,455
12906,455
12907,455
12908,454
12909,454
12910,454
12912,454
12913,455
12914,455
12915,455
12916,455
12917,454
12918,454
12919,454
12920,454
12921,454
12922,455
12923,454
12924,455
12925,454
12926,454
12927,454
12928,454
12929,454
12930,455
12931,455
12932,455
12933,455
12934,454
12935,454
12936,454
12937,454
12938,455
12939,455
12940,455
12941,455
12942,454
12943,454
12944,454
12945,454
12946,455
12947,455
12948,455
12949,455
12950,454
12951,454
12952,454
12954,454
12955,455
12956,455
12957,455
12958,455
12959,454
12960,454
12961,454
12962,454
12963,455
12964,455
12965,455
12966,455
12967,455
12968,455
12969,454
12970,454
12971,454
12972,455
12973,455
12974,455
12975,454
12976,454
12977,454
12978,454
12979,454
12980,455
12981,455
12982,455
12983,454
12984,454
12985,454
12986,455
12987,455
12988,455
12989,455
12990,455
12991,446
12992,453
12993,454
12994,454
12995,454
12997,453
12998,455
12999,455
13000,454
13001,454
13002,454
13003,454
13004,452
13005,454
13006,455
13007,455
13008,455
13009,454
13010,454
13011,452
13012,454
13013,454
13014,455
13015,455
13016,455
13017,454
13018,454
13019,454
13020,454
13021,455
13022,455
13023,454
13024,454
13025,454
13026,454
13027,454
13028,454
13029,454
13030,455
13031,455
13032,455
13033,454
13034,454
13035,454
13036,454
13037,454
13038,455
13040,455
13041,455
13042,454
13043,454
13044,454
13045,454
13046,455
13047,455
13048,455
13049,455
13050,454
13051,454
13052,453
13053,454
13054,454
13055,454
13056,455
13057,455
13058,454
13059,454
13060,454
13061,454
13062,454
13063,454
13064,455
13065,455
13066,455
13067,454
13068,454
13069,453
13070,454
13071,454
13072,454
13073,454
13074,454
13075,454
13076,454
13077,453
13078,454
13079,454
13080,454
13082,455
13083,454
13084,454
13085,453
13086,454
13087,454
13088,454
13089,454
13090,454
13091,454
13092,454
13093,454
13094,453
13095,454
13096,454
13097,454
13098,454
13099,454
13100,454
13101,453
13102,453
13103,454
13104,454
13105,454
13106,455
13107,455
13108,454
13109,453
13110,454
13111,453
13112,454
13113,454
13114,454
13115,454
13116,454
13117,453
13118,453
13119,453
13120,454
