Time (s),Intensity
1,447
2,446
3,445
4,446
5,446
6,446
7,446
8,446
9,446
10,389
11,396
12,401
13,432
14,403
15,424
16,404
17,405
18,409
19,407
20,435
21,410
22,418
23,414
24,417
25,428
26,418
27,437
28,414
30,418
31,420
32,419
33,440
34,422
35,433
36,423
37,417
38,424
39,419
40,440
41,423
42,424
43,424
44,425
45,436
46,423
47,438
48,424
49,423
50,424
51,427
52,442
53,430
54,432
55,428
56,427
57,438
58,426
59,438
60,423
61,427
62,424
63,427
64,441
65,430
66,432
67,430
68,433
69,440
70,431
71,440
73,428
74,431
75,426
76,431
77,442
78,431
79,434
80,428
81,429
82,434
83,435
84,442
85,430
86,431
87,429
88,433
89,441
90,430
91,434
92,432
93,433
94,440
95,431
96,442
97,430
98,433
99,430
100,435
101,442
102,430
103,434
104,431
105,433
106,441
107,435
108,439
109,429
110,435
111,434
112,431
113,441
114,433
116,433
117,430
118,435
119,442
120,431
121,436
122,430
123,433
124,440
125,433
126,441
127,434
128,433
129,429
130,435
131,442
132,434
133,439
134,431
135,434
136,431
137,439
138,443
139,434
140,436
141,434
142,436
143,431
144,435
145,442
146,432
147,438
148,430
149,437
150,435
151,431
152,443
153,432
154,434
155,433
156,433
158,440
159,435
160,442
161,434
162,433
163,431
164,435
165,442
166,435
167,440
168,434
169,435
170,431
171,435
172,442
173,438
174,443
175,442
176,444
177,445
178,444
179,446
180,446
181,451
182,447
183,450
184,447
185,447
186,452
187,446
188,445
189,446
190,446
191,447
192,447
193,450
194,446
195,447
196,445
197,446
198,446
199,446
201,446
202,446
203,445
204,445
205,445
206,446
207,446
208,438
209,447
210,446
211,445
212,445
213,445
214,446
215,446
216,446
217,446
218,446
219,446
220,445
221,446
222,446
223,446
224,446
225,447
226,447
227,446
228,446
229,446
230,446
231,446
232,446
233,446
234,446
235,446
236,446
237,445
238,446
239,446
240,446
241,446
242,446
244,446
245,445
246,446
247,445
248,444
249,446
250,444
251,446
252,446
253,445
254,445
255,444
256,446
257,446
258,446
259,446
260,446
261,446
262,445
263,446
264,446
265,447
266,447
267,446
268,446
269,445
270,445
271,446
272,446
273,446
274,446
275,446
276,446
277,445
278,445
279,445
280,446
281,446
282,446
283,446
284,446
286,445
287,446
288,446
289,446
290,445
291,445
292,446
293,446
294,446
295,445
296,444
297,446
298,446
299,446
300,446
301,446
302,445
303,445
304,446
305,446
306,446
307,447
308,446
309,446
310,443
311,444
312,445
313,446
314,445
315,446
316,446
317,446
318,445
319,446
320,446
321,446
322,446
323,445
324,446
325,447
326,446
327,446
329,446
330,446
331,446
332,446
333,446
334,446
335,446
336,446
337,445
338,445
339,446
340,446
341,446
342,446
343,446
344,446
345,446
346,446
347,446
348,446
349,446
350,446
351,446
352,445
353,445
354,445
355,446
356,446
357,446
358,446
359,446
360,446
361,445
362,446
363,446
364,446
365,447
366,447
367,446
368,446
369,445
370,446
372,446
373,446
374,446
375,446
376,446
377,446
378,445
379,446
380,446
381,446
382,446
383,446
384,446
385,446
386,446
387,446
388,446
389,446
390,446
391,446
392,446
393,446
394,445
395,445
396,446
397,446
398,446
399,446
400,446
401,446
402,445
403,445
404,445
405,446
406,447
407,446
408,446
409,446
410,446
411,446
412,446
414,445
415,446
416,446
417,446
418,446
419,446
420,445
421,445
422,446
423,446
424,446
425,446
426,446
427,446
428,445
429,446
430,446
431,446
432,446
433,446
434,446
435,446
436,445
437,445
438,446
439,446
440,446
441,446
442,446
443,446
444,445
445,446
446,446
447,446
448,446
449,446
450,446
451,446
452,446
453,446
454,445
455,446
457,446
458,446
459,446
460,446
461,446
462,445
463,446
464,446
465,446
466,447
467,447
468,446
469,445
470,445
471,445
472,446
473,446
474,446
475,446
476,446
477,446
478,446
479,446
480,446
481,446
482,446
483,446
484,446
485,446
486,446
487,446
488,446
489,446
490,446
491,446
492,446
493,445
494,445
495,445
496,446
497,446
498,447
500,446
501,446
502,446
503,446
504,446
505,446
506,447
507,447
508,446
509,446
510,446
511,445
512,446
513,445
514,446
515,446
516,446
517,446
518,446
519,445
520,446
521,446
522,446
523,446
524,446
525,447
526,446
527,446
528,446
529,445
530,446
531,446
532,446
533,446
534,446
535,446
536,446
537,446
538,446
539,446
540,447
542,447
543,446
544,446
545,446
546,446
547,447
548,446
549,446
550,446
551,446
552,446
553,446
554,446
555,446
556,446
557,446
558,446
559,446
560,446
561,445
562,445
563,446
564,446
565,446
566,447
567,446
568,446
569,445
570,446
571,446
572,446
573,446
574,446
575,446
576,446
577,446
578,446
579,446
580,446
581,446
582,446
583,446
585,446
586,446
587,446
588,446
589,446
590,446
591,446
592,446
593,446
594,445
595,445
596,445
597,446
598,446
599,446
600,446
601,446
602,445
603,445
604,445
605,446
606,447
607,447
608,446
609,446
610,446
611,445
612,445
613,446
614,446
615,446
616,446
617,446
618,446
619,445
620,445
621,446
622,446
623,446
624,446
625,447
626,446
628,446
629,446
630,446
631,446
632,446
633,446
634,446
635,446
636,446
637,445
638,445
639,446
640,446
641,446
642,446
643,446
644,445
645,446
646,446
647,446
648,446
649,446
650,446
651,446
652,446
653,445
654,446
655,446
656,446
657,446
658,446
659,446
660,445
661,446
662,446
663,446
664,446
665,447
666,447
667,446
668,446
670,445
671,445
672,445
673,446
674,446
675,446
676,446
677,444
678,445
679,445
680,446
681,446
682,446
683,446
684,444
685,446
686,446
687,446
688,446
689,446
690,443
691,445
692,446
693,445
694,445
695,446
696,446
697,445
698,446
699,446
700,446
701,445
702,445
703,445
704,445
705,446
706,447
707,446
708,446
709,446
710,446
711,446
713,445
714,446
715,446
716,446
717,446
718,446
719,445
720,445
721,446
722,446
723,446
724,446
725,446
726,446
727,446
728,446
729,446
730,446
731,446
732,446
733,446
734,446
735,446
736,445
737,446
738,446
739,446
740,446
741,446
742,446
743,446
744,445
745,446
746,446
747,446
748,446
749,446
750,446
751,446
752,446
753,445
754,446
756,446
757,446
758,446
759,446
760,446
761,446
762,446
763,446
764,446
765,446
766,447
767,447
768,446
769,446
770,445
771,446
772,446
773,446
774,446
775,446
776,446
777,445
778,445
779,446
780,446
781,446
782,446
783,446
784,446
785,446
786,446
787,446
788,446
789,446
790,446
791,446
792,446
793,446
794,445
795,445
796,446
798,446
799,446
800,446
801,446
802,445
803,445
804,445
805,445
806,446
807,447
808,446
809,446
810,446
811,445
812,446
813,446
814,446
815,446
816,446
817,446
818,446
819,445
820,445
821,446
822,446
823,446
824,446
825,446
826,446
827,446
828,445
829,446
830,446
831,446
832,446
833,446
834,446
835,445
836,445
837,445
838,446
839,446
841,446
842,446
843,446
844,446
845,446
846,446
847,446
848,446
849,446
850,446
851,446
852,446
853,445
854,445
855,446
856,446
857,446
858,446
859,446
860,446
861,446
862,446
863,446
864,446
865,447
866,447
867,446
868,446
869,445
870,445
871,445
872,446
873,446
874,446
875,446
876,446
877,445
878,445
879,446
880,446
881,446
882,446
884,446
885,446
886,446
887,446
888,446
889,446
890,446
891,446
892,446
893,445
894,445
895,445
896,445
897,446
898,446
899,446
900,446
901,446
902,445
903,445
904,446
905,447
906,447
907,447
908,447
909,446
910,446
911,445
912,446
913,446
914,446
915,446
916,446
917,446
918,445
919,445
920,445
921,445
922,446
923,446
924,446
926,446
927,446
928,446
929,446
930,446
931,446
932,446
933,446
934,446
935,446
936,445
937,445
938,446
939,446
940,446
941,446
942,446
943,446
944,445
945,446
946,446
947,447
948,446
949,446
950,446
951,446
952,445
953,446
954,446
955,446
956,446
957,446
958,446
959,446
960,446
961,445
962,445
963,446
964,446
965,447
966,446
967,446
969,445
970,445
971,445
972,446
973,446
974,446
975,446
976,446
977,445
978,445
979,445
980,446
981,446
982,446
983,446
984,446
985,446
986,446
987,446
988,446
989,446
990,446
991,446
992,446
993,446
994,446
995,445
996,446
997,446
998,446
999,446
1000,446
1001,446
1002,446
1003,446
1004,446
1005,446
1006,447
1007,446
1008,446
1009,446
1010,446
1012,446
1013,445
1014,446
1015,446
1016,446
1017,446
1018,446
1019,445
1020,445
1021,445
1022,446
1023,446
1024,446
1025,446
1026,446
1027,446
1028,445
1029,446
1030,446
1031,446
1032,446
1033,446
1034,446
1035,446
1036,445
1037,445
1038,446
1039,446
1040,446
1041,446
1042,446
1043,446
1044,446
1045,446
1046,446
1047,446
1048,446
1049,446
1050,446
1051,446
1052,446
1054,446
1055,446
1056,446
1057,446
1058,446
1059,446
1060,446
1061,446
1062,446
1063,446
1064,446
1065,446
1066,447
1067,447
1068,446
1069,445
1070,446
1071,446
1072,446
1073,446
1074,446
1075,446
1076,446
1077,445
1078,445
1079,446
1080,446
1081,446
1082,446
1083,446
1084,446
1085,446
1086,446
1087,446
1088,446
1089,446
1090,446
1091,446
1092,446
1093,445
1094,445
1095,446
1097,446
1098,446
1099,446
1100,446
1101,446
1102,445
1103,445
1104,446
1105,446
1106,446
1107,447
1108,446
1109,446
1110,446
1111,446
1112,446
1113,446
1114,446
1115,446
1116,446
1117,446
1118,446
1119,445
1120,445
1121,445
1122,446
1123,446
1124,446
1125,446
1126,446
1127,446
1128,445
1129,446
1130,446
1131,446
1132,446
1133,446
1134,446
1135,446
1136,446
1137,446
1138,446
1140,446
1141,446
1142,446
1143,446
1144,446
1145,445
1146,446
1147,446
1148,446
1149,446
1150,446
1151,446
1152,446
1153,446
1154,445
1155,446
1156,446
1157,446
1158,446
1159,446
1160,446
1161,445
1162,446
1163,446
1164,446
1165,447
1166,447
1167,446
1168,446
1169,446
1170,446
1171,446
1172,446
1173,446
1174,446
1175,446
1176,446
1177,446
1178,446
1179,446
1180,446
1182,446
1183,446
1184,446
1185,446
1186,446
1187,446
1188,446
1189,446
1190,446
1191,446
1192,446
1193,446
1194,445
1195,445
1196,445
1197,446
1198,446
1199,446
1200,446
1201,446
1202,445
1203,444
1204,446
1205,447
1206,446
1207,447
1208,446
1209,446
1210,445
1211,444
1212,444
1213,445
1214,446
1215,446
1216,446
1217,446
1218,446
1219,445
1220,446
1221,446
1222,446
1223,446
1225,446
1226,447
1227,446
1228,446
1229,445
1230,446
1231,446
1232,446
1233,446
1234,446
1235,446
1236,446
1237,446
1238,446
1239,446
1240,446
1241,446
1242,446
1243,446
1244,445
1245,446
1246,446
1247,446
1248,446
1249,446
1250,446
1251,446
1252,445
1253,446
1254,446
1255,446
1256,446
1257,447
1258,446
1259,446
1260,445
1261,445
1262,446
1263,446
1264,446
1265,447
1266,447
1268,446
1269,446
1270,445
1271,445
1272,445
1273,446
1274,446
1275,446
1276,446
1277,445
1278,445
1279,446
1280,446
1281,446
1282,446
1283,446
1284,446
1285,446
1286,446
1287,446
1288,446
1289,446
1290,446
1291,441
1292,446
1293,445
1294,445
1295,446
1296,445
1297,446
1298,446
1299,447
1300,446
1301,446
1302,445
1303,446
1304,446
1305,447
1306,447
1307,446
1308,446
1310,446
1311,445
1312,446
1313,446
1314,446
1315,446
1316,446
1317,446
1318,446
1319,446
1320,445
1321,446
1322,446
1323,446
1324,446
1325,446
1326,446
1327,446
1328,446
1329,446
1330,446
1331,446
1332,447
1333,446
1334,446
1335,446
1336,446
1337,446
1338,446
1339,446
1340,446
1341,447
1342,446
1343,446
1344,446
1345,446
1346,447
1347,447
1348,447
1349,446
1350,446
1351,446
1353,446
1354,446
1355,446
1356,446
1357,447
1358,447
1359,446
1360,446
1361,446
1362,446
1363,446
1364,446
1365,446
1366,447
1367,447
1368,446
1369,446
1370,446
1371,446
1372,446
1373,446
1374,446
1375,446
1376,446
1377,446
1378,446
1379,446
1380,446
1381,447
1382,447
1383,447
1384,446
1385,446
1386,446
1387,446
1388,446
1389,447
1390,447
1391,446
1392,446
1393,446
1394,446
1396,446
1397,446
1398,446
1399,447
1400,447
1401,446
1402,446
1403,446
1404,446
1405,446
1406,447
1407,447
1408,446
1409,447
1410,446
1411,446
1412,446
1413,446
1414,446
1415,446
1416,446
1417,446
1418,446
1419,445
1420,446
1421,446
1422,446
1423,446
1424,446
1425,447
1426,446
1427,446
1428,446
1429,446
1430,444
1431,446
1432,446
1433,446
1434,446
1435,446
1436,446
1438,446
1439,446
1440,447
1441,446
1442,446
1443,446
1444,446
1445,446
1446,447
1447,447
1448,447
1449,447
1450,446
1451,446
1452,446
1453,446
1454,446
1455,446
1456,446
1457,447
1458,447
1459,446
1460,446
1461,446
1462,446
1463,446
1464,446
1465,447
1466,447
1467,447
1468,446
1469,446
1470,446
1471,446
1472,446
1473,447
1474,446
1475,446
1476,446
1477,446
1478,446
1479,446
1481,446
1482,446
1483,447
1484,446
1485,446
1486,446
1487,446
1488,446
1489,446
1490,447
1491,447
1492,446
1493,446
1494,446
1495,446
1496,446
1497,446
1498,446
1499,446
1500,447
1501,446
1502,446
1503,446
1504,446
1505,447
1506,447
1507,447
1508,446
1509,446
1510,439
1511,445
1512,446
1513,446
1514,446
1515,446
1516,447
1517,446
1518,445
1519,445
1520,446
1521,446
1522,446
1524,446
1525,446
1526,447
1527,446
1528,446
1529,446
1530,446
1531,446
1532,447
1533,447
1534,446
1535,446
1536,446
1537,446
1538,446
1539,446
1540,446
1541,447
1542,446
1543,446
1544,446
1545,446
1546,447
1547,447
1548,447
1549,447
1550,446
1551,446
1552,446
1553,446
1554,446
1555,446
1556,447
1557,447
1558,446
1559,446
1560,446
1561,446
1562,446
1563,446
1564,446
1566,447
1567,446
1568,446
1569,446
1570,445
1571,445
1572,446
1573,446
1574,446
1575,445
1576,446
1577,446
1578,446
1579,446
1580,446
1581,446
1582,446
1583,446
1584,446
1585,446
1586,446
1587,446
1588,446
1589,446
1590,447
1591,446
1592,446
1593,446
1594,445
1595,446
1596,446
1597,446
1598,446
1599,446
1600,446
1601,446
1602,446
1603,446
1604,446
1605,447
1606,447
1607,447
1609,446
1610,446
1611,446
1612,446
1613,446
1614,446
1615,446
1616,446
1617,446
1618,446
1619,446
1620,446
1621,446
1622,446
1623,447
1624,447
1625,446
1626,447
1627,446
1628,446
1629,446
1630,446
1631,446
1632,446
1633,444
1634,446
1635,446
1636,446
1637,446
1638,446
1639,447
1640,447
1641,446
1642,446
1643,446
1644,446
1645,446
1646,447
1647,447
1648,447
1649,447
1650,446
1652,446
1653,446
1654,446
1655,446
1656,446
1657,446
1658,446
1659,446
1660,446
1661,446
1662,446
1663,446
1664,446
1665,447
1666,447
1667,447
1668,446
1669,446
1670,446
1671,446
1672,447
1673,447
1674,447
1675,447
1676,446
1677,446
1678,446
1679,446
1680,446
1681,447
1682,447
1683,446
1684,446
1685,446
1686,446
1687,446
1688,446
1689,446
1690,447
1691,447
1692,446
1694,446
1695,446
1696,446
1697,446
1698,447
1699,447
1700,446
1701,446
1702,446
1703,446
1704,446
1705,446
1706,447
1707,447
1708,447
1709,446
1710,441
1711,446
1712,446
1713,446
1714,446
1715,446
1716,446
1717,446
1718,445
1719,446
1720,446
1721,446
1722,446
1723,446
1724,446
1725,447
1726,446
1727,446
1728,446
1729,446
1730,445
1731,446
1732,446
1733,446
1734,446
1735,446
1737,446
1738,446
1739,446
1740,447
1741,447
1742,446
1743,446
1744,446
1745,446
1746,447
1747,447
1748,447
1749,447
1750,446
1751,446
1752,446
1753,446
1754,446
1755,446
1756,447
1757,446
1758,446
1759,446
1760,446
1761,446
1762,446
1763,446
1764,447
1765,447
1766,447
1767,447
1768,446
1769,446
1770,446
1771,446
1772,447
1773,447
1774,447
1775,446
1776,446
1777,446
1778,446
1780,446
1781,447
1782,447
1783,447
1784,447
1785,446
1786,446
1787,446
1788,446
1789,446
1790,447
1791,447
1792,446
1793,446
1794,446
1795,446
1796,446
1797,447
1798,446
1799,447
1800,447
1801,446
1802,446
1803,446
1804,446
1805,447
1806,447
1807,447
1808,446
1809,446
1810,446
1811,446
1812,446
1813,447
1814,447
1815,446
1816,446
1817,446
1818,446
1819,446
1820,446
1822,446
1823,446
1824,447
1825,447
1826,447
1827,446
1828,446
1829,446
1830,447
1831,447
1832,447
1833,447
1834,446
1835,446
1836,446
1837,446
1838,446
1839,446
1840,447
1841,447
1842,446
1843,446
1844,446
1845,446
1846,447
1847,447
1848,447
1849,447
1850,447
1851,446
1852,446
1853,446
1854,446
1855,446
1856,447
1857,447
1858,446
1859,446
1860,446
1861,446
1862,446
1863,447
1865,447
1866,447
1867,447
1868,446
1869,446
1870,446
1871,446
1872,446
1873,447
1874,447
1875,447
1876,446
1877,446
1878,446
1879,446
1880,447
1881,447
1882,447
1883,447
1884,446
1885,446
1886,447
1887,447
1888,446
1889,447
1890,447
1891,447
1892,446
1893,446
1894,446
1895,446
1896,446
1897,446
1898,447
1899,447
1900,446
1901,446
1902,446
1903,446
1904,446
1905,447
1906,447
1908,447
1909,446
1910,446
1911,446
1912,446
1913,446
1914,447
1915,447
1916,447
1917,446
1918,446
1919,446
1920,446
1921,446
1922,447
1923,447
1924,447
1925,446
1926,447
1927,446
1928,446
1929,446
1930,447
1931,447
1932,447
1933,447
1934,446
1935,446
1936,446
1937,446
1938,447
1939,447
1940,447
1941,447
1942,446
1943,446
1944,446
1945,447
1946,447
1947,447
1948,447
1950,447
1951,446
1952,446
1953,446
1954,446
1955,446
1956,446
1957,447
1958,447
1959,446
1960,446
1961,446
1962,446
1963,446
1964,446
1965,447
1966,447
1967,447
1968,446
1969,446
1970,446
1971,446
1972,446
1973,446
1974,446
1975,446
1976,446
1977,446
1978,446
1979,446
1980,447
1981,447
1982,447
1983,446
1984,446
1985,446
1986,446
1987,447
1988,446
1989,446
1990,447
1991,446
1993,446
1994,446
1995,446
1996,446
1997,446
1998,447
1999,447
2000,446
2001,446
2002,446
2003,446
2004,446
2005,446
2006,447
2007,447
2008,447
2009,446
2010,446
2011,446
2012,446
2013,447
2014,447
2015,447
2016,446
2017,446
2018,446
2019,446
2020,446
2021,446
2022,447
2023,447
2024,447
2025,447
2026,447
2027,446
2028,446
2029,446
2030,446
2031,447
2032,447
2033,446
2034,446
2036,446
2037,446
2038,446
2039,447
2040,447
2041,447
2042,447
2043,446
2044,446
2045,446
2046,447
2047,447
2048,447
2049,447
2050,446
2051,446
2052,446
2053,446
2054,446
2055,446
2056,447
2057,447
2058,446
2059,446
2060,446
2061,446
2062,446
2063,446
2064,447
2065,447
2066,447
2067,447
2068,446
2069,446
2070,446
2071,446
2072,447
2073,447
2074,447
2075,446
2076,446
2078,446
2079,446
2080,447
2081,447
2082,447
2083,447
2084,446
2085,446
2086,446
2087,446
2088,447
2089,447
2090,447
2091,446
2092,442
2093,445
2094,446
2095,446
2096,446
2097,447
2098,446
2099,446
2100,446
2101,446
2102,446
2103,446
2104,445
2105,447
2106,447
2107,447
2108,447
2109,446
2110,446
2111,446
2112,446
2113,447
2114,447
2115,446
2116,446
2117,446
2118,446
2119,446
2121,446
2122,447
2123,447
2124,446
2125,446
2126,447
2127,446
2128,446
2129,446
2130,447
2131,446
2132,446
2133,444
2134,446
2135,446
2136,446
2137,446
2138,446
2139,447
2140,447
2141,447
2142,446
2143,446
2144,446
2145,446
2146,447
2147,447
2148,447
2149,447
2150,446
2151,446
2152,446
2153,446
2154,446
2155,447
2156,447
2157,447
2158,446
2159,446
2160,446
2161,446
2162,446
2164,447
2165,447
2166,447
2167,447
2168,446
2169,446
2170,446
2171,446
2172,447
2173,447
2174,447
2175,446
2176,446
2177,446
2178,446
2179,446
2180,446
2181,447
2182,447
2183,447
2184,446
2185,446
2186,447
2187,447
2188,446
2189,447
2190,447
2191,446
2192,446
2193,446
2194,446
2195,446
2196,446
2197,447
2198,447
2199,447
2200,447
2201,446
2202,446
2203,446
2204,446
2206,447
2207,447
2208,447
2209,446
2210,441
2211,446
2212,446
2213,446
2214,447
2215,447
2216,447
2217,446
2218,446
2219,446
2220,445
2221,446
2222,446
2223,446
2224,446
2225,446
2226,446
2227,446
2228,446
2229,445
2230,446
2231,447
2232,447
2233,446
2234,446
2235,446
2236,446
2237,446
2238,446
2239,447
2240,447
2241,446
2242,446
2243,446
2244,446
2245,446
2246,447
2247,447
2249,446
2250,446
2251,446
2252,446
2253,446
2254,446
2255,446
2256,447
2257,447
2258,446
2259,446
2260,446
2261,446
2262,446
2263,446
2264,447
2265,447
2266,447
2267,447
2268,446
2269,446
2270,446
2271,446
2272,446
2273,446
2274,446
2275,446
2276,446
2277,446
2278,446
2279,446
2280,446
2281,447
2282,446
2283,446
2284,446
2285,446
2286,446
2287,447
2288,446
2289,447
2290,446
2292,446
2293,446
2294,446
2295,446
2296,446
2297,446
2298,447
2299,447
2300,446
2301,446
2302,446
2303,446
2304,446
2305,446
2306,447
2307,447
2308,447
2309,446
2310,446
2311,446
2312,446
2313,446
2314,447
2315,447
2316,446
2317,446
2318,446
2319,446
2320,446
2321,446
2322,446
2323,447
2324,446
2325,446
2326,446
2327,446
2328,446
2329,446
2330,447
2331,446
2332,446
2334,446
2335,446
2336,446
2337,446
2338,446
2339,446
2340,446
2341,446
2342,446
2343,446
2344,446
2345,446
2346,446
2347,447
2348,447
2349,447
2350,446
2351,446
2352,446
2353,446
2354,446
2355,446
2356,446
2357,446
2358,446
2359,446
2360,446
2361,446
2362,446
2363,446
2364,447
2365,447
2366,447
2367,446
2368,446
2369,446
2370,446
2371,446
2372,446
2373,446
2374,446
2375,446
2377,446
2378,446
2379,446
2380,446
2381,447
2382,447
2383,447
2384,446
2385,446
2386,447
2387,446
2388,446
2389,447
2390,446
2391,446
2392,446
2393,446
2394,446
2395,446
2396,446
2397,446
2398,447
2399,447
2400,446
2401,446
2402,446
2403,446
2404,446
2405,447
2406,447
2407,447
2408,446
2409,446
2410,446
2411,446
2412,446
2413,446
2414,447
2415,447
2416,446
2417,446
2418,446
2420,446
2421,446
2422,446
2423,446
2424,446
2425,446
2426,447
2427,446
2428,446
2429,446
2430,446
2431,447
2432,447
2433,446
2434,446
2435,446
2436,446
2437,446
2438,446
2439,447
2440,447
2441,446
2442,446
2443,446
2444,446
2445,446
2446,447
2447,447
2448,446
2449,446
2450,446
2451,446
2452,446
2453,446
2454,446
2455,446
2456,447
2457,446
2458,446
2459,446
2460,446
2462,446
2463,446
2464,446
2465,446
2466,447
2467,446
2468,446
2469,446
2470,446
2471,446
2472,446
2473,446
2474,446
2475,446
2476,446
2477,446
2478,446
2479,446
2480,446
2481,447
2482,447
2483,446
2484,446
2485,446
2486,446
2487,447
2488,446
2489,446
2490,447
2491,446
2492,446
2493,446
2494,446
2495,446
2496,446
2497,446
2498,446
2499,446
2500,446
2501,446
2502,446
2503,446
2505,446
2506,447
2507,447
2508,446
2509,446
2510,446
2511,445
2512,445
2513,446
2514,446
2515,447
2516,446
2517,444
2518,446
2519,446
2520,446
2521,446
2522,446
2523,447
2524,446
2525,446
2526,446
2527,446
2528,446
2529,446
2530,447
2531,447
2532,447
2533,446
2534,446
2535,446
2536,446
2537,446
2538,446
2539,446
2540,446
2541,446
2542,446
2543,446
2544,446
2545,446
2546,447
2548,447
2549,447
2550,446
2551,446
2552,446
2553,446
2554,446
2555,446
2556,446
2557,447
2558,446
2559,446
2560,446
2561,446
2562,446
2563,446
2564,446
2565,446
2566,447
2567,447
2568,446
2569,446
2570,446
2571,446
2572,446
2573,446
2574,446
2575,446
2576,446
2577,446
2578,446
2579,446
2580,446
2581,446
2582,446
2583,446
2584,445
2585,446
2586,446
2587,446
2588,446
2590,446
2591,446
2592,446
2593,446
2594,445
2595,446
2596,446
2597,446
2598,446
2599,446
2600,446
2601,446
2602,446
2603,446
2604,446
2605,446
2606,447
2607,447
2608,446
2609,446
2610,446
2611,446
2612,445
2613,443
2614,446
2615,446
2616,446
2617,446
2618,445
2619,445
2620,445
2621,446
2622,446
2623,446
2624,446
2625,446
2626,446
2627,446
2628,446
2629,446
2630,446
2631,446
2633,446
2634,445
2635,446
2636,446
2637,446
2638,446
2639,446
2640,446
2641,446
2642,446
2643,446
2644,446
2645,446
2646,446
2647,447
2648,446
2649,446
2650,446
2651,446
2652,446
2653,446
2654,446
2655,446
2656,446
2657,446
2658,446
2659,446
2660,445
2661,446
2662,446
2663,446
2664,446
2665,447
2666,447
2667,446
2668,446
2669,446
2670,446
2671,446
2672,446
2673,446
2674,446
2676,446
2677,446
2678,446
2679,446
2680,446
2681,446
2682,446
2683,446
2684,446
2685,446
2686,446
2687,446
2688,446
2689,446
2690,446
2691,446
2692,446
2693,446
2694,446
2695,446
2696,446
2697,446
2698,446
2699,446
2700,446
2701,445
2702,446
2703,445
2704,446
2705,446
2706,447
2707,447
2708,446
2709,446
2710,445
2711,446
2712,446
2713,446
2714,446
2715,446
2716,446
2718,445
2719,446
2720,445
2721,446
2722,446
2723,446
2724,446
2725,446
2726,446
2727,446
2728,446
2729,446
2730,446
2731,447
2732,446
2733,446
2734,445
2735,445
2736,446
2737,446
2738,446
2739,446
2740,446
2741,446
2742,446
2743,445
2744,445
2745,446
2746,446
2747,447
2748,446
2749,446
2750,445
2751,445
2752,445
2753,446
2754,446
2755,446
2756,446
2757,446
2758,446
2759,445
2761,445
2762,446
2763,446
2764,446
2765,446
2766,446
2767,446
2768,446
2769,445
2770,446
2771,446
2772,446
2773,446
2774,446
2775,446
2776,445
2777,445
2778,445
2779,446
2780,446
2781,446
2782,446
2783,446
2784,445
2785,445
2786,446
2787,446
2788,446
2789,446
2790,446
2791,446
2792,446
2793,446
2794,446
2795,446
2796,446
2797,446
2798,446
2799,446
2800,445
2801,445
2802,445
2804,446
2805,446
2806,447
2807,446
2808,446
2809,445
2810,445
2811,445
2812,446
2813,446
2814,446
2815,446
2816,446
2817,446
2818,445
2819,445
2820,446
2821,446
2822,446
2823,446
2824,446
2825,446
2826,446
2827,446
2828,446
2829,446
2830,446
2831,446
2832,446
2833,446
2834,446
2835,446
2836,446
2837,446
2838,446
2839,446
2840,446
2841,446
2842,445
2843,446
2844,446
2846,446
2847,446
2848,446
2849,446
2850,446
2851,446
2852,445
2853,445
2854,446
2855,446
2856,446
2857,446
2858,446
2859,445
2860,445
2861,445
2862,445
2863,446
2864,446
2865,446
2866,446
2867,446
2868,445
2869,445
2870,446
2871,446
2872,446
2873,446
2874,446
2875,445
2876,446
2877,446
2878,446
2879,446
2880,446
2881,446
2882,446
2883,446
2884,445
2885,446
2886,446
2887,446
2889,446
2890,446
2891,446
2892,446
2893,446
2894,445
2895,446
2896,446
2897,446
2898,446
2899,446
2900,446
2901,445
2902,445
2903,445
2904,445
2905,446
2906,447
2907,447
2908,446
2909,446
2910,445
2911,446
2912,446
2913,446
2914,446
2915,446
2916,445
2917,445
2918,445
2919,446
2920,446
2921,446
2922,446
2923,446
2924,446
2925,446
2926,446
2927,446
2928,446
2929,446
2930,446
2932,446
2933,446
2934,445
2935,445
2936,445
2937,445
2938,446
2939,446
2940,446
2941,446
2942,446
2943,445
2944,445
2945,446
2946,446
2947,446
2948,446
2949,446
2950,445
2951,445
2952,445
2953,445
2954,445
2955,446
2956,446
2957,446
2958,445
2959,445
2960,445
2961,445
2962,445
2963,446
2964,446
2965,446
2966,446
2967,445
2968,445
2969,445
2970,445
2971,446
2972,446
2974,446
2975,446
2976,445
2977,445
2978,445
2979,445
2980,446
2981,446
2982,446
2983,446
2984,445
2985,445
2986,446
2987,446
2988,446
2989,446
2990,446
2991,445
2992,445
2993,445
2994,445
2995,445
2996,446
2997,446
2998,446
2999,446
3000,445
3001,445
3002,445
3003,445
3004,446
3005,446
3006,447
3007,446
3008,445
3009,445
3010,445
3011,441
3012,445
3013,446
3014,446
3015,446
3017,446
3018,445
3019,445
3020,445
3021,445
3022,446
3023,446
3024,446
3025,445
3026,446
3027,446
3028,445
3029,445
3030,445
3031,446
3032,446
3033,445
3034,445
3035,445
3036,445
3037,445
3038,446
3039,446
3040,446
3041,446
3042,445
3043,445
3044,445
3045,445
3046,446
3047,446
3048,446
3049,446
3050,445
3051,445
3052,443
3053,445
3054,446
3055,446
3056,446
3057,446
3058,445
3060,445
3061,445
3062,445
3063,446
3064,446
3065,446
3066,446
3067,446
3068,445
3069,445
3070,446
3071,446
3072,446
3073,446
3074,446
3075,446
3076,445
3077,445
3078,445
3079,446
3080,446
3081,446
3082,446
3083,446
3084,445
3085,445
3086,446
3087,446
3088,446
3089,446
3090,446
3091,445
3092,445
3093,445
3094,445
3095,445
3096,446
3097,446
3098,446
3099,445
3100,445
3102,445
3103,445
3104,445
3105,445
3106,446
3107,446
3108,446
3109,445
3110,445
3111,445
3112,445
3113,446
3114,446
3115,446
3116,446
3117,445
3118,445
3119,445
3120,445
3121,445
3122,446
3123,446
3124,445
3125,445
3126,446
3127,445
3128,445
3129,446
3130,445
3131,446
3132,446
3133,444
3134,445
3135,445
3136,445
3137,445
3138,446
3139,446
3140,446
3141,445
3142,445
3143,445
3145,445
3146,446
3147,446
3148,446
3149,446
3150,445
3151,443
3152,445
3153,445
3154,446
3155,446
3156,446
3157,446
3158,445
3159,445
3160,445
3161,445
3162,445
3163,446
3164,446
3165,446
3166,446
3167,446
3168,445
3169,445
3170,445
3171,446
3172,446
3173,445
3174,445
3175,445
3176,445
3177,445
3178,445
3179,445
3180,446
3181,446
3182,445
3183,445
3184,445
3185,445
3186,446
3188,446
3189,445
3190,446
3191,445
3192,445
3193,445
3194,445
3195,445
3196,445
3197,446
3198,446
3199,445
3200,445
3201,445
3202,445
3203,445
3204,445
3205,446
3206,446
3207,446
3208,445
3209,445
3210,445
3211,445
3212,445
3213,446
3214,446
3215,446
3216,445
3217,445
3218,445
3219,445
3220,445
3221,445
3222,446
3223,446
3224,445
3225,445
3226,445
3227,446
3228,445
3230,445
3231,445
3232,446
3233,445
3234,445
3235,445
3236,445
3237,445
3238,446
3239,446
3240,446
3241,445
3242,445
3243,445
3244,445
3245,445
3246,446
3247,446
3248,446
3249,445
3250,445
3251,445
3252,445
3253,445
3254,445
3255,446
3256,446
3257,445
3258,445
3259,445
3260,445
3261,445
3262,445
3263,445
3264,446
3265,446
3266,446
3267,445
3268,445
3269,445
3270,445
3271,445
3273,445
3274,445
3275,445
3276,445
3277,445
3278,445
3279,445
3280,445
3281,445
3282,445
3283,445
3284,445
3285,445
3286,445
3287,446
3288,445
3289,446
3290,445
3291,445
3292,445
3293,445
3294,445
3295,445
3296,445
3297,446
3298,446
3299,445
3300,445
3301,444
3302,445
3303,445
3304,445
3305,445
3306,446
3307,446
3308,445
3309,445
3310,445
3311,445
3312,445
3313,445
3314,445
3316,445
3317,445
3318,445
3319,445
3320,445
3321,445
3322,445
3323,446
3324,445
3325,445
3326,445
3327,445
3328,445
3329,445
3330,446
3331,446
3332,445
3333,445
3334,445
3335,445
3336,445
3337,445
3338,445
3339,445
3340,445
3341,445
3342,445
3343,445
3344,445
3345,445
3346,446
3347,446
3348,446
3349,445
3350,445
3351,445
3352,445
3353,445
3354,445
3355,445
3356,445
3358,445
3359,445
3360,445
3361,445
3362,445
3363,445
3364,446
3365,445
3366,446
3367,445
3368,445
3369,445
3370,445
3371,445
3372,446
3373,445
3374,445
3375,445
3376,445
3377,445
3378,445
3379,445
3380,445
3381,445
3382,446
3383,445
3384,445
3385,445
3386,445
3387,446
3388,446
3389,445
3390,445
3391,445
3392,445
3393,445
3394,445
3395,445
3396,446
3397,446
3398,445
3399,445
3401,445
3402,444
3403,445
3404,445
3405,445
3406,446
3407,446
3408,445
3409,445
3410,445
3411,445
3412,445
3413,445
3414,446
3415,446
3416,445
3417,445
3418,445
3419,444
3420,445
3421,445
3422,445
3423,445
3424,445
3425,445
3426,445
3427,445
3428,445
3429,445
3430,445
3431,445
3432,445
3433,445
3434,445
3435,445
3436,445
3437,445
3438,445
3439,445
3440,445
3441,445
3442,445
3444,445
3445,445
3446,446
3447,446
3448,446
3449,445
3450,445
3451,444
3452,444
3453,445
3454,445
3455,445
3456,445
3457,445
3458,445
3459,445
3460,444
3461,445
3462,445
3463,445
3464,445
3465,445
3466,446
3467,445
3468,445
3469,445
3470,445
3471,445
3472,445
3473,445
3474,445
3475,445
3476,444
3477,444
3478,445
3479,445
3480,445
3481,445
3482,445
3483,445
3484,445
3486,445
3487,445
3488,446
3489,446
3490,445
3491,445
3492,445
3493,445
3494,445
3495,445
3496,445
3497,445
3498,445
3499,445
3500,445
3501,445
3502,444
3503,445
3504,445
3505,445
3506,446
3507,446
3508,445
3509,444
3510,445
3511,441
3512,445
3513,445
3514,445
3515,445
3516,444
3517,445
3518,444
3519,445
3520,445
3521,445
3522,445
3523,445
3524,445
3525,445
3526,445
3527,445
3529,445
3530,445
3531,445
3532,441
3533,445
3534,445
3535,444
3536,445
3537,445
3538,445
3539,445
3540,445
3541,445
3542,445
3543,444
3544,445
3545,445
3546,446
3547,446
3548,445
3549,445
3550,445
3551,445
3552,445
3553,445
3554,445
3555,444
3556,445
3557,445
3558,445
3559,444
3560,444
3561,445
3562,445
3563,446
3564,446
3565,446
3566,445
3567,445
3568,445
3569,445
3570,445
3572,445
3573,445
3574,445
3575,445
3576,445
3577,445
3578,445
3579,445
3580,445
3581,446
3582,446
3583,445
3584,445
3585,445
3586,445
3587,445
3588,445
3589,445
3590,445
3591,445
3592,445
3593,444
3594,445
3595,445
3596,445
3597,445
3598,445
3599,445
3600,444
3601,444
3602,445
3603,445
3604,445
3605,445
3606,446
3607,445
3608,445
3609,444
3610,444
3611,445
3612,445
3614,445
3615,445
3616,445
3617,444
3618,444
3619,444
3620,445
3621,445
3622,445
3623,445
3624,445
3625,444
3626,445
3627,445
3628,445
3629,445
3630,445
3631,445
3632,445
3633,445
3634,444
3635,445
3636,445
3637,445
3638,445
3639,445
3640,445
3641,445
3642,444
3643,444
3644,444
3645,445
3646,446
3647,446
3648,445
3649,445
3650,444
3651,444
3652,445
3653,444
3654,445
3655,445
3657,445
3658,445
3659,444
3660,444
3661,444
3662,445
3663,445
3664,445
3665,445
3666,445
3667,445
3668,445
3669,444
3670,445
3671,445
3672,445
3673,445
3674,445
3675,445
3676,444
3677,444
3678,445
3679,445
3680,445
3681,445
3682,445
3683,445
3684,444
3685,444
3686,445
3687,445
3688,445
3689,445
3690,445
3691,445
3692,444
3693,444
3694,445
3695,445
3696,445
3697,445
3698,445
3700,445
3701,444
3702,445
3703,445
3704,445
3705,445
3706,446
3707,446
3708,445
3709,444
3710,444
3711,445
3712,445
3713,445
3714,446
3715,445
3716,445
3717,445
3718,444
3719,444
3720,445
3721,445
3722,445
3723,445
3724,445
3725,444
3726,445
3727,445
3728,445
3729,445
3730,445
3731,446
3732,445
3733,445
3734,445
3735,445
3736,445
3737,445
3738,445
3739,445
3740,445
3742,445
3743,445
3744,444
3745,445
3746,445
3747,446
3748,446
3749,445
3750,445
3751,445
3752,444
3753,445
3754,445
3755,445
3756,445
3757,445
3758,445
3759,444
3760,445
3761,444
3762,445
3763,445
3764,445
3765,445
3766,446
3767,445
3768,444
3769,445
3770,445
3771,445
3772,445
3773,445
3774,445
3775,444
3776,445
3777,445
3778,445
3779,445
3780,445
3781,445
3782,445
3783,445
3785,445
3786,445
3787,445
3788,445
3789,445
3790,445
3791,445
3792,444
3793,444
3794,444
3795,445
3796,445
3797,445
3798,445
3799,445
3800,445
3801,444
3802,445
3803,444
3804,445
3805,445
3806,445
3807,445
3808,445
3809,444
3810,444
3811,445
3812,445
3813,445
3814,445
3815,445
3816,445
3817,444
3818,444
3819,445
3820,445
3821,445
3822,445
3823,445
3824,445
3825,445
3826,445
3828,445
3829,445
3830,445
3831,445
3832,445
3833,445
3834,444
3835,444
3836,445
3837,445
3838,445
3839,445
3840,445
3841,445
3842,445
3843,444
3844,444
3845,445
3846,446
3847,446
3848,445
3849,445
3850,445
3851,444
3852,445
3853,445
3854,445
3855,445
3856,445
3857,445
3858,445
3859,445
3860,445
3861,445
3862,445
3863,445
3864,445
3865,445
3866,445
3867,445
3868,444
3870,445
3871,445
3872,445
3873,445
3874,445
3875,445
3876,444
3877,444
3878,445
3879,445
3880,445
3881,445
3882,445
3883,445
3884,444
3885,445
3886,445
3887,445
3888,445
3889,445
3890,445
3891,444
3892,444
3893,437
3894,444
3895,445
3896,445
3897,445
3898,445
3899,445
3900,445
3901,445
3902,445
3903,445
3904,445
3905,445
3906,446
3907,445
3908,445
3909,444
3910,445
3911,445
3913,445
3914,445
3915,445
3916,445
3917,445
3918,444
3919,445
3920,445
3921,445
3922,445
3923,445
3924,445
3925,445
3926,445
3927,445
3928,445
3929,445
3930,445
3931,445
3932,445
3933,445
3934,445
3935,445
3936,445
3937,445
3938,445
3939,445
3940,445
3941,445
3942,444
3943,444
3944,445
3945,445
3946,445
3947,446
3948,445
3949,445
3950,444
3951,444
3952,445
3953,445
3954,445
3956,445
3957,445
3958,445
3959,444
3960,444
3961,445
3962,445
3963,445
3964,445
3965,445
3966,445
3967,445
3968,445
3969,445
3970,445
3971,445
3972,445
3973,445
3974,445
3975,444
3976,444
3977,444
3978,444
3979,445
3980,445
3981,445
3982,445
3983,444
3984,444
3985,444
3986,445
3987,445
3988,445
3989,445
3990,445
3991,444
3992,444
3993,444
3994,444
3995,445
3996,445
3998,445
3999,445
4000,444
4001,444
4002,444
4003,444
4004,445
4005,445
4006,445
4007,445
4008,445
4009,444
4010,444
4011,444
4012,445
4013,445
4014,445
4015,445
4016,445
4017,444
4018,444
4019,444
4020,444
4021,445
4022,445
4023,445
4024,444
4025,445
4026,445
4027,445
4028,445
4029,445
4030,445
4031,445
4032,445
4033,445
4034,444
4035,444
4036,445
4037,445
4038,445
4039,445
4041,445
4042,445
4043,444
4044,444
4045,445
4046,445
4047,446
4048,446
4049,445
4050,444
4051,445
4052,444
4053,444
4054,445
4055,445
4056,445
4057,445
4058,445
4059,444
4060,444
4061,445
4062,445
4063,445
4064,445
4065,445
4066,445
4067,445
4068,444
4069,444
4070,445
4071,445
4072,445
4073,445
4074,445
4075,444
4076,444
4077,444
4078,445
4079,445
4080,445
4081,445
4082,445
4084,445
4085,444
4086,445
4087,445
4088,445
4089,445
4090,445
4091,444
4092,445
4093,444
4094,444
4095,445
4096,445
4097,445
4098,445
4099,445
4100,444
4101,444
4102,444
4103,445
4104,445
4105,445
4106,445
4107,445
4108,444
4109,444
4110,444
4111,444
4112,444
4113,442
4114,445
4115,445
4116,445
4117,445
4118,444
4119,444
4120,445
4121,445
4122,445
4123,445
4124,445
4126,444
4127,445
4128,445
4129,445
4130,445
4131,445
4132,445
4133,445
4134,444
4135,444
4136,445
4137,445
4138,445
4139,445
4140,445
4141,445
4142,444
4143,444
4144,445
4145,445
4146,446
4147,446
4148,445
4149,445
4150,444
4151,444
4152,444
4153,445
4154,445
4155,445
4156,445
4157,445
4158,444
4159,444
4160,444
4161,445
4162,445
4163,445
4164,445
4165,445
4166,445
4167,445
4169,445
4170,445
4171,445
4172,445
4173,445
4174,445
4175,444
4176,444
4177,444
4178,444
4179,445
4180,445
4181,445
4182,445
4183,444
4184,444
4185,444
4186,445
4187,445
4188,445
4189,445
4190,445
4191,445
4192,444
4193,444
4194,445
4195,445
4196,445
4197,445
4198,445
4199,445
4200,444
4201,444
4202,444
4203,445
4204,445
4205,445
4206,446
4207,445
4208,444
4209,444
4210,444
4212,445
4213,445
4214,445
4215,445
4216,445
4217,444
4218,444
4219,444
4220,444
4221,444
4222,445
4223,445
4224,444
4225,444
4226,445
4227,445
4228,445
4229,445
4230,445
4231,445
4232,445
4233,444
4234,444
4235,444
4236,444
4237,445
4238,445
4239,445
4240,445
4241,445
4242,444
4243,444
4244,444
4245,445
4246,446
4247,446
4248,445
4249,445
4250,444
4251,444
4252,444
4254,445
4255,445
4256,445
4257,445
4258,445
4259,444
4260,444
4261,445
4262,445
4263,445
4264,445
4265,445
4266,445
4267,445
4268,445
4269,444
4270,444
4271,445
4272,445
4273,445
4274,445
4275,444
4276,444
4277,445
4278,444
4279,445
4280,445
4281,445
4282,445
4283,444
4284,444
4285,444
4286,445
4287,445
4288,445
4289,445
4290,445
4291,444
4292,444
4293,445
4294,445
4295,445
4297,445
4298,445
4299,445
4300,444
4301,444
4302,444
4303,444
4304,445
4305,445
4306,446
4307,445
4308,445
4309,444
4310,444
4311,444
4312,445
4313,445
4314,445
4315,445
4316,445
4317,444
4318,444
4319,444
4320,445
4321,445
4322,445
4323,445
4324,445
4325,444
4326,445
4327,445
4328,445
4329,445
4330,445
4331,445
4332,445
4333,444
4334,444
4335,445
4336,445
4337,445
4338,445
4340,445
4341,445
4342,445
4343,444
4344,444
4345,445
4346,445
4347,446
4348,445
4349,445
4350,444
4351,444
4352,444
4353,445
4354,445
4355,445
4356,445
4357,445
4358,445
4359,445
4360,445
4361,445
4362,445
4363,445
4364,445
4365,445
4366,445
4367,445
4368,445
4369,445
4370,445
4371,445
4372,445
4373,445
4374,445
4375,444
4376,444
4377,445
4378,445
4379,445
4380,445
4382,445
4383,444
4384,444
4385,444
4386,445
4387,446
4388,446
4389,445
4390,445
4391,445
4392,445
4393,444
4394,445
4395,445
4396,445
4397,445
4398,445
4399,445
4400,445
4401,444
4402,444
4403,445
4404,445
4405,445
4406,445
4407,445
4408,444
4409,444
4410,444
4411,445
4412,445
4413,445
4414,445
4415,445
4416,444
4417,444
4418,444
4419,445
4420,445
4421,445
4422,445
4423,445
4425,444
4426,445
4427,445
4428,445
4429,445
4430,445
4431,445
4432,445
4433,445
4434,445
4435,444
4436,445
4437,445
4438,445
4439,445
4440,445
4441,445
4442,444
4443,444
4444,444
4445,445
4446,446
4447,446
4448,445
4449,445
4450,445
4451,445
4452,444
4453,445
4454,445
4455,445
4456,445
4457,445
4458,444
4459,444
4460,444
4461,445
4462,445
4463,445
4464,445
4465,445
4466,445
4468,445
4469,444
4470,445
4471,445
4472,445
4473,445
4474,445
4475,444
4476,444
4477,444
4478,444
4479,445
4480,445
4481,445
4482,445
4483,445
4484,444
4485,444
4486,445
4487,445
4488,445
4489,445
4490,445
4491,444
4492,444
4493,444
4494,444
4495,445
4496,445
4497,445
4498,445
4499,445
4500,444
4501,444
4502,444
4503,445
4504,445
4505,445
4506,445
4507,445
4508,444
4510,444
4511,444
4512,445
4513,445
4514,445
4515,445
4516,445
4517,445
4518,444
4519,444
4520,445
4521,445
4522,445
4523,445
4524,444
4525,444
4526,445
4527,445
4528,445
4529,445
4530,445
4531,445
4532,445
4533,445
4534,444
4535,444
4536,445
4537,445
4538,445
4539,445
4540,445
4541,445
4542,445
4543,444
4544,445
4545,445
4546,446
4547,446
4548,445
4549,445
4550,443
4551,444
4553,445
4554,445
4555,445
4556,444
4557,445
4558,444
4559,444
4560,445
4561,445
4562,445
4563,445
4564,445
4565,445
4566,445
4567,445
4568,445
4569,444
4570,444
4571,441
4572,445
4573,445
4574,445
4575,443
4576,444
4577,445
4578,445
4579,445
4580,445
4581,445
4582,445
4583,444
4584,444
4585,445
4586,445
4587,445
4588,445
4589,445
4590,445
4591,445
4592,444
4593,445
4594,445
4596,445
4597,445
4598,445
4599,445
4600,444
4601,444
4602,444
4603,445
4604,445
4605,445
4606,446
4607,445
4608,445
4609,445
4610,444
4611,445
4612,445
4613,445
4614,445
4615,445
4616,444
4617,444
4618,445
4619,445
4620,445
4621,445
4622,445
4623,445
4624,444
4625,444
4626,444
4627,445
4628,445
4629,445
4630,445
4631,445
4632,445
4633,445
4634,444
4635,444
4636,445
4638,445
4639,445
4640,445
4641,444
4642,444
4643,444
4644,444
4645,444
4646,445
4647,446
4648,445
4649,445
4650,445
4651,444
4652,444
4653,445
4654,445
4655,445
4656,445
4657,445
4658,444
4659,444
4660,444
4661,444
4662,445
4663,445
4664,445
4665,445
4666,445
4667,445
4668,445
4669,445
4670,445
4671,444
4672,445
4673,445
4674,444
4675,444
4676,444
4677,444
4678,445
4679,445
4681,445
4682,445
4683,445
4684,444
4685,444
4686,445
4687,445
4688,445
4689,445
4690,445
4691,443
4692,444
4693,444
4694,444
4695,445
4696,445
4697,445
4698,445
4699,445
4700,444
4701,444
4702,444
4703,444
4704,445
4705,445
4706,445
4707,445
4708,444
4709,444
4710,444
4711,444
4712,445
4713,445
4714,445
4715,445
4716,444
4717,444
4718,444
4719,444
4720,445
4721,445
4722,445
4724,445
4725,445
4726,444
4727,445
4728,445
4729,445
4730,445
4731,445
4732,445
4733,444
4734,444
4735,444
4736,445
4737,445
4738,445
4739,445
4740,445
4741,444
4742,444
4743,444
4744,445
4745,445
4746,445
4747,446
4748,445
4749,444
4750,444
4751,444
4752,445
4753,445
4754,445
4755,445
4756,445
4757,445
4758,444
4759,444
4760,445
4761,445
4762,445
4763,445
4764,445
4766,444
4767,445
4768,445
4769,445
4770,444
4771,445
4772,444
4773,445
4774,444
4775,444
4776,444
4777,444
4778,445
4779,445
4780,445
4781,445
4782,445
4783,444
4784,444
4785,444
4786,445
4787,445
4788,445
4789,445
4790,445
4791,444
4792,444
4793,444
4794,444
4795,445
4796,445
4797,445
4798,445
4799,444
4800,444
4801,444
4802,444
4803,445
4804,445
4805,445
4806,445
4807,445
4809,444
4810,444
4811,445
4812,445
4813,445
4814,445
4815,445
4816,445
4817,444
4818,444
4819,444
4820,445
4821,445
4822,445
4823,445
4824,444
4825,444
4826,445
4827,445
4828,445
4829,445
4830,445
4831,445
4832,444
4833,444
4834,444
4835,444
4836,444
4837,445
4838,445
4839,445
4840,444
4841,444
4842,444
4843,445
4844,444
4845,445
4846,445
4847,445
4848,445
4849,444
4850,444
4852,444
4853,445
4854,445
4855,445
4856,445
4857,445
4858,444
4859,444
4860,444
4861,444
4862,445
4863,445
4864,445
4865,445
4866,444
4867,445
4868,444
4869,444
4870,445
4871,445
4872,445
4873,445
4874,445
4875,444
4876,444
4877,444
4878,445
4879,445
4880,445
4881,444
4882,445
4883,444
4884,444
4885,444
4886,445
4887,445
4888,445
4889,445
4890,445
4891,444
4892,444
4894,444
4895,445
4896,445
4897,445
4898,445
4899,445
4900,445
4901,444
4902,444
4903,445
4904,444
4905,445
4906,445
4907,445
4908,445
4909,444
4910,444
4911,445
4912,445
4913,445
4914,444
4915,445
4916,444
4917,444
4918,444
4919,445
4920,445
4921,445
4922,444
4923,444
4924,444
4925,444
4926,445
4927,445
4928,445
4929,445
4930,445
4931,443
4932,444
4933,444
4934,444
4935,443
4937,444
4938,445
4939,445
4940,445
4941,444
4942,444
4943,443
4944,444
4945,445
4946,445
4947,445
4948,445
4949,444
4950,444
4951,444
4952,444
4953,444
4954,443
4955,445
4956,445
4957,444
4958,444
4959,444
4960,444
4961,445
4962,445
4963,445
4964,445
4965,445
4966,445
4967,445
4968,444
4969,445
4970,445
4971,444
4972,445
4973,445
4974,444
4975,444
4976,444
4977,444
4978,445
4980,444
4981,445
4982,445
4983,444
4984,444
4985,444
4986,445
4987,445
4988,445
4989,445
4990,445
4991,444
4992,444
4993,444
4994,444
4995,445
4996,445
4997,445
4998,445
4999,444
5000,444
5001,444
5002,444
5003,445
5004,445
5005,445
5006,445
5007,445
5008,444
5009,444
5010,444
5011,445
5012,445
5013,445
5014,445
5015,444
5016,444
5017,444
5018,444
5019,445
5020,445
5022,445
5023,445
5024,444
5025,444
5026,444
5027,445
5028,445
5029,445
5030,445
5031,445
5032,445
5033,445
5034,444
5035,444
5036,445
5037,445
5038,445
5039,445
5040,445
5041,444
5042,444
5043,444
5044,445
5045,445
5046,445
5047,445
5048,445
5049,444
5050,444
5051,444
5052,445
5053,445
5054,445
5055,445
5056,445
5057,444
5058,444
5059,444
5060,445
5061,444
5062,445
5063,445
5065,445
5066,444
5067,445
5068,445
5069,444
5070,445
5071,445
5072,445
5073,445
5074,444
5075,444
5076,444
5077,444
5078,444
5079,445
5080,445
5081,445
5082,445
5083,444
5084,444
5085,444
5086,445
5087,445
5088,445
5089,445
5090,444
5091,444
5092,444
5093,444
5094,445
5095,445
5096,445
5097,445
5098,445
5099,444
5100,444
5101,444
5102,444
5103,445
5104,445
5105,445
5106,445
5108,445
5109,444
5110,444
5111,444
5112,444
5113,445
5114,445
5115,445
5116,444
5117,444
5118,444
5119,444
5120,445
5121,445
5122,445
5123,445
5124,444
5125,444
5126,444
5127,445
5128,445
5129,445
5130,445
5131,445
5132,444
5133,444
5134,444
5135,444
5136,444
5137,445
5138,445
5139,445
5140,445
5141,444
5142,444
5143,444
5144,445
5145,445
5146,446
5147,445
5148,444
5150,445
5151,444
5152,444
5153,444
5154,445
5155,445
5156,445
5157,445
5158,444
5159,444
5160,444
5161,445
5162,445
5163,445
5164,445
5165,445
5166,445
5167,445
5168,445
5169,444
5170,445
5171,445
5172,445
5173,445
5174,444
5175,444
5176,444
5177,445
5178,445
5179,445
5180,445
5181,445
5182,445
5183,444
5184,444
5185,444
5186,445
5187,445
5188,445
5189,445
5190,444
5191,444
5193,444
5194,444
5195,445
5196,445
5197,445
5198,445
5199,445
5200,444
5201,444
5202,444
5203,444
5204,445
5205,445
5206,445
5207,445
5208,445
5209,444
5210,444
5211,444
5212,445
5213,445
5214,445
5215,445
5216,444
5217,444
5218,444
5219,444
5220,445
5221,445
5222,445
5223,445
5224,445
5225,444
5226,445
5227,445
5228,445
5229,445
5230,445
5231,445
5232,444
5233,444
5234,444
5236,444
5237,445
5238,445
5239,445
5240,445
5241,444
5242,444
5243,444
5244,444
5245,445
5246,445
5247,445
5248,445
5249,445
5250,444
5251,444
5252,444
5253,445
5254,445
5255,445
5256,445
5257,445
5258,444
5259,444
5260,444
5261,445
5262,445
5263,445
5264,445
5265,444
5266,445
5267,445
5268,444
5269,445
5270,445
5271,445
5272,445
5273,445
5274,444
5275,444
5276,444
5278,445
5279,445
5280,445
5281,445
5282,444
5283,444
5284,444
5285,444
5286,445
5287,445
5288,445
5289,445
5290,445
5291,444
5292,444
5293,444
5294,444
5295,444
5296,445
5297,445
5298,444
5299,444
5300,444
5301,444
5302,444
5303,444
5304,445
5305,445
5306,445
5307,445
5308,444
5309,444
5310,444
5311,444
5312,445
5313,445
5314,445
5315,444
5316,444
5317,444
5318,444
5319,444
5321,445
5322,445
5323,445
5324,444
5325,444
5326,444
5327,445
5328,445
5329,444
5330,445
5331,445
5332,445
5333,444
5334,444
5335,444
5336,444
5337,445
5338,445
5339,445
5340,445
5341,444
5342,444
5343,444
5344,444
5345,444
5346,445
5347,445
5348,445
5349,444
5350,444
5351,444
5352,445
5353,445
5354,445
5355,445
5356,445
5357,444
5358,444
5359,444
5360,444
5361,445
5362,445
5364,445
5365,445
5366,444
5367,444
5368,445
5369,444
5370,445
5371,445
5372,445
5373,445
5374,444
5375,444
5376,444
5377,444
5378,444
5379,445
5380,445
5381,445
5382,444
5383,444
5384,444
5385,444
5386,445
5387,445
5388,445
5389,445
5390,445
5391,444
5392,444
5393,444
5394,444
5395,445
5396,445
5397,445
5398,445
5399,444
5400,444
5401,444
5402,445
5403,444
5404,445
5406,445
5407,445
5408,445
5409,444
5410,444
5411,444
5412,445
5413,445
5414,445
5415,445
5416,444
5417,444
5418,444
5419,444
5420,445
5421,445
5422,445
5423,444
5424,444
5425,444
5426,445
5427,445
5428,445
5429,444
5430,445
5431,445
5432,444
5433,444
5434,444
5435,444
5436,444
5437,445
5438,445
5439,445
5440,444
5441,444
5442,444
5443,444
5444,445
5445,445
5446,446
5447,445
5449,445
5450,444
5451,444
5452,444
5453,444
5454,445
5455,445
5456,444
5457,445
5458,444
5459,444
5460,444
5461,445
5462,445
5463,445
5464,445
5465,444
5466,444
5467,445
5468,445
5469,445
5470,445
5471,445
5472,444
5473,445
5474,444
5475,444
5476,444
5477,444
5478,445
5479,445
5480,444
5481,445
5482,444
5483,444
5484,444
5485,444
5486,445
5487,445
5488,445
5489,445
5490,444
5492,444
5493,444
5494,444
5495,445
5496,445
5497,445
5498,445
5499,444
5500,444
5501,444
5502,444
5503,445
5504,445
5505,445
5506,445
5507,445
5508,445
5509,444
5510,444
5511,444
5512,445
5513,445
5514,445
5515,445
5516,444
5517,444
5518,444
5519,444
5520,445
5521,445
5522,445
5523,444
5524,444
5525,444
5526,445
5527,445
5528,444
5529,445
5530,445
5531,445
5532,444
5534,444
5535,444
5536,444
5537,445
5538,445
5539,445
5540,445
5541,444
5542,444
5543,444
5544,445
5545,445
5546,445
5547,446
5548,445
5549,444
5550,444
5551,444
5552,444
5553,445
5554,445
5555,445
5556,445
5557,444
5558,444
5559,444
5560,444
5561,444
5562,445
5563,445
5564,445
5565,444
5566,445
5567,445
5568,444
5569,444
5570,445
5571,445
5572,445
5573,444
5574,444
5575,444
5577,444
5578,444
5579,445
5580,445
5581,445
5582,444
5583,444
5584,444
5585,444
5586,445
5587,445
5588,445
5589,445
5590,444
5591,444
5592,444
5593,444
5594,444
5595,445
5596,445
5597,445
5598,445
5599,444
5600,444
5601,444
5602,444
5603,444
5604,445
5605,444
5606,445
5607,444
5608,444
5609,444
5610,444
5611,444
5612,445
5613,445
5614,444
5615,444
5616,444
5617,444
5618,444
5620,444
5621,444
5622,444
5623,444
5624,444
5625,444
5626,444
5627,445
5628,444
5629,445
5630,444
5631,445
5632,444
5633,444
5634,444
5635,444
5636,444
5637,444
5638,444
5639,445
5640,444
5641,444
5642,444
5643,444
5644,444
5645,445
5646,445
5647,445
5648,445
5649,444
5650,444
5651,444
5652,444
5653,444
5654,445
5655,445
5656,444
5657,444
5658,444
5659,444
5660,444
5662,444
5663,444
5664,444
5665,444
5666,444
5667,444
5668,444
5669,444
5670,444
5671,445
5672,444
5673,444
5674,444
5675,444
5676,444
5677,444
5678,444
5679,444
5680,445
5681,445
5682,444
5683,444
5684,444
5685,444
5686,445
5687,445
5688,445
5689,443
5690,444
5691,444
5692,444
5693,444
5694,444
5695,444
5696,445
5697,445
5698,444
5699,444
5700,444
5701,444
5702,444
5703,445
5705,445
5706,445
5707,445
5708,445
5709,444
5710,444
5711,444
5712,444
5713,445
5714,445
5715,444
5716,444
5717,444
5718,444
5719,444
5720,445
5721,445
5722,445
5723,445
5724,444
5725,444
5726,445
5727,445
5728,445
5729,445
5730,445
5731,445
5732,444
5733,444
5734,444
5735,444
5736,444
5737,445
5738,445
5739,445
5740,444
5741,444
5742,444
5743,444
5744,444
5745,445
5746,445
5748,445
5749,444
5750,444
5751,444
5752,444
5753,444
5754,444
5755,445
5756,444
5757,444
5758,444
5759,444
5760,444
5761,444
5762,445
5763,444
5764,445
5765,444
5766,444
5767,444
5768,444
5769,444
5770,444
5771,445
5772,445
5773,444
5774,444
5775,444
5776,444
5777,444
5778,445
5779,445
5780,444
5781,444
5782,444
5783,444
5784,444
5785,444
5786,445
5787,445
5788,445
5790,444
5791,444
5792,444
5793,444
5794,444
5795,444
5796,444
5797,445
5798,445
5799,444
5800,444
5801,444
5802,444
5803,444
5804,445
5805,445
5806,444
5807,445
5808,445
5809,444
5810,444
5811,444
5812,444
5813,444
5814,444
5815,444
5816,444
5817,444
5818,444
5819,444
5820,445
5821,445
5822,444
5823,444
5824,444
5825,444
5826,444
5827,444
5828,444
5829,444
5830,444
5831,444
5833,444
5834,444
5835,444
5836,444
5837,444
5838,444
5839,445
5840,444
5841,444
5842,444
5843,444
5844,444
5845,444
5846,445
5847,445
5848,445
5849,444
5850,444
5851,444
5852,444
5853,444
5854,444
5855,444
5856,444
5857,444
5858,444
5859,444
5860,444
5861,444
5862,445
5863,445
5864,444
5865,444
5866,444
5867,444
5868,444
5869,444
5870,444
5871,444
5872,444
5873,444
5874,444
5876,444
5877,444
5878,444
5879,445
5880,445
5881,444
5882,444
5883,444
5884,444
5885,444
5886,444
5887,445
5888,445
5889,444
5890,444
5891,444
5892,444
5893,444
5894,444
5895,445
5896,445
5897,445
5898,444
5899,444
5900,444
5901,444
5902,444
5903,444
5904,444
5905,444
5906,444
5907,444
5908,444
5909,444
5910,444
5911,444
5912,445
5913,444
5914,444
5915,444
5916,444
5918,444
5919,444
5920,444
5921,444
5922,444
5923,444
5924,444
5925,444
5926,444
5927,444
5928,445
5929,444
5930,444
5931,444
5932,444
5933,444
5934,444
5935,444
5936,444
5937,444
5938,444
5939,444
5940,444
5941,444
5942,444
5943,443
5944,444
5945,444
5946,445
5947,445
5948,444
5949,443
5950,443
5951,444
5952,444
5953,444
5954,444
5955,444
5956,444
5957,444
5958,443
5959,444
5961,444
5962,444
5963,444
5964,444
5965,444
5966,444
5967,444
5968,444
5969,444
5970,444
5971,444
5972,444
5973,444
5974,443
5975,444
5976,443
5977,444
5978,444
5979,444
5980,444
5981,444
5982,444
5983,443
5984,444
5985,443
5986,445
5987,445
5988,445
5989,444
5990,443
5991,443
5992,443
5993,443
5994,444
5995,444
5996,444
5997,444
5998,444
5999,443
6000,443
6001,444
6002,444
6004,444
6005,444
6006,444
6007,444
6008,444
6009,444
6010,443
6011,444
6012,444
6013,444
6014,444
6015,444
6016,444
6017,443
6018,444
6019,444
6020,444
6021,444
6022,445
6023,444
6024,444
6025,444
6026,444
6027,444
6028,444
6029,444
6030,444
6031,444
6032,443
6033,444
6034,444
6035,444
6036,444
6037,444
6038,444
6039,444
6040,444
6041,444
6042,444
6043,444
6044,444
6046,444
6047,445
6048,445
6049,444
6050,444
6051,444
6052,444
6053,444
6054,444
6055,444
6056,444
6057,444
6058,444
6059,443
6060,444
6061,444
6062,444
6063,444
6064,444
6065,444
6066,444
6067,444
6068,444
6069,444
6070,444
6071,444
6072,444
6073,444
6074,444
6075,444
6076,444
6077,444
6078,444
6079,444
6080,444
6081,444
6082,444
6083,444
6084,444
6085,444
6086,445
6087,445
6089,444
6090,444
6091,444
6092,444
6093,443
6094,444
6095,444
6096,444
6097,444
6098,444
6099,444
6100,444
6101,444
6102,444
6103,444
6104,444
6105,444
6106,444
6107,444
6108,444
6109,444
6110,444
6111,444
6112,444
6113,444
6114,444
6115,444
6116,444
6117,444
6118,444
6119,444
6120,445
6121,444
6122,444
6123,444
6124,444
6125,444
6126,444
6127,444
6128,444
6129,444
6130,444
6132,444
6133,444
6134,442
6135,444
6136,444
6137,444
6138,444
6139,444
6140,444
6141,444
6142,444
6143,444
6144,444
6145,444
6146,444
6147,445
6148,445
6149,444
6150,444
6151,444
6152,444
6153,444
6154,443
6155,444
6156,444
6157,444
6158,444
6159,444
6160,444
6161,444
6162,444
6163,445
6164,444
6165,444
6166,444
6167,444
6168,444
6169,444
6170,444
6171,445
6172,444
6174,442
6175,444
6176,444
6177,444
6178,444
6179,444
6180,444
6181,444
6182,444
6183,444
6184,444
6185,444
6186,444
6187,445
6188,445
6189,445
6190,444
6191,444
6192,444
6193,444
6194,444
6195,445
6196,444
6197,444
6198,444
6199,444
6200,444
6201,444
6202,444
6203,444
6204,445
6205,445
6206,444
6207,444
6208,444
6209,444
6210,444
6211,444
6212,444
6213,444
6214,444
6215,443
6217,443
6218,444
6219,444
6220,444
6221,445
6222,445
6223,444
6224,444
6225,444
6226,444
6227,445
6228,445
6229,444
6230,444
6231,444
6232,444
6233,444
6234,444
6235,444
6236,444
6237,444
6238,444
6239,445
6240,444
6241,444
6242,444
6243,444
6244,444
6245,444
6246,445
6247,445
6248,444
6249,444
6250,444
6251,444
6252,443
6253,444
6254,445
6255,444
6256,443
6257,444
6258,444
6260,444
6261,444
6262,444
6263,444
6264,445
6265,444
6266,444
6267,444
6268,444
6269,443
6270,444
6271,444
6272,445
6273,444
6274,444
6275,444
6276,444
6277,444
6278,444
6279,445
6280,445
6281,444
6282,444
6283,444
6284,444
6285,444
6286,445
6287,445
6288,445
6289,444
6290,444
6291,444
6292,444
6293,444
6294,444
6295,445
6296,444
6297,444
6298,444
6299,444
6300,444
6302,444
6303,444
6304,444
6305,444
6306,444
6307,445
6308,444
6309,444
6310,444
6311,444
6312,445
6313,445
6314,445
6315,444
6316,444
6317,444
6318,444
6319,444
6320,444
6321,445
6322,445
6323,444
6324,444
6325,444
6326,444
6327,444
6328,445
6329,445
6330,445
6331,444
6332,444
6333,444
6334,444
6335,444
6336,444
6337,445
6338,444
6339,444
6340,444
6341,444
6342,444
6343,444
6345,444
6346,445
6347,445
6348,445
6349,444
6350,444
6351,444
6352,444
6353,444
6354,445
6355,444
6356,440
6357,445
6358,444
6359,444
6360,444
6361,444
6362,445
6363,444
6364,445
6365,444
6366,444
6367,444
6368,445
6369,444
6370,445
6371,444
6372,443
6373,444
6374,444
6375,444
6376,444
6377,445
6378,445
6379,445
6380,445
6381,445
6382,444
6383,444
6384,444
6385,444
6386,445
6388,445
6389,445
6390,444
6391,444
6392,444
6393,444
6394,444
6395,445
6396,445
6397,445
6398,444
6399,444
6400,444
6401,444
6402,444
6403,445
6404,445
6405,445
6406,445
6407,445
6408,445
6409,444
6410,444
6411,444
6412,445
6413,445
6414,445
6415,444
6416,444
6417,444
6418,444
6419,444
6420,445
6421,445
6422,444
6423,444
6424,444
6425,444
6426,445
6427,445
6428,445
6430,445
6431,445
6432,444
6433,444
6434,444
6435,444
6436,444
6437,445
6438,445
6439,445
6440,444
6441,444
6442,444
6443,444
6444,444
6445,445
6446,445
6447,445
6448,445
6449,444
6450,444
6451,444
6452,435
6453,444
6454,445
6455,444
6456,444
6457,442
6458,444
6459,444
6460,444
6461,445
6462,445
6463,445
6464,444
6465,444
6466,445
6467,445
6468,445
6469,444
6470,444
6471,445
6473,444
6474,444
6475,444
6476,444
6477,444
6478,445
6479,445
6480,445
6481,445
6482,444
6483,444
6484,444
6485,444
6486,444
6487,445
6488,445
6489,445
6490,444
6491,444
6492,444
6493,444
6494,445
6495,445
6496,445
6497,445
6498,444
6499,444
6500,444
6501,444
6502,444
6503,445
6504,445
6505,445
6506,445
6507,445
6508,445
6509,444
6510,445
6511,445
6512,445
6513,445
6514,445
6516,444
6517,444
6518,444
6519,444
6520,445
6521,445
6522,445
6523,445
6524,445
6525,444
6526,444
6527,445
6528,445
6529,445
6530,445
6531,445
6532,445
6533,444
6534,444
6535,444
6536,445
6537,445
6538,445
6539,445
6540,444
6541,445
6542,444
6543,444
6544,445
6545,445
6546,445
6547,445
6548,445
6549,444
6550,444
6551,443
6552,445
6553,445
6554,445
6555,445
6556,445
6558,445
6559,444
6560,444
6561,445
6562,445
6563,445
6564,445
6565,445
6566,444
6567,445
6568,445
6569,445
6570,445
6571,445
6572,445
6573,445
6574,444
6575,444
6576,444
6577,444
6578,445
6579,445
6580,445
6581,445
6582,444
6583,444
6584,444
6585,445
6586,445
6587,446
6588,446
6589,445
6590,444
6591,444
6592,445
6593,445
6594,445
6595,445
6596,445
6597,445
6598,444
6599,444
6601,444
6602,444
6603,445
6604,445
6605,445
6606,445
6607,445
6608,445
6609,444
6610,445
6611,445
6612,445
6613,445
6614,445
6615,444
6616,445
6617,444
6618,444
6619,445
6620,445
6621,445
6622,445
6623,445
6624,444
6625,445
6626,445
6627,445
6628,446
6629,445
6630,445
6631,445
6632,445
6633,445
6634,445
6635,445
6636,445
6637,445
6638,445
6639,445
6640,444
6641,444
6642,444
6644,445
6645,445
6646,445
6647,446
6648,445
6649,445
6650,444
6651,445
6652,445
6653,445
6654,445
6655,445
6656,445
6657,444
6658,444
6659,444
6660,445
6661,445
6662,445
6663,445
6664,445
6665,445
6666,445
6667,445
6668,445
6669,445
6670,445
6671,445
6672,445
6673,445
6674,444
6675,445
6676,445
6677,445
6678,445
6679,446
6680,445
6681,445
6682,444
6683,445
6684,445
6686,445
6687,446
6688,446
6689,445
6690,445
6691,445
6692,445
6693,445
6694,445
6695,445
6696,445
6697,446
6698,445
6699,445
6700,445
6701,445
6702,445
6703,445
6704,445
6705,445
6706,445
6707,445
6708,445
6709,444
6710,445
6711,445
6712,445
6713,446
6714,445
6715,445
6716,445
6717,445
6718,445
6719,445
6720,445
6721,446
6722,445
6723,445
6724,445
6725,445
6726,445
6727,446
6729,445
6730,445
6731,445
6732,445
6733,444
6734,443
6735,445
6736,444
6737,445
6738,445
6739,445
6740,445
6741,443
6742,445
6743,445
6744,445
6745,445
6746,446
6747,446
6748,446
6749,445
6750,445
6751,445
6752,438
6753,445
6754,446
6755,445
6756,445
6757,445
6758,445
6759,445
6760,445
6761,445
6762,445
6763,446
6764,445
6765,445
6766,445
6767,445
6768,445
6769,445
6770,445
6772,445
6773,445
6774,445
6775,445
6776,445
6777,445
6778,445
6779,445
6780,445
6781,445
6782,445
6783,445
6784,445
6785,445
6786,445
6787,446
6788,446
6789,445
6790,445
6791,445
6792,445
6793,445
6794,445
6795,446
6796,446
6797,445
6798,445
6799,445
6800,445
6801,445
6802,445
6803,446
6804,446
6805,446
6806,446
6807,445
6808,445
6809,445
6810,445
6811,446
6812,446
6814,446
6815,445
6816,445
6817,445
6818,445
6819,445
6820,445
6821,446
6822,446
6823,446
6824,445
6825,445
6826,445
6827,446
6828,446
6829,445
6830,445
6831,442
6832,445
6833,445
6834,445
6835,445
6836,445
6837,445
6838,446
6839,445
6840,445
6841,445
6842,445
6843,445
6844,446
6845,446
6846,446
6847,446
6848,445
6849,445
6850,445
6851,445
6852,445
6853,445
6854,446
6855,446
6857,445
6858,445
6859,445
6860,445
6861,446
6862,446
6863,446
6864,446
6865,446
6866,445
6867,446
6868,446
6869,446
6870,446
6871,446
6872,446
6873,445
6874,445
6875,445
6876,445
6877,446
6878,446
6879,446
6880,446
6881,446
6882,445
6883,445
6884,445
6885,445
6886,446
6887,446
6888,446
6889,445
6890,445
6891,445
6892,445
6893,446
6894,446
6895,446
6896,446
6897,446
6898,445
6900,445
6901,445
6902,445
6903,446
6904,446
6905,446
6906,446
6907,446
6908,446
6909,445
6910,446
6911,446
6912,446
6913,446
6914,446
6915,446
6916,445
6917,445
6918,446
6919,446
6920,446
6921,446
6922,446
6923,446
6924,445
6925,445
6926,446
6927,446
6928,446
6929,446
6930,446
6931,446
6932,445
6933,445
6934,445
6935,446
6936,446
6937,446
6938,446
6939,446
6940,445
6942,445
6943,446
6944,446
6945,446
6946,446
6947,447
6948,447
6949,446
6950,445
6951,445
6952,446
6953,446
6954,446
6955,446
6956,446
6957,446
6958,445
6959,446
6960,446
6961,446
6962,446
6963,447
6964,446
6965,446
6966,446
6967,446
6968,446
6969,446
6970,446
6971,446
6972,446
6973,446
6974,446
6975,446
6976,446
6977,446
6978,446
6979,447
6980,446
6981,446
6982,446
6983,446
6985,446
6986,446
6987,447
6988,447
6989,446
6990,446
6991,446
6992,446
6993,446
6994,446
6995,447
6996,447
6997,446
6998,446
6999,446
7000,446
7001,446
7002,446
7003,446
7004,447
7005,447
7006,446
7007,446
7008,446
7009,446
7010,446
7011,446
7012,447
7013,446
7014,446
7015,446
7016,446
7017,446
7018,446
7019,446
7020,446
7021,447
7022,446
7023,446
7024,446
7025,446
7026,447
7028,447
7029,446
7030,446
7031,446
7032,446
7033,446
7034,446
7035,446
7036,446
7037,447
7038,447
7039,446
7040,446
7041,446
7042,446
7043,446
7044,446
7045,447
7046,447
7047,447
7048,447
7049,446
7050,446
7051,446
7052,446
7053,446
7054,447
7055,447
7056,446
7057,446
7058,446
7059,446
7060,446
7061,447
7062,447
7063,447
7064,447
7065,446
7066,447
7067,447
7068,447
7070,447
7071,447
7072,447
7073,446
7074,446
7075,446
7076,446
7077,447
7078,447
7079,447
7080,447
7081,447
7082,446
7083,446
7084,446
7085,446
7086,447
7087,447
7088,447
7089,446
7090,446
7091,446
7092,446
7093,446
7094,447
7095,447
7096,447
7097,447
7098,446
7099,446
7100,446
7101,446
7102,447
7103,447
7104,447
7105,447
7106,447
7107,447
7108,446
7109,446
7110,447
7111,447
7113,447
7114,447
7115,447
7116,446
7117,446
7118,446
7119,447
7120,447
7121,447
7122,447
7123,447
7124,446
7125,446
7126,447
7127,447
7128,447
7129,447
7130,447
7131,447
7132,447
7133,446
7134,446
7135,446
7136,447
7137,447
7138,447
7139,447
7140,446
7141,446
7142,446
7143,447
7144,447
7145,447
7146,447
7147,447
7148,447
7149,446
7150,446
7151,447
7152,447
7153,447
7154,447
7156,447
7157,446
7158,446
7159,446
7160,446
7161,447
7162,447
7163,447
7164,447
7165,447
7166,446
7167,447
7168,447
7169,447
7170,447
7171,447
7172,447
7173,446
7174,446
7175,446
7176,446
7177,447
7178,447
7179,447
7180,447
7181,447
7182,446
7183,446
7184,447
7185,447
7186,447
7187,448
7188,448
7189,447
7190,447
7191,447
7192,447
7193,447
7194,447
7195,447
7196,447
7198,447
7199,446
7200,446
7201,446
7202,447
7203,447
7204,447
7205,447
7206,447
7207,447
7208,447
7209,446
7210,447
7211,447
7212,447
7213,447
7214,447
7215,447
7216,447
7217,447
7218,447
7219,447
7220,447
7221,447
7222,447
7223,447
7224,447
7225,447
7226,447
7227,448
7228,448
7229,447
7230,447
7231,447
7232,446
7233,446
7234,447
7235,447
7236,447
7237,447
7238,447
7239,447
7241,446
7242,446
7243,447
7244,447
7245,447
7246,447
7247,448
7248,447
7249,447
7250,447
7251,447
7252,447
7253,448
7254,447
7255,447
7256,447
7257,447
7258,446
7259,447
7260,447
7261,447
7262,447
7263,447
7264,447
7265,447
7266,447
7267,447
7268,447
7269,447
7270,447
7271,447
7272,447
7273,447
7274,446
7275,447
7276,447
7277,447
7278,447
7279,447
7280,447
7281,447
7282,447
7284,447
7285,447
7286,447
7287,448
7288,448
7289,447
7290,447
7291,447
7292,447
7293,447
7294,447
7295,447
7296,447
7297,447
7298,447
7299,447
7300,447
7301,447
7302,447
7303,447
7304,448
7305,448
7306,448
7307,448
7308,447
7309,447
7310,447
7311,447
7312,447
7313,447
7314,447
7315,447
7316,447
7317,447
7318,447
7319,447
7320,447
7321,448
7322,447
7323,447
7324,447
7326,447
7327,448
7328,448
7329,448
7330,448
7331,447
7332,447
7333,447
7334,447
7335,447
7336,447
7337,448
7338,448
7339,447
7340,447
7341,447
7342,447
7343,447
7344,447
7345,447
7346,447
7347,448
7348,447
7349,447
7350,447
7351,447
7352,447
7353,448
7354,448
7355,447
7356,447
7357,447
7358,447
7359,447
7360,447
7361,447
7362,448
7363,448
7364,447
7365,447
7366,448
7367,448
7369,447
7370,448
7371,448
7372,448
7373,448
7374,447
7375,447
7376,447
7377,447
7378,447
7379,448
7380,448
7381,447
7382,447
7383,447
7384,447
7385,447
7386,448
7387,448
7388,448
7389,448
7390,447
7391,447
7392,447
7393,447
7394,447
7395,448
7396,448
7397,448
7398,447
7399,447
7400,447
7401,447
7402,448
7403,448
7404,448
7405,448
7406,448
7407,448
7408,447
7409,447
7410,447
7412,448
7413,448
7414,447
7415,447
7416,447
7417,447
7418,447
7419,447
7420,448
7421,448
7422,448
7423,447
7424,447
7425,447
7426,447
7427,448
7428,448
7429,448
7430,448
7431,448
7432,447
7433,447
7434,447
7435,448
7436,448
7437,448
7438,448
7439,448
7440,447
7441,447
7442,447
7443,447
7444,448
7445,448
7446,448
7447,448
7448,448
7449,447
7450,447
7451,448
7452,448
7454,448
7455,448
7456,447
7457,447
7458,447
7459,447
7460,447
7461,447
7462,448
7463,448
7464,448
7465,447
7466,447
7467,448
7468,448
7469,448
7470,448
7471,448
7472,448
7473,448
7474,447
7475,447
7476,447
7477,448
7478,448
7479,448
7480,448
7481,448
7482,447
7483,447
7484,448
7485,448
7486,448
7487,449
7488,448
7489,448
7490,447
7491,447
7492,448
7493,448
7494,448
7495,448
7497,448
7498,448
7499,448
7500,447
7501,448
7502,448
7503,448
7504,448
7505,448
7506,448
7507,448
7508,448
7509,447
7510,448
7511,448
7512,448
7513,448
7514,448
7515,448
7516,447
7517,447
7518,448
7519,448
7520,448
7521,448
7522,448
7523,448
7524,448
7525,448
7526,448
7527,449
7528,449
7529,448
7530,448
7531,448
7532,448
7533,447
7534,447
7535,448
7536,448
7537,448
7538,448
7540,448
7541,447
7542,447
7543,448
7544,448
7545,448
7546,448
7547,449
7548,448
7549,448
7550,448
7551,448
7552,448
7553,448
7554,449
7555,448
7556,448
7557,447
7558,448
7559,448
7560,448
7561,448
7562,448
7563,448
7564,448
7565,448
7566,448
7567,448
7568,448
7569,448
7570,448
7571,448
7572,448
7573,448
7574,447
7575,448
7576,448
7577,448
7578,448
7579,448
7580,448
7582,448
7583,447
7584,448
7585,448
7586,448
7587,449
7588,449
7589,449
7590,448
7591,447
7592,448
7593,448
7594,448
7595,448
7596,448
7597,449
7598,448
7599,448
7600,447
7601,448
7602,448
7603,448
7604,448
7605,448
7606,448
7607,449
7608,448
7609,448
7610,448
7611,449
7612,449
7613,448
7614,448
7615,448
7616,448
7617,448
7618,448
7619,448
7620,448
7621,449
7622,448
7623,447
7625,448
7626,448
7627,449
7628,448
7629,449
7630,449
7631,448
7632,448
7633,448
7634,448
7635,448
7636,448
7637,449
7638,448
7639,448
7640,448
7641,448
7642,448
7643,448
7644,448
7645,449
7646,449
7647,449
7648,449
7649,448
7650,448
7651,448
7652,448
7653,449
7654,449
7655,448
7656,448
7657,448
7658,448
7659,448
7660,448
7661,449
7662,449
7663,449
7664,449
7665,448
7666,448
7668,449
7669,449
7670,449
7671,449
7672,449
7673,448
7674,448
7675,448
7676,448
7677,448
7678,449
7679,449
7680,449
7681,448
7682,448
7683,448
7684,448
7685,448
7686,448
7687,449
7688,449
7689,449
7690,448
7691,448
7692,448
7693,448
7694,448
7695,446
7696,449
7697,448
7698,448
7699,448
7700,448
7701,448
7702,449
7703,448
7704,449
7705,449
7706,449
7707,449
7708,449
7710,448
7711,445
7712,448
7713,448
7714,449
7715,448
7716,448
7717,448
7718,448
7719,448
7720,449
7721,449
7722,448
7723,448
7724,448
7725,448
7726,448
7727,449
7728,449
7729,449
7730,449
7731,448
7732,448
7733,448
7734,448
7735,448
7736,449
7737,449
7738,449
7739,448
7740,448
7741,448
7742,448
7743,448
7744,449
7745,449
7746,449
7747,449
7748,449
7749,448
7750,448
7751,448
7753,449
7754,449
7755,449
7756,448
7757,448
7758,448
7759,448
7760,448
7761,449
7762,449
7763,449
7764,449
7765,448
7766,448
7767,449
7768,449
7769,449
7770,449
7771,449
7772,449
7773,448
7774,448
7775,448
7776,448
7777,449
7778,449
7779,449
7780,449
7781,449
7782,448
7783,448
7784,448
7785,448
7786,449
7787,450
7788,449
7789,449
7790,448
7791,448
7792,448
7793,449
7794,449
7796,449
7797,449
7798,448
7799,448
7800,448
7801,448
7802,448
7803,449
7804,449
7805,449
7806,449
7807,449
7808,449
7809,448
7810,449
7811,449
7812,449
7813,449
7814,448
7815,448
7816,448
7817,448
7818,448
7819,449
7820,449
7821,449
7822,449
7823,449
7824,448
7825,448
7826,449
7827,449
7828,450
7829,449
7830,448
7831,448
7832,448
7833,448
7834,448
7835,449
7836,449
7838,449
7839,449
7840,449
7841,449
7842,448
7843,449
7844,449
7845,449
7846,449
7847,450
7848,449
7849,448
7850,448
7851,448
7852,449
7853,449
7854,449
7855,449
7856,449
7857,449
7858,448
7859,448
7860,449
7861,449
7862,449
7863,449
7864,448
7865,448
7866,448
7867,449
7868,449
7869,449
7870,449
7871,449
7872,449
7873,448
7874,449
7875,448
7876,449
7877,449
7878,449
7879,449
7881,448
7882,448
7883,448
7884,448
7885,449
7886,449
7887,449
7888,449
7889,449
7890,449
7891,448
7892,448
7893,448
7894,449
7895,449
7896,449
7897,449
7898,449
7899,448
7900,448
7901,448
7902,449
7903,449
7904,449
7905,449
7906,449
7907,449
7908,449
7909,448
7910,449
7911,449
7912,449
7913,449
7914,449
7915,448
7916,448
7917,448
7918,449
7919,449
7920,449
7921,449
7922,449
7924,449
7925,448
7926,448
7927,449
7928,449
7929,449
7930,449
7931,449
7932,448
7933,448
7934,448
7935,448
7936,449
7937,449
7938,449
7939,449
7940,449
7941,448
7942,449
7943,449
7944,449
7945,449
7946,449
7947,449
7948,449
7949,448
7950,448
7951,448
7952,449
7953,449
7954,449
7955,449
7956,449
7957,448
7958,448
7959,449
7960,449
7961,449
7962,449
7963,449
7964,448
7966,449
7967,449
7968,449
7969,449
7970,449
7971,449
7972,449
7973,449
7974,449
7975,449
7976,449
7977,449
7978,449
7979,449
7980,449
7981,449
7982,448
7983,448
7984,449
7985,449
7986,449
7987,449
7988,450
7989,449
7990,449
7991,448
7992,449
7993,449
7994,449
7995,449
7996,450
7997,449
7998,449
7999,448
8000,448
8001,449
8002,449
8003,449
8004,449
8005,449
8006,449
8007,449
8009,449
8010,449
8011,449
8012,449
8013,449
8014,449
8015,449
8016,449
8017,448
8018,449
8019,449
8020,449
8021,450
8022,449
8023,449
8024,449
8025,449
8026,449
8027,450
8028,450
8029,449
8030,449
8031,449
8032,448
8033,448
8034,448
8035,449
8036,449
8037,449
8038,450
8039,449
8040,449
8041,448
8042,449
8043,449
8044,450
8045,450
8046,450
8047,450
8048,449
8049,449
8050,449
8052,449
8053,448
8054,449
8055,449
8056,449
8057,449
8058,449
8059,448
8060,449
8061,449
8062,449
8063,449
8064,449
8065,449
8066,448
8067,449
8068,449
8069,449
8070,449
8071,449
8072,449
8073,448
8074,445
8075,448
8076,449
8077,449
8078,449
8079,449
8080,449
8081,449
8082,448
8083,448
8084,448
8085,449
8086,450
8087,450
8088,450
8089,449
8090,449
8091,448
8092,449
8094,449
8095,449
8096,449
8097,449
8098,449
8099,449
8100,448
8101,449
8102,449
8103,449
8104,449
8105,449
8106,449
8107,449
8108,449
8109,449
8110,449
8111,449
8112,450
8113,450
8114,449
8115,449
8116,449
8117,449
8118,449
8119,450
8120,450
8121,449
8122,449
8123,449
8124,449
8125,449
8126,449
8127,450
8128,450
8129,450
8130,449
8131,449
8132,449
8133,449
8134,449
8135,449
8137,450
8138,449
8139,449
8140,449
8141,449
8142,449
8143,449
8144,449
8145,450
8146,450
8147,450
8148,450
8149,449
8150,449
8151,449
8152,450
8153,450
8154,450
8155,450
8156,449
8157,449
8158,449
8159,449
8160,449
8161,450
8162,450
8163,450
8164,450
8165,449
8166,449
8167,450
8168,450
8169,450
8170,450
8171,449
8172,450
8173,449
8174,449
8175,449
8176,449
8177,449
8178,450
8180,450
8181,450
8182,449
8183,449
8184,449
8185,449
8186,449
8187,450
8188,450
8189,450
8190,449
8191,449
8192,449
8193,449
8194,450
8195,450
8196,450
8197,450
8198,450
8199,449
8200,449
8201,449
8202,449
8203,450
8204,450
8205,450
8206,449
8207,450
8208,449
8209,449
8210,449
8211,450
8212,450
8213,449
8214,449
8215,449
8216,449
8217,449
8218,449
8219,449
8220,450
8222,449
8223,449
8224,449
8225,449
8226,449
8227,450
8228,450
8229,450
8230,449
8231,449
8232,448
8233,448
8234,448
8235,448
8236,449
8237,449
8238,450
8239,449
8240,449
8241,448
8242,449
8243,449
8244,449
8245,449
8246,449
8247,450
8248,449
8249,449
8250,448
8251,449
8252,449
8253,449
8254,449
8255,449
8256,449
8257,449
8258,449
8259,449
8260,449
8261,449
8262,449
8263,449
8265,449
8266,449
8267,449
8268,449
8269,450
8270,449
8271,449
8272,449
8273,449
8274,449
8275,449
8276,449
8277,449
8278,450
8279,450
8280,450
8281,449
8282,449
8283,449
8284,449
8285,449
8286,450
8287,451
8288,450
8289,449
8290,449
8291,449
8292,449
8293,449
8294,450
8295,450
8296,450
8297,450
8298,449
8299,449
8300,449
8301,449
8302,450
8303,450
8304,450
8305,449
8306,450
8308,449
8309,450
8310,449
8311,450
8312,450
8313,450
8314,449
8315,449
8316,449
8317,449
8318,449
8319,450
8320,450
8321,450
8322,450
8323,449
8324,449
8325,449
8326,449
8327,450
8328,450
8329,450
8330,449
8331,449
8332,449
8333,447
8334,449
8335,449
8336,449
8337,450
8338,450
8339,449
8340,449
8341,449
8342,449
8343,449
8344,450
8345,450
8346,450
8347,450
8348,449
8350,449
8351,449
8352,449
8353,450
8354,450
8355,450
8356,449
8357,449
8358,449
8359,449
8360,450
8361,450
8362,450
8363,450
8364,449
8365,449
8366,449
8367,450
8368,449
8369,449
8370,450
8371,450
8372,449
8373,449
8374,449
8375,449
8376,449
8377,449
8378,449
8379,450
8380,449
8381,449
8382,448
8383,448
8384,449
8385,449
8386,449
8387,450
8388,449
8389,449
8390,449
8391,449
8393,449
8394,449
8395,449
8396,449
8397,449
8398,449
8399,448
8400,448
8401,449
8402,449
8403,449
8404,450
8405,449
8406,449
8407,449
8408,449
8409,449
8410,449
8411,449
8412,449
8413,449
8414,449
8415,449
8416,449
8417,448
8418,449
8419,449
8420,450
8421,450
8422,449
8423,449
8424,449
8425,449
8426,449
8427,450
8428,451
8429,450
8430,450
8431,449
8432,449
8433,449
8434,449
8436,450
8437,450
8438,450
8439,450
8440,450
8441,449
8442,450
8443,450
8444,450
8445,450
8446,450
8447,450
8448,450
8449,450
8450,449
8451,449
8452,450
8453,450
8454,450
8455,450
8456,450
8457,450
8458,449
8459,450
8460,450
8461,450
8462,450
8463,450
8464,450
8465,450
8466,449
8467,450
8468,450
8469,450
8470,450
8471,450
8472,450
8473,450
8474,449
8475,450
8476,450
8478,450
8479,450
8480,450
8481,450
8482,450
8483,450
8484,449
8485,450
8486,450
8487,451
8488,451
8489,450
8490,450
8491,450
8492,449
8493,450
8494,450
8495,450
8496,450
8497,450
8498,449
8499,449
8500,449
8501,450
8502,450
8503,450
8504,450
8505,450
8506,449
8507,450
8508,450
8509,449
8510,450
8511,450
8512,450
8513,449
8514,450
8515,449
8516,449
8517,449
8518,449
8519,450
8521,450
8522,449
8523,449
8524,449
8525,449
8526,449
8527,450
8528,450
8529,450
8530,449
8531,449
8532,449
8533,448
8534,448
8535,449
8536,449
8537,450
8538,449
8539,449
8540,448
8541,448
8542,448
8543,448
8544,449
8545,449
8546,449
8547,449
8548,449
8549,448
8550,448
8551,448
8552,449
8553,449
8554,449
8555,449
8556,448
8557,448
8558,448
8559,449
8560,449
8561,449
8562,449
8564,449
8565,449
8566,448
8567,449
8568,449
8569,449
8570,449
8571,449
8572,449
8573,449
8574,449
8575,449
8576,449
8577,449
8578,449
8579,449
8580,449
8581,449
8582,449
8583,449
8584,449
8585,449
8586,450
8587,450
8588,450
8589,450
8590,449
8591,449
8592,449
8593,450
8594,450
8595,448
8596,449
8597,450
8598,449
8599,449
8600,449
8601,449
8602,449
8603,450
8604,450
8606,450
8607,450
8608,450
8609,450
8610,450
8611,450
8612,450
8613,450
8614,449
8615,449
8616,450
8617,449
8618,450
8619,450
8620,450
8621,450
8622,450
8623,450
8624,449
8625,449
8626,450
8627,451
8628,451
8629,450
8630,450
8631,449
8632,450
8633,449
8634,449
8635,450
8636,450
8637,450
8638,450
8639,450
8640,449
8641,449
8642,449
8643,450
8644,450
8645,450
8646,450
8647,450
8649,450
8650,450
8651,450
8652,450
8653,450
8654,450
8655,450
8656,450
8657,449
8658,449
8659,449
8660,450
8661,450
8662,450
8663,450
8664,450
8665,449
8666,449
8667,449
8668,450
8669,449
8670,450
8671,449
8672,449
8673,449
8674,449
8675,449
8676,449
8677,449
8678,450
8679,449
8680,449
8681,449
8682,449
8683,448
8684,448
8685,449
8686,449
8687,449
8688,449
8689,448
8690,448
8692,448
8693,448
8694,449
8695,449
8696,449
8697,449
8698,448
8699,448
8700,448
8701,448
8702,448
8703,449
8704,449
8705,449
8706,448
8707,448
8708,449
8709,448
8710,448
8711,449
8712,449
8713,449
8714,448
8715,448
8716,448
8717,448
8718,448
8719,449
8720,449
8721,449
8722,449
8723,448
8724,448
8725,448
8726,449
8727,450
8728,450
8729,449
8730,449
8731,449
8732,448
8734,449
8735,449
8736,449
8737,449
8738,450
8739,449
8740,449
8741,449
8742,449
8743,449
8744,450
8745,450
8746,450
8747,450
8748,450
8749,449
8750,449
8751,449
8752,450
8753,450
8754,450
8755,450
8756,449
8757,449
8758,449
8759,450
8760,450
8761,450
8762,450
8763,450
8764,450
8765,449
8766,449
8767,450
8768,450
8769,450
8770,450
8771,450
8772,450
8773,449
8774,449
8775,450
8777,450
8778,450
8779,450
8780,450
8781,450
8782,449
8783,449
8784,449
8785,450
8786,450
8787,451
8788,450
8789,450
8790,449
8791,449
8792,449
8793,450
8794,450
8795,450
8796,450
8797,450
8798,449
8799,449
8800,449
8801,450
8802,450
8803,450
8804,450
8805,449
8806,449
8807,450
8808,449
8809,449
8810,450
8811,449
8812,450
8813,449
8814,449
8815,449
8816,449
8817,448
8818,449
8820,449
8821,449
8822,449
8823,449
8824,448
8825,449
8826,449
8827,450
8828,450
8829,449
8830,449
8831,448
8832,448
8833,448
8834,448
8835,448
8836,448
8837,449
8838,448
8839,448
8840,448
8841,447
8842,448
8843,448
8844,448
8845,449
8846,448
8847,449
8848,448
8849,448
8850,448
8851,448
8852,448
8853,448
8854,449
8855,448
8856,448
8857,448
8858,448
8859,448
8860,448
8862,448
8863,448
8864,448
8865,448
8866,448
8867,448
8868,449
8869,449
8870,449
8871,449
8872,448
8873,448
8874,448
8875,448
8876,448
8877,449
8878,449
8879,449
8880,449
8881,449
8882,448
8883,448
8884,448
8885,449
8886,449
8887,450
8888,449
8889,449
8890,449
8891,448
8892,449
8893,449
8894,449
8895,450
8896,450
8897,449
8898,449
8899,449
8900,449
8901,449
8902,450
8903,450
8905,449
8906,449
8907,449
8908,449
8909,449
8910,449
8911,450
8912,450
8913,449
8914,449
8915,449
8916,449
8917,449
8918,449
8919,450
8920,450
8921,450
8922,450
8923,450
8924,449
8925,450
8926,450
8927,450
8928,451
8929,450
8930,450
8931,450
8932,449
8933,449
8934,449
8935,450
8936,450
8937,450
8938,450
8939,449
8940,449
8941,448
8942,449
8943,450
8944,450
8945,449
8946,450
8948,450
8949,450
8950,449
8951,449
8952,449
8953,450
8954,449
8955,450
8956,449
8957,449
8958,448
8959,449
8960,449
8961,449
8962,449
8963,450
8964,449
8965,449
8966,449
8967,449
8968,449
8969,449
8970,449
8971,449
8972,449
8973,448
8974,448
8975,448
8976,448
8977,448
8978,449
8979,449
8980,448
8981,448
8982,448
8983,448
8984,448
8985,448
8986,449
8987,449
8988,449
8990,448
8991,448
8992,447
8993,446
8994,448
8995,449
8996,448
8997,448
8998,448
8999,448
9000,448
9001,448
9002,448
9003,448
9004,448
9005,448
9006,447
9007,448
9008,448
9009,448
9010,448
9011,448
9012,448
9013,448
9014,448
9015,448
9016,448
9017,448
9018,448
9019,448
9020,448
9021,448
9022,448
9023,448
9024,448
9025,448
9026,448
9027,449
9028,449
9029,449
9030,449
9031,448
9033,448
9034,448
9035,448
9036,448
9037,449
9038,449
9039,449
9040,449
9041,448
9042,448
9043,449
9044,449
9045,449
9046,449
9047,449
9048,449
9049,449
9050,448
9051,449
9052,449
9053,449
9054,449
9055,449
9056,449
9057,449
9058,449
9059,449
9060,449
9061,449
9062,450
9063,450
9064,449
9065,449
9066,449
9067,450
9068,450
9069,450
9070,450
9071,449
9072,449
9073,449
9074,449
9076,449
9077,448
9078,450
9079,450
9080,450
9081,449
9082,449
9083,449
9084,449
9085,449
9086,450
9087,450
9088,450
9089,449
9090,449
9091,449
9092,449
9093,449
9094,450
9095,450
9096,450
9097,448
9098,449
9099,449
9100,449
9101,449
9102,449
9103,450
9104,449
9105,449
9106,449
9107,449
9108,449
9109,449
9110,449
9111,450
9112,449
9113,449
9114,449
9115,449
9116,448
9118,448
9119,449
9120,449
9121,449
9122,449
9123,448
9124,448
9125,448
9126,448
9127,449
9128,449
9129,449
9130,449
9131,448
9132,448
9133,448
9134,448
9135,448
9136,448
9137,448
9138,448
9139,448
9140,448
9141,448
9142,448
9143,448
9144,448
9145,448
9146,448
9147,449
9148,448
9149,448
9150,448
9151,448
9152,448
9153,448
9154,448
9155,448
9156,447
9157,447
9158,447
9159,448
9161,448
9162,448
9163,448
9164,448
9165,448
9166,447
9167,448
9168,448
9169,448
9170,448
9171,448
9172,448
9173,448
9174,448
9175,448
9176,448
9177,448
9178,448
9179,449
9180,448
9181,448
9182,448
9183,448
9184,448
9185,449
9186,449
9187,450
9188,449
9189,449
9190,448
9191,448
9192,448
9193,449
9194,449
9195,449
9196,449
9197,449
9198,448
9199,449
9200,449
9201,449
9202,449
9204,450
9205,449
9206,449
9207,449
9208,449
9209,449
9210,449
9211,449
9212,449
9213,449
9214,449
9215,449
9216,449
9217,449
9218,449
9219,449
9220,450
9221,449
9222,449
9223,449
9224,449
9225,448
9226,449
9227,450
9228,450
9229,450
9230,449
9231,449
9232,449
9233,449
9234,449
9235,449
9236,450
9237,450
9238,449
9239,449
9240,449
9241,449
9242,449
9243,449
9244,449
9246,450
9247,449
9248,449
9249,449
9250,449
9251,449
9252,449
9253,450
9254,449
9255,449
9256,449
9257,449
9258,448
9259,449
9260,449
9261,449
9262,449
9263,449
9264,449
9265,449
9266,448
9267,449
9268,449
9269,449
9270,449
9271,449
9272,448
9273,448
9274,448
9275,448
9276,448
9277,449
9278,449
9279,449
9280,448
9281,448
9282,448
9283,448
9284,448
9285,448
9286,448
9287,449
9289,448
9290,448
9291,447
9292,447
9293,447
9294,448
9295,448
9296,448
9297,448
9298,447
9299,447
9300,447
9301,447
9302,448
9303,448
9304,448
9305,448
9306,447
9307,448
9308,448
9309,447
9310,447
9311,448
9312,448
9313,448
9314,448
9315,447
9316,447
9317,447
9318,448
9319,448
9320,448
9321,448
9322,448
9323,448
9324,448
9325,448
9326,448
9327,449
9328,449
9329,449
9330,448
9332,448
9333,448
9334,448
9335,449
9336,449
9337,449
9338,449
9339,449
9340,448
9341,448
9342,448
9343,449
9344,449
9345,449
9346,449
9347,449
9348,449
9349,449
9350,448
9351,448
9352,448
9353,449
9354,448
9355,449
9356,448
9357,448
9358,448
9359,447
9360,449
9361,449
9362,449
9363,449
9364,448
9365,448
9366,448
9367,449
9368,449
9369,449
9370,449
9371,449
9372,443
9374,449
9375,449
9376,449
9377,449
9378,449
9379,449
9380,449
9381,449
9382,449
9383,449
9384,449
9385,449
9386,449
9387,450
9388,449
9389,449
9390,449
9391,449
9392,449
9393,449
9394,449
9395,449
9396,449
9397,449
9398,448
9399,448
9400,448
9401,449
9402,449
9403,449
9404,449
9405,449
9406,448
9407,449
9408,449
9409,448
9410,449
9411,449
9412,449
9413,448
9414,448
9415,448
9417,448
9418,448
9419,448
9420,449
9421,449
9422,449
9423,448
9424,448
9425,448
9426,448
9427,449
9428,449
9429,449
9430,449
9431,448
9432,448
9433,448
9434,448
9435,448
9436,448
9437,448
9438,448
9439,448
9440,447
9441,448
9442,447
9443,448
9444,448
9445,448
9446,448
9447,448
9448,448
9449,447
9450,447
9451,447
9452,448
9453,448
9454,448
9455,447
9456,447
9457,447
9458,447
9460,448
9461,448
9462,448
9463,448
9464,448
9465,447
9466,447
9467,448
9468,448
9469,448
9470,448
9471,448
9472,448
9473,448
9474,447
9475,448
9476,448
9477,448
9478,448
9479,448
9480,448
9481,448
9482,448
9483,448
9484,448
9485,448
9486,449
9487,449
9488,449
9489,449
9490,448
9491,448
9492,449
9493,449
9494,449
9495,449
9496,449
9497,449
9498,448
9499,448
9500,449
9502,449
9503,449
9504,449
9505,449
9506,449
9507,449
9508,449
9509,449
9510,449
9511,449
9512,449
9513,449
9514,449
9515,448
9516,448
9517,448
9518,449
9519,449
9520,449
9521,449
9522,449
9523,448
9524,448
9525,448
9526,449
9527,449
9528,450
9529,449
9530,449
9531,448
9532,448
9533,448
9534,449
9535,449
9536,449
9537,449
9538,449
9539,448
9540,448
9541,448
9542,448
9543,449
9545,449
9546,449
9547,449
9548,449
9549,449
9550,448
9551,448
9552,449
9553,449
9554,449
9555,449
9556,448
9557,448
9558,448
9559,448
9560,448
9561,449
9562,449
9563,449
9564,449
9565,448
9566,448
9567,449
9568,449
9569,449
9570,449
9571,449
9572,448
9573,448
9574,448
9575,448
9576,448
9577,449
9578,449
9579,448
9580,448
9581,448
9582,448
9583,448
9584,448
9585,448
9586,448
9588,449
9589,449
9590,448
9591,448
9592,448
9593,448
9594,448
9595,448
9596,448
9597,448
9598,448
9599,447
9600,447
9601,447
9602,448
9603,448
9604,448
9605,448
9606,447
9607,448
9608,448
9609,448
9610,448
9611,448
9612,448
9613,448
9614,447
9615,447
9616,447
9617,448
9618,448
9619,448
9620,448
9621,448
9622,448
9623,448
9624,448
9625,448
9626,448
9627,449
9628,449
9630,449
9631,448
9632,448
9633,448
9634,448
9635,449
9636,449
9637,449
9638,449
9639,449
9640,448
9641,448
9642,449
9643,449
9644,449
9645,449
9646,449
9647,449
9648,449
9649,449
9650,448
9651,449
9652,449
9653,449
9654,449
9655,448
9656,448
9657,448
9658,448
9659,448
9660,448
9661,449
9662,449
9663,448
9664,448
9665,448
9666,448
9667,449
9668,449
9669,449
9670,448
9671,448
9673,448
9674,448
9675,448
9676,448
9677,448
9678,449
9679,449
9680,448
9681,448
9682,448
9683,448
9684,448
9685,448
9686,449
9687,449
9688,449
9689,449
9690,448
9691,448
9692,448
9693,448
9694,449
9695,449
9696,448
9697,449
9698,448
9699,448
9700,448
9701,448
9702,449
9703,449
9704,449
9705,448
9706,448
9707,449
9708,449
9709,448
9710,449
9711,449
9712,449
9713,449
9714,448
9716,448
9717,449
9718,448
9719,449
9720,449
9721,449
9722,449
9723,448
9724,448
9725,448
9726,448
9727,449
9728,449
9729,449
9730,448
9731,448
9732,448
9733,448
9734,448
9735,448
9736,449
9737,448
9738,448
9739,448
9740,448
9741,448
9742,448
9743,448
9744,448
9745,448
9746,448
9747,448
9748,448
9749,448
9750,448
9751,448
9752,448
9753,448
9754,448
9755,448
9756,448
9758,448
9759,448
9760,448
9761,448
9762,448
9763,448
9764,448
9765,448
9766,448
9767,448
9768,449
9769,449
9770,449
9771,449
9772,448
9773,448
9774,448
9775,448
9776,448
9777,449
9778,449
9779,449
9780,449
9781,448
9782,448
9783,448
9784,449
9785,449
9786,449
9787,450
9788,449
9789,449
9790,448
9791,448
9792,448
9793,449
9794,449
9795,449
9796,449
9797,448
9798,448
9799,448
9801,448
9802,449
9803,449
9804,449
9805,448
9806,448
9807,448
9808,448
9809,449
9810,448
9811,449
9812,449
9813,448
9814,448
9815,448
9816,448
9817,448
9818,448
9819,448
9820,448
9821,448
9822,448
9823,448
9824,448
9825,448
9826,448
9827,449
9828,449
9829,449
9830,448
9831,448
9832,448
9833,448
9834,448
9835,449
9836,448
9837,449
9838,448
9839,448
9840,448
9841,448
9842,448
9844,449
9845,449
9846,449
9847,449
9848,449
9849,449
9850,448
9851,448
9852,449
9853,449
9854,449
9855,449
9856,448
9857,448
9858,448
9859,449
9860,449
9861,449
9862,449
9863,449
9864,449
9865,449
9866,448
9867,449
9868,449
9869,449
9870,449
9871,449
9872,449
9873,449
9874,449
9875,449
9876,449
9877,449
9878,449
9879,449
9880,449
9881,448
9882,448
9883,448
9884,448
9886,449
9887,449
9888,450
9889,449
9890,448
9891,448
9892,448
9893,449
9894,449
9895,449
9896,449
9897,448
9898,448
9899,448
9900,448
9901,448
9902,448
9903,449
9904,449
9905,449
9906,448
9907,449
9908,449
9909,449
9910,449
9911,449
9912,449
9913,448
9914,448
9915,448
9916,448
9917,448
9918,448
9919,449
9920,449
9921,449
9922,448
9923,448
9924,448
9925,449
9926,449
9927,449
9929,450
9930,449
9931,449
9932,448
9933,448
9934,449
9935,448
9936,449
9937,449
9938,449
9939,449
9940,448
9941,448
9942,448
9943,449
9944,449
9945,449
9946,449
9947,449
9948,449
9949,448
9950,448
9951,448
9952,449
9953,449
9954,448
9955,448
9956,448
9957,448
9958,448
9959,448
9960,448
9961,448
9962,448
9963,448
9964,448
9965,448
9966,447
9967,448
9968,448
9969,448
9970,448
9972,448
9973,448
9974,448
9975,448
9976,448
9977,448
9978,448
9979,448
9980,448
9981,448
9982,448
9983,448
9984,448
9985,448
9986,448
9987,449
9988,449
9989,449
9990,448
9991,448
9992,449
9993,449
9994,449
9995,449
9996,449
9997,449
9998,449
9999,449
10000,449
10001,449
10002,449
10003,449
10004,449
10005,449
10006,449
10007,449
10008,449
10009,449
10010,450
10011,450
10012,449
10014,449
10015,447
10016,449
10017,449
10018,449
10019,449
10020,449
10021,450
10022,449
10023,449
10024,449
10025,449
10026,449
10027,449
10028,450
10029,450
10030,449
10031,449
10032,449
10033,448
10034,449
10035,449
10036,449
10037,449
10038,449
10039,447
10040,449
10041,448
10042,449
10043,449
10044,449
10045,449
10046,449
10047,449
10048,449
10049,448
10050,449
10051,449
10052,449
10053,449
10054,449
10055,449
10057,448
10058,448
10059,448
10060,449
10061,449
10062,449
10063,449
10064,449
10065,449
10066,449
10067,449
10068,450
10069,450
10070,449
10071,449
10072,449
10073,448
10074,449
10075,448
10076,448
10077,449
10078,449
10079,449
10080,449
10081,448
10082,449
10083,448
10084,449
10085,449
10086,449
10087,449
10088,449
10089,448
10090,448
10091,448
10092,448
10093,448
10094,448
10095,448
10096,448
10097,448
10098,447
10100,447
10101,448
10102,448
10103,448
10104,448
10105,448
10106,448
10107,447
10108,448
10109,448
10110,448
10111,448
10112,448
10113,448
10114,448
10115,447
10116,447
10117,447
10118,448
10119,448
10120,448
10121,448
10122,448
10123,448
10124,448
10125,448
10126,448
10127,449
10128,449
10129,449
10130,449
10131,448
10132,448
10133,449
10134,449
10135,449
10136,449
10137,449
10138,449
10139,449
10140,449
10142,449
10143,449
10144,450
10145,450
10146,450
10147,450
10148,450
10149,450
10150,449
10151,450
10152,450
10153,450
10154,450
10155,450
10156,450
10157,450
10158,450
10159,450
10160,450
10161,450
10162,450
10163,450
10164,450
10165,450
10166,449
10167,450
10168,450
10169,450
10170,450
10171,450
10172,450
10173,450
10174,449
10175,450
10176,450
10177,450
10178,450
10179,450
10180,450
10181,449
10182,449
10183,449
10185,450
10186,450
10187,450
10188,450
10189,450
10190,449
10191,449
10192,449
10193,449
10194,450
10195,450
10196,450
10197,449
10198,449
10199,449
10200,449
10201,449
10202,450
10203,450
10204,450
10205,449
10206,449
10207,450
10208,449
10209,450
10210,450
10211,450
10212,450
10213,449
10214,449
10215,449
10216,449
10217,449
10218,449
10219,449
10220,450
10221,449
10222,449
10223,449
10224,449
10225,449
10226,449
10228,450
10229,450
10230,449
10231,449
10232,448
10233,448
10234,448
10235,449
10236,449
10237,449
10238,449
10239,448
10240,448
10241,448
10242,448
10243,448
10244,448
10245,448
10246,448
10247,448
10248,448
10249,448
10250,448
10251,448
10252,448
10253,448
10254,448
10255,448
10256,448
10257,448
10258,448
10259,448
10260,448
10261,449
10262,448
10263,449
10264,448
10265,448
10266,448
10267,449
10268,449
10270,449
10271,449
10272,449
10273,449
10274,449
10275,449
10276,449
10277,450
10278,450
10279,450
10280,450
10281,450
10282,450
10283,450
10284,450
10285,450
10286,451
10287,451
10288,451
10289,451
10290,450
10291,450
10292,450
10293,450
10294,451
10295,451
10296,451
10297,450
10298,450
10299,450
10300,450
10301,451
10302,451
10303,451
10304,451
10305,451
10306,450
10307,451
10308,450
10309,451
10310,451
10311,451
10313,450
10314,451
10315,450
10316,450
10317,450
10318,450
10319,451
10320,451
10321,451
10322,450
10323,450
10324,450
10325,450
10326,451
10327,451
10328,451
10329,451
10330,450
10331,450
10332,449
10333,449
10334,450
10335,450
10336,450
10337,450
10338,450
10339,450
10340,450
10341,449
10342,450
10343,450
10344,451
10345,450
10346,450
10347,450
10348,450
10349,449
10350,450
10351,450
10352,450
10353,450
10354,450
10356,449
10357,449
10358,449
10359,450
10360,450
10361,450
10362,450
10363,450
10364,450
10365,449
10366,449
10367,449
10368,450
10369,450
10370,450
10371,450
10372,449
10373,449
10374,448
10375,449
10376,449
10377,449
10378,449
10379,449
10380,449
10381,449
10382,448
10383,448
10384,448
10385,448
10386,448
10387,449
10388,449
10389,448
10390,448
10391,448
10392,448
10393,444
10394,448
10395,449
10396,448
10398,448
10399,448
10400,448
10401,448
10402,448
10403,449
10404,449
10405,448
10406,448
10407,448
10408,449
10409,449
10410,449
10411,450
10412,450
10413,441
10414,449
10415,449
10416,449
10417,449
10418,450
10419,450
10420,450
10421,450
10422,450
10423,450
10424,450
10425,450
10426,450
10427,451
10428,451
10429,451
10430,451
10431,450
10432,450
10433,450
10434,451
10435,451
10436,451
10437,451
10438,451
10439,451
10441,451
10442,450
10443,451
10444,451
10445,452
10446,451
10447,451
10448,452
10449,451
10450,451
10451,451
10452,451
10453,452
10454,451
10455,451
10456,451
10457,451
10458,451
10459,451
10460,451
10461,452
10462,452
10463,451
10464,451
10465,451
10466,451
10467,451
10468,452
10469,452
10470,451
10471,451
10472,451
10473,451
10474,451
10475,451
10476,451
10477,451
10478,451
10479,451
10480,451
10481,450
10482,450
10484,450
10485,450
10486,451
10487,451
10488,451
10489,451
10490,450
10491,450
10492,450
10493,450
10494,451
10495,451
10496,450
10497,450
10498,450
10499,450
10500,450
10501,450
10502,450
10503,450
10504,450
10505,450
10506,449
10507,450
10508,450
10509,450
10510,450
10511,450
10512,450
10513,449
10514,449
10515,449
10516,449
10517,449
10518,449
10519,450
10520,450
10521,449
10522,449
10523,448
10524,448
10526,449
10527,449
10528,450
10529,449
10530,449
10531,448
10532,448
10533,448
10534,449
10535,449
10536,449
10537,449
10538,449
10539,449
10540,448
10541,448
10542,449
10543,449
10544,450
10545,450
10546,449
10547,450
10548,450
10549,450
10550,449
10551,450
10552,450
10553,446
10554,450
10555,450
10556,450
10557,450
10558,450
10559,450
10560,451
10561,451
10562,451
10563,451
10564,451
10565,450
10566,451
10567,452
10569,452
10570,452
10571,452
10572,452
10573,451
10574,451
10575,451
10576,452
10577,452
10578,452
10579,452
10580,452
10581,451
10582,451
10583,452
10584,452
10585,452
10586,452
10587,453
10588,453
10589,452
10590,452
10591,452
10592,452
10593,452
10594,452
10595,453
10596,452
10597,452
10598,451
10599,451
10600,452
10601,452
10602,452
10603,452
10604,452
10605,451
10606,451
10607,451
10608,452
10609,452
10610,452
10612,452
10613,452
10614,451
10615,451
10616,451
10617,451
10618,451
10619,452
10620,452
10621,451
10622,451
10623,451
10624,451
10625,451
10626,451
10627,452
10628,452
10629,452
10630,451
10631,451
10632,450
10633,450
10634,449
10635,451
10636,451
10637,451
10638,451
10639,450
10640,450
10641,450
10642,450
10643,451
10644,451
10645,451
10646,450
10647,450
10648,450
10649,450
10650,450
10651,450
10652,449
10654,450
10655,450
10656,450
10657,450
10658,449
10659,449
10660,450
10661,450
10662,450
10663,450
10664,449
10665,449
10666,449
10667,449
10668,450
10669,450
10670,449
10671,449
10672,449
10673,449
10674,449
10675,449
10676,449
10677,450
10678,450
10679,449
10680,449
10681,449
10682,449
10683,449
10684,450
10685,450
10686,450
10687,451
10688,450
10689,450
10690,450
10691,450
10692,450
10693,451
10694,451
10695,451
10697,451
10698,450
10699,450
10700,450
10701,451
10702,451
10703,452
10704,452
10705,452
10706,451
10707,451
10708,452
10709,452
10710,452
10711,452
10712,452
10713,452
10714,452
10715,451
10716,451
10717,452
10718,452
10719,452
10720,453
10721,452
10722,452
10723,452
10724,452
10725,452
10726,452
10727,453
10728,453
10729,453
10730,452
10731,452
10732,452
10733,452
10734,452
10735,453
10736,453
10737,453
10738,452
10740,452
10741,452
10742,452
10743,453
10744,453
10745,453
10746,453
10747,452
10748,452
10749,452
10750,452
10751,452
10752,452
10753,452
10754,452
10755,452
10756,452
10757,451
10758,452
10759,452
10760,452
10761,453
10762,452
10763,452
10764,452
10765,451
10766,451
10767,452
10768,452
10769,452
10770,452
10771,452
10772,451
10773,451
10774,451
10775,451
10776,451
10777,452
10778,451
10779,451
10780,451
10782,450
10783,450
10784,451
10785,451
10786,451
10787,451
10788,452
10789,451
10790,450
10791,450
10792,443
10793,451
10794,451
10795,451
10796,451
10797,450
10798,450
10799,450
10800,450
10801,450
10802,450
10803,450
10804,450
10805,450
10806,450
10807,450
10808,450
10809,450
10810,450
10811,450
10812,450
10813,450
10814,449
10815,449
10816,449
10817,450
10818,450
10819,450
10820,450
10821,450
10822,449
10823,450
10825,450
10826,450
10827,451
10828,451
10829,452
10830,451
10831,450
10832,450
10833,451
10834,451
10835,451
10836,452
10837,451
10838,451
10839,451
10840,451
10841,451
10842,451
10843,452
10844,452
10845,452
10846,452
10847,452
10848,452
10849,452
10850,452
10851,452
10852,453
10853,453
10854,453
10855,452
10856,452
10857,452
10858,452
10859,452
10860,453
10861,453
10862,453
10863,453
10864,452
10865,452
10866,452
10868,453
10869,454
10870,453
10871,453
10872,453
10873,452
10874,452
10875,452
10876,452
10877,453
10878,453
10879,453
10880,452
10881,452
10882,452
10883,452
10884,453
10885,453
10886,453
10887,453
10888,453
10889,453
10890,452
10891,452
10892,452
10893,453
10894,453
10895,453
10896,453
10897,452
10898,452
10899,452
10900,452
10901,452
10902,453
10903,453
10904,453
10905,452
10906,452
10907,452
10908,453
10910,452
10911,452
10912,452
10913,452
10914,452
10915,451
10916,451
10917,451
10918,452
10919,452
10920,452
10921,452
10922,451
10923,451
10924,451
10925,451
10926,451
10927,452
10928,452
10929,452
10930,451
10931,451
10932,451
10933,451
10934,451
10935,451
10936,451
10937,451
10938,451
10939,450
10940,450
10941,450
10942,450
10943,451
10944,451
10945,451
10946,451
10947,451
10948,451
10949,450
10950,450
10951,451
10953,451
10954,451
10955,451
10956,450
10957,450
10958,450
10959,451
10960,451
10961,451
10962,451
10963,451
10964,451
10965,451
10966,450
10967,451
10968,452
10969,453
10970,452
10971,452
10972,451
10973,451
10974,451
10975,452
10976,452
10977,453
10978,453
10979,453
10980,452
10981,452
10982,452
10983,452
10984,452
10985,453
10986,453
10987,453
10988,453
10989,452
10990,452
10991,452
10992,453
10993,453
10994,453
10996,453
10997,453
10998,452
10999,452
11000,452
11001,453
11002,453
11003,453
11004,453
11005,453
11006,452
11007,453
11008,453
11009,454
11010,453
11011,453
11012,453
11013,453
11014,453
11015,453
11016,453
11017,453
11018,453
11019,453
11020,453
11021,453
11022,452
11023,452
11024,453
11025,453
11026,453
11027,454
11028,454
11029,453
11030,452
11031,453
11032,450
11033,452
11034,453
11035,453
11036,453
11038,453
11039,453
11040,452
11041,452
11042,452
11043,453
11044,453
11045,453
11046,453
11047,452
11048,453
11049,452
11050,452
11051,452
11052,453
11053,453
11054,452
11055,452
11056,452
11057,451
11058,452
11059,452
11060,452
11061,452
11062,452
11063,452
11064,451
11065,451
11066,451
11067,452
11068,452
11069,452
11070,452
11071,452
11072,451
11073,451
11074,451
11075,451
11076,452
11077,452
11078,452
11079,451
11081,451
11082,451
11083,451
11084,451
11085,451
11086,452
11087,452
11088,452
11089,451
11090,451
11091,451
11092,451
11093,451
11094,451
11095,452
11096,451
11097,451
11098,451
11099,451
11100,451
11101,452
11102,452
11103,452
11104,452
11105,452
11106,452
11107,452
11108,452
11109,452
11110,453
11111,453
11112,453
11113,452
11114,452
11115,452
11116,452
11117,453
11118,453
11119,453
11120,453
11121,452
11122,452
11124,452
11125,452
11126,453
11127,453
11128,454
11129,454
11130,453
11131,452
11132,452
11133,453
11134,453
11135,453
11136,454
11137,453
11138,453
11139,453
11140,453
11141,452
11142,453
11143,453
11144,454
11145,453
11146,453
11147,453
11148,453
11149,453
11150,453
11151,453
11152,454
11153,454
11154,453
11155,453
11156,453
11157,453
11158,453
11159,453
11160,453
11161,454
11162,453
11163,453
11164,453
11166,453
11167,453
11168,453
11169,454
11170,454
11171,453
11172,453
11173,452
11174,452
11175,453
11176,453
11177,453
11178,453
11179,453
11180,452
11181,452
11182,452
11183,452
11184,452
11185,452
11186,452
11187,453
11188,452
11189,452
11190,451
11191,451
11192,452
11193,452
11194,452
11195,452
11196,452
11197,451
11198,451
11199,451
11200,451
11201,451
11202,452
11203,452
11204,452
11205,451
11206,451
11207,452
11209,452
11210,452
11211,452
11212,452
11213,452
11214,451
11215,451
11216,451
11217,451
11218,452
11219,452
11220,452
11221,452
11222,451
11223,451
11224,451
11225,451
11226,452
11227,452
11228,452
11229,452
11230,451
11231,451
11232,452
11233,451
11234,452
11235,452
11236,452
11237,452
11238,452
11239,451
11240,451
11241,452
11242,452
11243,452
11244,453
11245,453
11246,452
11247,453
11248,452
11249,452
11250,452
11252,453
11253,453
11254,453
11255,452
11256,452
11257,452
11258,452
11259,453
11260,453
11261,453
11262,453
11263,452
11264,452
11265,452
11266,452
11267,453
11268,454
11269,454
11270,453
11271,453
11272,453
11273,453
11274,453
11275,453
11276,453
11277,453
11278,454
11279,453
11280,453
11281,453
11282,452
11283,453
11284,453
11285,453
11286,454
11287,454
11288,453
11289,453
11290,453
11291,453
11292,453
11294,454
11295,453
11296,453
11297,453
11298,452
11299,452
11300,452
11301,453
11302,453
11303,452
11304,452
11305,452
11306,452
11307,452
11308,452
11309,452
11310,452
11311,452
11312,446
11313,452
11314,451
11315,452
11316,451
11317,452
11318,452
11319,452
11320,452
11321,452
11322,451
11323,451
11324,452
11325,452
11326,452
11327,453
11328,453
11329,452
11330,452
11331,451
11332,451
11333,452
11334,452
11335,452
11337,452
11338,452
11339,452
11340,452
11341,452
11342,452
11343,452
11344,453
11345,452
11346,452
11347,452
11348,452
11349,452
11350,452
11351,452
11352,452
11353,452
11354,452
11355,452
11356,452
11357,452
11358,452
11359,452
11360,453
11361,453
11362,452
11363,452
11364,452
11365,452
11366,452
11367,452
11368,453
11369,453
11370,453
11371,452
11372,452
11373,452
11374,452
11375,452
11376,453
11377,453
11378,453
11380,453
11381,452
11382,452
11383,452
11384,453
11385,453
11386,453
11387,453
11388,453
11389,453
11390,452
11391,452
11392,453
11393,453
11394,453
11395,453
11396,453
11397,453
11398,453
11399,452
11400,453
11401,453
11402,453
11403,453
11404,453
11405,453
11406,452
11407,453
11408,453
11409,453
11410,453
11411,453
11412,453
11413,453
11414,453
11415,452
11416,453
11417,453
11418,453
11419,453
11420,453
11422,452
11423,452
11424,452
11425,452
11426,452
11427,452
11428,453
11429,452
11430,451
11431,451
11432,451
11433,451
11434,452
11435,452
11436,452
11437,452
11438,452
11439,451
11440,451
11441,451
11442,452
11443,452
11444,452
11445,452
11446,452
11447,452
11448,452
11449,452
11450,452
11451,452
11452,452
11453,452
11454,451
11455,451
11456,452
11457,452
11458,452
11459,452
11460,453
11461,452
11462,452
11463,452
11465,452
11466,452
11467,452
11468,453
11469,453
11470,453
11471,452
11472,452
11473,451
11474,452
11475,452
11476,452
11477,453
11478,453
11479,453
11480,452
11481,452
11482,452
11483,452
11484,452
11485,453
11486,453
11487,453
11488,453
11489,453
11490,452
11491,452
11492,453
11493,453
11494,453
11495,453
11496,453
11497,453
11498,452
11499,453
11500,453
11501,453
11502,453
11503,453
11504,453
11505,452
11506,451
11508,452
11509,452
11510,452
11511,453
11512,452
11513,453
11514,452
11515,452
11516,452
11517,453
11518,453
11519,454
11520,453
11521,453
11522,453
11523,453
11524,452
11525,452
11526,453
11527,453
11528,453
11529,453
11530,452
11531,452
11532,452
11533,452
11534,452
11535,452
11536,452
11537,452
11538,452
11539,452
11540,451
11541,452
11542,452
11543,452
11544,452
11545,452
11546,452
11547,452
11548,452
11550,451
11551,452
11552,452
11553,451
11554,451
11555,451
11556,451
11557,451
11558,451
11559,451
11560,452
11561,452
11562,452
11563,451
11564,451
11565,451
11566,451
11567,451
11568,452
11569,452
11570,452
11571,452
11572,451
11573,451
11574,451
11575,451
11576,452
11577,452
11578,452
11579,452
11580,451
11581,451
11582,451
11583,451
11584,452
11585,452
11586,452
11587,452
11588,452
11589,451
11590,451
11591,452
11593,452
11594,452
11595,452
11596,452
11597,452
11598,452
11599,451
11600,452
11601,452
11602,452
11603,452
11604,452
11605,452
11606,452
11607,452
11608,452
11609,453
11610,453
11611,453
11612,452
11613,452
11614,452
11615,452
11616,452
11617,452
11618,453
11619,453
11620,453
11621,452
11622,452
11623,452
11624,452
11625,452
11626,453
11627,454
11628,453
11629,453
11630,453
11631,452
11632,452
11633,453
11634,453
11636,453
11637,453
11638,452
11639,452
11640,452
11641,451
11642,451
11643,452
11644,452
11645,452
11646,451
11647,450
11648,450
11649,450
11650,450
11651,450
11652,450
11653,450
11654,449
11655,449
11656,448
11657,448
11658,448
11659,448
11660,448
11661,448
11662,448
11663,448
11664,447
11665,447
11666,448
11667,448
11668,448
11669,448
11670,448
11671,446
11672,447
11673,447
11674,447
11675,447
11676,448
11678,448
11679,448
11680,448
11681,448
11682,448
11683,448
11684,448
11685,449
11686,449
11687,450
11688,450
11689,450
11690,449
11691,450
11692,450
11693,450
11694,451
11695,451
11696,450
11697,450
11698,450
11699,450
11700,451
11701,451
11702,452
11703,451
11704,451
11705,451
11706,451
11707,451
11708,451
11709,452
11710,452
11711,452
11712,452
11713,451
11714,451
11715,451
11716,451
11717,452
11718,452
11719,452
11721,452
11722,452
11723,451
11724,451
11725,451
11726,452
11727,452
11728,453
11729,452
11730,451
11731,451
11732,451
11733,451
11734,451
11735,452
11736,452
11737,452
11738,452
11739,451
11740,451
11741,451
11742,452
11743,452
11744,452
11745,452
11746,452
11747,452
11748,452
11749,452
11750,451
11751,452
11752,452
11753,451
11754,452
11755,450
11756,451
11757,451
11758,451
11759,452
11760,452
11761,452
11762,451
11764,451
11765,451
11766,451
11767,452
11768,454
11769,455
11770,455
11771,455
11772,454
11773,454
11774,453
11775,453
11776,451
11777,451
11778,450
11779,450
11780,449
11781,448
11782,448
11783,448
11784,448
11785,449
11786,448
11787,449
11788,449
11789,448
11790,447
11791,447
11792,447
11793,447
11794,446
11795,446
11796,445
11797,444
11798,443
11799,443
11800,443
11801,442
11802,442
11803,442
11804,441
11806,441
11807,441
11808,441
11809,442
11810,441
11811,441
11812,441
11813,439
11814,441
11815,441
11816,441
11817,442
11818,438
11819,443
11820,443
11821,443
11822,443
11823,444
11824,444
11825,444
11826,445
11827,446
11828,446
11829,446
11830,445
11831,445
11832,445
11833,446
11834,446
11835,447
11836,448
11837,448
11838,449
11839,449
11840,449
11841,449
11842,450
11843,450
11844,451
11845,450
11846,450
11847,450
11849,450
11850,450
11851,450
11852,451
11853,451
11854,451
11855,451
11856,451
11857,450
11858,451
11859,451
11860,451
11861,451
11862,451
11863,451
11864,451
11865,451
11866,451
11867,451
11868,452
11869,452
11870,451
11871,451
11872,451
11873,450
11874,451
11875,451
11876,451
11877,451
11878,451
11879,451
11880,450
11881,450
11882,450
11883,451
11884,451
11885,451
11886,451
11887,451
11888,451
11889,450
11890,449
11892,450
11893,450
11894,450
11895,450
11896,450
11897,449
11898,449
11899,449
11900,449
11901,449
11902,450
11903,451
11904,454
11905,459
11906,464
11907,467
11908,470
11909,471
11910,469
11911,468
11912,466
11913,464
11914,463
11915,462
11916,462
11917,461
11918,460
11919,459
11920,457
11921,456
11922,455
11923,453
11924,452
11925,451
11926,449
11927,448
11928,447
11929,445
11930,444
11931,443
11932,442
11934,441
11935,441
11936,440
11937,439
11938,438
11939,438
11940,437
11941,437
11942,437
11943,437
11944,436
11945,436
11946,436
11947,435
11948,436
11949,435
11950,435
11951,435
11952,434
11953,431
11954,435
11955,435
11956,436
11957,436
11958,437
11959,438
11960,439
11961,440
11962,441
11963,442
11964,443
11965,444
11966,445
11967,447
11968,448
11969,448
11970,447
11971,446
11972,444
11973,444
11974,445
11975,446
11977,447
11978,447
11979,447
11980,447
11981,447
11982,447
11983,448
11984,448
11985,449
11986,449
11987,449
11988,450
11989,450
11990,449
11991,449
11992,450
11993,450
11994,450
11995,450
11996,450
11997,450
11998,450
11999,450
12000,450
12001,450
12002,451
12003,450
12004,450
12005,450
12006,450
12007,450
12008,450
12009,451
12010,451
12011,451
12012,450
12013,450
12014,450
12015,450
12016,450
12017,450
12018,450
12020,450
12021,449
12022,449
12023,449
12024,448
12025,449
12026,449
12027,449
12028,449
12029,449
12030,448
12031,448
12032,448
12033,448
12034,449
12035,449
12036,449
12037,450
12038,452
12039,455
12040,459
12041,465
12042,472
12043,478
12044,484
12045,486
12046,488
12047,487
12048,484
12049,480
12050,475
12051,470
12052,465
12053,461
12054,457
12055,453
12056,450
12057,448
12058,446
12059,444
12060,443
12062,441
12063,441
12064,439
12065,439
12066,438
12067,437
12068,437
12069,434
12070,426
12071,416
12072,404
12073,390
12074,378
12075,364
12076,348
12077,334
12078,319
12079,304
12080,288
12081,273
12082,257
12083,242
12084,229
12085,215
12086,202
12087,190
12088,176
12089,164
12090,154
12091,143
12092,133
12093,124
12094,116
12095,106
12096,96
12097,87
12098,78
12099,69
12100,60
12101,54
12102,46
12103,42
12105,56
12106,106
12107,189
12108,288
12109,379
12110,434
12111,448
12112,450
12113,451
12114,452
12115,453
12116,453
12117,453
12118,453
12119,453
12120,453
12121,453
12122,453
12123,453
12124,452
12125,453
12126,452
12127,453
12128,453
12129,452
12130,451
12131,451
12132,451
12133,451
12134,451
12135,452
12136,452
12137,451
12138,451
12139,450
12140,450
12141,451
12142,451
12143,451
12144,451
12145,450
12146,450
12148,450
12149,450
12150,449
12151,449
12152,449
12153,448
12154,449
12155,448
12156,447
12157,447
12158,447
12159,447
12160,448
12161,448
12162,447
12163,447
12164,447
12165,446
12166,447
12167,447
12168,448
12169,448
12170,448
12171,448
12172,447
12173,447
12174,448
12175,449
12176,454
12177,468
12178,487
12179,504
12180,514
12181,516
12182,505
12183,482
12184,449
12185,405
12186,359
12187,316
12188,274
12190,232
12191,192
12192,152
12193,117
12194,86
12195,62
12196,44
12197,29
12198,21
12199,17
12200,17
12201,17
12202,17
12203,16
12204,16
12205,16
12206,16
12207,15
12208,15
12209,15
12210,15
12211,15
12212,15
12213,15
12214,14
12215,14
12216,15
12217,15
12218,15
12219,15
12220,15
12221,14
12222,14
12223,14
12224,13
12225,13
12226,12
12227,12
12228,12
12229,11
12230,10
12231,9
12233,9
12234,9
12235,9
12236,8
12237,8
12238,8
12239,8
12240,10
12241,28
12242,83
12243,172
12244,274
12245,367
12246,427
12247,445
12248,448
12249,450
12250,451
12251,452
12252,453
12253,453
12254,453
12255,452
12256,452
12257,452
12258,453
12259,453
12260,453
12261,453
12262,453
12263,452
12264,452
12265,452
12266,452
12267,453
12268,453
12269,453
12270,452
12271,452
12272,452
12273,452
12274,452
12276,452
12277,453
12278,453
12279,453
12280,453
12281,452
12282,452
12283,452
12284,453
12285,453
12286,453
12287,452
12288,453
12289,452
12290,451
12291,451
12292,452
12293,452
12294,452
12295,452
12296,451
12297,451
12298,451
12299,452
12300,452
12301,453
12302,453
12303,453
12304,453
12305,452
12306,453
12307,453
12308,453
12309,453
12310,450
12311,423
12312,359
12313,266
12314,174
12315,94
12316,45
12318,23
12319,18
12320,18
12321,18
12322,18
12323,18
12324,18
12325,18
12326,18
12327,18
12328,18
12329,18
12330,17
12331,17
12332,17
12333,17
12334,17
12335,18
12336,18
12337,18
12338,17
12339,17
12340,17
12341,17
12342,17
12343,17
12344,17
12345,17
12346,16
12347,16
12348,16
12349,15
12350,15
12351,15
12352,15
12353,15
12354,14
12355,14
12356,14
12357,14
12358,14
12359,14
12361,14
12362,14
12363,13
12364,13
12365,12
12366,12
12367,11
12368,11
12369,10
12370,10
12371,10
12372,9
12373,9
12374,9
12375,9
12376,8
12377,9
12378,8
12379,8
12380,8
12381,11
12382,32
12383,89
12384,178
12385,279
12386,371
12387,429
12388,446
12389,449
12390,450
12391,452
12392,452
12393,449
12394,454
12395,453
12396,454
12397,453
12398,453
12399,453
12400,454
12401,454
12402,454
12404,454
12405,453
12406,453
12407,453
12408,454
12409,454
12410,454
12411,454
12412,454
12413,453
12414,453
12415,453
12416,453
12417,453
12418,454
12419,454
12420,454
12421,453
12422,453
12423,452
12424,453
12425,453
12426,453
12427,453
12428,453
12429,453
12430,452
12431,452
12432,452
12433,452
12434,452
12435,452
12436,452
12437,452
12438,451
12439,451
12440,451
12441,452
12442,452
12443,452
12444,452
12446,451
12447,451
12448,452
12449,452
12450,452
12451,452
12452,446
12453,409
12454,337
12455,246
12456,157
12457,83
12458,40
12459,23
12460,21
12461,21
12462,20
12463,20
12464,20
12465,20
12466,20
12467,20
12468,20
12469,21
12470,20
12471,20
12472,19
12473,19
12474,19
12475,19
12476,19
12477,19
12478,18
12479,18
12480,18
12481,18
12482,18
12483,18
12484,18
12485,17
12486,17
12487,17
12489,16
12490,16
12491,16
12492,16
12493,16
12494,16
12495,15
12496,15
12497,14
12498,14
12499,14
12500,15
12501,15
12502,15
12503,14
12504,14
12505,13
12506,13
12507,12
12508,11
12509,11
12510,11
12511,11
12512,10
12513,10
12514,9
12515,9
12516,9
12517,9
12518,9
12519,10
12520,10
12521,11
12522,14
12523,37
12524,96
12525,188
12526,288
12527,380
12528,437
12529,453
12530,454
12532,455
12533,457
12534,457
12535,458
12536,457
12537,458
12538,457
12539,456
12540,456
12541,456
12542,456
12543,456
12544,456
12545,456
12546,455
12547,454
12548,455
12549,455
12550,454
12551,455
12552,455
12553,454
12554,454
12555,454
12556,454
12557,453
12558,454
12559,454
12560,454
12561,454
12562,454
12563,454
12564,453
12565,453
12566,453
12567,454
12568,454
12569,454
12570,454
12571,453
12572,453
12574,453
12575,453
12576,453
12577,453
12578,454
12579,454
12580,453
12581,453
12582,453
12583,454
12584,454
12585,454
12586,455
12587,455
12588,455
12589,455
12590,454
12591,454
12592,443
12593,400
12594,319
12595,224
12596,136
12597,68
12598,34
12599,23
12600,22
12601,22
12602,22
12603,22
12604,21
12605,21
12606,21
12607,21
12608,21
12609,21
12610,21
12611,21
12612,21
12613,19
12614,21
12615,21
12617,21
12618,21
12619,21
12620,21
12621,21
12622,20
12623,20
12624,20
12625,19
12626,19
12627,19
12628,19
12629,19
12630,18
12631,18
12632,18
12633,18
12634,18
12635,18
12636,18
12637,18
12638,18
12639,18
12640,18
12641,18
12642,19
12643,19
12644,19
12645,20
12646,21
12647,22
12648,32
12649,79
12650,149
12651,224
12652,313
12653,406
12654,476
12655,508
12656,547
12657,557
12658,535
12660,500
12661,477
12662,463
12663,457
12664,453
12665,452
12666,452
12667,452
12668,454
12669,454
12670,453
12671,453
12672,452
12673,452
12674,452
12675,452
12676,453
12677,453
12678,453
12679,453
12680,452
12681,452
12682,452
12683,453
12684,453
12685,454
12686,454
12687,454
12688,454
12689,454
12690,454
12691,454
12692,454
12693,455
12694,455
12695,454
12696,454
12697,453
12698,454
12699,454
12700,454
12702,454
12703,455
12704,455
12705,454
12706,454
12707,455
12708,455
12709,455
12710,455
12711,456
12712,455
12713,455
12714,455
12715,454
12716,455
12717,455
12718,455
12719,455
12720,455
12721,455
12722,455
12723,454
12724,454
12725,455
12726,455
12727,455
12728,456
12729,455
12730,455
12731,454
12732,454
12733,454
12734,455
12735,454
12736,455
12737,455
12738,455
12739,454
12740,454
12741,455
12742,455
12743,456
12745,456
12746,455
12747,455
12748,455
12749,455
12750,455
12751,455
12752,455
12753,455
12754,455
12755,455
12756,454
12757,454
12758,455
12759,455
12760,455
12761,455
12762,455
12763,455
12764,455
12765,455
12766,455
12767,455
12768,456
12769,456
12770,455
12771,455
12772,454
12773,455
12774,455
12775,455
12776,455
12777,455
12778,456
12779,455
12780,455
12781,454
12782,454
12783,455
12784,455
12785,455
12786,455
12788,456
12789,455
12790,455
12791,454
12792,455
12793,455
12794,455
12795,455
12796,455
12797,455
12798,454
12799,455
12800,455
12801,455
12802,455
12803,455
12804,455
12805,455
12806,455
12807,454
12808,455
12809,456
12810,455
12811,455
12812,455
12813,455
12814,455
12815,454
12816,455
12817,455
12818,456
12819,455
12820,455
12821,455
12822,454
12823,454
12824,454
12825,455
12826,455
12827,456
12828,456
12830,455
12831,454
12832,454
12833,454
12834,455
12835,455
12836,455
12837,455
12838,455
12839,455
12840,454
12841,455
12842,455
12843,455
12844,455
12845,455
12846,455
12847,455
12848,455
12849,455
12850,455
12851,455
12852,453
12853,455
12854,455
12855,455
12856,454
12857,454
12858,455
12859,455
12860,455
12861,455
12862,455
12863,454
12864,454
12865,454
12866,455
12867,455
12868,456
12869,456
12870,455
12871,455
12873,455
12874,454
12875,455
12876,455
12877,455
12878,455
12879,455
12880,454
12881,454
12882,454
12883,454
12884,455
12885,455
12886,455
12887,455
12888,455
12889,455
12890,455
12891,455
12892,455
12893,455
12894,455
12895,455
12896,455
12897,455
12898,455
12899,455
12900,455
12901,455
12902,455
12903,455
12904,455
12905,455
12906,454
12907,455
12908,455
12909,455
12910,455
12911,455
12912,455
12913,454
12914,454
12916,454
12917,455
12918,455
12919,455
12920,455
12921,455
12922,455
12923,454
12924,454
12925,455
12926,455
12927,455
12928,456
12929,455
12930,455
12931,454
12932,454
12933,454
12934,455
12935,455
12936,455
12937,455
12938,455
12939,454
12940,454
12941,454
12942,455
12943,455
12944,455
12945,455
12946,455
12947,454
12948,455
12949,455
12950,455
12951,455
12952,455
12953,455
12954,455
12955,454
12956,454
12958,454
12959,455
12960,455
12961,455
12962,455
12963,455
12964,455
12965,454
12966,454
12967,455
12968,456
12969,456
12970,456
12971,455
12972,455
12973,454
12974,454
12975,455
12976,455
12977,455
12978,455
12979,455
12980,454
12981,454
12982,454
12983,454
12984,455
12985,455
12986,455
12987,455
12988,455
12989,455
12990,454
12991,455
12992,455
12993,455
12994,455
12995,455
12996,454
12997,454
12998,454
12999,454
13001,455
13002,455
13003,455
13004,455
13005,454
13006,454
13007,454
13008,455
13009,455
13010,455
13011,455
13012,455
13013,455
13014,454
13015,454
13016,454
13017,454
13018,454
13019,455
13020,455
13021,454
13022,454
13023,454
13024,454
13025,454
13026,454
13027,455
13028,456
13029,455
13030,454
13031,454
13032,454
13033,454
13034,454
13035,455
13036,455
13037,455
13038,454
13039,454
13040,454
13041,454
13042,455
13044,455
13045,455
13046,455
13047,454
13048,454
13049,455
13050,454
13051,455
13052,455
13053,454
13054,455
13055,454
13056,454
13057,454
13058,454
13059,454
13060,455
13061,455
13062,455
13063,454
13064,454
13065,454
13066,454
13067,454
13068,455
13069,455
13070,455
13071,454
13072,454
13073,454
13074,454
13075,455
13076,455
13077,455
13078,455
13079,454
13080,454
13081,454
13082,454
13083,454
13084,455
13086,455
13087,455
13088,455
13089,455
13090,454
13091,454
13092,454
13093,455
13094,455
13095,455
13096,454
13097,454
13098,454
13099,454
13100,454
13101,455
13102,455
13103,455
13104,454
13105,454
13106,454
13107,454
13108,455
13109,455
13110,455
13111,455
13112,455
13113,454
13114,454
13115,454
13116,454
13117,454
13118,454
13119,455
13120,455
13121,454
13122,454
13123,454
13124,454
13125,454
13126,455
13127,455
13129,455
13130,455
13131,454
13132,454
13133,453
13134,454
13135,454
13136,455
13137,455
13138,454
13139,454
13140,454
13141,454
13142,454
13143,454
13144,455
13145,455
13146,454
13147,454
13148,454
13149,454
13150,454
13151,455
13152,455
13153,455
13154,454
13155,454
13156,454
13157,454
13158,454
13159,454
13160,455
13161,454
13162,454
13163,454
13164,453
13165,454
13166,454
13167,454
13168,455
13169,455
13170,454
13172,454
13173,454
13174,454
13175,454
13176,454
13177,454
13178,454
13179,454
13180,454
13181,453
13182,454
13183,454
13184,454
13185,454
13186,454
13187,454
13188,454
13189,454
13190,454
13191,454
13192,454
13193,454
13194,454
13195,454
13196,454
13197,454
13198,453
13199,454
13200,454
13201,454
13202,454
13203,454
13204,454
13205,453
13206,453
13207,454
13208,454
13209,454
13210,454
13211,454
13212,454
13214,453
13215,453
13216,453
13217,453
13218,454
13219,454
13220,454
13221,454
13222,453
13223,453
13224,453
13225,454
13226,454
13227,454
13228,455
13229,454
13230,453
13231,453
13232,453
13233,454
13234,454
13235,454
13236,454
13237,454
13238,453
13239,453
13240,453
13241,453
13242,453
13243,454
13244,454
13245,453
13246,453
13247,453
13248,453
13249,454
13250,453
13251,454
13252,454
13253,453
13254,453
13255,453
13257,453
13258,453
13259,453
13260,454
13261,454
13262,453
13263,453
13264,453
13265,453
13266,453
13267,453
13268,454
13269,454
13270,454
13271,453
13272,453
13273,453
13274,452
13275,453
13276,453
13277,453
13278,453
13279,453
13280,453
13281,452
13282,453
13283,453
13284,453
13285,453
13286,453
13287,453
13288,453
13289,453
13290,453
13291,453
13292,453
13293,453
13294,453
13295,453
13296,453
13297,452
13298,452
13300,453
13301,453
13302,453
13303,453
13304,453
13305,453
13306,452
13307,452
13308,453
13309,453
13310,453
13311,453
13312,453
13313,452
13314,452
13315,452
13316,452
13317,452
13318,453
13319,453
13320,453
13321,452
13322,452
13323,452
13324,452
13325,452
13326,452
13327,453
13328,453
13329,453
13330,452
13331,452
13332,452
13333,452
13334,452
13335,453
13336,452
13337,452
13338,452
13339,452
13340,452
13342,452
13343,452
13344,452
13345,452
13346,452
13347,452
13348,452
13349,452
13350,452
13351,452
13352,452
13353,453
13354,452
13355,452
13356,452
13357,452
13358,452
13359,452
13360,452
13361,452
13362,452
13363,452
13364,451
13365,451
13366,452
13367,452
13368,453
13369,453
13370,452
13371,452
13372,451
13373,451
13374,451
13375,452
13376,452
13377,452
13378,452
13379,451
13380,451
13381,451
13382,451
13383,451
13385,452
13386,452
13387,452
13388,452
13389,452
13390,451
13391,451
13392,451
13393,452
13394,452
13395,452
13396,452
13397,451
13398,451
13399,451
13400,451
13401,451
13402,451
13403,452
13404,451
13405,451
13406,451
13407,451
13408,452
13409,452
13410,451
13411,452
13412,451
13413,451
13414,451
13415,451
13416,451
13417,451
13418,451
13419,451
13420,451
13421,451
13422,450
13423,451
13424,451
13425,451
13426,452
13428,452
13429,452
13430,451
13431,450
13432,450
13433,451
13434,451
13435,451
13436,451
13437,451
13438,450
13439,450
13440,450
13441,450
13442,451
13443,451
13444,451
13445,451
13446,451
13447,450
13448,451
13449,451
13450,450
13451,451
13452,451
13453,451
13454,450
13455,450
13456,450
13457,450
13458,450
13459,450
13460,451
13461,451
13462,450
13463,450
13464,450
13465,450
13466,450
13467,451
13468,451
13470,451
13471,450
13472,450
13473,449
13474,450
13475,450
13476,450
13477,450
13478,450
13479,450
13480,450
13481,450
13482,449
13483,449
13484,450
13485,450
13486,450
13487,450
13488,450
13489,450
13490,449
13491,449
13492,450
13493,448
13494,450
13495,450
13496,450
13497,449
13498,449
13499,449
13500,449
13501,450
13502,450
13503,450
13504,449
13505,449
13506,449
13507,449
13508,450
13509,450
13510,450
13511,449
13513,446
13514,449
13515,449
13516,449
13517,449
13518,449
13519,449
13520,449
13521,449
13522,448
13523,448
13524,448
13525,449
13526,449
13527,449
13528,450
13529,449
13530,448
13531,448
13532,448
13533,448
13534,449
13535,449
13536,449
13537,448
13538,448
13539,448
13540,448
13541,448
13542,448
13543,449
13544,449
13545,449
13546,448
13547,448
13548,448
13549,448
13550,448
13551,448
13552,448
13553,448
13554,448
13556,447
13557,447
13558,448
13559,448
13560,448
13561,448
13562,448
13563,448
13564,448
13565,447
13566,447
13567,448
13568,448
13569,448
13570,448
13571,447
13572,447
13573,447
13574,447
13575,447
13576,448
13577,448
13578,448
13579,447
13580,447
13581,447
13582,447
13583,447
13584,447
13585,447
13586,447
13587,447
13588,447
13589,447
13590,447
13591,447
13592,447
13593,447
13594,447
13595,447
13596,447
13598,447
13599,447
13600,447
13601,447
13602,447
13603,447
13604,447
13605,447
13606,446
13607,446
13608,447
13609,447
13610,447
13611,447
13612,447
13613,447
13614,446
13615,447
13616,446
13617,447
13618,447
13619,447
13620,447
13621,447
13622,446
13623,446
13624,446
13625,447
13626,447
13627,447
13628,448
13629,447
13630,446
13631,446
13632,446
13633,447
13634,447
13635,447
13636,447
13637,447
13638,446
13639,446
13641,446
13642,447
13643,447
13644,447
13645,447
13646,447
13647,447
13648,447
13649,447
13650,447
13651,447
13652,447
13653,447
13654,447
13655,446
13656,446
13657,446
13658,446
13659,447
13660,447
13661,447
13662,447
13663,446
13664,446
13665,446
13666,446
13667,447
13668,447
13669,448
13670,447
13671,447
13672,446
13673,446
13674,446
13675,447
13676,447
13677,447
13678,447
13679,446
13680,446
13681,447
13682,446
13684,447
13685,447
13686,447
13687,447
13688,447
13689,447
13690,447
13691,447
13692,447
13693,447
13694,447
13695,447
13696,447
13697,446
13698,446
13699,447
13700,447
13701,447
13702,447
13703,447
13704,447
13705,447
13706,447
13707,447
13708,447
13709,448
13710,448
13711,448
13712,447
13713,447
13714,447
13715,447
13716,447
13717,447
13718,447
13719,447
13720,447
13721,447
13722,447
13723,447
13724,447
13726,448
13727,448
13728,448
13729,448
13730,448
13731,447
13732,447
13733,447
13734,447
13735,448
13736,448
13737,448
13738,447
13739,447
13740,447
13741,448
13742,448
13743,448
13744,448
13745,448
13746,448
13747,447
13748,447
13749,448
13750,448
13751,448
13752,448
13753,448
13754,448
13755,447
13756,447
13757,447
13758,447
13759,448
13760,448
13761,448
