Time (s),Intensity
1,281
2,280
3,280
4,279
5,280
6,280
7,280
8,280
9,281
10,280
11,280
12,236
13,247
14,280
15,243
16,280
17,260
18,249
19,260
20,255
21,280
22,251
23,280
24,262
25,261
26,264
27,261
28,280
30,263
31,280
32,262
33,259
34,268
35,259
36,280
37,267
38,280
39,270
40,261
41,268
42,261
43,280
44,263
45,280
46,270
47,263
48,268
49,269
50,282
51,263
52,276
53,270
54,269
55,264
56,263
57,280
58,267
59,278
60,270
61,272
62,269
63,271
64,281
65,271
66,276
67,270
68,269
69,268
70,271
71,281
73,271
74,273
75,271
76,273
77,280
78,271
79,280
80,270
81,268
82,268
83,267
84,281
85,274
86,276
87,270
88,269
89,268
90,267
91,281
92,274
93,272
94,268
95,269
96,280
97,271
98,280
99,271
100,272
101,268
102,271
103,282
104,271
105,272
106,268
107,271
108,280
109,271
110,276
111,268
112,271
113,272
115,271
116,280
117,270
118,274
119,270
120,269
121,280
122,274
123,276
124,268
125,269
126,280
127,271
128,276
129,270
130,273
131,271
132,271
133,280
134,274
135,273
136,268
137,271
138,280
139,270
140,270
141,271
142,271
143,280
144,274
145,272
146,268
147,271
148,280
149,271
150,276
151,276
152,269
153,272
154,275
155,280
156,270
158,273
159,270
160,271
161,280
162,271
163,272
164,268
165,273
166,280
167,267
168,280
169,270
170,269
171,271
172,271
173,280
174,271
175,272
176,268
177,273
178,280
179,267
180,280
181,271
182,273
183,276
184,275
185,280
186,276
187,281
188,282
189,286
190,279
191,277
192,281
193,278
194,281
195,280
196,278
197,280
198,281
199,285
201,282
202,281
203,279
204,279
205,280
206,279
207,285
208,282
209,283
210,282
211,286
212,279
213,279
214,281
215,280
216,280
217,281
218,280
219,280
220,280
221,280
222,280
223,280
224,280
225,281
226,279
227,281
228,282
229,275
230,280
231,280
232,280
233,281
234,281
235,280
236,280
237,280
238,280
239,280
240,280
241,281
243,281
244,280
245,280
246,280
247,280
248,280
249,278
250,277
251,281
252,281
253,280
254,277
255,280
256,280
257,279
258,281
259,281
260,281
261,280
262,280
263,280
264,280
265,280
266,281
267,281
268,280
269,282
270,280
271,280
272,279
273,280
274,280
275,281
276,281
277,280
278,280
279,280
280,280
281,280
282,280
283,280
284,281
286,280
287,280
288,280
289,280
290,280
291,280
292,281
293,280
294,280
295,280
296,280
297,280
298,280
299,280
300,281
301,280
302,281
303,280
304,280
305,280
306,280
307,281
308,281
309,281
310,280
311,280
312,280
313,279
314,280
315,280
316,280
317,281
318,281
319,280
320,280
321,280
322,280
323,280
324,281
325,281
326,280
327,280
329,280
330,280
331,280
332,280
333,280
334,280
335,281
336,280
337,280
338,280
339,280
340,280
341,280
342,281
343,280
344,280
345,280
346,280
347,280
348,280
349,280
350,281
351,281
352,280
353,280
354,280
355,280
356,280
357,281
358,281
359,280
360,280
361,280
362,280
363,280
364,280
365,280
366,281
367,281
368,281
369,280
371,280
372,280
373,280
374,280
375,281
376,281
377,281
378,280
379,280
380,280
381,280
382,280
383,280
384,281
385,281
386,280
387,280
388,280
389,280
390,280
391,281
392,281
393,280
394,280
395,280
396,280
397,280
398,280
399,280
400,281
401,281
402,280
403,280
404,280
405,280
406,280
407,281
408,281
409,281
410,280
411,280
412,280
414,280
415,280
416,280
417,281
418,280
419,280
420,280
421,280
422,280
423,280
424,281
425,281
426,281
427,281
428,280
429,280
430,280
431,280
432,280
433,280
434,281
435,280
436,280
437,280
438,280
439,280
440,280
441,281
442,281
443,281
444,280
445,280
446,280
447,280
448,281
449,281
450,281
451,281
452,280
453,280
454,280
455,280
457,280
458,281
459,281
460,281
461,281
462,280
463,280
464,280
465,280
466,280
467,281
468,281
469,281
470,280
471,280
472,280
473,280
474,281
475,281
476,281
477,281
478,280
479,280
480,280
481,280
482,280
483,281
484,281
485,280
486,280
487,280
488,280
489,280
490,280
491,281
492,271
493,281
494,281
495,280
496,280
497,279
499,280
500,281
501,281
502,281
503,280
504,280
505,278
506,280
507,281
508,281
509,281
510,281
511,280
512,280
513,279
514,280
515,280
516,281
517,281
518,280
519,280
520,279
521,280
522,280
523,280
524,280
525,281
526,281
527,281
528,280
529,280
530,280
531,280
532,280
533,280
534,281
535,280
536,280
537,280
538,280
539,280
540,281
542,281
543,281
544,281
545,280
546,280
547,280
548,280
549,281
550,281
551,281
552,280
553,280
554,280
555,280
556,280
557,280
558,281
559,281
560,281
561,280
562,280
563,280
564,280
565,280
566,281
567,281
568,281
569,280
570,280
571,280
572,280
573,280
574,280
575,281
576,281
577,280
578,280
579,280
580,280
581,280
582,281
583,281
585,281
586,280
587,280
588,280
589,280
590,280
591,280
592,280
593,281
594,281
595,279
596,280
597,278
598,280
599,280
600,281
601,280
602,280
603,280
604,280
605,280
606,280
607,281
608,281
609,281
610,280
611,280
612,279
613,280
614,280
615,280
616,280
617,281
618,280
619,280
620,280
621,280
622,280
623,280
624,280
625,280
627,281
628,280
629,280
630,280
631,280
632,280
633,281
634,281
635,280
636,280
637,280
638,280
639,280
640,280
641,280
642,281
643,281
644,280
645,280
646,280
647,280
648,280
649,281
650,281
651,280
652,280
653,280
654,279
655,280
656,280
657,280
658,280
659,280
660,280
661,280
662,280
663,280
664,280
665,280
666,280
667,280
668,280
670,280
671,280
672,279
673,280
674,280
675,280
676,280
677,280
678,280
679,280
680,280
681,280
682,280
683,281
684,281
685,280
686,280
687,280
688,280
689,280
690,280
691,280
692,280
693,280
694,279
695,280
696,279
697,279
698,280
699,280
700,280
701,280
702,280
703,279
704,279
705,280
706,280
707,280
708,280
709,280
710,280
711,279
713,279
714,280
715,279
716,280
717,280
718,280
719,280
720,280
721,279
722,279
723,280
724,280
725,280
726,280
727,280
728,280
729,280
730,279
731,279
732,280
733,281
734,282
735,280
736,280
737,279
738,279
739,280
740,280
741,280
742,280
743,280
744,280
745,280
746,279
747,280
748,280
749,280
750,280
751,280
752,280
753,280
755,280
756,280
757,280
758,280
759,280
760,280
761,280
762,280
763,279
764,279
765,279
766,280
767,280
768,280
769,280
770,280
771,279
772,280
773,280
774,280
775,280
776,281
777,280
778,279
779,279
780,279
781,280
782,280
783,280
784,280
785,280
786,280
787,279
788,280
789,280
790,280
791,280
792,280
793,280
794,280
795,279
796,279
798,279
799,280
800,280
801,280
802,280
803,280
804,280
805,280
806,280
807,280
808,280
809,281
810,280
811,280
812,279
813,279
814,279
815,280
816,280
817,280
818,280
819,280
820,279
821,279
822,279
823,280
824,280
825,280
826,280
827,280
828,280
829,279
830,279
831,279
832,280
833,280
834,280
835,280
836,279
837,279
838,279
839,279
841,280
842,280
843,280
844,280
845,279
846,279
847,279
848,280
849,280
850,280
851,280
852,280
853,280
854,279
855,279
856,280
857,280
858,280
859,280
860,280
861,280
862,279
863,279
864,279
865,280
866,280
867,280
868,280
869,280
870,279
871,279
872,279
873,280
874,276
875,280
876,280
877,280
878,280
879,280
880,279
881,280
883,280
884,280
885,280
886,280
887,279
888,280
889,279
890,279
891,280
892,280
893,280
894,280
895,279
896,279
897,279
898,279
899,280
900,280
901,280
902,280
903,279
904,279
905,279
906,279
907,280
908,280
909,280
910,279
911,279
912,279
913,279
914,279
915,280
916,280
917,280
918,280
919,280
920,279
921,279
922,279
923,280
924,280
926,280
927,280
928,280
929,279
930,279
931,279
932,280
933,280
934,280
935,280
936,280
937,279
938,279
939,280
940,280
941,280
942,280
943,280
944,280
945,280
946,279
947,280
948,280
949,280
950,280
951,280
952,280
953,280
954,280
955,279
956,280
957,280
958,280
959,280
960,280
961,279
962,279
963,279
964,279
965,280
966,280
967,280
969,280
970,280
971,279
972,280
973,280
974,280
975,280
976,280
977,280
978,280
979,280
980,279
981,279
982,280
983,280
984,280
985,280
986,280
987,279
988,279
989,280
990,280
991,280
992,280
993,280
994,280
995,280
996,279
997,280
998,280
999,280
1000,280
1001,280
1002,280
1003,280
1004,279
1005,279
1006,280
1007,280
1008,281
1009,280
1011,280
1012,279
1013,277
1014,279
1015,280
1016,280
1017,280
1018,280
1019,280
1020,280
1021,279
1022,279
1023,280
1024,280
1025,280
1026,280
1027,280
1028,280
1029,280
1030,279
1031,280
1032,280
1033,280
1034,280
1035,280
1036,280
1037,280
1038,280
1039,280
1040,280
1041,280
1042,280
1043,280
1044,280
1045,280
1046,279
1047,280
1048,280
1049,280
1050,280
1051,280
1052,280
1054,280
1055,279
1056,280
1057,280
1058,280
1059,280
1060,280
1061,280
1062,279
1063,279
1064,280
1065,280
1066,280
1067,280
1068,281
1069,280
1070,279
1071,280
1072,280
1073,280
1074,280
1075,281
1076,280
1077,280
1078,280
1079,280
1080,280
1081,280
1082,280
1083,280
1084,280
1085,280
1086,280
1087,280
1088,280
1089,280
1090,280
1091,280
1092,281
1093,280
1094,280
1095,278
1097,280
1098,280
1099,280
1100,280
1101,280
1102,281
1103,280
1104,280
1105,280
1106,280
1107,280
1108,281
1109,281
1110,280
1111,280
1112,271
1113,280
1114,280
1115,280
1116,280
1117,280
1118,280
1119,280
1120,280
1121,280
1122,280
1123,280
1124,280
1125,281
1126,281
1127,281
1128,280
1129,280
1130,280
1131,279
1132,280
1133,281
1134,281
1135,280
1136,280
1137,280
1139,280
1140,280
1141,280
1142,281
1143,281
1144,281
1145,280
1146,280
1147,280
1148,281
1149,281
1150,281
1151,281
1152,281
1153,280
1154,280
1155,280
1156,280
1157,280
1158,281
1159,281
1160,280
1161,280
1162,280
1163,280
1164,280
1165,280
1166,280
1167,281
1168,281
1169,280
1170,280
1171,280
1172,280
1173,280
1174,281
1175,281
1176,281
1177,281
1178,280
1179,280
1180,280
1182,281
1183,281
1184,281
1185,281
1186,280
1187,280
1188,280
1189,280
1190,280
1191,281
1192,281
1193,281
1194,281
1195,280
1196,280
1197,280
1198,280
1199,281
1200,281
1201,281
1202,281
1203,280
1204,280
1205,280
1206,280
1207,281
1208,281
1209,281
1210,281
1211,280
1212,280
1213,280
1214,280
1215,280
1216,281
1217,281
1218,281
1219,280
1220,280
1221,280
1222,280
1223,281
1225,281
1226,281
1227,281
1228,281
1229,280
1230,280
1231,280
1232,281
1233,281
1234,281
1235,281
1236,281
1237,280
1238,280
1239,280
1240,281
1241,281
1242,281
1243,281
1244,281
1245,280
1246,280
1247,281
1248,281
1249,281
1250,281
1251,281
1252,281
1253,280
1254,280
1255,281
1256,281
1257,281
1258,281
1259,281
1260,281
1261,280
1262,280
1263,280
1264,281
1265,281
1267,281
1268,282
1269,281
1270,281
1271,280
1272,280
1273,281
1274,281
1275,281
1276,281
1277,281
1278,281
1279,281
1280,280
1281,281
1282,281
1283,281
1284,281
1285,281
1286,281
1287,281
1288,281
1289,281
1290,281
1291,281
1292,281
1293,281
1294,281
1295,281
1296,280
1297,281
1298,281
1299,281
1300,281
1301,281
1302,281
1303,280
1304,280
1305,280
1306,281
1307,282
1308,281
1310,281
1311,281
1312,280
1313,280
1314,280
1315,281
1316,281
1317,281
1318,281
1319,281
1320,281
1321,280
1322,280
1323,280
1324,281
1325,281
1326,281
1327,281
1328,281
1329,281
1330,280
1331,281
1332,281
1333,281
1334,282
1335,281
1336,281
1337,280
1338,281
1339,281
1340,281
1341,281
1342,281
1343,281
1344,280
1345,280
1346,280
1347,281
1348,281
1349,281
1350,281
1351,281
1353,281
1354,281
1355,281
1356,280
1357,281
1358,281
1359,281
1360,281
1361,281
1362,281
1363,280
1364,281
1365,281
1366,281
1367,281
1368,282
1369,281
1370,280
1371,280
1372,281
1373,281
1374,281
1375,281
1376,281
1377,281
1378,281
1379,280
1380,280
1381,281
1382,281
1383,281
1384,281
1385,281
1386,280
1387,281
1388,281
1389,281
1390,281
1391,281
1392,281
1393,281
1395,281
1396,281
1397,280
1398,281
1399,281
1400,281
1401,281
1402,281
1403,281
1404,281
1405,280
1406,281
1407,281
1408,282
1409,282
1410,281
1411,281
1412,281
1413,281
1414,281
1415,281
1416,281
1417,282
1418,281
1419,281
1420,281
1421,281
1422,281
1423,281
1424,282
1425,282
1426,282
1427,282
1428,281
1429,281
1430,281
1431,281
1432,281
1433,282
1434,282
1435,281
1436,281
1438,281
1439,281
1440,281
1441,282
1442,282
1443,282
1444,281
1445,281
1446,281
1447,281
1448,281
1449,281
1450,282
1451,282
1452,281
1453,281
1454,281
1455,281
1456,281
1457,282
1458,282
1459,282
1460,281
1461,281
1462,281
1463,281
1464,281
1465,281
1466,281
1467,282
1468,282
1469,281
1470,281
1471,281
1472,281
1473,281
1474,282
1475,282
1476,281
1477,281
1478,281
1479,281
1481,281
1482,281
1483,281
1484,282
1485,281
1486,281
1487,281
1488,281
1489,281
1490,281
1491,282
1492,282
1493,281
1494,281
1495,281
1496,281
1497,281
1498,281
1499,281
1500,282
1501,282
1502,281
1503,281
1504,281
1505,281
1506,281
1507,282
1508,282
1509,282
1510,281
1511,281
1512,281
1513,281
1514,281
1515,281
1516,282
1517,282
1518,281
1519,281
1520,281
1521,281
1523,281
1524,281
1525,282
1526,282
1527,281
1528,281
1529,281
1530,281
1531,281
1532,281
1533,282
1534,281
1535,282
1536,281
1537,280
1538,280
1539,281
1540,281
1541,281
1542,281
1543,282
1544,281
1545,281
1546,281
1547,281
1548,281
1549,282
1550,282
1551,282
1552,281
1553,281
1554,282
1555,281
1556,281
1557,282
1558,282
1559,282
1560,282
1561,281
1562,281
1563,281
1564,281
1566,281
1567,282
1568,282
1569,282
1570,281
1571,281
1572,281
1573,281
1574,282
1575,282
1576,282
1577,282
1578,281
1579,281
1580,281
1581,281
1582,281
1583,282
1584,282
1585,282
1586,281
1587,281
1588,281
1589,281
1590,282
1591,282
1592,282
1593,282
1594,281
1595,281
1596,281
1597,281
1598,281
1599,282
1600,282
1601,282
1602,281
1603,281
1604,281
1605,281
1606,281
1607,282
1609,282
1610,282
1611,281
1612,281
1613,281
1614,282
1615,281
1616,281
1617,282
1618,282
1619,282
1620,281
1621,281
1622,281
1623,281
1624,282
1625,282
1626,282
1627,282
1628,281
1629,281
1630,281
1631,281
1632,281
1633,282
1634,282
1635,281
1636,281
1637,281
1638,281
1639,281
1640,282
1641,282
1642,282
1643,282
1644,281
1645,281
1646,281
1647,282
1648,282
1649,282
1651,282
1652,282
1653,281
1654,281
1655,281
1656,281
1657,282
1658,282
1659,282
1660,282
1661,282
1662,281
1663,281
1664,281
1665,281
1666,282
1667,282
1668,282
1669,282
1670,281
1671,281
1672,281
1673,282
1674,282
1675,282
1676,282
1677,282
1678,281
1679,281
1680,281
1681,281
1682,282
1683,282
1684,282
1685,282
1686,281
1687,282
1688,281
1689,282
1690,281
1691,282
1692,282
1694,282
1695,281
1696,281
1697,281
1698,281
1699,282
1700,282
1701,282
1702,282
1703,281
1704,281
1705,281
1706,281
1707,282
1708,282
1709,282
1710,282
1711,282
1712,281
1713,281
1714,281
1715,281
1716,282
1717,282
1718,282
1719,282
1720,281
1721,281
1722,281
1723,282
1724,282
1725,282
1726,282
1727,282
1728,281
1729,281
1730,281
1731,281
1732,282
1733,282
1734,282
1735,282
1737,281
1738,281
1739,281
1740,282
1741,282
1742,282
1743,282
1744,282
1745,281
1746,281
1747,281
1748,282
1749,282
1750,282
1751,282
1752,282
1753,282
1754,281
1755,281
1756,281
1757,282
1758,282
1759,282
1760,282
1761,281
1762,281
1763,281
1764,281
1765,282
1766,282
1767,282
1768,282
1769,282
1770,281
1771,281
1772,280
1773,276
1774,281
1775,283
1776,282
1777,282
1779,281
1780,281
1781,281
1782,282
1783,282
1784,282
1785,282
1786,282
1787,281
1788,282
1789,281
1790,282
1791,282
1792,282
1793,282
1794,282
1795,281
1796,281
1797,281
1798,282
1799,282
1800,282
1801,282
1802,282
1803,281
1804,281
1805,281
1806,282
1807,282
1808,283
1809,282
1810,282
1811,281
1812,281
1813,282
1814,282
1815,282
1816,282
1817,282
1818,282
1819,282
1820,281
1822,281
1823,282
1824,282
1825,282
1826,282
1827,282
1828,282
1829,282
1830,282
1831,281
1832,281
1833,282
1834,282
1835,280
1836,282
1837,281
1838,281
1839,281
1840,282
1841,282
1842,282
1843,282
1844,282
1845,281
1846,281
1847,282
1848,282
1849,282
1850,282
1851,282
1852,281
1853,281
1854,281
1855,281
1856,282
1857,282
1858,282
1859,282
1860,282
1861,281
1862,281
1863,281
1865,282
1866,282
1867,282
1868,282
1869,282
1870,282
1871,281
1872,281
1873,281
1874,282
1875,282
1876,282
1877,282
1878,282
1879,281
1880,281
1881,281
1882,282
1883,282
1884,282
1885,282
1886,281
1887,281
1888,281
1889,282
1890,282
1891,282
1892,282
1893,282
1894,282
1895,281
1896,281
1897,281
1898,282
1899,282
1900,282
1901,282
1902,282
1903,282
1904,281
1905,281
1907,282
1908,282
1909,282
1910,282
1911,282
1912,281
1913,281
1914,281
1915,281
1916,282
1917,282
1918,282
1919,282
1920,282
1921,281
1922,281
1923,282
1924,282
1925,282
1926,282
1927,282
1928,282
1929,281
1930,281
1931,282
1932,282
1933,282
1934,282
1935,282
1936,282
1937,281
1938,281
1939,282
1940,282
1941,282
1942,282
1943,282
1944,282
1945,281
1946,282
1947,282
1948,282
1950,282
1951,282
1952,282
1953,282
1954,281
1955,281
1956,282
1957,282
1958,282
1959,282
1960,282
1961,282
1962,281
1963,282
1964,281
1965,282
1966,282
1967,282
1968,283
1969,282
1970,282
1971,281
1972,282
1973,282
1974,282
1975,282
1976,283
1977,282
1978,282
1979,282
1980,282
1981,282
1982,282
1983,282
1984,282
1985,282
1986,282
1987,282
1988,282
1989,282
1990,282
1991,282
1993,282
1994,282
1995,282
1996,282
1997,282
1998,281
1999,282
2000,282
2001,282
2002,282
2003,282
2004,282
2005,282
2006,282
2007,282
2008,282
2009,282
2010,282
2011,281
2012,281
2013,281
2014,281
2015,282
2016,282
2017,282
2018,282
2019,282
2020,282
2021,281
2022,281
2023,282
2024,282
2025,282
2026,282
2027,282
2028,282
2029,282
2030,282
2031,282
2032,282
2033,282
2035,282
2036,282
2037,282
2038,281
2039,282
2040,282
2041,282
2042,282
2043,282
2044,282
2045,281
2046,281
2047,282
2048,282
2049,282
2050,282
2051,282
2052,282
2053,282
2054,281
2055,279
2056,281
2057,283
2058,282
2059,282
2060,282
2061,282
2062,281
2063,282
2064,281
2065,282
2066,282
2067,283
2068,282
2069,282
2070,282
2071,281
2072,282
2073,282
2074,282
2075,282
2076,282
2078,282
2079,282
2080,281
2081,282
2082,282
2083,282
2084,283
2085,282
2086,282
2087,281
2088,282
2089,282
2090,282
2091,282
2092,283
2093,282
2094,282
2095,281
2096,281
2097,281
2098,282
2099,282
2100,282
2101,282
2102,282
2103,281
2104,281
2105,282
2106,282
2107,282
2108,283
2109,283
2110,282
2111,282
2112,282
2113,282
2114,282
2115,282
2116,283
2117,282
2118,282
2119,282
2121,281
2122,281
2123,282
2124,282
2125,282
2126,282
2127,282
2128,282
2129,282
2130,282
2131,282
2132,282
2133,282
2134,282
2135,282
2136,282
2137,282
2138,282
2139,282
2140,282
2141,282
2142,282
2143,282
2144,282
2145,282
2146,281
2147,282
2148,282
2149,283
2150,283
2151,282
2152,282
2153,282
2154,281
2155,282
2156,282
2157,282
2158,283
2159,282
2160,282
2161,282
2163,281
2164,282
2165,282
2166,282
2167,282
2168,283
2169,282
2170,282
2171,281
2172,282
2173,282
2174,282
2175,282
2176,282
2177,282
2178,282
2179,282
2180,281
2181,282
2182,282
2183,282
2184,282
2185,282
2186,282
2187,282
2188,282
2189,282
2190,282
2191,283
2192,282
2193,282
2194,282
2195,281
2196,282
2197,282
2198,282
2199,282
2200,282
2201,282
2202,282
2203,282
2204,281
2206,282
2207,282
2208,282
2209,283
2210,282
2211,282
2212,282
2213,282
2214,281
2215,282
2216,282
2217,282
2218,282
2219,282
2220,282
2221,281
2222,281
2223,282
2224,282
2225,282
2226,282
2227,282
2228,282
2229,282
2230,281
2231,282
2232,282
2233,282
2234,282
2235,282
2236,282
2237,281
2238,282
2239,282
2240,282
2241,282
2242,282
2243,282
2244,281
2245,281
2246,281
2247,282
2249,282
2250,282
2251,282
2252,282
2253,282
2254,281
2255,281
2256,282
2257,282
2258,282
2259,282
2260,282
2261,282
2262,281
2263,281
2264,281
2265,282
2266,282
2267,282
2268,282
2269,282
2270,282
2271,281
2272,282
2273,282
2274,282
2275,282
2276,282
2277,282
2278,281
2279,281
2280,281
2281,282
2282,282
2283,282
2284,282
2285,282
2286,282
2287,282
2288,282
2289,282
2291,282
2292,282
2293,282
2294,282
2295,281
2296,282
2297,281
2298,281
2299,282
2300,282
2301,282
2302,282
2303,282
2304,282
2305,282
2306,282
2307,282
2308,283
2309,283
2310,282
2311,282
2312,282
2313,282
2314,282
2315,282
2316,282
2317,282
2318,282
2319,282
2320,282
2321,282
2322,282
2323,282
2324,282
2325,283
2326,283
2327,282
2328,282
2329,282
2330,282
2331,282
2332,283
2334,282
2335,282
2336,282
2337,282
2338,281
2339,282
2340,282
2341,282
2342,282
2343,282
2344,282
2345,282
2346,282
2347,282
2348,282
2349,283
2350,283
2351,282
2352,282
2353,282
2354,282
2355,282
2356,282
2357,282
2358,282
2359,283
2360,282
2361,282
2362,281
2363,282
2364,282
2365,282
2366,282
2367,283
2368,283
2369,282
2370,282
2371,282
2372,282
2373,282
2374,282
2375,282
2377,282
2378,282
2379,282
2380,282
2381,281
2382,282
2383,282
2384,282
2385,282
2386,282
2387,281
2388,282
2389,282
2390,282
2391,282
2392,282
2393,282
2394,282
2395,281
2396,282
2397,281
2398,282
2399,282
2400,282
2401,282
2402,282
2403,282
2404,282
2405,282
2406,282
2407,282
2408,283
2409,283
2410,282
2411,282
2412,282
2413,282
2414,282
2415,282
2416,282
2417,282
2419,282
2420,282
2421,281
2422,282
2423,282
2424,282
2425,282
2426,282
2427,282
2428,282
2429,282
2430,281
2431,281
2432,282
2433,282
2434,282
2435,283
2436,282
2437,280
2438,281
2439,282
2440,282
2441,282
2442,282
2443,282
2444,282
2445,281
2446,281
2447,282
2448,282
2449,282
2450,282
2451,282
2452,282
2453,281
2454,282
2455,282
2456,282
2457,282
2458,282
2459,282
2460,282
2462,282
2463,282
2464,282
2465,282
2466,282
2467,283
2468,283
2469,282
2470,282
2471,282
2472,282
2473,280
2474,283
2475,282
2476,280
2477,282
2478,281
2479,282
2480,281
2481,282
2482,282
2483,282
2484,282
2485,282
2486,282
2487,281
2488,282
2489,282
2490,282
2491,282
2492,282
2493,282
2494,282
2495,281
2496,282
2497,282
2498,282
2499,282
2500,283
2501,282
2502,282
2503,282
2505,282
2506,282
2507,282
2508,283
2509,283
2510,282
2511,282
2512,282
2513,281
2514,282
2515,282
2516,282
2517,283
2518,282
2519,282
2520,282
2521,281
2522,282
2523,282
2524,282
2525,282
2526,283
2527,282
2528,282
2529,282
2530,282
2531,282
2532,282
2533,283
2534,283
2535,282
2536,282
2537,282
2538,282
2539,282
2540,282
2541,283
2542,283
2543,282
2544,281
2545,282
2547,282
2548,282
2549,282
2550,282
2551,282
2552,282
2553,282
2554,281
2555,282
2556,282
2557,282
2558,282
2559,282
2560,282
2561,282
2562,282
2563,281
2564,282
2565,282
2566,282
2567,282
2568,283
2569,282
2570,282
2571,282
2572,282
2573,282
2574,282
2575,283
2576,282
2577,282
2578,282
2579,282
2580,282
2581,282
2582,282
2583,283
2584,282
2585,282
2586,282
2587,282
2588,282
2590,282
2591,282
2592,282
2593,282
2594,282
2595,282
2596,281
2597,282
2598,281
2599,282
2600,282
2601,282
2602,282
2603,282
2604,282
2605,282
2606,282
2607,282
2608,283
2609,283
2610,282
2611,282
2612,281
2613,282
2614,282
2615,282
2616,282
2617,282
2618,282
2619,282
2620,282
2621,282
2622,282
2623,282
2624,282
2625,282
2626,282
2627,282
2628,282
2629,282
2630,282
2631,282
2633,282
2634,283
2635,282
2636,282
2637,282
2638,282
2639,282
2640,282
2641,282
2642,282
2643,283
2644,282
2645,282
2646,282
2647,281
2648,282
2649,283
2650,282
2651,283
2652,282
2653,282
2654,282
2655,282
2656,282
2657,282
2658,282
2659,282
2660,282
2661,282
2662,282
2663,282
2664,282
2665,282
2666,282
2667,283
2668,283
2669,282
2670,282
2671,282
2672,282
2673,282
2675,282
2676,282
2677,282
2678,282
2679,281
2680,281
2681,282
2682,282
2683,282
2684,282
2685,282
2686,282
2687,282
2688,282
2689,282
2690,282
2691,282
2692,283
2693,283
2694,282
2695,282
2696,282
2697,282
2698,282
2699,283
2700,282
2701,283
2702,282
2703,282
2704,282
2705,282
2706,282
2707,282
2708,283
2709,283
2710,282
2711,281
2712,282
2713,282
2714,282
2715,282
2716,282
2718,282
2719,282
2720,282
2721,281
2722,282
2723,282
2724,282
2725,282
2726,282
2727,282
2728,282
2729,282
2730,282
2731,282
2732,282
2733,282
2734,282
2735,282
2736,282
2737,281
2738,282
2739,282
2740,282
2741,282
2742,283
2743,282
2744,282
2745,282
2746,282
2747,282
2748,282
2749,283
2750,282
2751,282
2752,282
2753,281
2754,281
2755,282
2756,282
2757,282
2758,282
2759,283
2761,282
2762,282
2763,282
2764,282
2765,282
2766,282
2767,282
2768,282
2769,282
2770,282
2771,282
2772,282
2773,282
2774,282
2775,283
2776,282
2777,282
2778,282
2779,282
2780,281
2781,282
2782,282
2783,282
2784,283
2785,282
2786,282
2787,282
2788,282
2789,282
2790,282
2791,282
2792,282
2793,282
2794,282
2795,281
2796,282
2797,282
2798,282
2799,282
2800,282
2801,282
2803,282
2804,282
2805,282
2806,282
2807,282
2808,283
2809,283
2810,282
2811,281
2812,281
2813,282
2814,276
2815,281
2816,283
2817,283
2818,282
2819,282
2820,281
2821,281
2822,281
2823,282
2824,282
2825,282
2826,283
2827,282
2828,281
2829,282
2830,282
2831,282
2832,282
2833,282
2834,282
2835,281
2836,282
2837,282
2838,282
2839,282
2840,282
2841,282
2842,282
2843,282
2844,282
2846,282
2847,281
2848,282
2849,282
2850,282
2851,282
2852,282
2853,282
2854,281
2855,282
2856,282
2857,282
2858,282
2859,282
2860,282
2861,282
2862,282
2863,281
2864,281
2865,282
2866,282
2867,282
2868,282
2869,282
2870,282
2871,281
2872,281
2873,282
2874,282
2875,282
2876,282
2877,282
2878,282
2879,282
2880,281
2881,282
2882,282
2883,283
2884,282
2885,282
2886,282
2887,282
2889,282
2890,282
2891,282
2892,282
2893,282
2894,282
2895,281
2896,281
2897,281
2898,282
2899,282
2900,282
2901,282
2902,282
2903,282
2904,281
2905,280
2906,282
2907,282
2908,283
2909,283
2910,282
2911,282
2912,282
2913,281
2914,282
2915,282
2916,282
2917,282
2918,282
2919,282
2920,281
2921,282
2922,282
2923,282
2924,282
2925,282
2926,282
2927,282
2928,282
2929,282
2931,282
2932,282
2933,282
2934,282
2935,282
2936,282
2937,282
2938,281
2939,282
2940,282
2941,282
2942,282
2943,282
2944,282
2945,281
2946,281
2947,281
2948,282
2949,282
2950,282
2951,282
2952,282
2953,282
2954,281
2955,281
2956,282
2957,282
2958,282
2959,282
2960,282
2961,281
2962,281
2963,282
2964,282
2965,282
2966,282
2967,282
2968,282
2969,282
2970,281
2971,282
2972,281
2974,282
2975,282
2976,282
2977,282
2978,282
2979,281
2980,281
2981,282
2982,282
2983,282
2984,282
2985,282
2986,282
2987,281
2988,282
2989,282
2990,282
2991,282
2992,282
2993,282
2994,282
2995,281
2996,281
2997,281
2998,281
2999,282
3000,282
3001,282
3002,282
3003,281
3004,282
3005,281
3006,282
3007,282
3008,283
3009,282
3010,282
3011,281
3012,281
3013,281
3014,282
3015,282
3017,282
3018,282
3019,282
3020,281
3021,281
3022,281
3023,281
3024,282
3025,282
3026,282
3027,282
3028,282
3029,281
3030,281
3031,281
3032,282
3033,282
3034,282
3035,282
3036,281
3037,281
3038,281
3039,281
3040,282
3041,282
3042,282
3043,282
3044,281
3045,281
3046,281
3047,281
3048,282
3049,282
3050,282
3051,282
3052,281
3053,281
3054,281
3055,281
3056,282
3057,282
3059,282
3060,282
3061,281
3062,281
3063,281
3064,281
3065,281
3066,282
3067,282
3068,282
3069,282
3070,281
3071,281
3072,281
3073,281
3074,282
3075,282
3076,282
3077,281
3078,281
3079,281
3080,281
3081,281
3082,282
3083,282
3084,282
3085,282
3086,281
3087,281
3088,281
3089,282
3090,282
3091,282
3092,282
3093,282
3094,281
3095,281
3096,281
3097,281
3098,282
3099,282
3100,282
3102,282
3103,281
3104,281
3105,281
3106,281
3107,281
3108,282
3109,282
3110,282
3111,281
3112,281
3113,281
3114,281
3115,281
3116,282
3117,282
3118,282
3119,282
3120,281
3121,281
3122,281
3123,282
3124,282
3125,282
3126,282
3127,282
3128,281
3129,281
3130,281
3131,282
3132,282
3133,282
3134,282
3135,282
3136,281
3137,281
3138,281
3139,281
3140,282
3141,282
3142,282
3143,281
3145,281
3146,281
3147,281
3148,282
3149,282
3150,282
3151,282
3152,282
3153,281
3154,281
3155,281
3156,281
3157,282
3158,282
3159,282
3160,282
3161,281
3162,281
3163,281
3164,281
3165,282
3166,282
3167,282
3168,282
3169,281
3170,281
3171,281
3172,281
3173,281
3174,282
3175,282
3176,282
3177,281
3178,281
3179,281
3180,281
3181,281
3182,282
3183,282
3184,282
3185,281
3187,281
3188,281
3189,281
3190,282
3191,282
3192,282
3193,282
3194,281
3195,281
3196,281
3197,281
3198,281
3199,281
3200,282
3201,282
3202,282
3203,281
3204,281
3205,281
3206,281
3207,282
3208,282
3209,282
3210,282
3211,281
3212,281
3213,281
3214,281
3215,282
3216,282
3217,282
3218,281
3219,281
3220,281
3221,281
3222,281
3223,282
3224,282
3225,282
3226,282
3227,281
3228,281
3230,281
3231,281
3232,281
3233,282
3234,282
3235,282
3236,281
3237,281
3238,281
3239,281
3240,282
3241,282
3242,282
3243,282
3244,282
3245,281
3246,281
3247,281
3248,281
3249,282
3250,282
3251,282
3252,281
3253,275
3254,281
3255,282
3256,282
3257,282
3258,282
3259,282
3260,281
3261,281
3262,281
3263,281
3264,281
3265,282
3266,282
3267,282
3268,282
3269,281
3270,281
3271,281
3273,280
3274,281
3275,282
3276,282
3277,282
3278,281
3279,281
3280,281
3281,281
3282,281
3283,282
3284,282
3285,282
3286,281
3287,281
3288,281
3289,281
3290,281
3291,282
3292,282
3293,282
3294,281
3295,281
3296,281
3297,281
3298,282
3299,282
3300,282
3301,282
3302,281
3303,281
3304,281
3305,281
3306,282
3307,282
3308,282
3309,282
3310,282
3311,281
3312,281
3313,281
3315,281
3316,282
3317,282
3318,282
3319,281
3320,281
3321,281
3322,281
3323,282
3324,282
3325,282
3326,282
3327,282
3328,282
3329,281
3330,281
3331,281
3332,282
3333,282
3334,282
3335,282
3336,281
3337,281
3338,281
3339,281
3340,282
3341,282
3342,282
3343,282
3344,281
3345,281
3346,281
3347,281
3348,282
3349,282
3350,282
3351,282
3352,281
3353,281
3354,281
3355,281
3356,282
3358,282
3359,282
3360,282
3361,281
3362,281
3363,281
3364,281
3365,282
3366,282
3367,282
3368,282
3369,282
3370,282
3371,281
3372,281
3373,282
3374,282
3375,282
3376,282
3377,281
3378,281
3379,281
3380,281
3381,282
3382,282
3383,282
3384,282
3385,282
3386,281
3387,281
3388,282
3389,282
3390,282
3391,282
3392,282
3393,282
3394,281
3395,281
3396,281
3397,281
3398,282
3399,282
3401,282
3402,282
3403,281
3404,281
3405,281
3406,282
3407,282
3408,282
3409,283
3410,282
3411,282
3412,281
3413,281
3414,282
3415,282
3416,282
3417,282
3418,282
3419,282
3420,281
3421,281
3422,282
3423,282
3424,282
3425,282
3426,282
3427,282
3428,282
3429,282
3430,281
3431,282
3432,282
3433,282
3434,282
3435,282
3436,282
3437,281
3438,281
3439,282
3440,282
3441,282
3443,282
3444,282
3445,281
3446,281
3447,281
3448,282
3449,283
3450,282
3451,282
3452,282
3453,281
3454,281
3455,281
3456,281
3457,282
3458,282
3459,282
3460,282
3461,282
3462,282
3463,281
3464,282
3465,282
3466,282
3467,282
3468,282
3469,282
3470,281
3471,281
3472,281
3473,282
3474,282
3475,282
3476,282
3477,282
3478,281
3479,281
3480,282
3481,282
3482,282
3483,282
3484,282
3486,282
3487,282
3488,281
3489,282
3490,282
3491,282
3492,282
3493,282
3494,282
3495,281
3496,281
3497,281
3498,282
3499,282
3500,282
3501,282
3502,282
3503,282
3504,281
3505,282
3506,282
3507,282
3508,282
3509,283
3510,282
3511,282
3512,282
3513,281
3514,282
3515,282
3516,282
3517,282
3518,282
3519,282
3520,281
3521,281
3522,282
3523,282
3524,282
3525,282
3526,282
3527,282
3529,282
3530,282
3531,282
3532,282
3533,282
3534,282
3535,282
3536,282
3537,282
3538,282
3539,282
3540,282
3541,282
3542,282
3543,282
3544,282
3545,281
3546,281
3547,282
3548,282
3549,283
3550,282
3551,282
3552,282
3553,281
3554,281
3555,281
3556,282
3557,282
3558,282
3559,282
3560,282
3561,282
3562,281
3563,282
3564,282
3565,282
3566,283
3567,282
3568,282
3569,282
3571,282
3572,282
3573,282
3574,282
3575,282
3576,282
3577,282
3578,282
3579,282
3580,282
3581,282
3582,282
3583,283
3584,282
3585,283
3586,282
3587,282
3588,282
3589,282
3590,282
3591,282
3592,282
3593,282
3594,282
3595,282
3596,281
3597,282
3598,282
3599,282
3600,282
3601,282
3602,282
3603,281
3604,282
3605,282
3606,282
3607,282
3608,282
3609,283
3610,282
3611,281
3612,282
3614,282
3615,282
3616,282
3617,282
3618,282
3619,282
3620,281
3621,282
3622,281
3623,282
3624,282
3625,282
3626,282
3627,282
3628,282
3629,282
3630,282
3631,282
3632,282
3633,282
3634,282
3635,282
3636,282
3637,282
3638,282
3639,282
3640,282
3641,283
3642,282
3643,282
3644,282
3645,282
3646,281
3647,282
3648,282
3649,283
3650,283
3651,282
3652,282
3653,282
3654,282
3655,282
3657,282
3658,283
3659,282
3660,282
3661,282
3662,282
3663,282
3664,282
3665,282
3666,282
3667,282
3668,283
3669,282
3670,282
3671,282
3672,282
3673,282
3674,282
3675,282
3676,282
3677,282
3678,282
3679,282
3680,282
3681,282
3682,282
3683,283
3684,282
3685,282
3686,282
3687,281
3688,282
3689,282
3690,282
3691,283
3692,283
3693,282
3694,282
3695,282
3696,282
3697,282
3699,282
3700,282
3701,283
3702,282
3703,282
3704,282
3705,282
3706,282
3707,282
3708,283
3709,283
3710,282
3711,282
3712,282
3713,282
3714,282
3715,282
3716,282
3717,283
3718,282
3719,282
3720,282
3721,282
3722,282
3723,282
3724,283
3725,283
3726,283
3727,282
3728,282
3729,282
3730,282
3731,282
3732,282
3733,283
3734,283
3735,282
3736,282
3737,282
3738,282
3739,282
3740,283
3742,283
3743,282
3744,282
3745,282
3746,282
3747,282
3748,282
3749,283
3750,283
3751,283
3752,282
3753,282
3754,282
3755,282
3756,282
3757,282
3758,283
3759,283
3760,282
3761,282
3762,282
3763,282
3764,282
3765,282
3766,283
3767,282
3768,283
3769,282
3770,282
3771,282
3772,282
3773,282
3774,283
3775,283
3776,282
3777,282
3778,282
3779,282
3780,282
3781,282
3782,282
3783,283
3785,282
3786,282
3787,282
3788,282
3789,282
3790,282
3791,283
3792,282
3793,282
3794,282
3795,282
3796,282
3797,282
3798,282
3799,282
3800,283
3801,283
3802,282
3803,282
3804,282
3805,282
3806,282
3807,283
3808,283
3809,283
3810,282
3811,282
3812,282
3813,282
3814,282
3815,282
3816,282
3817,283
3818,283
3819,282
3820,282
3821,282
3822,282
3823,283
3824,282
3825,283
3827,282
3828,282
3829,282
3830,282
3831,282
3832,282
3833,282
3834,283
3835,282
3836,283
3837,282
3838,282
3839,282
3840,283
3841,283
3842,283
3843,282
3844,282
3845,282
3846,282
3847,282
3848,283
3849,283
3850,283
3851,282
3852,282
3853,282
3854,282
3855,282
3856,282
3857,282
3858,283
3859,283
3860,282
3861,282
3862,282
3863,282
3864,282
3865,283
3866,283
3867,283
3868,282
3870,282
3871,282
3872,282
3873,282
3874,283
3875,283
3876,283
3877,282
3878,282
3879,282
3880,282
3881,282
3882,282
3883,283
3884,283
3885,282
3886,282
3887,282
3888,282
3889,282
3890,282
3891,283
3892,283
3893,283
3894,282
3895,282
3896,282
3897,282
3898,282
3899,283
3900,283
3901,283
3902,282
3903,282
3904,282
3905,282
3906,282
3907,283
3908,283
3909,283
3910,282
3911,282
3913,282
3914,282
3915,282
3916,283
3917,283
3918,282
3919,282
3920,282
3921,282
3922,282
3923,282
3924,283
3925,283
3926,283
3927,282
3928,282
3929,282
3930,282
3931,282
3932,283
3933,283
3934,283
3935,282
3936,282
3937,282
3938,282
3939,282
3940,282
3941,283
3942,283
3943,283
3944,282
3945,282
3946,282
3947,282
3948,283
3949,283
3950,283
3951,282
3952,282
3953,282
3955,282
3956,282
3957,282
3958,283
3959,282
3960,283
3961,282
3962,282
3963,282
3964,282
3965,282
3966,283
3967,283
3968,283
3969,282
3970,282
3971,282
3972,282
3973,282
3974,283
3975,283
3976,283
3977,282
3978,282
3979,282
3980,282
3981,282
3982,283
3983,283
3984,283
3985,282
3986,282
3987,282
3988,282
3989,282
3990,283
3991,283
3992,283
3993,282
3994,282
3995,282
3996,282
3998,282
3999,282
4000,283
4001,283
4002,282
4003,282
4004,282
4005,282
4006,282
4007,282
4008,283
4009,283
4010,283
4011,282
4012,282
4013,282
4014,282
4015,283
4016,283
4017,283
4018,282
4019,282
4020,282
4021,282
4022,282
4023,282
4024,282
4025,283
4026,282
4027,282
4028,282
4029,282
4030,282
4031,282
4032,283
4033,283
4034,282
4035,282
4036,282
4037,282
4038,282
4039,282
4041,283
4042,283
4043,283
4044,282
4045,282
4046,282
4047,282
4048,282
4049,283
4050,283
4051,282
4052,282
4053,282
4054,282
4055,282
4056,282
4057,282
4058,283
4059,283
4060,282
4061,282
4062,282
4063,282
4064,282
4065,282
4066,282
4067,282
4068,283
4069,282
4070,282
4071,282
4072,282
4073,282
4074,282
4075,283
4076,282
4077,282
4078,282
4079,281
4080,282
4081,282
4083,282
4084,282
4085,282
4086,282
4087,281
4088,282
4089,282
4090,282
4091,282
4092,282
4093,282
4094,282
4095,282
4096,282
4097,282
4098,282
4099,282
4100,282
4101,282
4102,282
4103,282
4104,282
4105,282
4106,282
4107,283
4108,283
4109,283
4110,282
4111,282
4112,282
4113,281
4114,282
4115,282
4116,282
4117,282
4118,282
4119,282
4120,281
4121,282
4122,282
4123,282
4124,283
4126,282
4127,282
4128,282
4129,282
4130,282
4131,282
4132,282
4133,282
4134,282
4135,282
4136,282
4137,281
4138,282
4139,282
4140,282
4141,282
4142,283
4143,282
4144,282
4145,281
4146,282
4147,281
4148,282
4149,283
4150,283
4151,282
4152,282
4153,282
4154,281
4155,281
4156,282
4157,282
4158,282
4159,282
4160,282
4161,281
4162,281
4163,282
4164,282
4165,282
4166,282
4167,282
4169,282
4170,282
4171,282
4172,281
4173,282
4174,282
4175,282
4176,282
4177,282
4178,282
4179,281
4180,282
4181,282
4182,282
4183,282
4184,282
4185,282
4186,281
4187,281
4188,282
4189,282
4190,282
4191,283
4192,282
4193,282
4194,282
4195,281
4196,281
4197,282
4198,282
4199,282
4200,282
4201,282
4202,282
4203,281
4204,281
4205,282
4206,282
4207,282
4208,282
4209,282
4211,282
4212,281
4213,281
4214,282
4215,282
4216,282
4217,282
4218,282
4219,282
4220,282
4221,281
4222,281
4223,282
4224,282
4225,283
4226,282
4227,281
4228,282
4229,282
4230,282
4231,281
4232,282
4233,282
4234,282
4235,282
4236,281
4237,281
4238,281
4239,281
4240,282
4241,282
4242,282
4243,281
4244,282
4245,281
4246,281
4247,281
4248,282
4249,283
4250,282
4251,281
4252,281
4254,281
4255,281
4256,282
4257,282
4258,282
4259,282
4260,282
4261,281
4262,281
4263,281
4264,281
4265,282
4266,282
4267,282
4268,282
4269,282
4270,282
4271,281
4272,282
4273,282
4274,282
4275,282
4276,282
4277,282
4278,282
4279,282
4280,281
4281,282
4282,282
4283,282
4284,282
4285,282
4286,282
4287,281
4288,282
4289,282
4290,282
4291,282
4292,282
4293,282
4294,281
4295,282
4297,281
4298,282
4299,282
4300,282
4301,282
4302,282
4303,282
4304,281
4305,281
4306,281
4307,282
4308,282
4309,283
4310,282
4311,282
4312,282
4313,282
4314,282
4315,282
4316,282
4317,282
4318,282
4319,282
4320,281
4321,281
4322,282
4323,282
4324,282
4325,282
4326,282
4327,281
4328,282
4329,282
4330,281
4331,282
4332,283
4333,283
4334,282
4335,282
4336,282
4337,282
4339,282
4340,282
4341,282
4342,282
4343,282
4344,282
4345,282
4346,281
4347,282
4348,282
4349,283
4350,283
4351,282
4352,282
4353,281
4354,282
4355,279
4356,282
4357,283
4358,282
4359,283
4360,282
4361,282
4362,282
4363,282
4364,281
4365,282
4366,283
4367,282
4368,282
4369,282
4370,282
4371,282
4372,282
4373,282
4374,283
4375,283
4376,282
4377,282
4378,282
4379,282
4380,282
4382,282
4383,282
4384,282
4385,282
4386,282
4387,282
4388,282
4389,282
4390,282
4391,282
4392,282
4393,282
4394,282
4395,282
4396,282
4397,282
4398,282
4399,283
4400,282
4401,282
4402,282
4403,282
4404,282
4405,282
4406,282
4407,283
4408,283
4409,283
4410,282
4411,282
4412,282
4413,282
4414,282
4415,282
4416,282
4417,282
4418,282
4419,282
4420,282
4421,282
4422,282
4423,283
4425,282
4426,283
4427,282
4428,282
4429,282
4430,282
4431,282
4432,282
4433,283
4434,283
4435,282
4436,282
4437,282
4438,282
4439,282
4440,283
4441,283
4442,283
4443,282
4444,282
4445,282
4446,282
4447,282
4448,282
4449,283
4450,283
4451,282
4452,282
4453,282
4454,282
4455,282
4456,283
4457,283
4458,283
4459,283
4460,283
4461,282
4462,282
4463,282
4464,282
4465,283
4467,283
4468,283
4469,283
4470,282
4471,282
4472,282
4473,282
4474,283
4475,283
4476,283
4477,282
4478,282
4479,282
4480,282
4481,282
4482,283
4483,283
4484,283
4485,283
4486,282
4487,282
4488,282
4489,283
4490,283
4491,283
4492,283
4493,283
4494,282
4495,281
4496,282
4497,282
4498,282
4499,283
4500,283
4501,283
4502,282
4503,282
4504,282
4505,282
4506,283
4507,283
4508,283
4510,283
4511,282
4512,282
4513,282
4514,282
4515,282
4516,282
4517,283
4518,283
4519,282
4520,282
4521,282
4522,282
4523,283
4524,283
4525,283
4526,283
4527,283
4528,283
4529,282
4530,282
4531,282
4532,283
4533,283
4534,283
4535,283
4536,282
4537,282
4538,282
4539,282
4540,283
4541,283
4542,283
4543,283
4544,282
4545,282
4546,282
4547,282
4548,283
4549,283
4550,283
4551,283
4553,282
4554,282
4555,282
4556,282
4557,283
4558,283
4559,283
4560,283
4561,282
4562,282
4563,282
4564,283
4565,283
4566,283
4567,283
4568,283
4569,283
4570,282
4571,282
4572,283
4573,283
4574,284
4575,279
4576,283
4577,282
4578,282
4579,282
4580,282
4581,283
4582,283
4583,283
4584,283
4585,282
4586,282
4587,282
4588,283
4589,283
4590,283
4591,283
4592,283
4593,283
4595,282
4596,282
4597,282
4598,283
4599,283
4600,283
4601,283
4602,283
4603,282
4604,282
4605,282
4606,283
4607,283
4608,283
4609,284
4610,283
4611,282
4612,282
4613,282
4614,282
4615,283
4616,283
4617,283
4618,283
4619,283
4620,282
4621,282
4622,283
4623,283
4624,283
4625,283
4626,283
4627,283
4628,283
4629,283
4630,282
4631,283
4632,283
4633,283
4634,283
4635,283
4636,282
4638,282
4639,282
4640,283
4641,283
4642,283
4643,283
4644,283
4645,283
4646,282
4647,282
4648,283
4649,284
4650,284
4651,283
4652,283
4653,282
4654,282
4655,283
4656,283
4657,283
4658,283
4659,283
4660,283
4661,283
4662,282
4663,282
4664,283
4665,283
4666,283
4667,283
4668,283
4669,283
4670,282
4671,282
4672,283
4673,283
4674,284
4675,283
4676,283
4677,282
4678,282
4679,282
4681,283
4682,283
4683,283
4684,283
4685,283
4686,282
4687,282
4688,283
4689,283
4690,283
4691,283
4692,283
4693,283
4694,283
4695,282
4696,282
4697,283
4698,283
4699,283
4700,283
4701,283
4702,283
4703,282
4704,282
4705,282
4706,283
4707,284
4708,284
4709,284
4710,283
4711,283
4712,282
4713,283
4714,282
4715,283
4716,284
4717,281
4718,283
4719,283
4720,283
4721,282
4723,283
4724,283
4725,283
4726,283
4727,283
4728,283
4729,283
4730,283
4731,283
4732,283
4733,283
4734,285
4735,284
4736,282
4737,282
4738,283
4739,283
4740,283
4741,284
4742,283
4743,283
4744,283
4745,283
4746,283
4747,283
4748,283
4749,284
4750,284
4751,283
4752,283
4753,283
4754,283
4755,283
4756,283
4757,284
4758,284
4759,284
4760,283
4761,282
4762,283
4763,283
4764,283
4766,283
4767,283
4768,284
4769,283
4770,283
4771,283
4772,283
4773,283
4774,284
4775,284
4776,283
4777,283
4778,283
4779,282
4780,282
4781,283
4782,283
4783,284
4784,284
4785,283
4786,283
4787,283
4788,283
4789,283
4790,284
4791,284
4792,284
4793,283
4794,283
4795,283
4796,283
4797,283
4798,283
4799,283
4800,284
4801,283
4802,283
4803,283
4804,283
4805,283
4806,283
4807,284
4809,284
4810,283
4811,283
4812,283
4813,283
4814,282
4815,283
4816,284
4817,283
4818,283
4819,283
4820,283
4821,283
4822,283
4823,283
4824,283
4825,283
4826,283
4827,283
4828,283
4829,283
4830,283
4831,283
4832,284
4833,284
4834,278
4835,283
4836,283
4837,283
4838,283
4839,283
4840,284
4841,284
4842,284
4843,283
4844,283
4845,283
4846,283
4847,283
4848,284
4849,284
4851,284
4852,283
4853,283
4854,283
4855,283
4856,283
4857,284
4858,284
4859,284
4860,283
4861,283
4862,283
4863,283
4864,283
4865,283
4866,284
4867,283
4868,284
4869,283
4870,283
4871,283
4872,283
4873,283
4874,283
4875,284
4876,283
4877,283
4878,283
4879,282
4880,283
4881,283
4882,284
4883,283
4884,284
4885,283
4886,283
4887,283
4888,283
4889,283
4890,284
4891,284
4892,283
4894,283
4895,283
4896,283
4897,283
4898,283
4899,283
4900,284
4901,284
4902,283
4903,283
4904,283
4905,283
4906,283
4907,284
4908,284
4909,284
4910,283
4911,283
4912,283
4913,283
4914,283
4915,284
4916,283
4917,284
4918,283
4919,283
4920,283
4921,283
4922,283
4923,283
4924,284
4925,284
4926,284
4927,283
4928,283
4929,283
4930,283
4931,283
4932,284
4933,284
4934,283
4935,283
4937,283
4938,283
4939,283
4940,284
4941,284
4942,284
4943,284
4944,283
4945,283
4946,283
4947,283
4948,283
4949,284
4950,284
4951,284
4952,283
4953,283
4954,283
4955,283
4956,283
4957,284
4958,284
4959,284
4960,283
4961,283
4962,283
4963,283
4964,283
4965,283
4966,284
4967,284
4968,284
4969,283
4970,283
4971,283
4972,283
4973,284
4974,284
4975,284
4976,283
4977,283
4979,283
4980,283
4981,283
4982,284
4983,284
4984,284
4985,283
4986,283
4987,283
4988,283
4989,284
4990,284
4991,284
4992,284
4993,284
4994,283
4995,283
4996,283
4997,283
4998,284
4999,284
5000,284
5001,283
5002,283
5003,283
5004,283
5005,283
5006,283
5007,284
5008,284
5009,284
5010,283
5011,283
5012,283
5013,283
5014,283
5015,284
5016,284
5017,283
5018,283
5019,283
5020,283
5022,283
5023,283
5024,284
5025,284
5026,284
5027,283
5028,283
5029,283
5030,283
5031,283
5032,284
5033,284
5034,284
5035,283
5036,283
5037,283
5038,283
5039,283
5040,283
5041,284
5042,284
5043,283
5044,283
5045,283
5046,283
5047,283
5048,284
5049,284
5050,284
5051,284
5052,283
5053,283
5054,283
5055,283
5056,283
5057,284
5058,284
5059,283
5060,283
5061,283
5062,283
5063,283
5065,283
5066,283
5067,284
5068,283
5069,283
5070,283
5071,283
5072,283
5073,283
5074,284
5075,284
5076,284
5077,283
5078,283
5079,282
5080,283
5081,283
5082,284
5083,284
5084,283
5085,283
5086,283
5087,283
5088,283
5089,284
5090,284
5091,284
5092,283
5093,284
5094,283
5095,282
5096,283
5097,284
5098,283
5099,283
5100,284
5101,283
5102,282
5103,282
5104,283
5105,283
5107,283
5108,284
5109,284
5110,284
5111,283
5112,283
5113,283
5114,282
5115,283
5116,284
5117,283
5118,283
5119,283
5120,283
5121,283
5122,283
5123,283
5124,283
5125,284
5126,283
5127,283
5128,283
5129,283
5130,283
5131,283
5132,284
5133,284
5134,284
5135,283
5136,283
5137,283
5138,283
5139,283
5140,284
5141,284
5142,283
5143,283
5144,283
5145,283
5146,283
5147,283
5148,284
5150,284
5151,284
5152,283
5153,283
5154,283
5155,283
5156,283
5157,284
5158,284
5159,283
5160,283
5161,283
5162,283
5163,283
5164,283
5165,283
5166,283
5167,283
5168,284
5169,283
5170,283
5171,283
5172,283
5173,283
5174,284
5175,283
5176,283
5177,283
5178,283
5179,282
5180,283
5181,283
5182,283
5183,283
5184,283
5185,283
5186,283
5187,283
5188,283
5189,284
5190,284
5191,283
5193,283
5194,283
5195,283
5196,282
5197,283
5198,283
5199,284
5200,284
5201,283
5202,283
5203,283
5204,283
5205,283
5206,283
5207,283
5208,284
5209,284
5210,283
5211,283
5212,282
5213,283
5214,283
5215,284
5216,283
5217,283
5218,283
5219,283
5220,282
5221,283
5222,283
5223,283
5224,283
5225,283
5226,283
5227,283
5228,283
5229,283
5230,283
5231,283
5232,284
5233,284
5235,283
5236,283
5237,282
5238,282
5239,283
5240,283
5241,283
5242,283
5243,283
5244,283
5245,283
5246,282
5247,283
5248,283
5249,284
5250,284
5251,283
5252,283
5253,282
5254,283
5255,283
5256,283
5257,283
5258,284
5259,283
5260,283
5261,282
5262,283
5263,283
5264,283
5265,283
5266,283
5267,283
5268,283
5269,283
5270,283
5271,283
5272,283
5273,284
5274,283
5275,283
5276,283
5278,283
5279,283
5280,282
5281,283
5282,283
5283,283
5284,283
5285,283
5286,283
5287,283
5288,283
5289,283
5290,284
5291,284
5292,284
5293,283
5294,283
5295,283
5296,283
5297,283
5298,283
5299,283
5300,284
5301,283
5302,283
5303,283
5304,283
5305,283
5306,283
5307,284
5308,284
5309,284
5310,283
5311,283
5312,283
5313,283
5314,283
5315,283
5316,284
5317,283
5318,283
5319,283
5321,282
5322,283
5323,283
5324,283
5325,283
5326,283
5327,283
5328,283
5329,283
5330,283
5331,283
5332,283
5333,284
5334,283
5335,283
5336,283
5337,283
5338,283
5339,283
5340,283
5341,283
5342,284
5343,283
5344,283
5345,282
5346,283
5347,283
5348,284
5349,284
5350,284
5351,283
5352,283
5353,283
5354,283
5355,283
5356,284
5357,284
5358,283
5359,283
5360,283
5361,283
5363,283
5364,283
5365,283
5366,284
5367,284
5368,283
5369,283
5370,283
5371,283
5372,283
5373,283
5374,283
5375,283
5376,283
5377,283
5378,283
5379,282
5380,283
5381,283
5382,283
5383,284
5384,283
5385,283
5386,283
5387,282
5388,283
5389,283
5390,284
5391,284
5392,284
5393,283
5394,283
5395,283
5396,283
5397,283
5398,283
5399,283
5400,283
5401,283
5402,283
5403,282
5404,283
5406,283
5407,283
5408,283
5409,284
5410,284
5411,283
5412,283
5413,283
5414,283
5415,283
5416,284
5417,283
5418,283
5419,283
5420,283
5421,283
5422,283
5423,283
5424,283
5425,283
5426,283
5427,283
5428,283
5429,283
5430,283
5431,283
5432,283
5433,283
5434,283
5435,283
5436,283
5437,283
5438,283
5439,283
5440,283
5441,283
5442,283
5443,283
5444,283
5445,282
5446,283
5447,283
5449,284
5450,284
5451,283
5452,283
5453,282
5454,283
5455,283
5456,283
5457,284
5458,283
5459,283
5460,283
5461,283
5462,282
5463,283
5464,283
5465,283
5466,283
5467,283
5468,283
5469,283
5470,283
5471,282
5472,283
5473,283
5474,284
5475,283
5476,283
5477,283
5478,283
5479,283
5480,283
5481,283
5482,283
5483,283
5484,283
5485,283
5486,283
5487,282
5488,283
5489,284
5491,284
5492,283
5493,283
5494,283
5495,282
5496,282
5497,283
5498,283
5499,283
5500,283
5501,283
5502,283
5503,283
5504,282
5505,283
5506,283
5507,284
5508,284
5509,283
5510,283
5511,283
5512,283
5513,282
5514,283
5515,283
5516,284
5517,283
5518,283
5519,283
5520,282
5521,283
5522,283
5523,284
5524,283
5525,283
5526,283
5527,283
5528,283
5529,283
5530,283
5531,283
5532,284
5534,284
5535,283
5536,283
5537,282
5538,283
5539,283
5540,283
5541,283
5542,283
5543,283
5544,283
5545,283
5546,282
5547,283
5548,283
5549,284
5550,284
5551,283
5552,283
5553,283
5554,283
5555,283
5556,283
5557,283
5558,284
5559,283
5560,283
5561,283
5562,283
5563,283
5564,283
5565,283
5566,284
5567,284
5568,283
5569,283
5570,283
5571,283
5572,283
5573,283
5574,283
5575,283
5577,283
5578,283
5579,283
5580,283
5581,283
5582,283
5583,284
5584,283
5585,283
5586,282
5587,283
5588,283
5589,283
5590,283
5591,284
5592,284
5593,283
5594,282
5595,283
5596,282
5597,283
5598,283
5599,283
5600,284
5601,283
5602,283
5603,283
5604,283
5605,283
5606,283
5607,284
5608,284
5609,284
5610,283
5611,283
5612,283
5613,283
5614,282
5615,283
5616,284
5617,283
5619,283
5620,283
5621,283
5622,283
5623,283
5624,283
5625,284
5626,284
5627,283
5628,283
5629,283
5630,283
5631,283
5632,284
5633,284
5634,283
5635,283
5636,283
5637,283
5638,283
5639,283
5640,283
5641,284
5642,283
5643,283
5644,283
5645,283
5646,283
5647,283
5648,284
5649,284
5650,284
5651,283
5652,283
5653,282
5654,283
5655,283
5656,283
5657,284
5658,284
5659,283
5660,283
5662,283
5663,283
5664,283
5665,284
5666,284
5667,284
5668,283
5669,283
5670,283
5671,283
5672,283
5673,283
5674,284
5675,283
5676,283
5677,283
5678,283
5679,282
5680,283
5681,283
5682,283
5683,284
5684,284
5685,283
5686,283
5687,283
5688,283
5689,284
5690,284
5691,284
5692,283
5693,283
5694,283
5695,283
5696,283
5697,283
5698,284
5699,284
5700,283
5701,283
5702,282
5703,283
5705,283
5706,283
5707,284
5708,284
5709,284
5710,283
5711,283
5712,283
5713,283
5714,283
5715,283
5716,284
5717,284
5718,283
5719,283
5720,283
5721,283
5722,283
5723,283
5724,284
5725,284
5726,283
5727,283
5728,283
5729,283
5730,283
5731,283
5732,284
5733,284
5734,283
5735,283
5736,283
5737,283
5738,283
5739,284
5740,284
5741,284
5742,283
5743,283
5744,283
5745,283
5747,283
5748,283
5749,284
5750,284
5751,283
5752,283
5753,283
5754,283
5755,283
5756,283
5757,283
5758,284
5759,284
5760,283
5761,283
5762,283
5763,283
5764,283
5765,284
5766,284
5767,284
5768,283
5769,283
5770,283
5771,283
5772,283
5773,283
5774,284
5775,283
5776,283
5777,283
5778,283
5779,283
5780,283
5781,283
5782,284
5783,283
5784,283
5785,283
5786,283
5787,283
5788,283
5790,284
5791,284
5792,284
5793,283
5794,283
5795,283
5796,282
5797,283
5798,283
5799,284
5800,283
5801,283
5802,283
5803,283
5804,283
5805,283
5806,283
5807,284
5808,284
5809,283
5810,283
5811,283
5812,283
5813,283
5814,283
5815,283
5816,284
5817,283
5818,283
5819,282
5820,283
5821,283
5822,283
5823,283
5824,283
5825,284
5826,283
5827,283
5828,283
5829,283
5830,283
5831,283
5833,283
5834,283
5835,283
5836,283
5837,283
5838,283
5839,283
5840,283
5841,283
5842,284
5843,283
5844,283
5845,283
5846,283
5847,283
5848,283
5849,284
5850,284
5851,283
5852,283
5853,283
5854,282
5855,283
5856,283
5857,284
5858,283
5859,283
5860,283
5861,283
5862,283
5863,283
5864,283
5865,284
5866,283
5867,283
5868,283
5869,283
5870,283
5871,283
5872,283
5873,284
5875,283
5876,283
5877,283
5878,283
5879,283
5880,283
5881,283
5882,283
5883,283
5884,283
5885,283
5886,283
5887,282
5888,283
5889,283
5890,284
5891,284
5892,283
5893,283
5894,283
5895,283
5896,283
5897,283
5898,283
5899,284
5900,284
5901,283
5902,283
5903,283
5904,283
5905,283
5906,283
5907,283
5908,284
5909,284
5910,283
5911,283
5912,283
5913,283
5914,283
5915,283
5916,284
5918,283
5919,283
5920,283
5921,283
5922,283
5923,283
5924,284
5925,283
5926,283
5927,283
5928,283
5929,283
5930,283
5931,283
5932,284
5933,284
5934,284
5935,283
5936,283
5937,283
5938,283
5939,283
5940,283
5941,283
5942,283
5943,283
5944,283
5945,283
5946,283
5947,283
5948,283
5949,284
5950,284
5951,283
5952,283
5953,283
5954,283
5955,283
5956,283
5957,283
5958,284
5959,283
5961,283
5962,283
5963,283
5964,283
5965,284
5966,284
5967,283
5968,283
5969,283
5970,283
5971,282
5972,283
5973,283
5974,284
5975,284
5976,283
5977,283
5978,283
5979,283
5980,283
5981,283
5982,284
5983,284
5984,283
5985,283
5986,283
5987,283
5988,283
5989,284
5990,283
5991,284
5992,283
5993,283
5994,283
5995,283
5996,283
5997,283
5998,283
5999,284
6000,284
6001,283
6003,283
6004,283
6005,283
6006,283
6007,284
6008,284
6009,284
6010,283
6011,283
6012,283
6013,283
6014,283
6015,283
6016,284
6017,283
6018,283
6019,282
6020,283
6021,283
6022,283
6023,283
6024,284
6025,283
6026,283
6027,283
6028,283
6029,283
6030,283
6031,283
6032,283
6033,284
6034,284
6035,283
6036,283
6037,283
6038,283
6039,283
6040,284
6041,283
6042,284
6043,283
6044,283
6046,283
6047,283
6048,283
6049,284
6050,284
6051,283
6052,283
6053,283
6054,283
6055,283
6056,283
6057,283
6058,284
6059,284
6060,283
6061,283
6062,283
6063,283
6064,283
6065,284
6066,284
6067,283
6068,283
6069,283
6070,283
6071,283
6072,283
6073,283
6074,284
6075,284
6076,283
6077,283
6078,283
6079,283
6080,283
6081,284
6082,284
6083,284
6084,283
6085,283
6086,283
6087,283
6089,284
6090,284
6091,284
6092,284
6093,283
6094,277
6095,283
6096,284
6097,283
6098,284
6099,281
6100,284
6101,284
6102,283
6103,282
6104,283
6105,283
6106,282
6107,284
6108,285
6109,284
6110,283
6111,283
6112,281
6113,283
6114,283
6115,284
6116,284
6117,283
6118,284
6119,283
6120,283
6121,283
6122,283
6123,284
6124,284
6125,284
6126,283
6127,283
6128,283
6129,283
6131,283
6132,284
6133,284
6134,284
6135,284
6136,283
6137,283
6138,283
6139,283
6140,284
6141,284
6142,284
6143,283
6144,283
6145,283
6146,283
6147,283
6148,284
6149,284
6150,284
6151,284
6152,283
6153,283
6154,283
6155,283
6156,284
6157,284
6158,284
6159,283
6160,283
6161,283
6162,283
6163,283
6164,284
6165,284
6166,284
6167,284
6168,283
6169,283
6170,283
6171,283
6172,284
6174,284
6175,284
6176,283
6177,283
6178,283
6179,283
6180,283
6181,283
6182,284
6183,284
6184,284
6185,283
6186,283
6187,283
6188,283
6189,284
6190,284
6191,284
6192,284
6193,283
6194,283
6195,283
6196,283
6197,284
6198,284
6199,284
6200,284
6201,284
6202,283
6203,283
6204,283
6205,283
6206,284
6207,284
6208,284
6209,284
6210,283
6211,283
6212,283
6213,283
6214,284
6215,284
6217,284
6218,284
6219,283
6220,283
6221,283
6222,283
6223,283
6224,284
6225,284
6226,284
6227,283
6228,283
6229,283
6230,283
6231,284
6232,284
6233,284
6234,284
6235,283
6236,283
6237,283
6238,283
6239,284
6240,284
6241,284
6242,284
6243,284
6244,283
6245,283
6246,283
6247,283
6248,284
6249,284
6250,284
6251,283
6252,283
6253,283
6254,283
6255,284
6256,284
6257,284
6259,284
6260,284
6261,283
6262,283
6263,283
6264,284
6265,284
6266,284
6267,284
6268,283
6269,284
6270,283
6271,283
6272,283
6273,284
6274,284
6275,284
6276,284
6277,283
6278,283
6279,283
6280,284
6281,284
6282,284
6283,284
6284,284
6285,283
6286,283
6287,283
6288,283
6289,284
6290,284
6291,284
6292,284
6293,284
6294,283
6295,283
6296,283
6297,284
6298,284
6299,284
6300,284
6302,284
6303,283
6304,283
6305,283
6306,284
6307,284
6308,284
6309,284
6310,284
6311,283
6312,283
6313,283
6314,284
6315,284
6316,284
6317,284
6318,283
6319,283
6320,283
6321,283
6322,284
6323,284
6324,284
6325,284
6326,284
6327,283
6328,283
6329,284
6330,284
6331,284
6332,284
6333,284
6334,284
6335,283
6336,283
6337,283
6338,284
6339,284
6340,284
6341,284
6342,284
6343,283
6345,283
6346,283
6347,283
6348,284
6349,284
6350,284
6351,284
6352,283
6353,283
6354,283
6355,283
6356,283
6357,284
6358,284
6359,284
6360,284
6361,283
6362,283
6363,283
6364,284
6365,284
6366,284
6367,284
6368,284
6369,283
6370,283
6371,283
6372,284
6373,284
6374,284
6375,284
6376,284
6377,283
6378,283
6379,283
6380,283
6381,284
6382,284
6383,284
6384,283
6385,284
6387,283
6388,283
6389,284
6390,284
6391,284
6392,284
6393,284
6394,283
6395,283
6396,283
6397,283
6398,284
6399,284
6400,284
6401,284
6402,283
6403,283
6404,283
6405,283
6406,284
6407,284
6408,284
6409,284
6410,284
6411,283
6412,283
6413,283
6414,284
6415,284
6416,284
6417,284
6418,283
6419,283
6420,283
6421,283
6422,283
6423,284
6424,284
6425,284
6426,283
6427,283
6428,283
6430,283
6431,284
6432,284
6433,284
6434,284
6435,284
6436,283
6437,283
6438,283
6439,284
6440,284
6441,284
6442,284
6443,284
6444,283
6445,283
6446,283
6447,283
6448,284
6449,284
6450,284
6451,284
6452,283
6453,283
6454,283
6455,284
6456,284
6457,284
6458,284
6459,284
6460,284
6461,283
6462,283
6463,283
6464,284
6465,284
6466,284
6467,284
6468,284
6469,283
6470,283
6471,283
6473,283
6474,285
6475,284
6476,279
6477,284
6478,284
6479,283
6480,283
6481,284
6482,284
6483,283
6484,284
6485,284
6486,283
6487,282
6488,283
6489,284
6490,284
6491,284
6492,284
6493,284
6494,284
6495,283
6496,282
6497,284
6498,284
6499,284
6500,284
6501,284
6502,283
6503,283
6504,284
6505,284
6506,284
6507,284
6508,284
6509,284
6510,283
6511,283
6512,283
6513,284
6515,284
6516,284
6517,284
6518,284
6519,283
6520,283
6521,283
6522,284
6523,284
6524,284
6525,284
6526,284
6527,283
6528,283
6529,284
6530,284
6531,284
6532,284
6533,284
6534,284
6535,284
6536,283
6537,283
6538,284
6539,284
6540,284
6541,284
6542,284
6543,283
6544,283
6545,283
6546,284
6547,284
6548,284
6549,285
6550,284
6551,284
6552,283
6553,283
6554,284
6555,284
6556,284
6558,284
6559,284
6560,284
6561,284
6562,283
6563,283
6564,284
6565,284
6566,284
6567,284
6568,284
6569,284
6570,283
6571,283
6572,284
6573,284
6574,285
6575,286
6576,284
6577,282
6578,284
6579,283
6580,284
6581,284
6582,284
6583,284
6584,284
6585,283
6586,283
6587,283
6588,284
6589,284
6590,284
6591,284
6592,284
6593,283
6594,283
6595,283
6596,283
6597,284
6598,284
6599,284
6601,284
6602,284
6603,283
6604,283
6605,283
6606,284
6607,284
6608,284
6609,285
6610,284
6611,283
6612,283
6613,284
6614,284
6615,284
6616,284
6617,284
6618,284
6619,283
6620,283
6621,283
6622,284
6623,284
6624,284
6625,284
6626,284
6627,284
6628,283
6629,283
6630,284
6631,284
6632,284
6633,283
6634,284
6635,284
6636,284
6637,283
6638,284
6639,284
6640,284
6641,284
6643,284
6644,284
6645,283
6646,283
6647,284
6648,284
6649,284
6650,284
6651,284
6652,284
6653,283
6654,283
6655,284
6656,284
6657,284
6658,284
6659,284
6660,284
6661,283
6662,283
6663,283
6664,284
6665,284
6666,284
6667,284
6668,284
6669,284
6670,284
6671,284
6672,284
6673,284
6674,284
6675,284
6676,284
6677,283
6678,283
6679,284
6680,284
6681,284
6682,284
6683,284
6684,284
6686,283
6687,283
6688,283
6689,284
6690,284
6691,284
6692,284
6693,284
6694,283
6695,284
6696,284
6697,284
6698,284
6699,284
6700,284
6701,284
6702,283
6703,283
6704,284
6705,284
6706,284
6707,284
6708,284
6709,284
6710,284
6711,283
6712,283
6713,283
6714,284
6715,284
6716,284
6717,284
6718,284
6719,283
6720,283
6721,284
6722,284
6723,284
6724,284
6725,284
6726,284
6727,283
6729,283
6730,283
6731,284
6732,284
6733,285
6734,285
6735,283
6736,283
6737,283
6738,284
6739,284
6740,284
6741,284
6742,284
6743,284
6744,284
6745,283
6746,283
6747,284
6748,285
6749,285
6750,284
6751,284
6752,284
6753,283
6754,284
6755,284
6756,284
6757,284
6758,284
6759,284
6760,283
6761,284
6762,283
6763,284
6764,284
6765,284
6766,284
6767,284
6768,284
6769,283
6771,284
6772,284
6773,284
6774,284
6775,284
6776,284
6777,284
6778,283
6779,284
6780,284
6781,284
6782,284
6783,284
6784,284
6785,284
6786,284
6787,284
6788,284
6789,284
6790,285
6791,284
6792,284
6793,283
6794,284
6795,283
6796,284
6797,283
6798,284
6799,285
6800,284
6801,284
6802,284
6803,284
6804,284
6805,284
6806,284
6807,284
6808,285
6809,284
6810,284
6811,283
6812,284
6814,284
6815,284
6816,284
6817,285
6818,284
6819,284
6820,283
6821,283
6822,284
6823,284
6824,284
6825,284
6826,284
6827,283
6828,283
6829,284
6830,284
6831,284
6832,284
6833,285
6834,284
6835,284
6836,284
6837,284
6838,284
6839,284
6840,284
6841,284
6842,284
6843,284
6844,284
6845,283
6846,284
6847,284
6848,284
6849,285
6850,284
6851,284
6852,284
6853,284
6854,284
6855,284
6857,284
6858,279
6859,285
6860,284
6861,283
6862,284
6863,283
6864,284
6865,284
6866,284
6867,284
6868,284
6869,284
6870,284
6871,283
6872,284
6873,284
6874,278
6875,285
6876,285
6877,284
6878,284
6879,284
6880,284
6881,284
6882,285
6883,284
6884,284
6885,283
6886,283
6887,283
6888,284
6889,285
6890,285
6891,284
6892,284
6893,283
6894,283
6895,283
6896,284
6897,284
6899,284
6900,284
6901,284
6902,284
6903,283
6904,284
6905,284
6906,284
6907,284
6908,284
6909,285
6910,284
6911,284
6912,284
6913,284
6914,284
6915,284
6916,284
6917,284
6918,284
6919,283
6920,283
6921,283
6922,284
6923,284
6924,283
6925,284
6926,284
6927,284
6928,283
6929,284
6930,284
6931,284
6932,284
6933,284
6934,284
6935,283
6936,283
6937,284
6938,284
6939,284
6940,284
6942,284
6943,284
6944,284
6945,284
6946,283
6947,284
6948,284
6949,285
6950,284
6951,284
6952,284
6953,283
6954,282
6955,279
6956,284
6957,284
6958,284
6959,284
6960,284
6961,283
6962,283
6963,283
6964,284
6965,283
6966,284
6967,284
6968,284
6969,284
6970,284
6971,284
6972,284
6973,285
6974,284
6975,283
6976,284
6977,284
6978,284
6979,284
6980,284
6981,284
6982,284
6983,284
6985,284
6986,284
6987,284
6988,284
6989,284
6990,285
6991,284
6992,284
6993,284
6994,284
6995,284
6996,284
6997,284
6998,284
6999,285
7000,285
7001,284
7002,284
7003,284
7004,284
7005,284
7006,284
7007,284
7008,285
7009,285
7010,284
7011,283
7012,283
7013,284
7014,284
7015,284
7016,284
7017,284
7018,284
7019,283
7020,283
7021,284
7022,284
7023,285
7024,284
7025,284
7027,284
7028,284
7029,284
7030,284
7031,284
7032,284
7033,285
7034,284
7035,284
7036,283
7037,283
7038,284
7039,284
7040,284
7041,285
7042,284
7043,284
7044,284
7045,283
7046,284
7047,284
7048,284
7049,285
7050,285
7051,284
7052,284
7053,283
7054,284
7055,284
7056,284
7057,285
7058,284
7059,284
7060,284
7061,283
7062,284
7063,284
7064,284
7065,284
7066,285
7067,284
7068,284
7070,284
7071,284
7072,284
7073,284
7074,285
7075,285
7076,284
7077,284
7078,284
7079,284
7080,284
7081,284
7082,285
7083,285
7084,284
7085,284
7086,284
7087,284
7088,284
7089,284
7090,285
7091,285
7092,284
7093,284
7094,283
7095,283
7096,284
7097,284
7098,284
7099,284
7100,284
7101,284
7102,284
7103,284
7104,284
7105,284
7106,284
7107,285
7108,285
7109,284
7110,284
7111,284
7113,284
7114,284
7115,284
7116,285
7117,285
7118,284
7119,284
7120,283
7121,284
7122,284
7123,284
7124,285
7125,285
7126,284
7127,284
7128,284
7129,284
7130,284
7131,284
7132,285
7133,284
7134,285
7135,284
7136,283
7137,284
7138,284
7139,284
7140,284
7141,284
7142,284
7143,284
7144,284
7145,284
7146,284
7147,284
7148,285
7149,285
7150,284
7151,284
7152,284
7153,283
7155,284
7156,284
7157,284
7158,285
7159,284
7160,284
7161,283
7162,284
7163,284
7164,284
7165,285
7166,285
7167,284
7168,284
7169,284
7170,284
7171,284
7172,284
7173,284
7174,285
7175,284
7176,284
7177,284
7178,283
7179,284
7180,284
7181,284
7182,284
7183,284
7184,284
7185,283
7186,284
7187,283
7188,284
7189,285
7190,285
7191,284
7192,284
7193,284
7194,284
7195,283
7196,284
7198,284
7199,284
7200,284
7201,284
7202,284
7203,283
7204,284
7205,284
7206,284
7207,285
7208,284
7209,284
7210,284
7211,283
7212,284
7213,284
7214,284
7215,284
7216,284
7217,284
7218,284
7219,284
7220,283
7221,284
7222,284
7223,284
7224,285
7225,284
7226,284
7227,284
7228,284
7229,284
7230,284
7231,285
7232,285
7233,285
7234,284
7235,284
7236,284
7237,284
7238,284
7239,285
7241,285
7242,284
7243,284
7244,284
7245,284
7246,284
7247,284
7248,284
7249,285
7250,285
7251,284
7252,284
7253,284
7254,284
7255,284
7256,284
7257,285
7258,284
7259,284
7260,284
7261,283
7262,284
7263,284
7264,284
7265,284
7266,285
7267,284
7268,284
7269,284
7270,284
7271,284
7272,284
7273,284
7274,284
7275,284
7276,284
7277,284
7278,284
7279,284
7280,284
7281,284
7283,285
7284,284
7285,284
7286,283
7287,283
7288,284
7289,284
7290,285
7291,285
7292,284
7293,284
7294,283
7295,284
7296,284
7297,284
7298,284
7299,285
7300,284
7301,284
7302,283
7303,283
7304,284
7305,284
7306,284
7307,284
7308,285
7309,284
7310,284
7311,283
7312,283
7313,284
7314,284
7315,284
7316,284
7317,284
7318,284
7319,283
7320,284
7321,284
7322,284
7323,285
7324,284
7326,284
7327,284
7328,284
7329,284
7330,284
7331,284
7332,285
7333,285
7334,284
7335,284
7336,284
7337,284
7338,284
7339,284
7340,285
7341,285
7342,285
7343,284
7344,284
7345,283
7346,283
7347,284
7348,284
7349,285
7350,284
7351,284
7352,284
7353,284
7354,284
7355,284
7356,284
7357,285
7358,284
7359,284
7360,284
7361,283
7362,284
7363,284
7364,284
7365,284
7366,284
7367,284
7369,284
7370,284
7371,284
7372,284
7373,284
7374,283
7375,284
7376,278
7377,284
7378,284
7379,283
7380,284
7381,284
7382,284
7383,284
7384,284
7385,284
7386,283
7387,284
7388,284
7389,285
7390,285
7391,285
7392,284
7393,282
7394,283
7395,284
7396,284
7397,284
7398,285
7399,285
7400,285
7401,284
7402,284
7403,284
7404,284
7405,284
7406,285
7407,284
7408,285
7409,284
7411,284
7412,284
7413,284
7414,284
7415,284
7416,285
7417,285
7418,284
7419,284
7420,283
7421,284
7422,284
7423,285
7424,285
7425,284
7426,284
7427,284
7428,283
7429,284
7430,284
7431,284
7432,284
7433,285
7434,284
7435,284
7436,284
7437,284
7438,284
7439,285
7440,285
7441,285
7442,284
7443,284
7444,284
7445,284
7446,284
7447,284
7448,285
7449,285
7450,284
7451,284
7452,284
7454,283
7455,284
7456,284
7457,284
7458,285
7459,284
7460,284
7461,284
7462,284
7463,284
7464,284
7465,284
7466,285
7467,284
7468,284
7469,284
7470,284
7471,284
7472,284
7473,284
7474,278
7475,285
7476,284
7477,284
7478,284
7479,283
7480,284
7481,285
7482,285
7483,284
7484,284
7485,284
7486,283
7487,284
7488,284
7489,285
7490,285
7491,284
7492,284
7493,284
7494,283
7495,284
7497,284
7498,284
7499,284
7500,284
7501,284
7502,284
7503,283
7504,284
7505,284
7506,284
7507,285
7508,285
7509,284
7510,284
7511,283
7512,283
7513,284
7514,284
7515,284
7516,284
7517,284
7518,284
7519,283
7520,284
7521,284
7522,284
7523,284
7524,284
7525,284
7526,284
7527,284
7528,284
7529,284
7530,284
7531,284
7532,285
7533,284
7534,284
7535,284
7536,284
7537,283
7539,284
7540,284
7541,284
7542,284
7543,284
7544,284
7545,283
7546,284
7547,284
7548,284
7549,285
7550,285
7551,284
7552,284
7553,284
7554,284
7555,284
7556,284
7557,284
7558,284
7559,284
7560,284
7561,284
7562,284
7563,284
7564,284
7565,284
7566,284
7567,284
7568,284
7569,284
7570,284
7571,284
7572,284
7573,285
7574,285
7575,284
7576,284
7577,284
7578,284
7579,284
7580,284
7582,284
7583,285
7584,284
7585,284
7586,284
7587,283
7588,284
7589,285
7590,285
7591,284
7592,284
7593,284
7594,284
7595,284
7596,284
7597,284
7598,284
7599,284
7600,284
7601,284
7602,284
7603,283
7604,284
7605,284
7606,284
7607,285
7608,285
7609,285
7610,284
7611,283
7612,284
7613,284
7614,284
7615,284
7616,284
7617,284
7618,284
7619,283
7620,284
7621,284
7622,284
7623,284
7625,284
7626,284
7627,284
7628,284
7629,284
7630,284
7631,284
7632,285
7633,284
7634,284
7635,284
7636,284
7637,284
7638,284
7639,284
7640,284
7641,284
7642,284
7643,284
7644,283
7645,283
7646,284
7647,284
7648,284
7649,285
7650,285
7651,284
7652,284
7653,283
7654,284
7655,284
7656,284
7657,285
7658,284
7659,284
7660,284
7661,284
7662,284
7663,284
7664,284
7665,284
7667,284
7668,284
7669,284
7670,284
7671,284
7672,284
7673,284
7674,285
7675,284
7676,284
7677,284
7678,283
7679,284
7680,284
7681,284
7682,284
7683,284
7684,284
7685,284
7686,284
7687,284
7688,284
7689,285
7690,285
7691,284
7692,284
7693,284
7694,283
7695,284
7696,284
7697,284
7698,285
7699,284
7700,284
7701,284
7702,283
7703,283
7704,284
7705,284
7706,285
7707,284
7708,285
7710,284
7711,284
7712,284
7713,284
7714,284
7715,285
7716,284
7717,284
7718,284
7719,284
7720,284
7721,284
7722,284
7723,284
7724,285
7725,284
7726,284
7727,284
7728,284
7729,284
7730,285
7731,284
7732,285
7733,285
7734,284
7735,284
7736,284
7737,283
7738,284
7739,284
7740,285
7741,284
7742,284
7743,284
7744,284
7745,284
7746,284
7747,284
7748,285
7749,285
7750,284
7751,284
7753,284
7754,284
7755,284
7756,284
7757,285
7758,284
7759,284
7760,284
7761,283
7762,284
7763,284
7764,284
7765,284
7766,285
7767,284
7768,284
7769,284
7770,284
7771,284
7772,284
7773,284
7774,284
7775,284
7776,284
7777,284
7778,283
7779,284
7780,284
7781,284
7782,285
7783,284
7784,284
7785,283
7786,284
7787,284
7788,284
7789,284
7790,285
7791,284
7792,284
7793,284
7795,284
7796,284
7797,284
7798,284
7799,285
7800,285
7801,284
7802,284
7803,284
7804,284
7805,284
7806,285
7807,285
7808,285
7809,285
7810,284
7811,283
7812,284
7813,284
7814,284
7815,285
7816,284
7817,284
7818,284
7819,283
7820,284
7821,284
7822,284
7823,285
7824,285
7825,284
7826,284
7827,284
7828,284
7829,284
7830,285
7831,285
7832,284
7833,285
7834,284
7835,284
7836,284
7838,284
7839,284
7840,285
7841,285
7842,284
7843,284
7844,284
7845,284
7846,284
7847,284
7848,284
7849,285
7850,285
7851,284
7852,284
7853,284
7854,284
7855,284
7856,285
7857,284
7858,284
7859,284
7860,283
7861,283
7862,283
7863,284
7864,284
7865,284
7866,284
7867,284
7868,284
7869,284
7870,284
7871,284
7872,284
7873,285
7874,285
7875,284
7876,284
7877,283
7878,284
7879,284
7881,284
7882,284
7883,284
7884,284
7885,284
7886,284
7887,284
7888,284
7889,284
7890,285
7891,285
7892,284
7893,284
7894,284
7895,283
7896,284
7897,284
7898,284
7899,284
7900,284
7901,284
7902,284
7903,284
7904,284
7905,284
7906,284
7907,285
7908,284
7909,284
7910,284
7911,284
7912,284
7913,284
7914,284
7915,284
7916,285
7917,284
7918,284
7919,284
7920,284
7921,284
7923,284
7924,284
7925,284
7926,284
7927,284
7928,283
7929,284
7930,284
7931,284
7932,285
7933,284
7934,284
7935,283
7936,284
7937,284
7938,284
7939,284
7940,285
7941,285
7942,284
7943,284
7944,284
7945,284
7946,284
7947,284
7948,285
7949,285
7950,284
7951,284
7952,284
7953,283
7954,284
7955,284
7956,284
7957,284
7958,284
7959,284
7960,284
7961,284
7962,284
7963,284
7964,284
7966,284
7967,284
7968,284
7969,284
7970,284
7971,284
7972,284
7973,284
7974,285
7975,284
7976,284
7977,283
7978,284
7979,284
7980,284
7981,284
7982,284
7983,284
7984,284
7985,284
7986,283
7987,284
7988,284
7989,285
7990,285
7991,285
7992,284
7993,284
7994,284
7995,284
7996,284
7997,285
7998,285
7999,284
8000,284
8001,284
8002,284
8003,284
8004,284
8005,284
8006,285
8007,285
8009,285
8010,284
8011,284
8012,283
8013,284
8014,284
8015,285
8016,284
8017,284
8018,284
8019,283
8020,283
8021,284
8022,284
8023,285
8024,284
8025,284
8026,284
8027,283
8028,284
8029,284
8030,285
8031,284
8032,284
8033,284
8034,284
8035,277
8036,283
8037,284
8038,284
8039,284
8040,284
8041,284
8042,284
8043,284
8044,284
8045,283
8046,284
8047,284
8048,285
8049,285
8051,284
8052,284
8053,283
8054,284
8055,284
8056,284
8057,284
8058,285
8059,284
8060,284
8061,284
8062,283
8063,284
8064,284
8065,284
8066,285
8067,284
8068,284
8069,284
8070,284
8071,284
8072,284
8073,284
8074,285
8075,284
8076,284
8077,284
8078,284
8079,284
8080,284
8081,285
8082,285
8083,284
8084,284
8085,284
8086,284
8087,284
8088,285
8089,285
8090,285
8091,284
8092,284
8094,284
8095,283
8096,284
8097,284
8098,285
8099,284
8100,285
8101,284
8102,284
8103,284
8104,284
8105,284
8106,285
8107,285
8108,284
8109,285
8110,284
8111,284
8112,284
8113,284
8114,284
8115,285
8116,285
8117,284
8118,284
8119,284
8120,284
8121,284
8122,285
8123,285
8124,285
8125,285
8126,285
8127,284
8128,284
8129,285
8130,285
8131,285
8132,285
8133,284
8134,284
8135,284
8137,284
8138,284
8139,284
8140,285
8141,285
8142,285
8143,284
8144,284
8145,284
8146,284
8147,284
8148,285
8149,285
8150,285
8151,284
8152,284
8153,284
8154,284
8155,284
8156,285
8157,285
8158,285
8159,284
8160,284
8161,284
8162,284
8163,284
8164,285
8165,285
8166,285
8167,284
8168,284
8169,284
8170,284
8171,284
8172,285
8173,285
8174,285
8175,285
8176,284
8177,284
8179,284
8180,284
8181,284
8182,285
8183,285
8184,285
8185,284
8186,284
8187,284
8188,284
8189,285
8190,285
8191,285
8192,285
8193,284
8194,284
8195,284
8196,284
8197,284
8198,285
8199,285
8200,285
8201,284
8202,284
8203,284
8204,284
8205,285
8206,285
8207,285
8208,285
8209,285
8210,285
8211,284
8212,284
8213,285
8214,285
8215,285
8216,285
8217,285
8218,284
8219,284
8220,284
8222,285
8223,285
8224,285
8225,285
8226,285
8227,284
8228,285
8229,285
8230,285
8231,285
8232,285
8233,285
8234,285
8235,284
8236,284
8237,284
8238,285
8239,285
8240,285
8241,285
8242,285
8243,284
8244,284
8245,284
8246,285
8247,285
8248,285
8249,285
8250,285
8251,285
8252,284
8253,284
8254,285
8255,285
8256,285
8257,285
8258,285
8259,285
8260,284
8261,284
8262,284
8263,285
8265,285
8266,285
8267,285
8268,285
8269,284
8270,284
8271,285
8272,285
8273,285
8274,285
8275,285
8276,285
8277,284
8278,284
8279,284
8280,285
8281,285
8282,285
8283,285
8284,285
8285,285
8286,284
8287,284
8288,285
8289,286
8290,286
8291,285
8292,285
8293,284
8294,284
8295,283
8296,285
8297,285
8298,285
8299,284
8300,285
8301,284
8302,284
8303,284
8304,285
8305,285
8307,285
8308,285
8309,285
8310,285
8311,284
8312,284
8313,284
8314,285
8315,285
8316,285
8317,285
8318,284
8319,284
8320,284
8321,285
8322,285
8323,285
8324,285
8325,285
8326,285
8327,284
8328,284
8329,285
8330,285
8331,285
8332,285
8333,285
8334,285
8335,284
8336,284
8337,284
8338,285
8339,285
8340,285
8341,285
8342,285
8343,285
8344,284
8345,284
8346,284
8347,285
8348,286
8350,286
8351,285
8352,284
8353,284
8354,284
8355,285
8356,285
8357,285
8358,285
8359,285
8360,284
8361,284
8362,284
8363,284
8364,285
8365,285
8366,285
8367,285
8368,284
8369,284
8370,285
8371,284
8372,285
8373,285
8374,285
8375,285
8376,284
8377,284
8378,284
8379,284
8380,285
8381,285
8382,285
8383,285
8384,284
8385,284
8386,284
8387,284
8388,285
8389,285
8390,286
8391,285
8393,285
8394,284
8395,284
8396,285
8397,285
8398,285
8399,285
8400,285
8401,285
8402,285
8403,284
8404,285
8405,285
8406,285
8407,286
8408,285
8409,285
8410,285
8411,285
8412,284
8413,285
8414,285
8415,286
8416,285
8417,285
8418,284
8419,284
8420,285
8421,285
8422,285
8423,285
8424,285
8425,285
8426,285
8427,284
8428,284
8429,285
8430,286
8431,285
8432,285
8433,285
8435,285
8436,284
8437,284
8438,284
8439,285
8440,285
8441,285
8442,285
8443,284
8444,284
8445,284
8446,284
8447,285
8448,285
8449,286
8450,286
8451,285
8452,284
8453,284
8454,285
8455,285
8456,285
8457,285
8458,285
8459,285
8460,284
8461,284
8462,284
8463,285
8464,285
8465,285
8466,285
8467,285
8468,284
8469,285
8470,285
8471,285
8472,285
8473,285
8474,285
8475,285
8476,284
8478,284
8479,284
8480,285
8481,285
8482,285
8483,285
8484,285
8485,284
8486,284
8487,284
8488,285
8489,285
8490,286
8491,285
8492,285
8493,285
8494,284
8495,284
8496,285
8497,285
8498,285
8499,286
8500,285
8501,285
8502,285
8503,284
8504,285
8505,285
8506,285
8507,285
8508,285
8509,285
8510,285
8511,284
8512,285
8513,285
8514,285
8515,285
8516,285
8517,285
8518,284
8519,284
8521,284
8522,285
8523,285
8524,285
8525,285
8526,285
8527,284
8528,284
8529,285
8530,285
8531,285
8532,285
8533,285
8534,285
8535,284
8536,284
8537,284
8538,285
8539,285
8540,285
8541,285
8542,285
8543,284
8544,284
8545,284
8546,285
8547,285
8548,285
8549,286
8550,285
8551,284
8552,284
8553,284
8554,285
8555,285
8556,285
8557,285
8558,285
8559,284
8560,284
8561,284
8563,284
8564,285
8565,285
8566,285
8567,285
8568,285
8569,284
8570,285
8571,285
8572,285
8573,285
8574,285
8575,285
8576,285
8577,284
8578,284
8579,284
8580,285
8581,285
8582,286
8583,285
8584,285
8585,284
8586,284
8587,285
8588,285
8589,285
8590,285
8591,285
8592,285
8593,285
8594,284
8595,284
8596,285
8597,285
8598,286
8599,285
8600,285
8601,285
8602,284
8603,284
8604,285
8606,285
8607,285
8608,285
8609,285
8610,285
8611,284
8612,284
8613,285
8614,285
8615,285
8616,285
8617,285
8618,284
8619,284
8620,284
8621,285
8622,285
8623,285
8624,286
8625,285
8626,284
8627,285
8628,284
8629,285
8630,285
8631,285
8632,285
8633,285
8634,285
8635,284
8636,284
8637,284
8638,285
8639,285
8640,285
8641,285
8642,285
8643,284
8644,284
8645,285
8646,285
8647,285
8649,285
8650,286
8651,285
8652,284
8653,284
8654,284
8655,285
8656,285
8657,285
8658,285
8659,285
8660,284
8661,284
8662,284
8663,285
8664,285
8665,285
8666,285
8667,285
8668,284
8669,285
8670,285
8671,284
8672,285
8673,285
8674,285
8675,285
8676,284
8677,284
8678,284
8679,285
8680,285
8681,285
8682,285
8683,285
8684,284
8685,284
8686,284
8687,284
8688,285
8689,285
8691,285
8692,285
8693,284
8694,284
8695,284
8696,284
8697,284
8698,285
8699,285
8700,284
8701,284
8702,284
8703,284
8704,284
8705,284
8706,285
8707,285
8708,285
8709,284
8710,284
8711,284
8712,284
8713,284
8714,285
8715,285
8716,285
8717,284
8718,284
8719,284
8720,284
8721,284
8722,285
8723,285
8724,284
8725,284
8726,284
8727,284
8728,284
8729,284
8730,285
8731,285
8732,285
8734,284
8735,284
8736,284
8737,284
8738,284
8739,285
8740,285
8741,285
8742,285
8743,284
8744,284
8745,284
8746,284
8747,285
8748,285
8749,285
8750,285
8751,285
8752,284
8753,284
8754,284
8755,286
8756,285
8757,278
8758,285
8759,285
8760,284
8761,284
8762,284
8763,285
8764,285
8765,285
8766,285
8767,285
8768,284
8769,282
8770,285
8771,285
8772,285
8773,285
8774,287
8775,285
8777,285
8778,283
8779,284
8780,285
8781,285
8782,285
8783,285
8784,285
8785,285
8786,284
8787,285
8788,285
8789,285
8790,286
8791,285
8792,285
8793,284
8794,284
8795,284
8796,285
8797,285
8798,285
8799,285
8800,285
8801,285
8802,284
8803,284
8804,284
8805,285
8806,285
8807,286
8808,285
8809,285
8810,285
8811,284
8812,285
8813,285
8814,285
8815,285
8816,285
8817,285
8819,284
8820,284
8821,284
8822,285
8823,285
8824,285
8825,285
8826,285
8827,284
8828,285
8829,285
8830,285
8831,285
8832,285
8833,285
8834,285
8835,284
8836,284
8837,285
8838,285
8839,285
8840,285
8841,285
8842,285
8843,284
8844,284
8845,284
8846,284
8847,285
8848,285
8849,284
8850,285
8851,284
8852,284
8853,284
8854,284
8855,284
8856,284
8857,284
8858,284
8859,284
8860,284
8862,284
8863,284
8864,284
8865,284
8866,284
8867,284
8868,284
8869,284
8870,284
8871,284
8872,284
8873,285
8874,285
8875,284
8876,284
8877,284
8878,283
8879,284
8880,284
8881,284
8882,284
8883,284
8884,284
8885,284
8886,284
8887,283
8888,284
8889,285
8890,285
8891,284
8892,284
8893,284
8894,283
8895,284
8896,284
8897,284
8898,284
8899,284
8900,284
8901,284
8902,283
8903,283
8905,284
8906,284
8907,284
8908,285
8909,284
8910,284
8911,284
8912,284
8913,284
8914,285
8915,285
8916,285
8917,285
8918,284
8919,284
8920,284
8921,284
8922,284
8923,285
8924,285
8925,284
8926,284
8927,284
8928,284
8929,285
8930,285
8931,285
8932,285
8933,285
8934,284
8935,284
8936,284
8937,285
8938,285
8939,285
8940,285
8941,285
8942,284
8943,284
8944,284
8945,284
8947,285
8948,285
8949,286
8950,285
8951,285
8952,285
8953,284
8954,285
8955,285
8956,285
8957,285
8958,285
8959,285
8960,284
8961,284
8962,284
8963,285
8964,285
8965,285
8966,285
8967,285
8968,284
8969,284
8970,285
8971,285
8972,285
8973,285
8974,285
8975,285
8976,284
8977,284
8978,284
8979,285
8980,285
8981,285
8982,285
8983,285
8984,285
8985,284
8986,284
8987,284
8988,285
8990,286
8991,285
8992,285
8993,285
8994,284
8995,284
8996,284
8997,285
8998,285
8999,285
9000,285
9001,284
9002,284
9003,284
9004,284
9005,285
9006,285
9007,285
9008,285
9009,285
9010,284
9011,284
9012,284
9013,284
9014,285
9015,285
9016,285
9017,284
9018,284
9019,284
9020,284
9021,284
9022,284
9023,285
9024,284
9025,284
9026,283
9027,284
9028,284
9029,284
9030,285
9031,285
9033,284
9034,284
9035,284
9036,283
9037,283
9038,284
9039,284
9040,284
9041,284
9042,284
9043,283
9044,283
9045,283
9046,283
9047,284
9048,284
9049,284
9050,284
9051,283
9052,283
9053,283
9054,283
9055,284
9056,284
9057,284
9058,284
9059,283
9060,283
9061,283
9062,283
9063,284
9064,284
9065,284
9066,284
9067,283
9068,283
9069,283
9070,284
9071,284
9072,284
9073,284
9075,284
9076,284
9077,283
9078,283
9079,283
9080,284
9081,284
9082,284
9083,284
9084,284
9085,284
9086,284
9087,284
9088,284
9089,285
9090,285
9091,285
9092,284
9093,284
9094,284
9095,284
9096,284
9097,284
9098,285
9099,284
9100,284
9101,284
9102,284
9103,284
9104,284
9105,284
9106,285
9107,285
9108,284
9109,284
9110,284
9111,284
9112,284
9113,284
9114,285
9115,285
9116,285
9118,284
9119,284
9120,284
9121,284
9122,285
9123,285
9124,285
9125,285
9126,284
9127,284
9128,284
9129,285
9130,285
9131,285
9132,285
9133,285
9134,284
9135,285
9136,284
9137,282
9138,285
9139,285
9140,285
9141,284
9142,284
9143,284
9144,283
9145,284
9146,284
9147,284
9148,285
9149,283
9150,285
9151,284
9152,284
9153,284
9154,285
9155,284
9156,284
9157,285
9158,284
9159,284
9161,284
9162,284
9163,284
9164,284
9165,285
9166,285
9167,284
9168,284
9169,284
9170,284
9171,284
9172,284
9173,284
9174,284
9175,284
9176,284
9177,283
9178,283
9179,283
9180,284
9181,284
9182,284
9183,284
9184,284
9185,283
9186,283
9187,283
9188,284
9189,284
9190,284
9191,284
9192,283
9193,283
9194,283
9195,283
9196,283
9197,284
9198,284
9199,283
9200,283
9201,283
9203,283
9204,283
9205,283
9206,283
9207,283
9208,283
9209,283
9210,283
9211,283
9212,283
9213,283
9214,283
9215,283
9216,283
9217,283
9218,283
9219,282
9220,283
9221,283
9222,283
9223,283
9224,283
9225,283
9226,283
9227,283
9228,282
9229,283
9230,284
9231,283
9232,283
9233,283
9234,283
9235,283
9236,283
9237,283
9238,284
9239,284
9240,284
9241,284
9242,283
9243,283
9244,283
9246,283
9247,284
9248,284
9249,284
9250,284
9251,284
9252,283
9253,283
9254,283
9255,284
9256,284
9257,284
9258,284
9259,284
9260,283
9261,283
9262,283
9263,284
9264,284
9265,284
9266,284
9267,284
9268,283
9269,284
9270,284
9271,284
9272,284
9273,285
9274,284
9275,284
9276,284
9277,284
9278,284
9279,284
9280,284
9281,285
9282,284
9283,284
9284,284
9285,284
9286,284
9287,284
9289,285
9290,285
9291,285
9292,284
9293,284
9294,284
9295,284
9296,284
9297,284
9298,285
9299,284
9300,284
9301,284
9302,284
9303,284
9304,284
9305,284
9306,285
9307,285
9308,284
9309,284
9310,284
9311,283
9312,284
9313,284
9314,284
9315,284
9316,284
9317,284
9318,283
9319,284
9320,284
9321,284
9322,284
9323,284
9324,284
9325,284
9326,283
9327,283
9328,283
9329,284
9331,284
9332,284
9333,284
9334,284
9335,283
9336,283
9337,283
9338,284
9339,284
9340,284
9341,284
9342,283
9343,283
9344,283
9345,283
9346,283
9347,284
9348,284
9349,284
9350,284
9351,283
9352,283
9353,283
9354,283
9355,284
9356,283
9357,284
9358,284
9359,283
9360,283
9361,282
9362,283
9363,283
9364,283
9365,283
9366,283
9367,283
9368,282
9369,283
9370,283
9371,283
9372,283
9374,283
9375,281
9376,282
9377,282
9378,282
9379,282
9380,283
9381,282
9382,283
9383,283
9384,282
9385,282
9386,282
9387,282
9388,282
9389,283
9390,283
9391,283
9392,283
9393,282
9394,282
9395,282
9396,283
9397,282
9398,283
9399,283
9400,283
9401,282
9402,283
9403,282
9404,283
9405,283
9406,284
9407,283
9408,283
9409,283
9410,283
9411,283
9412,283
9413,283
9414,283
9415,284
9417,283
9418,283
9419,283
9420,283
9421,283
9422,283
9423,284
9424,284
9425,284
9426,283
9427,283
9428,283
9429,283
9430,284
9431,284
9432,284
9433,284
9434,283
9435,283
9436,283
9437,283
9438,284
9439,284
9440,284
9441,284
9442,284
9443,283
9444,283
9445,283
9446,284
9447,284
9448,284
9449,284
9450,284
9451,283
9452,283
9453,283
9454,284
9455,284
9456,284
9457,284
9459,284
9460,283
9461,283
9462,283
9463,284
9464,284
9465,284
9466,284
9467,284
9468,283
9469,283
9470,284
9471,284
9472,284
9473,284
9474,284
9475,284
9476,283
9477,283
9478,283
9479,284
9480,284
9481,284
9482,284
9483,284
9484,283
9485,283
9486,283
9487,283
9488,284
9489,284
9490,284
9491,284
9492,283
9493,283
9494,283
9495,283
9496,284
9497,284
9498,284
9499,283
9500,283
9502,283
9503,283
9504,283
9505,283
9506,284
9507,284
9508,283
9509,283
9510,283
9511,283
9512,283
9513,283
9514,283
9515,284
9516,284
9517,283
9518,283
9519,282
9520,282
9521,283
9522,283
9523,283
9524,283
9525,282
9526,282
9527,282
9528,282
9529,283
9530,283
9531,283
9532,283
9533,282
9534,282
9535,282
9536,282
9537,282
9538,282
9539,283
9540,282
9541,282
9542,282
9543,282
9545,282
9546,282
9547,282
9548,282
9549,283
9550,283
9551,282
9552,281
9553,281
9554,282
9555,282
9556,282
9557,282
9558,282
9559,282
9560,282
9561,282
9562,282
9563,282
9564,282
9565,283
9566,283
9567,282
9568,282
9569,282
9570,282
9571,282
9572,283
9573,283
9574,283
9575,283
9576,282
9577,282
9578,282
9579,283
9580,283
9581,283
9582,283
9583,283
9584,282
9585,282
9587,283
9588,283
9589,283
9590,284
9591,284
9592,283
9593,283
9594,283
9595,282
9596,283
9597,283
9598,283
9599,283
9600,283
9601,283
9602,283
9603,283
9604,283
9605,283
9606,283
9607,284
9608,283
9609,283
9610,283
9611,283
9612,283
9613,283
9614,284
9615,283
9616,283
9617,283
9618,282
9619,282
9620,283
9621,283
9622,283
9623,283
9624,283
9625,283
9626,282
9627,283
9628,282
9630,283
9631,284
9632,283
9633,283
9634,283
9635,283
9636,282
9637,283
9638,283
9639,283
9640,283
9641,283
9642,283
9643,282
9644,282
9645,282
9646,283
9647,283
9648,283
9649,284
9650,282
9651,282
9652,282
9653,283
9654,280
9655,276
9656,284
9657,284
9658,283
9659,282
9660,282
9661,282
9662,282
9663,283
9664,283
9665,283
9666,282
9667,282
9668,282
9669,282
9670,282
9671,283
9673,283
9674,282
9675,283
9676,282
9677,282
9678,282
9679,282
9680,282
9681,283
9682,283
9683,282
9684,282
9685,282
9686,282
9687,282
9688,282
9689,283
9690,283
9691,283
9692,282
9693,281
9694,280
9695,282
9696,282
9697,282
9698,280
9699,282
9700,282
9701,281
9702,281
9703,281
9704,282
9705,282
9706,282
9707,282
9708,281
9709,281
9710,282
9711,281
9712,281
9713,282
9715,282
9716,282
9717,281
9718,281
9719,281
9720,281
9721,281
9722,282
9723,282
9724,282
9725,282
9726,281
9727,281
9728,281
9729,282
9730,283
9731,282
9732,282
9733,282
9734,282
9735,282
9736,282
9737,282
9738,282
9739,283
9740,283
9741,282
9742,282
9743,282
9744,282
9745,282
9746,283
9747,283
9748,283
9749,283
9750,283
9751,282
9752,282
9753,282
9754,283
9755,283
9756,283
9758,283
9759,283
9760,282
9761,282
9762,282
9763,283
9764,283
9765,283
9766,283
9767,283
9768,282
9769,282
9770,282
9771,283
9772,283
9773,283
9774,282
9775,283
9776,282
9777,282
9778,282
9779,282
9780,283
9781,283
9782,283
9783,283
9784,282
9785,282
9786,282
9787,282
9788,283
9789,283
9790,283
9791,283
9792,282
9793,282
9794,282
9795,282
9796,283
9797,283
9798,283
9799,283
9801,282
9802,282
9803,282
9804,282
9805,283
9806,283
9807,283
9808,283
9809,282
9810,282
9811,282
9812,282
9813,283
9814,283
9815,283
9816,283
9817,282
9818,282
9819,282
9820,282
9821,282
9822,283
9823,283
9824,283
9825,282
9826,282
9827,282
9828,282
9829,283
9830,283
9831,283
9832,283
9833,282
9834,282
9835,282
9836,282
9837,282
9838,282
9839,282
9840,282
9841,282
9843,282
9844,281
9845,282
9846,282
9847,282
9848,282
9849,282
9850,282
9851,282
9852,282
9853,282
9854,282
9855,282
9856,282
9857,282
9858,282
9859,282
9860,281
9861,281
9862,281
9863,282
9864,282
9865,282
9866,282
9867,281
9868,281
9869,281
9870,281
9871,282
9872,282
9873,282
9874,282
9875,281
9876,281
9877,281
9878,281
9879,281
9880,282
9881,282
9882,281
9883,281
9884,281
9886,281
9887,281
9888,281
9889,282
9890,282
9891,282
9892,282
9893,281
9894,281
9895,281
9896,282
9897,282
9898,282
9899,282
9900,282
9901,282
9902,282
9903,282
9904,282
9905,282
9906,283
9907,283
9908,283
9909,282
9910,282
9911,282
9912,282
9913,282
9914,283
9915,283
9916,283
9917,282
9918,282
9919,282
9920,282
9921,283
9922,283
9923,283
9924,283
9925,282
9926,282
9927,282
9929,282
9930,283
9931,283
9932,283
9933,283
9934,282
9935,282
9936,282
9937,282
9938,282
9939,283
9940,283
9941,283
9942,282
9943,282
9944,282
9945,282
9946,282
9947,283
9948,283
9949,283
9950,283
9951,282
9952,282
9953,282
9954,282
9955,283
9956,283
9957,283
9958,282
9959,282
9960,282
9961,282
9962,282
9963,282
9964,283
9965,283
9966,282
9967,282
9968,282
9969,282
9971,282
9972,283
9973,282
9974,282
9975,282
9976,282
9977,282
9978,282
9979,282
9980,282
9981,282
9982,283
9983,282
9984,282
9985,282
9986,282
9987,282
9988,282
9989,283
9990,283
9991,283
9992,282
9993,282
9994,282
9995,283
9996,282
9997,282
9998,283
9999,283
10000,282
10001,282
10002,282
10003,282
10004,282
10005,282
10006,282
10007,282
10008,282
10009,282
10010,282
10011,281
10012,282
10014,282
10015,282
10016,282
10017,282
10018,281
10019,281
10020,281
10021,281
10022,282
10023,282
10024,282
10025,282
10026,281
10027,281
10028,281
10029,282
10030,282
10031,282
10032,282
10033,282
10034,281
10035,281
10036,280
10037,277
10038,281
10039,283
10040,282
10041,282
10042,281
10043,281
10044,280
10045,281
10046,282
10047,282
10048,282
10049,282
10050,282
10051,281
10052,281
10053,281
10054,282
10055,283
10057,282
10058,282
10059,282
10060,282
10061,281
10062,282
10063,282
10064,282
10065,283
10066,282
10067,282
10068,282
10069,282
10070,282
10071,283
10072,283
10073,283
10074,282
10075,283
10076,282
10077,282
10078,282
10079,283
10080,283
10081,283
10082,283
10083,283
10084,283
10085,282
10086,282
10087,282
10088,283
10089,283
10090,283
10091,283
10092,282
10093,282
10094,282
10095,282
10096,282
10097,283
10099,283
10100,282
10101,282
10102,282
10103,282
10104,282
10105,282
10106,282
10107,283
10108,282
10109,282
10110,282
10111,282
10112,282
10113,282
10114,282
10115,282
10116,282
10117,282
10118,282
10119,282
10120,282
10121,282
10122,282
10123,282
10124,282
10125,282
10126,282
10127,281
10128,282
10129,282
10130,283
10131,282
10132,282
10133,282
10134,282
10135,282
10136,282
10137,282
10138,282
10139,282
10140,282
10142,282
10143,282
10144,282
10145,282
10146,282
10147,282
10148,283
10149,282
10150,282
10151,282
10152,282
10153,282
10154,282
10155,282
10156,282
10157,282
10158,282
10159,282
10160,282
10161,282
10162,282
10163,282
10164,282
10165,282
10166,282
10167,282
10168,282
10169,282
10170,282
10171,282
10172,282
10173,282
10174,282
10175,282
10176,281
10177,282
10178,281
10179,282
10180,282
10181,282
10182,282
10183,282
10185,281
10186,281
10187,282
10188,282
10189,282
10190,282
10191,282
10192,282
10193,281
10194,281
10195,281
10196,281
10197,282
10198,282
10199,282
10200,281
10201,281
10202,281
10203,281
10204,282
10205,282
10206,282
10207,282
10208,282
10209,282
10210,282
10211,281
10212,282
10213,282
10214,282
10215,282
10216,282
10217,282
10218,281
10219,282
10220,282
10221,282
10222,282
10223,283
10224,282
10225,282
10227,282
10228,282
10229,282
10230,283
10231,283
10232,283
10233,283
10234,282
10235,282
10236,282
10237,282
10238,282
10239,282
10240,283
10241,283
10242,282
10243,282
10244,282
10245,282
10246,282
10247,283
10248,283
10249,283
10250,283
10251,282
10252,282
10253,282
10254,282
10255,283
10256,283
10257,283
10258,282
10259,282
10260,282
10261,282
10262,282
10263,283
10264,283
10265,282
10266,282
10267,282
10268,282
10270,282
10271,282
10272,282
10273,282
10274,282
10275,282
10276,281
10277,281
10278,282
10279,282
10280,282
10281,282
10282,282
10283,282
10284,281
10285,281
10286,281
10287,282
10288,282
10289,282
10290,282
10291,282
10292,281
10293,281
10294,281
10295,281
10296,282
10297,282
10298,282
10299,282
10300,282
10301,281
10302,281
10303,282
10304,282
10305,282
10306,282
10307,282
10308,282
10309,282
10310,282
10311,281
10313,282
10314,282
10315,282
10316,282
10317,282
10318,282
10319,281
10320,282
10321,282
10322,282
10323,282
10324,283
10325,282
10326,282
10327,282
10328,282
10329,282
10330,283
10331,283
10332,282
10333,282
10334,282
10335,282
10336,282
10337,282
10338,282
10339,282
10340,282
10341,282
10342,282
10343,281
10344,282
10345,282
10346,282
10347,282
10348,282
10349,282
10350,282
10351,281
10352,281
10353,282
10355,282
10356,282
10357,282
10358,282
10359,282
10360,282
10361,282
10362,282
10363,282
10364,283
10365,282
10366,282
10367,282
10368,282
10369,282
10370,282
10371,282
10372,282
10373,282
10374,282
10375,282
10376,282
10377,282
10378,282
10379,282
10380,282
10381,283
10382,283
10383,282
10384,282
10385,282
10386,282
10387,283
10388,283
10389,283
10390,283
10391,283
10392,282
10393,282
10394,282
10395,282
10396,283
10398,283
10399,283
10400,283
10401,282
10402,282
10403,282
10404,283
10405,283
10406,283
10407,283
10408,282
10409,282
10410,282
10411,282
10412,282
10413,282
10414,282
10415,283
10416,282
10417,282
10418,281
10419,282
10420,282
10421,282
10422,282
10423,282
10424,282
10425,282
10426,282
10427,281
10428,282
10429,282
10430,282
10431,282
10432,282
10433,282
10434,281
10435,281
10436,281
10437,281
10438,282
10439,282
10441,282
10442,281
10443,281
10444,281
10445,281
10446,281
10447,281
10448,282
10449,282
10450,282
10451,281
10452,281
10453,281
10454,281
10455,282
10456,282
10457,282
10458,281
10459,281
10460,281
10461,281
10462,281
10463,282
10464,282
10465,282
10466,282
10467,282
10468,281
10469,282
10470,282
10471,282
10472,282
10473,282
10474,282
10475,282
10476,281
10477,282
10478,282
10479,282
10480,282
10481,282
10483,282
10484,282
10485,282
10486,282
10487,282
10488,282
10489,282
10490,283
10491,283
10492,282
10493,282
10494,282
10495,282
10496,282
10497,282
10498,283
10499,282
10500,282
10501,282
10502,282
10503,282
10504,282
10505,282
10506,283
10507,282
10508,282
10509,282
10510,282
10511,282
10512,282
10513,282
10514,282
10515,282
10516,282
10517,282
10518,282
10519,282
10520,282
10521,282
10522,283
10523,282
10524,282
10526,282
10527,282
10528,282
10529,282
10530,283
10531,283
10532,283
10533,283
10534,282
10535,282
10536,282
10537,282
10538,282
10539,283
10540,283
10541,282
10542,282
10543,282
10544,282
10545,282
10546,282
10547,283
10548,283
10549,283
10550,282
10551,282
10552,282
10553,282
10554,282
10555,283
10556,283
10557,283
10558,283
10559,282
10560,282
10561,282
10562,282
10563,283
10564,283
10565,283
10566,282
10567,282
10569,282
10570,282
10571,283
10572,283
10573,283
10574,282
10575,282
10576,281
10577,282
10578,282
10579,282
10580,282
10581,282
10582,282
10583,282
10584,281
10585,281
10586,281
10587,281
10588,282
10589,282
10590,282
10591,282
10592,281
10593,281
10594,281
10595,281
10596,281
10597,281
10598,282
10599,282
10600,281
10601,281
10602,280
10603,281
10604,281
10605,282
10606,282
10607,281
10608,281
10609,281
10611,281
10612,281
10613,281
10614,281
10615,282
10616,282
10617,281
10618,281
10619,281
10620,281
10621,281
10622,282
10623,282
10624,282
10625,282
10626,281
10627,281
10628,281
10629,282
10630,282
10631,282
10632,282
10633,282
10634,281
10635,282
10636,278
10637,282
10638,283
10639,283
10640,282
10641,282
10642,282
10643,282
10644,282
10645,282
10646,282
10647,283
10648,283
10649,283
10650,282
10651,282
10652,282
10654,282
10655,283
10656,282
10657,276
10658,281
10659,283
10660,282
10661,282
10662,282
10663,282
10664,280
10665,283
10666,283
10667,282
10668,282
10669,282
10670,282
10671,283
10672,283
10673,283
10674,283
10675,277
10676,281
10677,282
10678,282
10679,282
10680,283
10681,283
10682,283
10683,282
10684,282
10685,282
10686,282
10687,282
10688,283
10689,283
10690,283
10691,282
10692,282
10693,282
10694,282
10695,282
10697,283
10698,283
10699,283
10700,282
10701,282
10702,282
10703,282
10704,282
10705,283
10706,283
10707,283
10708,282
10709,282
10710,282
10711,282
10712,283
10713,282
10714,283
10715,283
10716,283
10717,282
10718,282
10719,282
10720,282
10721,282
10722,283
10723,283
10724,282
10725,282
10726,282
10727,282
10728,282
10729,282
10730,283
10731,282
10732,282
10733,282
10734,281
10735,281
10736,282
10737,282
10739,282
10740,282
10741,282
10742,282
10743,281
10744,281
10745,281
10746,281
10747,282
10748,282
10749,282
10750,281
10751,281
10752,281
10753,281
10754,281
10755,281
10756,281
10757,281
10758,281
10759,281
10760,281
10761,281
10762,281
10763,281
10764,282
10765,282
10766,281
10767,281
10768,281
10769,281
10770,281
10771,282
10772,282
10773,282
10774,281
10775,281
10776,281
10777,281
10778,281
10779,282
10780,282
10782,282
10783,282
10784,282
10785,281
10786,281
10787,282
10788,282
10789,282
10790,283
10791,282
10792,282
10793,282
10794,282
10795,282
10796,282
10797,282
10798,283
10799,282
10800,282
10801,282
10802,282
10803,282
10804,283
10805,283
10806,283
10807,283
10808,282
10809,282
10810,282
10811,282
10812,283
10813,283
10814,283
10815,283
10816,282
10817,282
10818,282
10819,282
10820,282
10821,283
10822,283
10823,283
10825,282
10826,282
10827,282
10828,282
10829,282
10830,283
10831,283
10832,283
10833,282
10834,282
10835,282
10836,282
10837,282
10838,283
10839,283
10840,283
10841,282
10842,282
10843,282
10844,282
10845,282
10846,283
10847,283
10848,283
10849,283
10850,283
10851,282
10852,282
10853,282
10854,283
10855,283
10856,283
10857,283
10858,282
10859,283
10860,282
10861,282
10862,283
10863,283
10864,283
10865,283
10867,282
10868,282
10869,282
10870,282
10871,283
10872,283
10873,283
10874,283
10875,282
10876,282
10877,282
10878,282
10879,282
10880,283
10881,283
10882,283
10883,282
10884,282
10885,282
10886,282
10887,282
10888,282
10889,283
10890,283
10891,282
10892,282
10893,282
10894,281
10895,282
10896,282
10897,282
10898,282
10899,282
10900,282
10901,281
10902,281
10903,281
10904,282
10905,282
10906,282
10907,281
10908,281
10910,281
10911,281
10912,281
10913,281
10914,281
10915,281
10916,282
10917,281
10918,281
10919,280
10920,281
10921,281
10922,282
10923,282
10924,281
10925,281
10926,281
10927,281
10928,281
10929,282
10930,282
10931,282
10932,282
10933,281
10934,281
10935,281
10936,281
10937,281
10938,282
10939,282
10940,282
10941,282
10942,281
10943,281
10944,282
10945,282
10946,282
10947,282
10948,282
10949,282
10950,282
10951,282
10953,282
10954,282
10955,282
10956,282
10957,283
10958,282
10959,282
10960,282
10961,282
10962,282
10963,283
10964,283
10965,283
10966,283
10967,282
10968,282
10969,282
10970,282
10971,283
10972,283
10973,283
10974,283
10975,282
10976,282
10977,282
10978,283
10979,283
10980,283
10981,283
10982,283
10983,283
10984,282
10985,282
10986,282
10987,283
10988,283
10989,283
10990,283
10991,282
10992,282
10993,282
10995,282
10996,282
10997,283
10998,283
10999,283
11000,283
11001,282
11002,282
11003,282
11004,282
11005,283
11006,283
11007,283
11008,283
11009,282
11010,282
11011,283
11012,283
11013,283
11014,283
11015,283
11016,283
11017,282
11018,282
11019,282
11020,283
11021,282
11022,283
11023,283
11024,283
11025,282
11026,282
11027,282
11028,282
11029,283
11030,283
11031,283
11032,283
11033,281
11034,282
11035,282
11036,282
11038,282
11039,279
11040,283
11041,283
11042,282
11043,282
11044,282
11045,282
11046,280
11047,283
11048,283
11049,283
11050,282
11051,282
11052,282
11053,282
11054,282
11055,276
11056,283
11057,283
11058,282
11059,282
11060,281
11061,281
11062,281
11063,281
11064,282
11065,282
11066,281
11067,281
11068,281
11069,281
11070,281
11071,282
11072,282
11073,282
11074,281
11075,281
11076,281
11077,281
11078,282
11079,281
11081,282
11082,282
11083,282
11084,281
11085,281
11086,281
11087,282
11088,282
11089,282
11090,282
11091,282
11092,282
11093,281
11094,282
11095,282
11096,282
11097,282
11098,282
11099,282
11100,282
11101,282
11102,282
11103,282
11104,282
11105,283
11106,283
11107,283
11108,282
11109,282
11110,282
11111,282
11112,282
11113,283
11114,283
11115,283
11116,282
11117,282
11118,282
11119,282
11120,283
11121,283
11123,283
11124,283
11125,283
11126,282
11127,282
11128,282
11129,283
11130,283
11131,283
11132,283
11133,283
11134,282
11135,282
11136,283
11137,282
11138,283
11139,283
11140,283
11141,283
11142,283
11143,283
11144,282
11145,283
11146,283
11147,283
11148,283
11149,283
11150,283
11151,282
11152,282
11153,282
11154,283
11155,283
11156,283
11157,283
11158,282
11159,282
11160,282
11161,283
11162,283
11163,283
11164,283
11166,283
11167,283
11168,282
11169,282
11170,283
11171,283
11172,283
11173,283
11174,283
11175,283
11176,282
11177,282
11178,282
11179,283
11180,283
11181,283
11182,283
11183,283
11184,282
11185,282
11186,282
11187,282
11188,283
11189,283
11190,283
11191,283
11192,282
11193,282
11194,282
11195,283
11196,283
11197,283
11198,283
11199,282
11200,282
11201,282
11202,282
11203,282
11204,282
11205,283
11206,282
11207,282
11209,282
11210,282
11211,282
11212,282
11213,282
11214,282
11215,282
11216,282
11217,281
11218,281
11219,281
11220,281
11221,282
11222,282
11223,282
11224,282
11225,281
11226,281
11227,281
11228,282
11229,282
11230,282
11231,282
11232,282
11233,281
11234,281
11235,281
11236,281
11237,282
11238,282
11239,282
11240,282
11241,282
11242,282
11243,282
11244,282
11245,282
11246,282
11247,283
11248,283
11249,282
11251,282
11252,282
11253,282
11254,282
11255,283
11256,283
11257,283
11258,282
11259,282
11260,282
11261,282
11262,283
11263,283
11264,283
11265,283
11266,283
11267,282
11268,282
11269,282
11270,283
11271,283
11272,283
11273,283
11274,283
11275,283
11276,282
11277,282
11278,283
11279,283
11280,283
11281,283
11282,283
11283,283
11284,282
11285,282
11286,283
11287,283
11288,284
11289,284
11290,283
11291,283
11292,282
11294,282
11295,283
11296,283
11297,283
11298,283
11299,283
11300,283
11301,282
11302,282
11303,282
11304,283
11305,284
11306,284
11307,283
11308,283
11309,283
11310,283
11311,283
11312,283
11313,283
11314,283
11315,283
11316,283
11317,283
11318,282
11319,282
11320,283
11321,283
11322,283
11323,283
11324,283
11325,283
11326,282
11327,282
11328,283
11329,283
11330,283
11331,283
11332,283
11333,282
11334,282
11335,282
11337,282
11338,283
11339,283
11340,283
11341,283
11342,282
11343,282
11344,282
11345,282
11346,282
11347,283
11348,283
11349,283
11350,282
11351,283
11352,282
11353,282
11354,282
11355,283
11356,283
11357,283
11358,282
11359,282
11360,282
11361,282
11362,282
11363,282
11364,283
11365,282
11366,282
11367,282
11368,281
11369,282
11370,282
11371,282
11372,282
11373,282
11374,282
11375,281
11376,281
11377,282
11379,282
11380,282
11381,282
11382,282
11383,282
11384,281
11385,281
11386,282
11387,282
11388,282
11389,282
11390,282
11391,282
11392,282
11393,282
11394,282
11395,282
11396,282
11397,282
11398,283
11399,282
11400,282
11401,282
11402,282
11403,282
11404,282
11405,283
11406,283
11407,283
11408,282
11409,282
11410,282
11411,282
11412,283
11413,283
11414,281
11415,280
11416,283
11417,282
11418,283
11419,282
11420,281
11422,284
11423,284
11424,283
11425,283
11426,283
11427,282
11428,281
11429,283
11430,284
11431,284
11432,284
11433,283
11434,282
11435,283
11436,282
11437,283
11438,283
11439,284
11440,284
11441,283
11442,283
11443,282
11444,283
11445,283
11446,283
11447,284
11448,283
11449,283
11450,283
11451,283
11452,283
11453,281
11454,282
11455,284
11456,283
11457,283
11458,280
11459,282
11460,283
11461,283
11462,283
11463,283
11465,283
11466,283
11467,283
11468,282
11469,283
11470,283
11471,284
11472,283
11473,283
11474,283
11475,283
11476,283
11477,282
11478,283
11479,283
11480,283
11481,283
11482,283
11483,283
11484,283
11485,282
11486,282
11487,283
11488,283
11489,283
11490,283
11491,283
11492,282
11493,282
11494,282
11495,282
11496,283
11497,283
11498,283
11499,282
11500,282
11501,282
11502,282
11503,283
11504,283
11505,283
11507,282
11508,282
11509,282
11510,282
11511,282
11512,282
11513,283
11514,283
11515,283
11516,282
11517,282
11518,282
11519,282
11520,282
11521,282
11522,283
11523,282
11524,282
11525,282
11526,282
11527,281
11528,282
11529,282
11530,283
11531,283
11532,282
11533,280
11534,282
11535,282
11536,282
11537,282
11538,282
11539,283
11540,282
11541,282
11542,282
11543,282
11544,282
11545,282
11546,283
11547,283
11548,283
11550,283
11551,282
11552,282
11553,282
11554,282
11555,283
11556,283
11557,283
11558,283
11559,282
11560,282
11561,283
11562,283
11563,283
11564,283
11565,283
11566,283
11567,283
11568,283
11569,283
11570,283
11571,284
11572,284
11573,284
11574,283
11575,283
11576,283
11577,283
11578,283
11579,283
11580,283
11581,283
11582,283
11583,283
11584,283
11585,283
11586,283
11587,284
11588,284
11589,284
11590,284
11591,283
11593,283
11594,283
11595,283
11596,283
11597,284
11598,284
11599,283
11600,283
11601,283
11602,283
11603,283
11604,283
11605,284
11606,284
11607,283
11608,283
11609,283
11610,283
11611,283
11612,283
11613,284
11614,284
11615,284
11616,283
11617,283
11618,283
11619,283
11620,283
11621,283
11622,284
11623,284
11624,283
11625,283
11626,283
11627,283
11628,283
11629,284
11630,284
11631,284
11632,283
11633,283
11635,283
11636,283
11637,283
11638,283
11639,284
11640,283
11641,283
11642,283
11643,282
11644,283
11645,283
11646,283
11647,283
11648,283
11649,283
11650,283
11651,283
11652,282
11653,283
11654,279
11655,284
11656,283
11657,283
11658,283
11659,282
11660,282
11661,283
11662,283
11663,283
11664,283
11665,283
11666,282
11667,282
11668,282
11669,282
11670,283
11671,283
11672,283
11673,283
11674,283
11675,283
11676,282
11678,282
11679,283
11680,283
11681,283
11682,283
11683,282
11684,282
11685,282
11686,282
11687,282
11688,283
11689,283
11690,283
11691,283
11692,282
11693,282
11694,282
11695,282
11696,283
11697,283
11698,283
11699,283
11700,282
11701,282
11702,282
11703,282
11704,283
11705,283
11706,283
11707,283
11708,282
11709,283
11710,283
11711,283
11712,283
11713,283
11714,283
11715,283
11716,283
11717,283
11718,282
11719,283
11721,283
11722,283
11723,284
11724,283
11725,283
11726,283
11727,283
11728,283
11729,283
11730,284
11731,284
11732,283
11733,283
11734,283
11735,283
11736,283
11737,283
11738,284
11739,284
11740,284
11741,283
11742,283
11743,283
11744,283
11745,283
11746,284
11747,284
11748,284
11749,284
11750,283
11751,283
11752,283
11753,283
11754,284
11755,284
11756,284
11757,283
11758,283
11759,283
11760,283
11761,283
11763,284
11764,283
11765,284
11766,283
11767,283
11768,283
11769,283
11770,283
11771,283
11772,283
11773,283
11774,283
11775,282
11776,282
11777,282
11778,282
11779,282
11780,283
11781,283
11782,282
11783,282
11784,282
11785,282
11786,282
11787,282
11788,282
11789,283
11790,282
11791,282
11792,282
11793,281
11794,282
11795,282
11796,281
11797,282
11798,282
11799,282
11800,282
11801,282
11802,282
11803,282
11804,282
11806,283
11807,282
11808,282
11809,282
11810,282
11811,283
11812,282
11813,283
11814,283
11815,283
11816,283
11817,282
11818,283
11819,283
11820,283
11821,283
11822,284
11823,284
11824,283
11825,282
11826,282
11827,283
11828,283
11829,283
11830,284
11831,283
11832,283
11833,282
11834,282
11835,282
11836,283
11837,283
11838,283
11839,283
11840,283
11841,282
11842,282
11843,282
11844,282
11845,282
11846,283
11847,283
11849,283
11850,283
11851,283
11852,283
11853,283
11854,283
11855,283
11856,283
11857,283
11858,283
11859,282
11860,282
11861,283
11862,283
11863,283
11864,283
11865,283
11866,283
11867,283
11868,283
11869,283
11870,283
11871,284
11872,284
11873,283
11874,283
11875,283
11876,283
11877,283
11878,283
11879,283
11880,283
11881,283
11882,283
11883,282
11884,282
11885,283
11886,283
11887,283
11888,283
11889,284
11891,283
11892,283
11893,282
11894,282
11895,283
11896,283
11897,283
11898,284
11899,283
11900,283
11901,283
11902,282
11903,283
11904,283
11905,284
11906,283
11907,283
11908,283
11909,282
11910,282
11911,283
11912,282
11913,282
11914,283
11915,282
11916,282
11917,282
11918,282
11919,281
11920,282
11921,282
11922,282
11923,282
11924,282
11925,281
11926,281
11927,282
11928,282
11929,282
11930,283
11931,282
11932,282
11934,281
11935,281
11936,281
11937,282
11938,282
11939,282
11940,282
11941,282
11942,282
11943,282
11944,282
11945,282
11946,282
11947,282
11948,283
11949,282
11950,282
11951,282
11952,282
11953,282
11954,282
11955,283
11956,283
11957,282
11958,282
11959,282
11960,282
11961,282
11962,283
11963,283
11964,283
11965,283
11966,283
11967,282
11968,282
11969,283
11970,283
11971,284
11972,284
11973,283
11974,283
11975,283
11977,283
11978,283
11979,283
11980,283
11981,283
11982,283
11983,283
11984,282
11985,282
11986,282
11987,283
11988,283
11989,283
11990,283
11991,283
11992,282
11993,282
11994,282
11995,283
11996,283
11997,283
11998,283
11999,283
12000,282
12001,282
12002,282
12003,283
12004,283
12005,284
12006,283
12007,283
12008,283
12009,283
12010,283
12011,283
12012,283
12013,283
12014,283
12015,283
12016,282
12017,282
12019,283
12020,283
12021,283
12022,284
12023,283
12024,283
12025,283
12026,283
12027,283
12028,283
12029,283
12030,284
12031,284
12032,283
12033,283
12034,283
12035,283
12036,283
12037,283
12038,283
12039,284
12040,283
12041,282
12042,282
12043,282
12044,282
12045,282
12046,283
12047,282
12048,282
12049,282
12050,282
12051,282
12052,281
12053,282
12054,282
12055,282
12056,282
12057,281
12058,281
12059,281
12060,281
12062,281
12063,282
12064,282
12065,282
12066,282
12067,281
12068,281
12069,281
12070,282
12071,282
12072,282
12073,282
12074,282
12075,281
12076,281
12077,281
12078,282
12079,282
12080,282
12081,280
12082,282
12083,282
12084,281
12085,281
12086,280
12087,281
12088,282
12089,282
12090,282
12091,282
12092,282
12093,281
12094,280
12095,279
12096,281
12097,283
12098,282
12099,282
12100,282
12101,281
12102,282
12103,282
12105,282
12106,282
12107,282
12108,282
12109,282
12110,282
12111,282
12112,282
12113,282
12114,283
12115,283
12116,282
12117,282
12118,282
12119,282
12120,282
12121,283
12122,283
12123,283
12124,283
12125,283
12126,283
12127,283
12128,283
12129,284
12130,284
12131,284
12132,283
12133,283
12134,283
12135,281
12136,283
12137,283
12138,283
12139,283
12140,283
12141,282
12142,282
12143,282
12144,282
12145,282
12147,282
12148,282
12149,282
12150,282
12151,282
12152,282
12153,282
12154,282
12155,282
12156,282
12157,282
12158,282
12159,281
12160,281
12161,282
12162,282
12163,282
12164,282
12165,282
12166,282
12167,281
12168,281
12169,281
12170,282
12171,282
12172,282
12173,282
12174,281
12175,281
12176,281
12177,281
12178,282
12179,282
12180,282
12181,282
12182,281
12183,281
12184,281
12185,281
12186,281
12187,282
12188,282
12190,282
12191,281
12192,281
12193,281
12194,281
12195,281
12196,281
12197,281
12198,281
12199,281
12200,281
12201,280
12202,281
12203,281
12204,281
12205,282
12206,281
12207,281
12208,281
12209,281
12210,281
12211,281
12212,281
12213,282
12214,282
12215,282
12216,281
12217,281
12218,281
12219,281
12220,282
12221,282
12222,282
12223,282
12224,281
12225,281
12226,281
12227,282
12228,282
12229,282
12230,282
12231,282
12233,282
12234,281
12235,282
12236,282
12237,282
12238,282
12239,282
12240,282
12241,282
12242,281
12243,281
12244,282
12245,282
12246,282
12247,282
12248,282
12249,282
12250,282
12251,282
12252,282
12253,282
12254,282
12255,282
12256,282
12257,282
12258,281
12259,281
12260,281
12261,282
12262,282
12263,282
12264,282
12265,282
12266,281
12267,281
12268,282
12269,282
12270,282
12271,282
12272,282
12273,281
12275,281
12276,281
12277,281
12278,281
12279,282
12280,282
12281,282
12282,282
12283,282
12284,281
12285,282
12286,281
12287,282
12288,282
12289,282
12290,282
12291,282
12292,281
12293,280
12294,280
12295,280
12296,280
12297,280
12298,280
12299,279
12300,279
12301,279
12302,279
12303,279
12304,279
12305,280
12306,279
12307,279
12308,279
12309,279
12310,279
12311,280
12312,280
12313,279
12314,279
12315,278
12316,278
12318,278
12319,277
12320,277
12321,277
12322,277
12323,276
12324,276
12325,275
12326,275
12327,275
12328,276
12329,276
12330,276
12331,276
12332,276
12333,276
12334,275
12335,276
12336,276
12337,274
12338,277
12339,277
12340,276
12341,276
12342,276
12343,276
12344,276
12345,277
12346,277
12347,277
12348,277
12349,277
12350,277
12351,277
12352,277
12353,278
12354,278
12355,278
12356,278
12357,278
12358,278
12359,278
12361,279
12362,279
12363,279
12364,280
12365,280
12366,280
12367,280
12368,279
12369,280
12370,281
12371,281
12372,281
12373,281
12374,276
12375,281
12376,280
12377,281
12378,280
12379,282
12380,282
12381,282
12382,281
12383,281
12384,281
12385,281
12386,281
12387,282
12388,282
12389,282
12390,282
12391,281
12392,281
12393,281
12394,282
12395,281
12396,281
12397,282
12398,281
12399,281
12400,280
12401,281
12403,281
12404,282
12405,281
12406,282
12407,282
12408,281
12409,281
12410,281
12411,281
12412,281
12413,282
12414,281
12415,281
12416,281
12417,280
12418,280
12419,281
12420,280
12421,281
12422,281
12423,281
12424,280
12425,280
12426,280
12427,280
12428,280
12429,280
12430,280
12431,280
12432,280
12433,279
12434,280
12435,280
12436,281
12437,282
12438,283
12439,284
12440,283
12441,283
12442,283
12443,283
12444,282
12446,282
12447,281
12448,280
12449,280
12450,279
12451,279
12452,278
12453,278
12454,278
12455,278
12456,278
12457,277
12458,277
12459,277
12460,277
12461,276
12462,277
12463,276
12464,276
12465,275
12466,275
12467,274
12468,274
12469,274
12470,274
12471,274
12472,274
12473,273
12474,272
12475,272
12476,273
12477,271
12478,272
12479,272
12480,272
12481,272
12482,272
12483,271
12484,271
12485,271
12486,271
12487,271
12489,272
12490,272
12491,271
12492,271
12493,271
12494,271
12495,272
12496,272
12497,272
12498,272
12499,273
12500,273
12501,273
12502,274
12503,274
12504,275
12505,275
12506,275
12507,275
12508,275
12509,275
12510,275
12511,275
12512,275
12513,275
12514,275
12515,276
12516,275
12517,276
12518,276
12519,277
12520,278
12521,278
12522,278
12523,278
12524,278
12525,278
12526,278
12527,279
12528,279
12529,280
12531,280
12532,280
12533,280
12534,279
12535,279
12536,280
12537,277
12538,280
12539,281
12540,280
12541,280
12542,280
12543,280
12544,280
12545,281
12546,281
12547,281
12548,280
12549,280
12550,280
12551,280
12552,280
12553,280
12554,280
12555,280
12556,280
12557,280
12558,280
12559,280
12560,280
12561,280
12562,280
12563,280
12564,280
12565,280
12566,279
12567,279
12568,279
12569,279
12570,280
12571,280
12572,279
12574,279
12575,278
12576,279
12577,278
12578,279
12579,279
12580,279
12581,279
12582,279
12583,278
12584,278
12585,278
12586,279
12587,279
12588,280
12589,281
12590,282
12591,283
12592,283
12593,284
12594,284
12595,286
12596,286
12597,285
12598,282
12599,282
12600,280
12601,279
12602,278
12603,277
12604,277
12605,276
12606,275
12607,275
12608,274
12609,274
12610,273
12611,273
12612,272
12613,272
12614,270
12615,271
12617,269
12618,268
12619,269
12620,269
12621,269
12622,269
12623,268
12624,268
12625,267
12626,267
12627,266
12628,266
12629,266
12630,266
12631,266
12632,265
12633,265
12634,264
12635,264
12636,264
12637,264
12638,264
12639,264
12640,264
12641,263
12642,263
12643,263
12644,263
12645,263
12646,263
12647,263
12648,263
12649,263
12650,264
12651,264
12652,264
12653,265
12654,265
12655,266
12656,266
12657,267
12659,267
12660,268
12661,270
12662,272
12663,274
12664,275
12665,275
12666,273
12667,270
12668,270
12669,270
12670,271
12671,272
12672,272
12673,272
12674,272
12675,272
12676,272
12677,272
12678,273
12679,273
12680,274
12681,274
12682,274
12683,274
12684,274
12685,275
12686,276
12687,276
12688,277
12689,277
12690,277
12691,277
12692,277
12693,277
12694,277
12695,278
12696,278
12697,278
12698,278
12699,278
12700,278
12702,278
12703,278
12704,278
12705,278
12706,278
12707,278
12708,278
12709,277
12710,278
12711,278
12712,278
12713,278
12714,278
12715,277
12716,277
12717,277
12718,277
12719,277
12720,277
12721,277
12722,277
12723,277
12724,276
12725,276
12726,276
12727,276
12728,277
12729,277
12730,277
12731,277
12732,276
12733,276
12734,276
12735,276
12736,276
12737,277
12738,277
12739,277
12740,277
12741,277
12742,277
12743,279
12745,281
12746,283
12747,287
12748,291
12749,296
12750,301
12751,304
12752,306
12753,305
12754,303
12755,300
12756,296
12757,292
12758,289
12759,287
12760,285
12761,284
12762,282
12763,280
12764,278
12765,276
12766,274
12767,272
12768,271
12769,271
12770,270
12771,268
12772,264
12773,259
12774,252
12775,241
12776,230
12777,217
12778,204
12779,190
12780,175
12781,159
12782,142
12783,126
12784,111
12785,97
12787,85
12788,75
12789,65
12790,56
12791,48
12792,42
12793,36
12794,32
12795,29
12796,26
12797,22
12798,20
12799,18
12800,16
12801,15
12802,14
12803,13
12804,13
12805,12
12806,12
12807,12
12808,11
12809,10
12810,10
12811,10
12812,9
12813,8
12814,8
12815,7
12816,8
12817,15
12818,45
12819,94
12820,154
12821,211
12822,253
12823,267
12824,270
12825,271
12826,272
12827,273
12828,274
12830,275
12831,276
12832,276
12833,275
12834,276
12835,276
12836,276
12837,277
12838,278
12839,278
12840,278
12841,278
12842,277
12843,278
12844,278
12845,278
12846,279
12847,279
12848,279
12849,278
12850,279
12851,278
12852,278
12853,279
12854,279
12855,279
12856,279
12857,278
12858,278
12859,278
12860,278
12861,278
12862,278
12863,278
12864,277
12865,277
12866,276
12867,276
12868,275
12869,276
12870,275
12871,275
12873,274
12874,274
12875,274
12876,274
12877,274
12878,273
12879,274
12880,274
12881,274
12882,274
12883,274
12884,274
12885,274
12886,274
12887,275
12888,275
12889,275
12890,275
12891,275
12892,274
12893,273
12894,268
12895,262
12896,256
12897,250
12898,246
12899,242
12900,238
12901,230
12902,219
12903,204
12904,184
12905,161
12906,136
12907,112
12908,88
12909,68
12910,52
12911,41
12912,31
12913,25
12915,20
12916,18
12917,17
12918,17
12919,17
12920,17
12921,17
12922,18
12923,17
12924,17
12925,17
12926,17
12927,17
12928,17
12929,16
12930,16
12931,16
12932,16
12933,15
12934,15
12935,15
12936,15
12937,15
12938,15
12939,14
12940,14
12941,14
12942,14
12943,13
12944,13
12945,13
12946,12
12947,12
12948,12
12949,12
12950,12
12951,11
12952,11
12953,11
12954,10
12955,10
12956,10
12958,9
12959,9
12960,8
12961,8
12962,8
12963,8
12964,7
12965,7
12966,7
12967,10
12968,27
12969,68
12970,124
12971,184
12972,236
12973,263
12974,269
12975,270
12976,269
12977,273
12978,274
12979,274
12980,275
12981,275
12982,276
12983,275
12984,275
12985,276
12986,277
12987,277
12988,277
12989,278
12990,278
12991,278
12992,278
12993,279
12994,279
12995,280
12996,280
12997,279
12998,280
12999,280
13001,280
13002,280
13003,280
13004,280
13005,281
13006,281
13007,280
13008,280
13009,280
13010,280
13011,280
13012,280
13013,280
13014,279
13015,279
13016,278
13017,278
13018,278
13019,278
13020,278
13021,278
13022,278
13023,277
13024,277
13025,276
13026,276
13027,277
13028,277
13029,277
13030,278
13031,278
13032,278
13033,278
13034,277
13035,278
13036,278
13037,279
13038,279
13039,278
13040,278
13041,273
13043,253
13044,208
13045,147
13046,89
13047,48
13048,27
13049,19
13050,18
13051,18
13052,18
13053,18
13054,18
13055,19
13056,19
13057,18
13058,18
13059,18
13060,19
13061,19
13062,19
13063,19
13064,19
13065,19
13066,19
13067,18
13068,18
13069,18
13070,18
13071,18
13072,18
13073,18
13074,17
13075,17
13076,17
13077,17
13078,17
13079,17
13080,17
13081,17
13082,17
13083,16
13084,16
13086,16
13087,16
13088,16
13089,16
13090,15
13091,15
13092,15
13093,15
13094,15
13095,14
13096,13
13097,15
13098,16
13099,14
13100,14
13101,13
13102,14
13103,13
13104,13
13105,12
13106,12
13107,10
13108,9
13109,11
13110,10
13111,9
13112,8
13113,8
13114,7
13115,8
13116,7
13117,5
13118,7
13119,8
13120,19
13121,54
13122,105
13123,162
13124,217
13125,254
13126,268
13127,271
13129,273
13130,274
13131,275
13132,276
13133,276
13134,276
13135,277
13136,277
13137,278
13138,279
13139,279
13140,279
13141,279
13142,279
13143,280
13144,280
13145,281
13146,281
13147,281
13148,281
13149,281
13150,281
13151,281
13152,281
13153,282
13154,282
13155,282
13156,282
13157,281
13158,280
13159,280
13160,281
13161,281
13162,281
13163,281
13164,281
13165,280
13166,280
13167,280
13168,280
13169,280
13171,280
13172,280
13173,280
13174,279
13175,278
13176,278
13177,278
13178,278
13179,278
13180,278
13181,278
13182,278
13183,278
13184,278
13185,278
13186,279
13187,279
13188,279
13189,279
13190,279
13191,279
13192,279
13193,279
13194,279
13195,277
13196,263
13197,228
13198,175
13199,116
13200,68
13201,38
13202,24
13203,20
13204,20
13205,20
13206,20
13207,19
13208,20
13209,20
13210,20
13211,20
13212,21
13214,21
13215,21
13216,20
13217,20
13218,20
13219,20
13220,21
13221,21
13222,20
13223,20
13224,20
13225,20
13226,20
13227,19
13228,19
13229,19
13230,19
13231,18
13232,18
13233,18
13234,18
13235,18
13236,18
13237,18
13238,17
13239,17
13240,17
13241,16
13242,16
13243,16
13244,17
13245,17
13246,16
13247,16
13248,15
13249,15
13250,15
13251,15
13252,15
13253,15
13254,15
13255,14
13257,14
13258,14
13259,14
13260,14
13261,14
13262,14
13263,14
13264,14
13265,15
13266,15
13267,15
13268,15
13269,16
13270,17
13271,18
13272,18
13273,22
13274,39
13275,80
13276,135
13277,196
13278,248
13279,276
13280,282
13281,283
13282,283
13283,283
13284,283
13285,283
13286,284
13287,285
13288,285
13289,285
13290,285
13291,284
13292,284
13293,284
13294,285
13295,285
13296,285
13297,285
13299,284
13300,284
13301,284
13302,284
13303,284
13304,285
13305,285
13306,284
13307,284
13308,284
13309,283
13310,284
13311,284
13312,284
13313,284
13314,284
13315,283
13316,283
13317,283
13318,283
13319,283
13320,283
13321,283
13322,283
13323,283
13324,282
13325,282
13326,282
13327,283
13328,283
13329,283
13330,283
13331,283
13332,283
13333,283
13334,283
13335,283
13336,283
13337,284
13338,284
13339,284
13340,283
13342,283
13343,283
13344,282
13345,282
13346,274
13347,247
13348,195
13349,133
13350,79
13351,45
13352,29
13353,23
13354,23
13355,23
13356,23
13357,22
13358,22
13359,23
13360,23
13361,23
13362,23
13363,24
13364,24
13365,23
13366,23
13367,23
13368,23
13369,24
13370,27
13371,41
13372,72
13373,122
13374,188
13375,251
13376,281
13377,284
13378,290
13379,310
13380,320
13381,297
13382,288
13383,294
13385,294
13386,297
13387,301
13388,305
13389,306
13390,307
13391,305
13392,303
13393,301
13394,300
13395,299
13396,298
13397,297
13398,296
13399,295
13400,294
13401,294
13402,294
13403,295
13404,295
13405,295
13406,295
13407,294
13408,294
13409,294
13410,294
13411,295
13412,295
13413,295
13414,295
13415,295
13416,294
13417,294
13418,294
13419,295
13420,295
13421,295
13422,295
13423,294
13424,294
13425,294
13427,294
13428,295
13429,295
13430,295
13431,295
13432,295
13433,294
13434,294
13435,294
13436,294
13437,295
13438,295
13439,295
13440,294
13441,294
13442,294
13443,294
13444,294
13445,295
13446,295
13447,295
13448,294
13449,294
13450,294
13451,294
13452,294
13453,295
13454,295
13455,295
13456,294
13457,294
13458,294
13459,294
13460,294
13461,295
13462,295
13463,295
13464,294
13465,294
13466,294
13467,294
13468,294
13470,295
13471,295
13472,295
13473,294
13474,294
13475,294
13476,294
13477,294
13478,294
13479,295
13480,295
13481,294
13482,294
13483,294
13484,294
13485,294
13486,294
13487,295
13488,295
13489,295
13490,295
13491,294
13492,294
13493,294
13494,294
13495,295
13496,295
13497,295
13498,294
13499,294
13500,294
13501,294
13502,294
13503,295
13504,295
13505,295
13506,294
13507,294
13508,294
13509,294
13510,295
13511,295
13513,295
13514,295
13515,295
13516,294
13517,294
13518,294
13519,294
13520,295
13521,295
13522,295
13523,294
13524,294
13525,294
13526,294
13527,294
13528,295
13529,295
13530,295
13531,295
13532,294
13533,294
13534,294
13535,294
13536,295
13537,295
13538,295
13539,294
13540,294
13541,294
13542,294
13543,294
13544,295
13545,295
13546,295
13547,295
13548,294
13549,294
13550,294
13551,294
13552,294
13553,295
13555,295
13556,295
13557,294
13558,294
13559,294
13560,294
13561,294
13562,295
13563,295
13564,295
13565,294
13566,294
13567,294
13568,294
13569,294
13570,295
13571,295
13572,295
13573,295
13574,294
13575,294
13576,294
13577,294
13578,295
13579,295
13580,295
13581,295
13582,294
13583,294
13584,294
13585,294
13586,295
13587,295
13588,295
13589,295
13590,294
13591,294
13592,294
13593,294
13594,294
13595,295
13596,295
13598,295
13599,294
13600,294
13601,294
13602,294
13603,294
13604,295
13605,295
13606,295
13607,294
13608,294
13609,294
13610,295
13611,295
13612,295
13613,295
13614,295
13615,294
13616,294
13617,294
13618,294
13619,294
13620,295
13621,295
13622,295
13623,294
13624,294
13625,294
13626,294
13627,294
13628,295
13629,295
13630,295
13631,295
13632,294
13633,294
13634,294
13635,294
13636,294
13637,295
13638,295
13639,294
13641,294
13642,294
13643,294
13644,294
13645,294
13646,295
13647,295
13648,294
13649,294
13650,294
13651,294
13652,294
13653,294
13654,295
13655,295
13656,294
13657,294
13658,294
13659,294
13660,294
13661,294
13662,295
13663,295
13664,295
13665,294
13666,294
13667,294
13668,294
13669,294
13670,295
13671,295
13672,295
13673,294
13674,294
13675,294
13676,294
13677,294
13678,295
13679,295
13680,295
13681,294
13683,294
13684,294
13685,294
13686,294
13687,295
13688,295
13689,295
13690,295
13691,294
13692,294
13693,294
13694,294
13695,294
13696,295
13697,295
13698,294
13699,294
13700,294
13701,294
13702,294
13703,294
13704,295
13705,295
13706,294
13707,294
13708,294
13709,294
13710,294
13711,295
13712,295
13713,295
13714,295
13715,294
13716,294
13717,294
13718,294
13719,294
13720,295
13721,295
13722,294
13723,294
13724,294
13726,294
13727,293
13728,294
13729,295
13730,295
13731,294
13732,294
13733,294
13734,293
13735,294
13736,294
13737,295
13738,295
13739,291
13740,295
13741,294
13742,294
13743,293
13744,294
13745,294
13746,294
13747,294
13748,294
13749,294
13750,294
13751,294
13752,294
13753,295
13754,294
13755,295
13756,295
13757,294
13758,294
13759,294
13760,294
13761,294
13762,295
13763,294
13764,294
13765,294
13766,294
13767,294
13769,294
13770,294
13771,295
13772,295
13773,294
13774,294
13775,293
13776,294
13777,294
13778,294
13779,294
13780,294
13781,294
13782,294
13783,293
13784,293
13785,294
13786,294
13787,294
13788,294
13789,294
13790,294
13791,294
13792,293
13793,293
13794,294
13795,294
13796,294
13797,294
13798,294
13799,294
13800,293
13801,293
13802,294
13803,294
13804,294
13805,294
13806,294
13807,293
13808,293
13809,294
13811,294
13812,294
13813,294
13814,294
13815,294
13816,293
13817,293
13818,293
13819,294
13820,294
13821,294
13822,294
13823,294
13824,294
13825,293
13826,293
13827,293
13828,294
13829,294
13830,294
13831,294
13832,293
13833,294
13834,293
13835,294
13836,294
13837,294
13838,294
13839,294
13840,293
13841,293
13842,293
13843,293
13844,294
13845,293
13846,294
13847,294
13848,293
13849,293
13850,293
13851,293
13852,294
13854,294
13855,294
13856,294
13857,293
13858,293
13859,293
13860,293
13861,293
13862,294
13863,294
13864,294
13865,293
13866,293
13867,293
13868,293
13869,293
13870,294
13871,294
13872,294
13873,293
13874,293
13875,293
13876,293
13877,293
13878,294
13879,294
13880,294
13881,293
13882,293
13883,293
13884,293
13885,293
13886,293
13887,293
13888,294
13889,293
13890,293
13891,293
13892,293
13893,293
13894,293
13895,294
13897,293
13898,293
13899,293
13900,293
13901,293
13902,293
13903,293
13904,294
13905,293
13906,293
13907,293
13908,292
13909,293
13910,293
13911,293
13912,293
13913,293
13914,293
13915,293
13916,292
13917,292
13918,293
13919,293
13920,293
13921,293
13922,293
13923,293
13924,292
13925,292
13926,292
13927,293
13928,293
13929,293
13930,293
13931,293
13932,292
13933,292
13934,292
13935,292
13936,293
13937,293
13939,293
13940,293
13941,292
13942,292
13943,292
13944,293
13945,293
13946,293
13947,293
13948,292
13949,292
13950,292
13951,292
13952,293
13953,293
13954,293
13955,293
13956,292
13957,292
13958,292
13959,292
13960,292
13961,292
13962,293
13963,293
13964,293
13965,292
13966,292
13967,292
13968,292
13969,292
13970,293
13971,293
13972,292
13973,292
13974,292
13975,292
13976,291
13977,292
13978,292
13979,293
13980,292
13982,292
13983,292
13984,291
13985,292
13986,292
13987,292
13988,292
13989,292
13990,292
13991,292
13992,292
13993,292
13994,292
13995,292
13996,291
13997,292
13998,290
13999,292
14000,291
14001,292
14002,292
14003,292
14004,292
14005,292
14006,292
14007,291
14008,292
14009,291
14010,292
14011,292
14012,292
14013,292
14014,292
14015,291
14016,291
14017,292
14018,292
14019,292
14020,292
14021,292
14022,292
14023,292
14025,291
14026,291
14027,291
14028,292
14029,292
14030,292
14031,292
14032,291
14033,291
14034,291
14035,291
14036,292
14037,292
14038,292
14039,292
14040,291
14041,291
14042,291
14043,291
14044,292
14045,292
14046,292
14047,291
14048,291
14049,291
14050,291
14051,292
14052,291
14053,292
14054,292
14055,292
14056,291
14057,291
14058,291
14059,291
14060,291
14061,292
14062,292
14063,292
14064,291
14065,291
14067,291
14068,291
14069,291
14070,292
14071,292
14072,292
14073,291
14074,291
14075,291
14076,291
14077,291
14078,292
14079,292
14080,291
14081,291
14082,291
14083,291
14084,291
14085,291
14086,291
14087,292
14088,291
14089,291
14090,291
14091,291
14092,291
14093,291
14094,291
14095,291
14096,292
14097,291
14098,291
14099,291
14100,291
14101,291
14102,291
14103,292
14104,292
14105,292
14106,291
14107,291
14108,291
14110,291
14111,292
14112,292
14113,292
14114,291
14115,291
14116,291
14117,291
14118,291
14119,291
14120,291
14121,291
14122,291
14123,291
14124,291
14125,291
14126,291
14127,291
14128,291
14129,291
14130,292
14131,291
14132,290
14133,291
14134,291
14135,291
14136,291
14137,291
14138,291
14139,291
14140,290
14141,290
14142,290
14143,290
14144,291
14145,291
14146,291
14147,291
14148,291
14149,291
14150,291
14151,291
14153,291
14154,291
14155,291
14156,291
14157,290
14158,290
14159,290
14160,290
14161,291
14162,291
14163,291
14164,291
14165,290
14166,290
14167,290
14168,290
14169,291
14170,291
14171,291
14172,291
14173,291
14174,290
14175,290
14176,290
14177,291
14178,291
14179,291
14180,291
14181,291
14182,290
14183,290
14184,290
14185,290
14186,291
14187,291
14188,291
14189,291
14190,290
14191,290
14192,290
14193,290
14195,291
14196,291
14197,291
14198,291
14199,290
14200,290
14201,290
14202,291
14203,291
14204,291
14205,291
14206,291
14207,290
14208,290
14209,290
14210,290
14211,291
14212,291
14213,291
14214,291
14215,290
14216,290
14217,290
14218,290
14219,291
14220,291
14221,291
14222,291
14223,290
14224,290
14225,290
14226,290
14227,291
14228,291
14229,291
14230,291
14231,290
14232,290
14233,290
14234,290
14235,290
14236,291
14238,291
14239,291
14240,290
14241,290
14242,290
14243,290
14244,290
14245,291
14246,291
14247,291
14248,290
14249,290
14250,290
14251,291
14252,291
14253,291
14254,291
14255,291
14256,291
14257,290
14258,287
14259,289
14260,290
14261,291
14262,290
14263,291
14264,290
14265,289
14266,290
14267,290
14268,290
14269,290
14270,291
14271,291
14272,291
14273,290
14274,290
14275,290
14276,290
14277,291
14278,291
14279,291
14281,290
14282,290
14283,290
14284,290
14285,290
14286,290
14287,291
14288,290
14289,291
14290,290
14291,290
14292,290
14293,290
14294,290
14295,291
14296,291
14297,290
14298,290
14299,290
14300,290
14301,290
14302,290
14303,291
14304,291
14305,291
14306,290
14307,290
14308,290
14309,290
14310,290
14311,291
14312,291
14313,290
14314,290
14315,290
14316,290
14317,290
14318,290
14319,291
14320,291
14321,291
14323,290
14324,290
14325,290
14326,290
14327,290
14328,291
14329,291
14330,291
14331,291
14332,290
14333,290
14334,290
14335,290
14336,290
14337,291
14338,291
14339,290
14340,290
14341,290
14342,290
14343,290
14344,291
14345,291
14346,291
14347,291
14348,290
14349,290
14350,290
14351,291
14352,291
14353,291
14354,291
14355,291
14356,291
14357,290
14358,290
14359,290
14360,290
14361,291
14362,291
14363,290
14364,290
14366,290
14367,290
14368,290
14369,290
14370,291
14371,291
14372,291
14373,290
14374,290
14375,290
14376,290
14377,291
14378,291
14379,291
14380,291
14381,291
14382,290
14383,290
14384,290
14385,291
14386,291
14387,291
14388,291
14389,290
14390,291
14391,290
14392,290
14393,290
14394,291
14395,291
14396,291
14397,291
14398,290
14399,290
14400,290
14401,290
14402,291
14403,291
14404,291
14405,291
14406,290
14407,290
14409,290
