Time (s),Intensity
1,457
2,456
3,456
4,456
5,456
6,455
7,455
8,456
9,456
10,456
11,457
12,457
13,456
15,456
16,455
17,456
18,407
19,446
20,414
21,416
22,414
23,417
24,430
25,415
26,446
27,422
28,427
29,421
30,421
31,440
32,423
33,448
34,430
35,432
36,421
37,425
38,445
39,427
40,447
41,434
42,430
43,433
44,431
45,451
46,431
47,447
48,434
49,433
50,433
51,439
52,451
53,438
54,440
55,436
56,435
58,447
59,435
60,448
61,438
62,441
63,440
64,441
65,451
66,438
67,440
68,436
69,439
70,451
71,439
72,446
73,439
74,443
75,446
76,443
77,453
78,439
79,443
80,437
81,439
82,451
83,440
84,444
85,440
86,443
87,452
88,438
89,444
90,442
91,443
92,448
93,442
94,451
95,444
96,443
97,442
98,441
99,452
101,444
102,443
103,440
104,443
105,453
106,442
107,444
108,438
109,445
110,449
111,442
112,452
113,444
114,444
115,437
116,443
117,453
118,442
119,446
120,444
121,443
122,442
123,443
124,453
125,442
126,444
127,444
128,445
129,447
130,446
131,452
132,439
133,446
134,440
135,443
136,452
137,443
138,451
139,444
140,443
141,440
143,445
144,453
145,442
146,450
147,442
148,443
149,445
150,445
151,452
152,446
153,445
154,441
155,447
156,451
157,443
158,451
159,441
160,445
161,442
162,443
163,453
164,443
165,444
166,444
167,445
168,447
169,446
170,452
171,443
172,446
173,441
174,444
175,452
176,442
177,450
178,442
179,445
180,444
181,443
182,452
183,446
184,451
186,450
187,452
188,455
189,452
190,456
191,454
192,458
193,458
194,458
195,456
196,459
197,459
198,455
199,454
200,455
201,456
202,457
203,458
204,469
205,456
206,455
207,456
208,456
209,456
210,456
211,456
212,457
213,456
214,454
215,452
216,453
217,456
218,456
219,457
220,456
221,456
222,456
223,456
224,455
225,456
226,456
227,457
229,456
230,456
231,456
232,455
233,456
234,439
235,453
236,457
237,457
238,456
239,456
240,456
241,455
242,456
243,456
244,456
245,456
246,456
247,456
248,455
249,456
250,456
251,456
252,456
253,456
254,457
255,455
256,454
257,449
258,456
259,456
260,457
261,456
262,456
263,456
264,456
265,456
266,456
267,456
268,456
269,457
271,457
272,456
273,456
274,456
275,456
276,456
277,456
278,457
279,457
280,456
281,456
282,456
283,456
284,456
285,457
286,457
287,457
288,457
289,456
290,456
291,456
292,456
293,456
294,457
295,457
296,456
297,456
298,456
299,456
300,456
301,456
302,456
303,456
304,456
305,456
306,456
307,456
308,456
309,456
310,457
311,456
312,457
314,457
315,456
316,456
317,456
318,456
319,456
320,457
321,456
322,456
323,456
324,455
325,455
326,456
327,456
328,457
329,456
330,456
331,456
332,456
333,456
334,456
335,456
336,457
337,457
338,456
339,456
340,456
341,456
342,456
343,456
344,456
345,457
346,456
347,456
348,456
349,456
350,456
351,456
352,457
353,457
354,457
355,456
357,456
358,456
359,456
360,456
361,457
362,457
363,456
364,456
365,456
366,456
367,456
368,456
369,456
370,457
371,457
372,456
373,456
374,456
375,456
376,456
377,456
378,456
379,456
380,456
381,456
382,456
383,456
384,456
385,457
386,457
387,456
388,456
389,456
390,456
391,456
392,456
393,457
394,457
395,456
396,456
397,456
399,456
400,455
401,456
402,456
403,456
404,457
405,456
406,456
407,456
408,456
409,456
410,456
411,457
412,457
413,457
414,457
415,455
416,456
417,456
418,456
419,457
420,457
421,456
422,456
423,456
424,456
425,455
426,456
427,456
428,457
429,456
430,456
431,455
432,456
433,456
434,456
435,457
436,457
437,457
438,456
439,456
440,455
442,456
443,456
444,456
445,457
446,457
447,456
448,456
449,456
450,456
451,456
452,457
453,457
454,457
455,456
456,456
457,453
458,456
459,456
460,456
461,456
462,457
463,453
464,456
465,456
466,456
467,456
468,456
469,457
470,457
471,456
472,456
473,456
474,456
475,456
476,456
477,455
478,456
479,456
480,456
481,456
482,455
483,456
485,456
486,457
487,457
488,456
489,456
490,455
491,456
492,456
493,457
494,457
495,457
496,456
497,456
498,456
499,456
500,456
501,456
502,456
503,457
504,456
505,456
506,456
507,455
508,455
509,456
510,456
511,457
512,457
513,457
514,456
515,456
516,456
517,456
518,456
519,457
520,457
521,456
522,456
523,455
524,456
525,456
527,457
528,457
529,457
530,457
531,456
532,456
533,456
534,457
535,456
536,457
537,457
538,456
539,456
540,456
541,456
542,456
543,456
544,457
545,456
546,456
547,456
548,456
549,456
550,456
551,456
552,457
553,457
554,457
555,456
556,456
557,456
558,456
559,456
560,457
561,457
562,456
563,456
564,456
565,456
566,456
567,456
568,456
570,457
571,457
572,456
573,456
574,456
575,456
576,456
577,457
578,457
579,457
580,456
581,456
582,456
583,455
584,456
585,456
586,456
587,456
588,456
589,456
590,456
591,456
592,456
593,457
594,457
595,457
596,456
597,456
598,456
599,456
600,456
601,456
602,456
603,456
604,456
605,456
606,456
607,456
608,456
609,456
610,457
611,457
613,457
614,456
615,456
616,455
617,456
618,456
619,456
620,457
621,456
622,456
623,456
624,456
625,456
626,456
627,456
628,456
629,457
630,456
631,456
632,456
633,456
634,457
635,456
636,457
637,457
638,456
639,456
640,456
641,456
642,456
643,456
644,457
645,456
646,456
647,456
648,456
649,456
650,456
651,456
652,457
653,457
655,457
656,456
657,456
658,456
659,456
660,456
661,457
662,457
663,457
664,456
665,456
666,456
667,456
668,456
669,457
670,457
671,457
672,456
673,456
674,456
675,456
676,456
677,456
678,456
679,456
680,456
681,456
682,455
683,456
684,456
685,457
686,456
687,457
688,456
689,456
690,455
691,456
692,457
693,457
694,457
695,457
696,456
698,456
699,456
700,456
701,456
702,456
703,457
704,457
705,456
706,456
707,456
708,456
709,456
710,456
711,457
712,457
713,457
714,457
715,456
716,456
717,456
718,456
719,457
720,457
721,456
722,456
723,456
724,455
725,455
726,456
727,456
728,456
729,456
730,456
731,456
732,456
733,456
734,457
735,457
736,457
737,457
738,456
739,456
741,456
742,456
743,456
744,456
745,457
746,457
747,456
748,456
749,456
750,456
751,456
752,457
753,457
754,457
755,456
756,456
757,455
758,455
759,456
760,456
761,457
762,456
763,456
764,456
765,455
766,456
767,456
768,456
769,457
770,457
771,456
772,456
773,456
774,456
775,456
776,456
777,456
778,456
779,456
780,456
781,455
783,456
784,456
785,456
786,457
787,456
788,456
789,456
790,456
791,455
792,456
793,457
794,457
795,457
796,456
797,456
798,456
799,456
800,456
801,456
802,456
803,457
804,456
805,456
806,455
807,455
808,456
809,456
810,456
811,456
812,457
813,457
814,456
815,456
816,456
817,456
818,456
819,457
820,457
821,456
822,456
823,456
824,456
826,455
827,456
828,456
829,457
830,456
831,456
832,456
833,456
834,456
835,456
836,457
837,457
838,456
839,455
840,454
841,449
842,455
843,456
844,456
845,456
846,456
847,456
848,455
849,456
850,456
851,456
852,457
853,455
854,457
855,456
856,456
857,455
858,455
859,456
860,452
861,457
862,456
863,456
864,456
865,455
866,456
867,456
869,457
870,456
871,457
872,456
873,456
874,456
875,456
876,456
877,456
878,457
879,456
880,456
881,456
882,455
883,456
884,456
885,456
886,456
887,456
888,456
889,456
890,456
891,455
892,456
893,457
894,457
895,456
896,456
897,456
898,456
899,456
900,456
901,456
902,456
903,456
904,456
905,456
906,456
907,456
908,456
909,456
911,457
912,457
913,457
914,457
915,456
916,455
917,456
918,456
919,456
920,457
921,457
922,456
923,456
924,455
925,456
926,456
927,456
928,456
929,456
930,456
931,456
932,456
933,456
934,457
935,457
936,457
937,456
938,456
939,456
940,455
941,456
942,456
943,456
944,457
945,457
946,456
947,456
948,456
949,456
950,456
951,456
952,457
954,457
955,457
956,456
957,456
958,456
959,456
960,456
961,456
962,457
963,456
964,456
965,456
966,456
967,456
968,456
969,456
970,457
971,456
972,456
973,456
974,456
975,456
976,456
977,456
978,457
979,456
980,456
981,455
982,455
983,455
984,456
985,456
986,456
987,456
988,456
989,455
990,456
991,455
992,456
993,457
994,457
995,456
997,456
998,456
999,456
1000,456
1001,456
1002,456
1003,456
1004,456
1005,456
1006,456
1007,455
1008,456
1009,455
1010,456
1011,456
1012,456
1013,457
1014,456
1015,456
1016,456
1017,456
1018,456
1019,457
1020,457
1021,456
1022,456
1023,456
1024,456
1025,456
1026,456
1027,456
1028,456
1029,456
1030,456
1031,456
1032,456
1033,456
1034,456
1035,457
1036,457
1037,456
1039,456
1040,456
1041,456
1042,456
1043,456
1044,456
1045,456
1046,457
1047,456
1048,456
1049,455
1050,456
1051,456
1052,456
1053,457
1054,457
1055,456
1056,456
1057,455
1058,456
1059,456
1060,456
1061,457
1062,457
1063,456
1064,456
1065,456
1066,456
1067,456
1068,456
1069,456
1070,456
1071,456
1072,456
1073,456
1074,456
1075,456
1076,456
1077,457
1078,457
1079,456
1080,456
1082,455
1083,455
1084,456
1085,456
1086,456
1087,457
1088,456
1089,456
1090,456
1091,456
1092,455
1093,457
1094,457
1095,456
1096,456
1097,456
1098,456
1099,456
1100,456
1101,456
1102,456
1103,456
1104,456
1105,456
1106,455
1107,456
1108,456
1109,456
1110,456
1111,457
1112,457
1113,457
1114,456
1115,455
1116,456
1117,456
1118,456
1119,457
1120,456
1121,456
1122,455
1123,456
1125,456
1126,456
1127,456
1128,456
1129,456
1130,456
1131,455
1132,455
1133,456
1134,456
1135,456
1136,457
1137,456
1138,456
1139,456
1140,456
1141,456
1142,456
1143,456
1144,457
1145,457
1146,456
1147,456
1148,456
1149,456
1150,456
1151,456
1152,456
1153,457
1154,457
1155,456
1156,455
1157,456
1158,456
1159,456
1160,456
1161,456
1162,456
1163,456
1164,456
1165,455
1167,456
1168,456
1169,457
1170,456
1171,456
1172,456
1173,456
1174,456
1175,456
1176,456
1177,456
1178,457
1179,456
1180,456
1181,456
1182,455
1183,455
1184,456
1185,456
1186,457
1187,456
1188,456
1189,456
1190,455
1191,455
1192,456
1193,457
1194,457
1195,456
1196,456
1197,456
1198,456
1199,455
1200,456
1201,456
1202,456
1203,456
1204,456
1205,456
1206,456
1207,455
1208,455
1210,456
1211,456
1212,456
1213,457
1214,456
1215,456
1216,455
1217,456
1218,456
1219,456
1220,456
1221,456
1222,452
1223,456
1224,456
1225,455
1226,456
1227,456
1228,456
1229,455
1230,456
1231,456
1232,456
1233,455
1234,456
1235,454
1236,456
1237,456
1238,457
1239,455
1240,455
1241,453
1242,456
1243,456
1244,456
1245,456
1246,456
1247,456
1248,455
1249,455
1250,456
1251,456
1253,457
1254,457
1255,457
1256,455
1257,455
1258,455
1259,456
1260,456
1261,456
1262,456
1263,456
1264,456
1265,455
1266,455
1267,455
1268,455
1269,456
1270,456
1271,456
1272,456
1273,456
1274,456
1275,455
1276,456
1277,456
1278,456
1279,456
1280,456
1281,456
1282,455
1283,455
1284,456
1285,456
1286,456
1287,456
1288,456
1289,456
1290,455
1291,455
1292,456
1293,457
1295,457
1296,456
1297,456
1298,455
1299,455
1300,456
1301,456
1302,456
1303,456
1304,456
1305,456
1306,455
1307,455
1308,456
1309,456
1310,456
1311,456
1312,456
1313,457
1314,456
1315,456
1316,455
1317,455
1318,456
1319,456
1320,456
1321,453
1322,456
1323,455
1324,455
1325,455
1326,456
1327,456
1328,456
1329,456
1330,456
1331,455
1332,455
1333,456
1334,456
1335,456
1336,456
1338,455
1339,454
1340,455
1341,455
1342,455
1343,455
1344,456
1345,456
1346,456
1347,456
1348,455
1349,455
1350,455
1351,455
1352,456
1353,456
1354,457
1355,456
1356,455
1357,455
1358,455
1359,455
1360,456
1361,456
1362,456
1363,456
1364,455
1365,455
1366,455
1367,455
1368,456
1369,456
1370,456
1371,456
1372,456
1373,456
1374,455
1375,455
1376,456
1377,456
1378,456
1379,456
1381,455
1382,455
1383,455
1384,455
1385,456
1386,456
1387,456
1388,456
1389,456
1390,455
1391,455
1392,455
1393,456
1394,456
1395,456
1396,455
1397,455
1398,455
1399,455
1400,455
1401,455
1402,455
1403,456
1404,456
1405,455
1406,455
1407,454
1408,454
1409,455
1410,455
1411,455
1412,456
1413,456
1414,455
1415,455
1416,455
1417,455
1418,456
1419,456
1420,456
1421,456
1423,455
1424,455
1425,455
1426,455
1427,455
1428,456
1429,456
1430,455
1431,455
1432,455
1433,455
1434,456
1435,455
1436,456
1437,456
1438,456
1439,455
1440,455
1441,455
1442,455
1443,455
1444,455
1445,456
1446,456
1447,455
1448,455
1449,455
1450,455
1451,455
1452,456
1453,456
1454,456
1455,455
1456,455
1457,455
1458,455
1459,455
1460,456
1461,456
1462,456
1463,455
1464,455
1466,455
1467,455
1468,455
1469,456
1470,456
1471,456
1472,455
1473,455
1474,455
1475,455
1476,455
1477,456
1478,456
1479,456
1480,456
1481,455
1482,455
1483,455
1484,455
1485,456
1486,456
1487,456
1488,456
1489,455
1490,455
1491,455
1492,455
1493,456
1494,457
1495,456
1496,456
1497,455
1498,455
1499,455
1500,455
1501,456
1502,456
1503,456
1504,456
1505,455
1506,455
1507,455
1509,455
1510,456
1511,456
1512,456
1513,456
1514,456
1515,455
1516,455
1517,455
1518,456
1519,456
1520,456
1521,456
1522,455
1523,455
1524,455
1525,455
1526,456
1527,456
1528,456
1529,456
1530,456
1531,455
1532,455
1533,456
1534,456
1535,456
1536,456
1537,456
1538,456
1539,455
1540,455
1541,455
1542,455
1543,456
1544,456
1545,456
1546,456
1547,455
1548,455
1549,455
1551,455
1552,456
1553,457
1554,456
1555,456
1556,456
1557,455
1558,455
1559,455
1560,456
1561,456
1562,455
1563,456
1564,456
1565,455
1566,454
1567,455
1568,456
1569,456
1570,456
1571,456
1572,456
1573,456
1574,455
1575,455
1576,456
1577,456
1578,456
1579,456
1580,455
1581,455
1582,455
1583,455
1584,456
1585,456
1586,456
1587,456
1588,455
1589,455
1590,455
1591,455
1592,456
1594,457
1595,456
1596,456
1597,455
1598,455
1599,455
1600,455
1601,455
1602,456
1603,455
1604,456
1605,455
1606,455
1607,455
1608,455
1609,455
1610,456
1611,456
1612,456
1613,456
1614,456
1615,455
1616,455
1617,455
1618,456
1619,456
1620,456
1621,456
1622,455
1623,455
1624,455
1625,455
1626,455
1627,456
1628,456
1629,456
1630,455
1631,455
1632,455
1633,456
1634,456
1635,456
1637,456
1638,456
1639,455
1640,455
1641,455
1642,455
1643,455
1644,455
1645,456
1646,456
1647,455
1648,455
1649,455
1650,455
1651,455
1652,455
1653,456
1654,456
1655,455
1656,455
1657,455
1658,455
1659,455
1660,455
1661,456
1662,456
1663,455
1664,455
1665,455
1666,455
1667,455
1668,456
1669,456
1670,456
1671,456
1672,456
1673,456
1674,455
1675,455
1676,455
1677,456
1679,456
1680,456
1681,455
1682,455
1683,455
1684,455
1685,456
1686,456
1687,456
1688,456
1689,455
1690,455
1691,455
1692,455
1693,456
1694,456
1695,456
1696,456
1697,455
1698,455
1699,455
1700,455
1701,455
1702,456
1703,456
1704,456
1705,455
1706,455
1707,455
1708,455
1709,456
1710,456
1711,456
1712,456
1713,456
1714,456
1715,455
1716,455
1717,455
1718,456
1719,456
1720,456
1722,456
1723,455
1724,455
1725,455
1726,455
1727,456
1728,456
1729,456
1730,456
1731,455
1732,455
1733,456
1734,456
1735,456
1736,456
1737,456
1738,445
1739,453
1740,455
1741,455
1742,454
1743,451
1744,456
1745,456
1746,456
1747,455
1748,454
1749,455
1750,455
1751,456
1752,456
1753,457
1754,448
1755,456
1756,455
1757,454
1758,449
1759,455
1760,456
1761,456
1762,456
1763,455
1765,455
1766,455
1767,455
1768,456
1769,456
1770,456
1771,456
1772,456
1773,456
1774,456
1775,455
1776,455
1777,456
1778,456
1779,456
1780,455
1781,455
1782,455
1783,455
1784,455
1785,456
1786,456
1787,456
1788,456
1789,455
1790,455
1791,455
1792,455
1793,456
1794,456
1795,456
1796,455
1797,455
1798,455
1799,455
1800,455
1801,455
1802,456
1803,456
1804,456
1805,455
1807,455
1808,455
1809,455
1810,455
1811,455
1812,456
1813,456
1814,456
1815,455
1816,455
1817,455
1818,455
1819,456
1820,456
1821,456
1822,456
1823,455
1824,455
1825,455
1826,455
1827,456
1828,456
1829,456
1830,455
1831,455
1832,455
1833,455
1834,456
1835,456
1836,456
1837,456
1838,455
1839,455
1840,455
1841,455
1842,455
1843,455
1844,456
1845,456
1846,456
1847,455
1848,455
1850,455
1851,455
1852,456
1853,456
1854,456
1855,456
1856,455
1857,455
1858,454
1859,455
1860,455
1861,456
1862,456
1863,455
1864,455
1865,455
1866,455
1867,455
1868,455
1869,456
1870,456
1871,455
1872,455
1873,455
1874,455
1875,455
1876,455
1877,455
1878,455
1879,455
1880,455
1881,453
1882,454
1883,454
1884,455
1885,455
1886,455
1887,455
1888,455
1889,455
1890,454
1891,454
1893,455
1894,456
1895,455
1896,455
1897,455
1898,454
1899,454
1900,454
1901,455
1902,455
1903,455
1904,455
1905,455
1906,454
1907,454
1908,454
1909,454
1910,455
1911,455
1912,455
1913,456
1914,455
1915,454
1916,454
1917,455
1918,455
1919,455
1920,455
1921,455
1922,455
1923,454
1924,454
1925,455
1926,455
1927,455
1928,455
1929,455
1930,455
1931,455
1932,455
1933,455
1935,456
1936,455
1937,456
1938,456
1939,455
1940,455
1941,455
1942,455
1943,455
1944,456
1945,456
1946,456
1947,455
1948,455
1949,455
1950,455
1951,455
1952,456
1953,457
1954,456
1955,456
1956,455
1957,455
1958,455
1959,456
1960,456
1961,456
1962,456
1963,456
1964,455
1965,455
1966,455
1967,456
1968,456
1969,456
1970,457
1971,456
1972,456
1973,456
1974,456
1975,456
1976,456
1978,456
1979,456
1980,456
1981,455
1982,455
1983,455
1984,455
1985,456
1986,456
1987,456
1988,456
1989,456
1990,455
1991,455
1992,455
1993,456
1994,457
1995,456
1996,456
1997,456
1998,455
1999,455
2000,455
2001,456
2002,456
2003,456
2004,456
2005,456
2006,455
2007,455
2008,455
2009,456
2010,456
2011,456
2012,456
2013,456
2014,456
2015,455
2016,455
2017,455
2018,456
2019,456
2021,456
2022,456
2023,455
2024,455
2025,456
2026,456
2027,456
2028,456
2029,456
2030,456
2031,456
2032,455
2033,456
2034,456
2035,456
2036,456
2037,456
2038,456
2039,456
2040,455
2041,455
2042,455
2043,456
2044,456
2045,456
2046,456
2047,455
2048,455
2049,455
2050,456
2051,456
2052,456
2053,457
2054,457
2055,456
2056,455
2057,455
2058,454
2059,455
2060,456
2061,456
2063,456
2064,456
2065,456
2066,455
2067,456
2068,456
2069,456
2070,456
2071,456
2072,456
2073,456
2074,456
2075,455
2076,455
2077,456
2078,456
2079,456
2080,456
2081,455
2082,455
2083,455
2084,455
2085,456
2086,456
2087,456
2088,456
2089,455
2090,455
2091,455
2092,455
2093,456
2094,457
2095,456
2096,456
2097,456
2098,455
2099,455
2100,456
2101,456
2102,456
2103,456
2104,456
2106,455
2107,455
2108,455
2109,455
2110,456
2111,456
2112,456
2113,456
2114,456
2115,456
2116,455
2117,456
2118,455
2119,456
2120,450
2121,456
2122,456
2123,455
2124,455
2125,453
2126,456
2127,456
2128,456
2129,456
2130,455
2131,455
2132,449
2133,456
2134,456
2135,456
2136,456
2137,456
2138,455
2139,455
2140,452
2141,455
2142,456
2143,456
2144,456
2145,456
2146,456
2147,456
2149,455
2150,455
2151,456
2152,456
2153,457
2154,457
2155,456
2156,455
2157,455
2158,455
2159,456
2160,456
2161,456
2162,456
2163,456
2164,455
2165,456
2166,455
2167,456
2168,456
2169,457
2170,456
2171,456
2172,456
2173,456
2174,456
2175,455
2176,456
2177,455
2178,456
2179,456
2180,456
2181,455
2182,454
2183,456
2184,456
2185,457
2186,456
2187,456
2188,456
2189,456
2191,455
2192,455
2193,456
2194,457
2195,457
2196,456
2197,455
2198,455
2199,455
2200,455
2201,456
2202,456
2203,456
2204,456
2205,456
2206,456
2207,455
2208,455
2209,456
2210,456
2211,457
2212,456
2213,457
2214,456
2215,455
2216,456
2217,456
2218,456
2219,456
2220,456
2221,456
2222,456
2223,455
2224,455
2225,456
2226,456
2227,456
2228,456
2229,456
2230,456
2231,455
2232,455
2234,456
2235,456
2236,456
2237,456
2238,456
2239,456
2240,455
2241,455
2242,456
2243,456
2244,456
2245,456
2246,456
2247,456
2248,455
2249,455
2250,455
2251,456
2252,456
2253,457
2254,457
2255,456
2256,455
2257,456
2258,455
2259,456
2260,456
2261,456
2262,456
2263,456
2264,455
2265,455
2266,455
2267,456
2268,456
2269,456
2270,456
2271,456
2272,456
2273,456
2274,456
2275,456
2277,456
2278,456
2279,457
2280,456
2281,456
2282,455
2283,455
2284,456
2285,456
2286,456
2287,456
2288,456
2289,456
2290,456
2291,455
2292,455
2293,456
2294,457
2295,456
2296,456
2297,456
2298,455
2299,455
2300,455
2301,456
2302,456
2303,456
2304,456
2305,456
2306,455
2307,455
2308,455
2309,456
2310,456
2311,456
2312,456
2313,457
2314,456
2315,455
2316,455
2317,456
2319,456
2320,456
2321,456
2322,456
2323,455
2324,455
2325,455
2326,456
2327,456
2328,456
2329,456
2330,456
2331,456
2332,455
2333,456
2334,456
2335,456
2336,456
2337,456
2338,456
2339,455
2340,455
2341,455
2342,456
2343,456
2344,456
2345,456
2346,456
2347,456
2348,455
2349,455
2350,455
2351,456
2352,456
2353,456
2354,456
2355,456
2356,455
2357,455
2358,456
2359,456
2360,456
2362,456
2363,456
2364,456
2365,455
2366,455
2367,455
2368,456
2369,456
2370,456
2371,456
2372,456
2373,456
2374,456
2375,455
2376,456
2377,456
2378,456
2379,456
2380,456
2381,455
2382,455
2383,455
2384,455
2385,456
2386,456
2387,456
2388,456
2389,456
2390,455
2391,455
2392,455
2393,456
2394,457
2395,456
2396,455
2397,455
2398,455
2399,455
2400,455
2401,456
2402,456
2403,456
2405,456
2406,455
2407,455
2408,455
2409,455
2410,456
2411,456
2412,456
2413,456
2414,456
2415,455
2416,455
2417,455
2418,456
2419,456
2420,456
2421,456
2422,456
2423,455
2424,455
2425,455
2426,456
2427,456
2428,456
2429,456
2430,456
2431,455
2432,455
2433,456
2434,456
2435,456
2436,456
2437,456
2438,456
2439,455
2440,455
2441,455
2442,456
2443,456
2444,456
2445,456
2447,456
2448,456
2449,455
2450,456
2451,456
2452,456
2453,457
2454,457
2455,457
2456,456
2457,455
2458,456
2459,456
2460,456
2461,456
2462,456
2463,456
2464,456
2465,455
2466,455
2467,456
2468,454
2469,456
2470,457
2471,456
2472,456
2473,456
2474,456
2475,456
2476,456
2477,456
2478,456
2479,456
2480,456
2481,455
2482,455
2483,455
2484,456
2485,456
2486,456
2487,456
2488,456
2490,456
2491,455
2492,455
2493,456
2494,457
2495,457
2496,456
2497,456
2498,455
2499,455
2500,455
2501,456
2502,456
2503,457
2504,457
2505,456
2506,456
2507,456
2508,456
2509,456
2510,456
2511,456
2512,456
2513,456
2514,456
2515,455
2516,456
2517,456
2518,456
2519,456
2520,457
2521,456
2522,456
2523,456
2524,455
2525,456
2526,456
2527,456
2528,456
2529,456
2530,456
2531,455
2533,456
2534,456
2535,457
2536,456
2537,456
2538,456
2539,456
2540,455
2541,455
2542,455
2543,456
2544,456
2545,456
2546,456
2547,456
2548,455
2549,455
2550,455
2551,456
2552,456
2553,457
2554,457
2555,456
2556,455
2557,455
2558,456
2559,456
2560,456
2561,456
2562,456
2563,456
2564,455
2565,455
2566,455
2567,455
2568,456
2569,456
2570,456
2571,456
2572,456
2573,456
2575,456
2576,456
2577,456
2578,456
2579,457
2580,456
2581,456
2582,455
2583,456
2584,456
2585,456
2586,456
2587,456
2588,456
2589,456
2590,456
2591,456
2592,456
2593,457
2594,457
2595,457
2596,456
2597,456
2598,455
2599,456
2600,456
2601,456
2602,456
2603,457
2604,457
2605,456
2606,456
2607,456
2608,456
2609,456
2610,456
2611,456
2612,456
2613,456
2614,456
2615,456
2616,456
2618,456
2619,456
2620,457
2621,457
2622,456
2623,456
2624,456
2625,456
2626,456
2627,456
2628,457
2629,457
2630,456
2631,456
2632,455
2633,456
2634,456
2635,456
2636,456
2637,456
2638,456
2639,456
2640,456
2641,456
2642,456
2643,456
2644,456
2645,456
2646,456
2647,456
2648,456
2649,455
2650,456
2651,456
2652,456
2653,457
2654,457
2655,456
2656,456
2657,456
2658,456
2659,456
2661,456
2662,457
2663,456
2664,456
2665,455
2666,456
2667,456
2668,456
2669,456
2670,456
2671,456
2672,456
2673,456
2674,456
2675,456
2676,456
2677,456
2678,457
2679,456
2680,456
2681,456
2682,455
2683,456
2684,456
2685,456
2686,457
2687,457
2688,456
2689,455
2690,456
2691,455
2692,456
2693,457
2694,457
2695,456
2696,456
2697,456
2698,455
2699,456
2700,456
2701,456
2703,456
2704,456
2705,456
2706,456
2707,455
2708,455
2709,456
2710,456
2711,456
2712,456
2713,457
2714,456
2715,456
2716,455
2717,455
2718,456
2719,456
2720,456
2721,456
2722,456
2723,455
2724,455
2725,456
2726,456
2727,456
2728,457
2729,456
2730,456
2731,455
2732,456
2733,456
2734,457
2735,456
2736,456
2737,456
2738,455
2739,455
2740,455
2741,454
2742,456
2743,456
2744,456
2746,456
2747,456
2748,455
2749,455
2750,455
2751,456
2752,456
2753,457
2754,455
2755,457
2756,456
2757,455
2758,455
2759,455
2760,456
2761,453
2762,456
2763,456
2764,455
2765,456
2766,455
2767,456
2768,456
2769,456
2770,456
2771,456
2772,456
2773,456
2774,456
2775,455
2776,456
2777,456
2778,456
2779,456
2780,456
2781,455
2782,455
2783,456
2784,456
2785,457
2786,456
2787,457
2789,456
2790,455
2791,455
2792,455
2793,456
2794,457
2795,457
2796,456
2797,456
2798,450
2799,455
2800,455
2801,456
2802,456
2803,456
2804,456
2805,456
2806,455
2807,455
2808,456
2809,456
2810,456
2811,456
2812,456
2813,457
2814,456
2815,455
2816,455
2817,456
2818,456
2819,456
2820,456
2821,456
2822,455
2823,455
2824,455
2825,455
2826,456
2827,456
2828,456
2829,456
2831,456
2832,455
2833,456
2834,456
2835,456
2836,456
2837,456
2838,456
2839,456
2840,455
2841,455
2842,455
2843,456
2844,456
2845,456
2846,456
2847,456
2848,455
2849,455
2850,456
2851,456
2852,456
2853,457
2854,457
2855,456
2856,455
2857,455
2858,455
2859,455
2860,456
2861,456
2862,456
2863,456
2864,455
2865,455
2866,455
2867,456
2868,456
2869,456
2870,456
2871,456
2872,456
2874,456
2875,456
2876,455
2877,456
2878,452
2879,456
2880,456
2881,455
2882,455
2883,455
2884,455
2885,456
2886,456
2887,456
2888,456
2889,456
2890,455
2891,455
2892,456
2893,456
2894,456
2895,457
2896,456
2897,456
2898,455
2899,455
2900,455
2901,456
2902,456
2903,456
2904,455
2905,456
2906,456
2907,455
2908,455
2909,456
2910,456
2911,456
2912,456
2913,457
2914,456
2915,455
2917,455
2918,456
2919,456
2920,456
2921,455
2922,456
2923,455
2924,455
2925,454
2926,456
2927,456
2928,456
2929,456
2930,456
2931,456
2932,456
2933,455
2934,456
2935,456
2936,456
2937,456
2938,456
2939,456
2940,455
2941,455
2942,456
2943,456
2944,456
2945,456
2946,456
2947,456
2948,455
2949,455
2950,456
2951,456
2952,456
2953,457
2954,457
2955,456
2956,455
2957,455
2959,456
2960,456
2961,456
2962,456
2963,456
2964,455
2965,455
2966,455
2967,455
2968,456
2969,456
2970,456
2971,456
2972,456
2973,456
2974,456
2975,456
2976,456
2977,456
2978,456
2979,456
2980,456
2981,455
2982,455
2983,455
2984,456
2985,456
2986,456
2987,456
2988,456
2989,456
2990,455
2991,456
2992,455
2993,457
2994,457
2995,456
2996,456
2997,455
2998,455
2999,455
3000,455
3002,456
3003,456
3004,456
3005,456
3006,455
3007,455
3008,455
3009,455
3010,456
3011,456
3012,456
3013,457
3014,456
3015,455
3016,455
3017,455
3018,456
3019,456
3020,456
3021,456
3022,456
3023,455
3024,455
3025,455
3026,456
3027,456
3028,457
3029,456
3030,456
3031,455
3032,455
3033,456
3034,456
3035,456
3036,456
3037,456
3038,456
3039,455
3040,455
3041,455
3042,455
3043,456
3045,456
3046,456
3047,456
3048,455
3049,455
3050,455
3051,456
3052,456
3053,457
3054,457
3055,457
3056,456
3057,455
3058,455
3059,456
3060,456
3061,456
3062,456
3063,456
3064,456
3065,456
3066,456
3067,456
3068,456
3069,456
3070,456
3071,456
3072,456
3073,456
3074,456
3075,456
3076,456
3077,456
3078,456
3079,456
3080,456
3081,456
3082,456
3083,456
3084,456
3085,456
3087,457
3088,457
3089,456
3090,456
3091,456
3092,456
3093,456
3094,457
3095,457
3096,457
3097,456
3098,455
3099,455
3100,456
3101,455
3102,456
3103,456
3104,457
3105,456
3106,454
3107,455
3108,455
3109,456
3110,456
3111,456
3112,456
3113,456
3114,456
3115,455
3116,456
3117,456
3118,455
3119,455
3120,456
3121,452
3122,455
3123,455
3124,455
3125,456
3126,456
3127,456
3128,456
3130,456
3131,456
3132,455
3133,456
3134,454
3135,456
3136,456
3137,456
3138,456
3139,455
3140,455
3141,452
3142,455
3143,456
3144,456
3145,456
3146,456
3147,456
3148,455
3149,455
3150,456
3151,456
3152,456
3153,457
3154,457
3155,456
3156,455
3157,455
3158,456
3159,456
3160,456
3161,456
3162,456
3163,456
3164,455
3165,455
3166,456
3167,456
3168,456
3169,456
3170,456
3171,456
3173,456
3174,456
3175,456
3176,456
3177,456
3178,456
3179,456
3180,456
3181,455
3182,455
3183,455
3184,455
3185,456
3186,456
3187,456
3188,456
3189,456
3190,455
3191,455
3192,455
3193,456
3194,456
3195,456
3196,456
3197,456
3198,455
3199,455
3200,455
3201,456
3202,456
3203,456
3204,456
3205,456
3206,455
3207,455
3208,455
3209,456
3210,456
3211,456
3212,456
3213,456
3215,456
3216,455
3217,456
3218,455
3219,456
3220,456
3221,456
3222,456
3223,456
3224,455
3225,455
3226,456
3227,456
3228,456
3229,456
3230,456
3231,455
3232,455
3233,456
3234,456
3235,456
3236,456
3237,456
3238,456
3239,456
3240,455
3241,455
3242,456
3243,456
3244,456
3245,456
3246,456
3247,456
3248,455
3249,455
3250,456
3251,456
3252,456
3253,457
3254,456
3255,456
3256,455
3258,456
3259,456
3260,456
3261,456
3262,457
3263,456
3264,456
3265,455
3266,455
3267,455
3268,456
3269,456
3270,456
3271,456
3272,456
3273,456
3274,456
3275,456
3276,456
3277,456
3278,456
3279,456
3280,456
3281,455
3282,455
3283,455
3284,456
3285,456
3286,456
3287,456
3288,455
3289,455
3290,455
3291,455
3292,456
3293,457
3294,457
3295,456
3296,456
3297,455
3298,455
3299,455
3301,455
3302,456
3303,456
3304,456
3305,456
3306,455
3307,455
3308,455
3309,456
3310,456
3311,456
3312,456
3313,457
3314,456
3315,456
3316,455
3317,455
3318,456
3319,456
3320,456
3321,456
3322,456
3323,455
3324,455
3325,455
3326,456
3327,456
3328,456
3329,456
3330,456
3331,455
3332,455
3333,456
3334,456
3335,456
3336,457
3337,456
3338,456
3339,456
3340,455
3341,455
3343,456
3344,456
3345,456
3346,456
3347,456
3348,455
3349,455
3350,455
3351,456
3352,456
3353,457
3354,457
3355,457
3356,456
3357,455
3358,456
3359,456
3360,456
3361,456
3362,456
3363,456
3364,456
3365,455
3366,455
3367,456
3368,456
3369,456
3370,456
3371,456
3372,455
3373,456
3374,456
3375,455
3376,456
3377,456
3378,456
3379,456
3380,456
3381,455
3382,455
3383,455
3384,456
3386,456
3387,456
3388,456
3389,456
3390,456
3391,455
3392,455
3393,456
3394,456
3395,457
3396,456
3397,456
3398,455
3399,455
3400,455
3401,456
3402,456
3403,456
3404,456
3405,456
3406,455
3407,455
3408,455
3409,455
3410,456
3411,456
3412,456
3413,456
3414,456
3415,455
3416,455
3417,456
3418,456
3419,456
3420,456
3421,456
3422,455
3423,455
3424,455
3425,456
3426,456
3427,456
3429,456
3430,456
3431,456
3432,455
3433,455
3434,456
3435,456
3436,456
3437,456
3438,456
3439,456
3440,455
3441,455
3442,455
3443,456
3444,456
3445,456
3446,456
3447,456
3448,455
3449,455
3450,456
3451,456
3452,456
3453,457
3454,457
3455,456
3456,456
3457,455
3458,455
3459,456
3460,456
3461,456
3462,456
3463,456
3464,455
3465,455
3466,455
3467,456
3468,456
3469,456
3471,457
3472,456
3473,456
3474,456
3475,456
3476,456
3477,456
3478,456
3479,456
3480,456
3481,456
3482,455
3483,455
3484,456
3485,456
3486,456
3487,456
3488,456
3489,456
3490,456
3491,455
3492,456
3493,457
3494,457
3495,457
3496,456
3497,456
3498,455
3499,455
3500,456
3501,456
3502,456
3503,456
3504,456
3505,456
3506,455
3507,455
3508,456
3509,456
3510,456
3511,456
3512,456
3514,457
3515,456
3516,456
3517,456
3518,456
3519,457
3520,456
3521,456
3522,456
3523,455
3524,456
3525,455
3526,456
3527,456
3528,457
3529,457
3530,456
3531,456
3532,455
3533,456
3534,456
3535,456
3536,456
3537,456
3538,456
3539,456
3540,455
3541,455
3542,455
3543,456
3544,456
3545,456
3546,456
3547,456
3548,456
3549,455
3550,456
3551,456
3552,456
3553,457
3554,457
3555,456
3557,456
3558,455
3559,456
3560,456
3561,456
3562,456
3563,456
3564,456
3565,455
3566,456
3567,456
3568,456
3569,457
3570,456
3571,456
3572,456
3573,456
3574,456
3575,456
3576,456
3577,456
3578,456
3579,456
3580,456
3581,455
3582,455
3583,455
3584,456
3585,456
3586,457
3587,456
3588,456
3589,455
3590,455
3591,455
3592,456
3593,457
3594,457
3595,456
3596,456
3597,456
3599,455
3600,455
3601,455
3602,456
3603,456
3604,457
3605,456
3606,456
3607,455
3608,455
3609,456
3610,456
3611,456
3612,456
3613,457
3614,456
3615,456
3616,455
3617,456
3618,455
3619,452
3620,456
3621,456
3622,456
3623,455
3624,455
3625,455
3626,456
3627,456
3628,456
3629,456
3630,456
3631,455
3632,456
3633,456
3634,456
3635,456
3636,456
3637,456
3638,456
3639,456
3640,455
3642,455
3643,455
3644,456
3645,456
3646,456
3647,456
3648,455
3649,455
3650,453
3651,455
3652,456
3653,457
3654,457
3655,456
3656,456
3657,455
3658,455
3659,447
3660,456
3661,456
3662,456
3663,456
3664,455
3665,455
3666,455
3667,456
3668,456
3669,456
3670,456
3671,456
3672,456
3673,456
3674,456
3675,456
3676,456
3677,456
3678,456
3679,456
3680,456
3681,456
3682,455
3683,456
3685,456
3686,456
3687,456
3688,456
3689,456
3690,455
3691,455
3692,456
3693,456
3694,457
3695,457
3696,456
3697,456
3698,455
3699,455
3700,455
3701,451
3702,456
3703,456
3704,456
3705,455
3706,455
3707,456
3708,455
3709,456
3710,456
3711,456
3712,456
3713,457
3714,456
3715,455
3716,456
3717,456
3718,456
3719,457
3720,457
3721,456
3722,456
3723,456
3724,455
3725,456
3727,456
3728,456
3729,456
3730,456
3731,456
3732,455
3733,456
3734,456
3735,457
3736,456
3737,456
3738,456
3739,456
3740,455
3741,456
3742,456
3743,456
3744,457
3745,457
3746,456
3747,456
3748,456
3749,455
3750,455
3751,456
3752,456
3753,457
3754,457
3755,456
3756,455
3757,455
3758,455
3759,456
3760,456
3761,457
3762,456
3763,456
3764,456
3765,455
3766,455
3767,455
3768,456
3770,457
3771,456
3772,456
3773,456
3774,456
3775,456
3776,456
3777,456
3778,456
3779,456
3780,456
3781,456
3782,455
3783,455
3784,456
3785,456
3786,456
3787,456
3788,456
3789,456
3790,456
3791,455
3792,456
3793,456
3794,457
3795,457
3796,456
3797,456
3798,455
3799,455
3800,456
3801,456
3802,456
3803,456
3804,456
3805,456
3806,455
3807,455
3808,455
3809,456
3810,456
3811,456
3813,456
3814,456
3815,456
3816,455
3817,455
3818,456
3819,456
3820,457
3821,456
3822,456
3823,456
3824,455
3825,456
3826,456
3827,456
3828,456
3829,456
3830,456
3831,456
3832,456
3833,456
3834,456
3835,456
3836,457
3837,456
3838,456
3839,455
3840,455
3841,455
3842,455
3843,456
3844,456
3845,456
3846,456
3847,455
3848,455
3849,456
3850,456
3851,456
3852,456
3853,457
3855,457
3856,456
3857,455
3858,455
3859,455
3860,456
3861,456
3862,456
3863,456
3864,456
3865,455
3866,455
3867,456
3868,456
3869,456
3870,457
3871,456
3872,456
3873,456
3874,456
3875,456
3876,456
3877,456
3878,456
3879,456
3880,456
3881,455
3882,455
3883,455
3884,456
3885,456
3886,457
3887,457
3888,456
3889,456
3890,455
3891,455
3892,456
3893,456
3894,457
3895,457
3896,456
3898,455
3899,455
3900,456
3901,456
3902,456
3903,456
3904,457
3905,456
3906,456
3907,455
3908,455
3909,456
3910,456
3911,456
3912,456
3913,457
3914,456
3915,456
3916,455
3917,456
3918,456
3919,456
3920,456
3921,456
3922,456
3923,456
3924,455
3925,456
3926,456
3927,456
3928,456
3929,456
3930,456
3931,455
3932,455
3933,456
3934,456
3935,456
3936,456
3937,456
3938,456
3939,455
3941,455
3942,456
3943,456
3944,456
3945,456
3946,456
3947,456
3948,456
3949,455
3950,455
3951,456
3952,456
3953,457
3954,457
3955,456
3956,455
3957,456
3958,454
3959,453
3960,456
3961,457
3962,457
3963,456
3964,456
3965,455
3966,456
3967,456
3968,456
3969,456
3970,456
3971,456
3972,456
3973,456
3974,456
3975,456
3976,456
3977,456
3978,456
3979,456
3980,456
3981,456
3983,456
3984,456
3985,456
3986,456
3987,457
3988,456
3989,456
3990,455
3991,455
3992,455
3993,456
3994,457
3995,457
3996,456
3997,456
3998,456
3999,456
4000,456
4001,456
4002,456
4003,456
4004,457
4005,456
4006,455
4007,455
4008,456
4009,456
4010,456
4011,457
4012,456
4013,457
4014,456
4015,455
4016,456
4017,455
4018,456
4019,456
4020,457
4021,456
4022,455
4023,454
4024,455
4026,456
4027,456
4028,456
4029,456
4030,456
4031,455
4032,456
4033,456
4034,456
4035,457
4036,456
4037,456
4038,456
4039,455
4040,456
4041,455
4042,455
4043,456
4044,456
4045,456
4046,456
4047,456
4048,456
4049,455
4050,455
4051,456
4052,456
4053,457
4054,457
4055,456
4056,456
4057,455
4058,456
4059,456
4060,456
4061,456
4062,456
4063,456
4064,456
4065,456
4066,455
4067,456
4069,456
4070,457
4071,457
4072,456
4073,456
4074,456
4075,456
4076,456
4077,456
4078,456
4079,456
4080,456
4081,455
4082,454
4083,455
4084,456
4085,456
4086,456
4087,457
4088,456
4089,456
4090,456
4091,456
4092,456
4093,457
4094,457
4095,457
4096,456
4097,456
4098,456
4099,455
4100,456
4101,456
4102,456
4103,457
4104,457
4105,456
4106,455
4107,455
4108,456
4109,456
4111,456
4112,456
4113,456
4114,456
4115,456
4116,456
4117,455
4118,456
4119,456
4120,457
4121,457
4122,456
4123,456
4124,456
4125,456
4126,456
4127,456
4128,457
4129,457
4130,456
4131,456
4132,455
4133,456
4134,456
4135,456
4136,457
4137,457
4138,456
4139,456
4140,455
4141,455
4142,456
4143,456
4144,457
4145,457
4146,456
4147,456
4148,456
4149,456
4150,456
4151,456
4152,456
4154,457
4155,457
4156,456
4157,456
4158,456
4159,456
4160,456
4161,457
4162,457
4163,456
4164,456
4165,456
4166,456
4167,456
4168,456
4169,456
4170,457
4171,457
4172,456
4173,456
4174,456
4175,456
4176,456
4177,456
4178,457
4179,457
4180,456
4181,456
4182,456
4183,456
4184,456
4185,456
4186,456
4187,456
4188,456
4189,456
4190,455
4191,456
4192,456
4193,457
4194,457
4195,457
4197,457
4198,456
4199,455
4200,455
4201,456
4202,456
4203,456
4204,456
4205,456
4206,456
4207,455
4208,455
4209,455
4210,456
4211,456
4212,456
4213,456
4214,456
4215,456
4216,455
4217,456
4218,456
4219,456
4220,456
4221,456
4222,456
4223,456
4224,455
4225,456
4226,456
4227,457
4228,456
4229,456
4230,456
4231,456
4232,456
4233,456
4234,457
4235,457
4236,457
4237,457
4239,456
4240,456
4241,455
4242,456
4243,456
4244,456
4245,457
4246,457
4247,456
4248,456
4249,456
4250,456
4251,455
4252,456
4253,457
4254,457
4255,457
4256,456
4257,456
4258,456
4259,456
4260,456
4261,456
4262,457
4263,456
4264,456
4265,456
4266,456
4267,455
4268,456
4269,457
4270,457
4271,456
4272,456
4273,456
4274,456
4275,456
4276,456
4277,457
4278,457
4279,456
4280,456
4282,455
4283,456
4284,456
4285,456
4286,457
4287,457
4288,457
4289,456
4290,456
4291,455
4292,455
4293,456
4294,457
4295,457
4296,456
4297,456
4298,456
4299,456
4300,456
4301,456
4302,457
4303,457
4304,457
4305,456
4306,456
4307,456
4308,456
4309,456
4310,456
4311,457
4312,457
4313,457
4314,456
4315,456
4316,455
4317,456
4318,448
4319,456
4320,457
4321,456
4322,456
4323,455
4325,456
4326,456
4327,456
4328,456
4329,457
4330,456
4331,456
4332,455
4333,456
4334,456
4335,457
4336,456
4337,456
4338,456
4339,456
4340,456
4341,455
4342,455
4343,456
4344,456
4345,456
4346,456
4347,456
4348,456
4349,456
4350,456
4351,456
4352,456
4353,457
4354,457
4355,456
4356,456
4357,455
4358,456
4359,456
4360,456
4361,456
4362,456
4363,456
4364,456
4365,456
4367,456
4368,456
4369,456
4370,456
4371,457
4372,456
4373,456
4374,456
4375,456
4376,456
4377,456
4378,456
4379,456
4380,456
4381,456
4382,455
4383,456
4384,456
4385,456
4386,456
4387,456
4388,456
4389,456
4390,455
4391,455
4392,456
4393,456
4394,457
4395,456
4396,456
4397,454
4398,455
4399,456
4400,456
4401,456
4402,458
4403,456
4404,459
4405,459
4406,458
4407,457
4408,457
4410,456
4411,455
4412,457
4413,456
4414,457
4415,456
4416,456
4417,456
4418,456
4419,448
4420,457
4421,457
4422,456
4423,456
4424,456
4425,455
4426,456
4427,456
4428,457
4429,456
4430,456
4431,456
4432,456
4433,456
4434,456
4435,456
4436,457
4437,457
4438,456
4439,455
4440,455
4441,455
4442,456
4443,456
4444,456
4445,456
4446,456
4447,456
4448,456
4449,455
4450,456
4451,456
4453,456
4454,457
4455,457
4456,456
4457,456
4458,456
4459,455
4460,449
4461,456
4462,457
4463,457
4464,456
4465,456
4466,456
4467,456
4468,456
4469,456
4470,456
4471,456
4472,456
4473,456
4474,456
4475,456
4476,456
4477,456
4478,456
4479,457
4480,456
4481,456
4482,455
4483,456
4484,456
4485,456
4486,456
4487,456
4488,456
4489,456
4490,455
4491,456
4492,456
4493,457
4495,457
4496,456
4497,456
4498,456
4499,455
4500,454
4501,451
4502,457
4503,457
4504,457
4505,457
4506,456
4507,456
4508,455
4509,456
4510,456
4511,457
4512,456
4513,457
4514,456
4515,456
4516,455
4517,456
4518,454
4519,456
4520,456
4521,456
4522,456
4523,455
4524,455
4525,456
4526,456
4527,456
4528,457
4529,456
4530,455
4531,456
4532,455
4533,456
4534,457
4535,457
4536,457
4538,456
4539,456
4540,456
4541,455
4542,456
4543,455
4544,456
4545,456
4546,457
4547,456
4548,456
4549,456
4550,455
4551,456
4552,456
4553,457
4554,457
4555,457
4556,456
4557,456
4558,455
4559,456
4560,456
4561,456
4562,456
4563,456
4564,456
4565,456
4566,456
4567,456
4568,456
4569,457
4570,457
4571,456
4572,456
4573,456
4574,456
4575,456
4576,456
4577,457
4578,457
4579,456
4581,456
4582,456
4583,456
4584,456
4585,456
4586,457
4587,457
4588,456
4589,456
4590,456
4591,456
4592,456
4593,456
4594,457
4595,457
4596,457
4597,456
4598,456
4599,456
4600,456
4601,456
4602,456
4603,456
4604,456
4605,456
4606,456
4607,456
4608,456
4609,456
4610,456
4611,457
4612,457
4613,457
4614,456
4615,456
4616,455
4617,456
4618,456
4619,457
4620,457
4621,456
4623,456
4624,456
4625,456
4626,456
4627,456
4628,457
4629,457
4630,456
4631,456
4632,456
4633,456
4634,456
4635,457
4636,456
4637,456
4638,456
4639,456
4640,455
4641,455
4642,454
4643,456
4644,456
4645,456
4646,456
4647,456
4648,456
4649,455
4650,456
4651,456
4652,457
4653,457
4654,457
4655,456
4656,456
4657,455
4658,455
4659,456
4660,456
4661,456
4662,456
4663,456
4664,456
4666,455
4667,456
4668,456
4669,456
4670,455
4671,456
4672,456
4673,456
4674,456
4675,456
4676,456
4677,456
4678,457
4679,457
4680,456
4681,456
4682,455
4683,456
4684,456
4685,456
4686,456
4687,456
4688,456
4689,456
4690,455
4691,455
4692,456
4693,457
4694,457
4695,457
4696,456
4697,456
4698,456
4699,455
4700,456
4701,456
4702,456
4703,457
4704,456
4705,456
4706,455
4707,455
4709,456
4710,456
4711,456
4712,457
4713,456
4714,457
4715,456
4716,456
4717,456
4718,456
4719,456
4720,457
4721,457
4722,456
4723,456
4724,456
4725,456
4726,456
4727,456
4728,457
4729,456
4730,456
4731,455
4732,455
4733,456
4734,456
4735,457
4736,457
4737,457
4738,456
4739,456
4740,455
4741,455
4742,456
4743,456
4744,457
4745,457
4746,456
4747,456
4748,455
4749,455
4751,456
4752,456
4753,456
4754,457
4755,457
4756,456
4757,455
4758,455
4759,455
4760,456
4761,453
4762,457
4763,456
4764,456
4765,456
4766,456
4767,456
4768,456
4769,456
4770,457
4771,457
4772,456
4773,456
4774,456
4775,456
4776,456
4777,456
4778,456
4779,456
4780,456
4781,456
4782,455
4783,456
4784,456
4785,457
4786,457
4787,457
4788,456
4789,456
4790,456
4791,456
4792,456
4794,457
4795,457
4796,456
4797,456
4798,456
4799,455
4800,456
4801,456
4802,456
4803,456
4804,457
4805,456
4806,456
4807,456
4808,455
4809,456
4810,456
4811,456
4812,456
4813,457
4814,456
4815,456
4816,455
4817,456
4818,456
4819,457
4820,456
4821,456
4822,456
4823,456
4824,455
4825,456
4826,456
4827,456
4828,457
4829,456
4830,456
4831,456
4832,456
4833,456
4834,457
4835,456
4837,457
4838,456
4839,456
4840,455
4841,456
4842,455
4843,455
4844,456
4845,457
4846,457
4847,456
4848,456
4849,455
4850,456
4851,456
4852,456
4853,457
4854,457
4855,457
4856,456
4857,456
4858,456
4859,456
4860,456
4861,456
4862,457
4863,456
4864,456
4865,456
4866,456
4867,456
4868,456
4869,457
4870,457
4871,456
4872,456
4873,456
4874,456
4875,456
4876,456
4877,456
4879,457
4880,456
4881,456
4882,456
4883,455
4884,456
4885,456
4886,457
4887,457
4888,456
4889,456
4890,456
4891,455
4892,456
4893,456
4894,457
4895,457
4896,456
4897,456
4898,455
4899,455
4900,456
4901,456
4902,456
4903,456
4904,456
4905,456
4906,456
4907,455
4908,456
4909,456
4910,456
4911,456
4912,456
4913,457
4914,456
4915,456
4916,456
4917,455
4918,456
4919,456
4920,456
4922,456
4923,456
4924,455
4925,455
4926,456
4927,456
4928,456
4929,456
4930,456
4931,456
4932,455
4933,455
4934,456
4935,457
4936,457
4937,456
4938,456
4939,456
4940,455
4941,455
4942,455
4943,456
4944,456
4945,457
4946,456
4947,456
4948,455
4949,455
4950,456
4951,456
4952,456
4953,457
4954,457
4955,456
4956,456
4957,456
4958,456
4959,456
4960,456
4961,457
4962,456
4963,456
4965,456
4966,456
4967,456
4968,456
4969,456
4970,457
4971,457
4972,456
4973,455
4974,456
4975,456
4976,456
4977,456
4978,456
4979,456
4980,456
4981,456
4982,455
4983,455
4984,455
4985,456
4986,457
4987,456
4988,456
4989,456
4990,455
4991,456
4992,456
4993,457
4994,457
4995,457
4996,456
4997,456
4998,456
4999,455
5000,456
5001,456
5002,456
5003,457
5004,456
5005,456
5007,456
5008,456
5009,455
5010,456
5011,456
5012,457
5013,456
5014,457
5015,456
5016,456
5017,456
5018,456
5019,456
5020,457
5021,457
5022,456
5023,456
5024,456
5025,456
5026,456
5027,457
5028,457
5029,457
5030,456
5031,456
5032,456
5033,456
5034,456
5035,457
5036,457
5037,456
5038,456
5039,456
5040,455
5041,456
5042,456
5043,456
5044,456
5045,457
5046,456
5047,456
5048,455
5050,455
5051,456
5052,456
5053,456
5054,457
5055,457
5056,456
5057,455
5058,455
5059,455
5060,455
5061,456
5062,456
5063,456
5064,456
5065,455
5066,455
5067,454
5068,456
5069,456
5070,456
5071,456
5072,456
5073,456
5074,456
5075,456
5076,456
5077,456
5078,456
5079,456
5080,456
5081,455
5082,455
5083,456
5084,456
5085,456
5086,456
5087,456
5088,456
5089,455
5090,455
5091,455
5093,456
5094,457
5095,457
5096,456
5097,456
5098,455
5099,455
5100,455
5101,456
5102,456
5103,456
5104,456
5105,456
5106,456
5107,455
5108,456
5109,456
5110,456
5111,457
5112,456
5113,457
5114,456
5115,456
5116,456
5117,456
5118,456
5119,457
5120,457
5121,456
5122,456
5123,455
5124,456
5125,456
5126,456
5127,456
5128,457
5129,456
5130,456
5131,456
5132,456
5133,456
5135,456
5136,456
5137,457
5138,457
5139,456
5140,455
5141,456
5142,455
5143,456
5144,456
5145,456
5146,456
5147,456
5148,456
5149,456
5150,456
5151,456
5152,456
5153,457
5154,457
5155,457
5156,456
5157,456
5158,456
5159,456
5160,456
5161,457
5162,457
5163,456
5164,456
5165,456
5166,456
5167,456
5168,456
5169,457
5170,457
5171,456
5172,456
5173,456
5174,456
5175,456
5176,456
5178,456
5179,457
5180,456
5181,456
5182,456
5183,456
5184,456
5185,456
5186,456
5187,457
5188,457
5189,456
5190,455
5191,455
5192,456
5193,456
5194,457
5195,457
5196,456
5197,456
5198,456
5199,456
5200,456
5201,456
5202,456
5203,457
5204,456
5205,456
5206,456
5207,455
5208,455
5209,456
5210,456
5211,457
5212,457
5213,457
5214,456
5215,456
5216,455
5217,456
5218,456
5219,456
5221,456
5222,456
5223,455
5224,455
5225,455
5226,455
5227,456
5228,456
5229,456
5230,456
5231,455
5232,455
5233,455
5234,456
5235,457
5236,456
5237,456
5238,456
5239,456
5240,455
5241,455
5242,455
5243,456
5244,456
5245,456
5246,456
5247,456
5248,455
5249,455
5250,456
5251,456
5252,456
5253,457
5254,457
5255,456
5256,455
5257,455
5258,456
5259,456
5260,456
5261,456
5263,456
5264,456
5265,456
5266,455
5267,456
5268,456
5269,456
5270,456
5271,456
5272,456
5273,456
5274,456
5275,456
5276,456
5277,456
5278,456
5279,456
5280,456
5281,456
5282,455
5283,455
5284,455
5285,456
5286,456
5287,456
5288,456
5289,456
5290,455
5291,455
5292,456
5293,456
5294,457
5295,457
5296,456
5297,456
5298,455
5299,455
5300,455
5301,456
5302,456
5303,456
5304,456
5306,456
5307,455
5308,455
5309,455
5310,456
5311,456
5312,456
5313,456
5314,456
5315,456
5316,455
5317,456
5318,456
5319,456
5320,456
5321,456
5322,456
5323,455
5324,455
5325,456
5326,456
5327,456
5328,456
5329,456
5330,456
5331,456
5332,455
5333,456
5334,456
5335,456
5336,456
5337,456
5338,456
5339,456
5340,456
5341,456
5342,456
5343,456
5344,456
5345,457
5346,456
5347,456
5349,455
5350,456
5351,455
5352,456
5353,456
5354,457
5355,456
5356,456
5357,455
5358,455
5359,455
5360,456
5361,456
5362,457
5363,456
5364,456
5365,456
5366,456
5367,456
5368,456
5369,456
5370,456
5371,456
5372,456
5373,456
5374,456
5375,456
5376,456
5377,456
5378,456
5379,456
5380,456
5381,456
5382,455
5383,455
5384,456
5385,456
5386,456
5387,456
5388,456
5389,455
5391,455
5392,455
5393,456
5394,456
5395,457
5396,456
5397,456
5398,455
5399,455
5400,455
5401,455
5402,456
5403,456
5404,456
5405,456
5406,456
5407,456
5408,455
5409,455
5410,456
5411,456
5412,456
5413,456
5414,456
5415,456
5416,455
5417,455
5418,456
5419,456
5420,456
5421,456
5422,455
5423,455
5424,455
5425,455
5426,456
5427,456
5428,456
5429,456
5430,456
5431,455
5432,455
5434,456
5435,456
5436,456
5437,457
5438,456
5439,456
5440,455
5441,455
5442,455
5443,455
5444,455
5445,456
5446,454
5447,456
5448,455
5449,455
5450,455
5451,453
5452,456
5453,457
5454,457
5455,456
5456,455
5457,456
5458,455
5459,454
5460,455
5461,456
5462,457
5463,456
5464,455
5465,455
5466,455
5467,455
5468,456
5469,456
5470,456
5471,456
5472,456
5473,456
5474,456
5475,456
5477,456
5478,456
5479,456
5480,455
5481,455
5482,455
5483,455
5484,455
5485,456
5486,456
5487,456
5488,456
5489,456
5490,455
5491,455
5492,455
5493,456
5494,456
5495,457
5496,456
5497,456
5498,455
5499,455
5500,456
5501,456
5502,456
5503,456
5504,456
5505,456
5506,455
5507,455
5508,455
5509,456
5510,456
5511,456
5512,456
5513,456
5514,456
5515,455
5516,455
5517,456
5519,456
5520,456
5521,456
5522,456
5523,454
5524,455
5525,456
5526,456
5527,456
5528,456
5529,456
5530,456
5531,455
5532,455
5533,455
5534,456
5535,456
5536,456
5537,456
5538,456
5539,456
5540,455
5541,455
5542,455
5543,456
5544,456
5545,456
5546,456
5547,456
5548,455
5549,455
5550,455
5551,456
5552,456
5553,457
5554,457
5555,456
5556,455
5557,455
5558,455
5559,456
5560,456
5562,456
5563,456
5564,456
5565,455
5566,456
5567,455
5568,456
5569,456
5570,456
5571,456
5572,456
5573,456
5574,456
5575,456
5576,456
5577,456
5578,456
5579,456
5580,456
5581,456
5582,456
5583,455
5584,456
5585,456
5586,456
5587,456
5588,456
5589,455
5590,455
5591,455
5592,455
5593,455
5594,457
5595,457
5596,456
5597,455
5598,455
5599,455
5600,456
5601,456
5602,456
5603,456
5605,456
5606,456
5607,456
5608,455
5609,455
5610,456
5611,456
5612,456
5613,456
5614,456
5615,456
5616,455
5617,456
5618,456
5619,456
5620,455
5621,456
5622,456
5623,455
5624,455
5625,455
5626,455
5627,456
5628,456
5629,456
5630,455
5631,455
5632,455
5633,456
5634,456
5635,457
5636,456
5637,457
5638,456
5639,456
5640,455
5641,455
5642,456
5643,456
5644,456
5645,456
5647,456
5648,456
5649,455
5650,455
5651,456
5652,456
5653,456
5654,457
5655,457
5656,456
5657,456
5658,455
5659,455
5660,456
5661,456
5662,456
5663,456
5664,456
5665,455
5666,455
5667,456
5668,456
5669,456
5670,456
5671,456
5672,456
5673,456
5674,456
5675,456
5676,456
5677,456
5678,456
5679,456
5680,455
5681,455
5682,455
5683,455
5684,456
5685,456
5686,457
5687,456
5688,456
5690,456
5691,455
5692,455
5693,456
5694,457
5695,457
5696,456
5697,456
5698,456
5699,455
5700,456
5701,456
5702,456
5703,457
5704,457
5705,456
5706,456
5707,455
5708,455
5709,455
5710,456
5711,456
5712,456
5713,456
5714,456
5715,456
5716,456
5717,455
5718,456
5719,456
5720,456
5721,456
5722,456
5723,455
5724,456
5725,455
5726,456
5727,456
5728,456
5729,456
5730,455
5731,455
5733,456
5734,456
5735,456
5736,456
5737,456
5738,456
5739,456
5740,455
5741,455
5742,455
5743,456
5744,456
5745,456
5746,456
5747,456
5748,456
5749,455
5750,456
5751,456
5752,456
5753,457
5754,457
5755,456
5756,455
5757,455
5758,455
5759,456
5760,456
5761,456
5762,456
5763,456
5764,455
5765,455
5766,455
5767,456
5768,456
5769,456
5770,456
5771,456
5772,456
5773,456
5775,456
5776,456
5777,456
5778,455
5779,456
5780,456
5781,456
5782,454
5783,455
5784,456
5785,456
5786,456
5787,456
5788,456
5789,456
5790,455
5791,455
5792,456
5793,456
5794,457
5795,457
5796,456
5797,456
5798,455
5799,455
5800,456
5801,456
5802,456
5803,456
5804,456
5805,456
5806,456
5807,455
5808,455
5809,456
5810,456
5811,456
5812,456
5813,456
5814,456
5815,456
5816,456
5818,456
5819,456
5820,456
5821,456
5822,455
5823,455
5824,454
5825,451
5826,455
5827,456
5828,456
5829,456
5830,456
5831,455
5832,454
5833,455
5834,456
5835,457
5836,456
5837,456
5838,456
5839,455
5840,454
5841,452
5842,455
5843,456
5844,456
5845,456
5846,456
5847,456
5848,455
5849,455
5850,455
5851,456
5852,456
5853,457
5854,457
5855,456
5856,455
5857,455
5858,454
5859,455
5861,456
5862,456
5863,456
5864,456
5865,455
5866,455
5867,456
5868,456
5869,456
5870,456
5871,456
5872,456
5873,456
5874,456
5875,456
5876,456
5877,456
5878,456
5879,456
5880,456
5881,456
5882,455
5883,455
5884,456
5885,456
5886,456
5887,456
5888,456
5889,456
5890,455
5891,455
5892,455
5893,456
5894,457
5895,457
5896,456
5897,455
5898,449
5899,455
5900,456
5901,456
5903,456
5904,456
5905,456
5906,456
5907,455
5908,455
5909,455
5910,456
5911,456
5912,456
5913,456
5914,457
5915,456
5916,455
5917,455
5918,456
5919,456
5920,456
5921,456
5922,456
5923,455
5924,455
5925,455
5926,456
5927,456
5928,456
5929,456
5930,456
5931,455
5932,455
5933,456
5934,456
5935,457
5936,456
5937,456
5938,456
5939,456
5940,455
5941,456
5942,456
5943,456
5944,456
5946,457
5947,456
5948,455
5949,455
5950,455
5951,455
5952,456
5953,456
5954,457
5955,457
5956,456
5957,455
5958,455
5959,455
5960,456
5961,456
5962,456
5963,456
5964,455
5965,455
5966,455
5967,456
5968,456
5969,456
5970,456
5971,456
5972,456
5973,456
5974,456
5975,456
5976,456
5977,456
5978,456
5979,456
5980,456
5981,455
5982,455
5983,455
5984,456
5985,456
5986,456
5987,456
5989,456
5990,455
5991,455
5992,455
5993,456
5994,456
5995,457
5996,456
5997,456
5998,455
5999,455
6000,455
6001,455
6002,456
6003,456
6004,456
6005,456
6006,456
6007,455
6008,455
6009,455
6010,456
6011,456
6012,456
6013,456
6014,456
6015,456
6016,455
6017,456
6018,456
6019,456
6020,456
6021,456
6022,456
6023,455
6024,455
6025,455
6026,456
6027,456
6028,456
6029,456
6031,456
6032,455
6033,455
6034,454
6035,456
6036,456
6037,456
6038,456
6039,456
6040,455
6041,455
6042,455
6043,456
6044,456
6045,456
6046,456
6047,456
6048,455
6049,455
6050,455
6051,455
6052,456
6053,456
6054,456
6055,456
6056,455
6057,455
6058,455
6059,456
6060,456
6061,456
6062,456
6063,456
6064,455
6065,455
6066,455
6067,455
6068,456
6069,456
6070,456
6071,456
6072,456
6074,456
6075,456
6076,456
6077,456
6078,456
6079,456
6080,456
6081,456
6082,455
6083,455
6084,455
6085,456
6086,456
6087,456
6088,456
6089,456
6090,455
6091,455
6092,455
6093,456
6094,456
6095,456
6096,456
6097,456
6098,455
6099,455
6100,455
6101,456
6102,456
6103,456
6104,456
6105,455
6106,455
6107,455
6108,455
6109,455
6110,456
6111,456
6112,456
6113,456
6114,455
6115,455
6117,455
6118,455
6119,456
6120,456
6121,456
6122,456
6123,455
6124,455
6125,455
6126,455
6127,456
6128,456
6129,456
6130,456
6131,455
6132,455
6133,455
6134,456
6135,456
6136,456
6137,456
6138,456
6139,455
6140,455
6141,455
6142,455
6143,456
6144,456
6145,456
6146,456
6147,455
6148,455
6149,455
6150,455
6151,455
6152,456
6153,456
6154,456
6155,456
6156,455
6157,455
6159,455
6160,456
6161,456
6162,456
6163,456
6164,456
6165,455
6166,455
6167,455
6168,455
6169,456
6170,456
6171,456
6172,456
6173,455
6174,456
6175,455
6176,455
6177,456
6178,456
6179,456
6180,456
6181,455
6182,455
6183,455
6184,455
6185,456
6186,456
6187,456
6188,456
6189,455
6190,455
6191,455
6192,455
6193,456
6194,457
6195,457
6196,456
6197,455
6198,455
6199,455
6200,455
6202,456
6203,456
6204,456
6205,456
6206,456
6207,455
6208,455
6209,455
6210,456
6211,456
6212,456
6213,456
6214,456
6215,456
6216,455
6217,455
6218,455
6219,456
6220,456
6221,456
6222,456
6223,455
6224,455
6225,455
6226,455
6227,456
6228,456
6229,456
6230,455
6231,455
6232,455
6233,456
6234,456
6235,456
6236,456
6237,456
6238,456
6239,455
6240,455
6241,455
6242,455
6243,456
6245,456
6246,456
6247,456
6248,455
6249,455
6250,455
6251,455
6252,456
6253,456
6254,456
6255,456
6256,455
6257,455
6258,455
6259,455
6260,456
6261,456
6262,456
6263,456
6264,456
6265,455
6266,455
6267,455
6268,456
6269,456
6270,456
6271,456
6272,455
6273,455
6274,455
6275,456
6276,455
6277,456
6278,456
6279,456
6280,456
6281,455
6282,455
6283,455
6284,455
6285,456
6287,456
6288,456
6289,456
6290,455
6291,455
6292,455
6293,455
6294,456
6295,456
6296,456
6297,456
6298,455
6299,455
6300,455
6301,455
6302,456
6303,456
6304,456
6305,456
6306,455
6307,455
6308,455
6309,455
6310,456
6311,456
6312,456
6313,456
6314,456
6315,456
6316,455
6317,455
6318,456
6319,456
6320,456
6321,456
6322,455
6323,455
6324,455
6325,455
6326,455
6327,456
6328,456
6330,456
6331,456
6332,455
6333,455
6334,455
6335,456
6336,456
6337,456
6338,456
6339,453
6340,454
6341,454
6342,455
6343,455
6344,455
6345,456
6346,454
6347,456
6348,455
6349,455
6350,455
6351,455
6352,456
6353,456
6354,456
6355,456
6356,455
6357,455
6358,454
6359,455
6360,456
6361,454
6362,456
6363,456
6364,455
6365,455
6366,455
6367,455
6368,456
6369,456
6370,456
6371,456
6373,455
6374,455
6375,455
6376,455
6377,455
6378,456
6379,456
6380,456
6381,456
6382,455
6383,455
6384,455
6385,456
6386,456
6387,456
6388,456
6389,456
6390,455
6391,455
6392,455
6393,455
6394,456
6395,457
6396,456
6397,455
6398,455
6399,455
6400,455
6401,456
6402,456
6403,456
6404,456
6405,456
6406,456
6407,456
6408,455
6409,456
6410,456
6411,456
6412,456
6413,456
6415,456
6416,456
6417,455
6418,455
6419,456
6420,456
6421,455
6422,456
6423,455
6424,455
6425,455
6426,455
6427,456
6428,456
6429,456
6430,456
6431,455
6432,455
6433,455
6434,456
6435,456
6436,456
6437,456
6438,456
6439,455
6440,455
6441,455
6442,455
6443,456
6444,456
6445,456
6446,456
6447,455
6448,455
6449,455
6450,455
6451,456
6452,456
6453,456
6454,456
6455,456
6456,455
6458,455
6459,455
6460,455
6461,456
6462,456
6463,456
6464,456
6465,455
6466,455
6467,455
6468,456
6469,456
6470,456
6471,456
6472,456
6473,455
6474,456
6475,456
6476,456
6477,456
6478,456
6479,456
6480,456
6481,455
6482,455
6483,455
6484,455
6485,456
6486,456
6487,456
6488,456
6489,455
6490,455
6491,455
6492,455
6493,456
6494,456
6495,457
6496,456
6497,455
6498,455
6499,455
6501,455
6502,455
6503,456
6504,456
6505,456
6506,456
6507,455
6508,455
6509,455
6510,455
6511,456
6512,456
6513,456
6514,456
6515,456
6516,455
6517,455
6518,456
6519,456
6520,456
6521,456
6522,456
6523,455
6524,455
6525,455
6526,455
6527,456
6528,456
6529,456
6530,456
6531,455
6532,455
6533,456
6534,456
6535,456
6536,456
6537,456
6538,456
6539,455
6540,455
6541,455
6543,455
6544,456
6545,456
6546,456
6547,456
6548,455
6549,455
6550,455
6551,455
6552,456
6553,456
6554,456
6555,456
6556,455
6557,455
6558,455
6559,454
6560,455
6561,456
6562,456
6563,456
6564,455
6565,455
6566,455
6567,455
6568,455
6569,456
6570,456
6571,456
6572,455
6573,455
6574,456
6575,456
6576,456
6577,456
6578,456
6579,456
6580,456
6581,455
6582,455
6583,455
6584,455
6586,456
6587,456
6588,456
6589,456
6590,455
6591,455
6592,455
6593,456
6594,456
6595,456
6596,456
6597,456
6598,455
6599,455
6600,455
6601,455
6602,456
6603,456
6604,456
6605,456
6606,455
6607,455
6608,455
6609,455
6610,456
6611,456
6612,456
6613,456
6614,456
6615,456
6616,455
6617,455
6618,456
6619,456
6620,456
6621,456
6622,454
6623,455
6624,455
6625,455
6626,455
6627,456
6629,456
6630,456
6631,455
6632,455
6633,455
6634,456
6635,456
6636,456
6637,456
6638,456
6639,455
6640,455
6641,455
6642,455
6643,455
6644,456
6645,456
6646,456
6647,455
6648,455
6649,455
6650,455
6651,455
6652,456
6653,456
6654,456
6655,456
6656,455
6657,455
6658,455
6659,455
6660,456
6661,456
6662,456
6663,456
6664,455
6665,455
6666,455
6667,455
6668,456
6669,456
6671,456
6672,456
6673,455
6674,456
6675,456
6676,455
6677,456
6678,456
6679,456
6680,456
6681,455
6682,455
6683,455
6684,455
6685,455
6686,456
6687,456
6688,456
6689,456
6690,455
6691,455
6692,455
6693,455
6694,456
6695,456
6696,456
6697,455
6698,455
6699,455
6700,455
6701,456
6702,456
6703,456
6704,456
6705,455
6706,455
6707,455
6708,455
6709,455
6710,455
6711,456
6712,456
6714,456
6715,456
6716,455
6717,455
6718,455
6719,456
6720,456
6721,456
6722,456
6723,455
6724,455
6725,455
6726,455
6727,455
6728,456
6729,456
6730,456
6731,455
6732,455
6733,455
6734,456
6735,456
6736,456
6737,456
6738,456
6739,455
6740,455
6741,455
6742,455
6743,456
6744,456
6745,456
6746,456
6747,455
6748,455
6749,455
6750,455
6751,455
6752,456
6753,456
6754,456
6755,456
6757,455
6758,455
6759,455
6760,456
6761,456
6762,456
6763,456
6764,456
6765,455
6766,455
6767,455
6768,455
6769,456
6770,456
6771,456
6772,455
6773,455
6774,455
6775,455
6776,455
6777,456
6778,456
6779,456
6780,455
6781,455
6782,455
6783,455
6784,455
6785,456
6786,456
6787,456
6788,455
6789,455
6790,455
6791,455
6792,455
6793,456
6794,456
6795,456
6796,456
6797,455
6799,455
6800,455
6801,455
6802,456
6803,456
6804,456
6805,456
6806,455
6807,455
6808,455
6809,455
6810,455
6811,456
6812,456
6813,456
6814,456
6815,455
6816,455
6817,455
6818,454
6819,456
6820,456
6821,456
6822,455
6823,455
6824,455
6825,455
6826,456
6827,456
6828,456
6829,456
6830,456
6831,455
6832,455
6833,455
6834,456
6835,456
6836,456
6837,456
6838,456
6839,455
6840,455
6842,455
6843,455
6844,456
6845,456
6846,456
6847,456
6848,455
6849,455
6850,454
6851,455
6852,455
6853,456
6854,456
6855,456
6856,455
6857,455
6858,455
6859,455
6860,455
6861,456
6862,456
6863,456
6864,455
6865,455
6866,455
6867,455
6868,455
6869,456
6870,456
6871,456
6872,455
6873,455
6874,455
6875,455
6876,455
6877,456
6878,456
6879,456
6880,455
6881,455
6882,455
6883,455
6885,455
6886,456
6887,456
6888,456
6889,455
6890,455
6891,455
6892,455
6893,455
6894,456
6895,456
6896,456
6897,455
6898,455
6899,455
6900,455
6901,455
6902,456
6903,456
6904,456
6905,456
6906,455
6907,455
6908,455
6909,455
6910,456
6911,456
6912,456
6913,456
6914,456
6915,456
6916,455
6917,456
6918,455
6919,456
6920,456
6921,456
6922,455
6923,455
6924,455
6925,455
6927,456
6928,455
6929,456
6930,456
6931,455
6932,455
6933,455
6934,456
6935,456
6936,456
6937,456
6938,456
6939,456
6940,454
6941,455
6942,455
6943,456
6944,456
6945,456
6946,456
6947,456
6948,455
6949,455
6950,455
6951,456
6952,455
6953,456
6954,456
6955,456
6956,455
6957,455
6958,455
6959,455
6960,455
6961,456
6962,456
6963,456
6964,454
6965,455
6966,455
6967,455
6968,455
6970,456
6971,456
6972,456
6973,455
6974,456
6975,456
6976,455
6977,456
6978,456
6979,456
6980,456
6981,455
6982,455
6983,455
6984,455
6985,455
6986,456
6987,456
6988,456
6989,455
6990,455
6991,455
6992,455
6993,456
6994,456
6995,456
6996,456
6997,455
6998,455
6999,455
7000,455
7001,455
7002,456
7003,456
7004,456
7005,455
7006,455
7007,455
7008,455
7009,455
7010,456
7011,456
7013,456
7014,456
7015,456
7016,455
7017,455
7018,455
7019,456
7020,456
7021,456
7022,456
7023,455
7024,455
7025,455
7026,455
7027,456
7028,456
7029,456
7030,456
7031,455
7032,455
7033,455
7034,456
7035,456
7036,456
7037,456
7038,456
7039,455
7040,455
7041,455
7042,455
7043,456
7044,456
7045,456
7046,456
7047,455
7048,455
7049,455
7050,455
7051,455
7052,456
7053,456
7055,456
7056,456
7057,455
7058,455
7059,455
7060,456
7061,456
7062,456
7063,456
7064,456
7065,455
7066,455
7067,455
7068,456
7069,456
7070,456
7071,456
7072,456
7073,455
7074,455
7075,456
7076,455
7077,456
7078,456
7079,456
7080,456
7081,455
7082,455
7083,455
7084,455
7085,456
7086,456
7087,456
7088,456
7089,455
7090,455
7091,455
7092,455
7093,456
7094,456
7095,457
7096,456
7098,455
7099,455
7100,455
7101,455
7102,455
7103,456
7104,456
7105,456
7106,455
7107,455
7108,455
7109,455
7110,456
7111,456
7112,456
7113,456
7114,456
7115,456
7116,455
7117,455
7118,456
7119,456
7120,456
7121,456
7122,456
7123,455
7124,455
7125,455
7126,455
7127,456
7128,456
7129,456
7130,456
7131,455
7132,455
7133,456
7134,456
7135,457
7136,456
7137,456
7138,456
7139,455
7141,455
7142,455
7143,455
7144,456
7145,456
7146,456
7147,456
7148,455
7149,455
7150,455
7151,455
7152,456
7153,456
7154,457
7155,457
7156,456
7157,455
7158,455
7159,455
7160,456
7161,456
7162,456
7163,456
7164,456
7165,455
7166,455
7167,455
7168,456
7169,456
7170,456
7171,456
7172,456
7173,456
7174,456
7175,456
7176,456
7177,456
7178,452
7179,456
7180,456
7181,455
7183,455
7184,455
7185,456
7186,456
7187,456
7188,456
7189,456
7190,456
7191,455
7192,455
7193,456
7194,457
7195,457
7196,457
7197,456
7198,456
7199,455
7200,455
7201,456
7202,456
7203,456
7204,456
7205,456
7206,455
7207,455
7208,455
7209,456
7210,456
7211,456
7212,456
7213,456
7214,456
7215,456
7216,455
7217,455
7218,456
7219,456
7220,456
7221,456
7222,456
7223,455
7224,455
7226,455
7227,456
7228,456
7229,456
7230,456
7231,456
7232,455
7233,455
7234,456
7235,456
7236,456
7237,456
7238,456
7239,456
7240,455
7241,455
7242,455
7243,456
7244,456
7245,456
7246,456
7247,456
7248,455
7249,455
7250,455
7251,456
7252,456
7253,456
7254,456
7255,456
7256,455
7257,455
7258,455
7259,456
7260,456
7261,456
7262,456
7263,456
7264,456
7265,455
7266,455
7267,456
7269,456
7270,456
7271,456
7272,456
7273,456
7274,456
7275,456
7276,456
7277,456
7278,456
7279,456
7280,456
7281,456
7282,455
7283,455
7284,455
7285,456
7286,456
7287,456
7288,456
7289,456
7290,455
7291,455
7292,455
7293,456
7294,456
7295,457
7296,456
7297,456
7298,455
7299,455
7300,455
7301,456
7302,456
7303,456
7304,456
7305,456
7306,455
7307,455
7308,455
7309,456
7311,456
7312,456
7313,456
7314,456
7315,456
7316,456
7317,456
7318,456
7319,456
7320,456
7321,456
7322,456
7323,455
7324,455
7325,455
7326,456
7327,456
7328,456
7329,456
7330,456
7331,455
7332,455
7333,455
7334,456
7335,456
7336,456
7337,456
7338,456
7339,446
7340,455
7341,455
7342,455
7343,455
7344,454
7345,456
7346,456
7347,455
7348,455
7349,455
7350,455
7351,453
7352,456
7354,457
7355,456
7356,456
7357,455
7358,452
7359,455
7360,455
7361,456
7362,456
7363,456
7364,455
7365,455
7366,455
7367,455
7368,455
7369,456
7370,456
7371,456
7372,455
7373,455
7374,455
7375,455
7376,455
7377,455
7378,456
7379,456
7380,455
7381,455
7382,455
7383,455
7384,455
7385,456
7386,456
7387,456
7388,456
7389,455
7390,455
7391,455
7392,455
7393,456
7394,457
7395,456
7397,455
7398,455
7399,455
7400,455
7401,455
7402,456
7403,456
7404,456
7405,456
7406,455
7407,455
7408,455
7409,455
7410,456
7411,456
7412,456
7413,456
7414,456
7415,456
7416,455
7417,455
7418,456
7419,456
7420,456
7421,456
7422,456
7423,455
7424,455
7425,455
7426,455
7427,456
7428,456
7429,456
7430,456
7431,455
7432,455
7433,455
7434,456
7435,456
7436,456
7437,456
7439,456
7440,455
7441,455
7442,455
7443,455
7444,456
7445,456
7446,456
7447,456
7448,455
7449,455
7450,455
7451,455
7452,456
7453,456
7454,457
7455,456
7456,456
7457,455
7458,455
7459,455
7460,456
7461,456
7462,456
7463,456
7464,455
7465,455
7466,455
7467,455
7468,455
7469,456
7470,456
7471,456
7472,455
7473,455
7474,455
7475,456
7476,455
7477,456
7478,456
7479,456
7480,455
7482,455
7483,455
7484,455
7485,455
7486,456
7487,456
7488,456
7489,455
7490,455
7491,455
7492,455
7493,455
7494,456
7495,456
7496,456
7497,455
7498,455
7499,455
7500,455
7501,455
7502,455
7503,455
7504,455
7505,455
7506,455
7507,454
7508,454
7509,455
7510,455
7511,455
7512,455
7513,455
7514,455
7515,455
7516,455
7517,455
7518,455
7519,455
7520,456
7521,455
7522,455
7523,454
7525,454
7526,455
7527,455
7528,455
7529,455
7530,455
7531,455
7532,455
7533,454
7534,455
7535,456
7536,456
7537,456
7538,456
7539,455
7540,455
7541,455
7542,455
7543,455
7544,455
7545,456
7546,456
7547,455
7548,455
7549,455
7550,455
7551,455
7552,455
7553,455
7554,456
7555,456
7556,455
7557,455
7558,455
7559,455
7560,455
7561,456
7562,456
7563,455
7564,455
7565,455
7567,455
7568,455
7569,455
7570,456
7571,456
7572,455
7573,455
7574,455
7575,455
7576,455
7577,455
7578,456
7579,456
7580,455
7581,455
7582,455
7583,455
7584,455
7585,455
7586,456
7587,455
7588,455
7589,455
7590,454
7591,455
7592,454
7593,455
7594,456
7595,456
7596,455
7597,455
7598,455
7599,454
7600,454
7601,455
7602,455
7603,455
7604,455
7605,455
7606,454
7607,454
7608,454
7610,455
7611,455
7612,455
7613,455
7614,455
7615,455
7616,455
7617,454
7618,455
7619,455
7620,455
7621,455
7622,455
7623,454
7624,454
7625,454
7626,454
7627,455
7628,454
7629,455
7630,454
7631,454
7632,454
7633,453
7634,454
7635,455
7636,454
7637,454
7638,454
7639,454
7640,453
7641,453
7642,454
7643,454
7644,454
7645,454
7646,454
7647,454
7648,453
7649,453
7650,453
7651,453
7653,454
7654,454
7655,454
7656,454
7657,453
7658,453
7659,453
7660,453
7661,453
7662,453
7663,454
7664,454
7665,453
7666,453
7667,453
7668,453
7669,454
7670,454
7671,454
7672,454
7673,453
7674,453
7675,454
7676,453
7677,454
7678,454
7679,454
7680,454
7681,453
7682,453
7683,453
7684,454
7685,454
7686,454
7687,454
7688,454
7689,454
7690,453
7691,453
7692,454
7693,454
7695,455
7696,455
7697,454
7698,454
7699,453
7700,454
7701,454
7702,454
7703,454
7704,455
7705,454
7706,454
7707,454
7708,453
7709,454
7710,454
7711,454
7712,454
7713,454
7714,454
7715,454
7716,453
7717,454
7718,454
7719,454
7720,450
7721,454
7722,454
7723,453
7724,453
7725,453
7726,453
7727,453
7728,454
7729,454
7730,454
7731,453
7732,453
7733,453
7734,454
7735,454
7736,454
7738,454
7739,454
7740,453
7741,453
7742,453
7743,453
7744,453
7745,454
7746,454
7747,454
7748,453
7749,453
7750,453
7751,453
7752,453
7753,454
7754,454
7755,454
7756,453
7757,453
7758,453
7759,453
7760,453
7761,453
7762,453
7763,453
7764,453
7765,452
7766,452
7767,452
7768,452
7769,453
7770,453
7771,453
7772,452
7773,452
7774,452
7775,452
7776,452
7777,452
7778,452
7779,452
7781,452
7782,452
7783,452
7784,451
7785,452
7786,452
7787,452
7788,452
7789,452
7790,451
7791,451
7792,451
7793,451
7794,452
7795,453
7796,452
7797,452
7798,451
7799,451
7800,451
7801,451
7802,452
7803,452
7804,452
7805,452
7806,451
7807,451
7808,451
7809,452
7810,452
7811,452
7812,452
7813,452
7814,452
7815,452
7816,451
7817,452
7818,452
7819,453
7820,453
7821,452
7823,452
7824,452
7825,452
7826,452
7827,452
7828,453
7829,453
7830,453
7831,452
7832,452
7833,452
7834,452
7835,453
7836,453
7837,453
7838,453
7839,453
7840,452
7841,452
7842,452
7843,452
7844,453
7845,453
7846,453
7847,453
7848,453
7849,452
7850,453
7851,453
7852,453
7853,453
7854,454
7855,453
7856,452
7857,452
7858,452
7859,452
7860,453
7861,453
7862,453
7863,453
7864,452
7866,452
7867,452
7868,452
7869,453
7870,453
7871,453
7872,453
7873,452
7874,452
7875,452
7876,453
7877,452
7878,453
7879,453
7880,453
7881,452
7882,452
7883,452
7884,452
7885,452
7886,452
7887,452
7888,452
7889,452
7890,452
7891,452
7892,452
7893,452
7894,453
7895,453
7896,452
7897,452
7898,451
7899,451
7900,452
7901,452
7902,452
7903,452
7904,452
7905,451
7906,451
7907,451
7909,451
7910,451
7911,451
7912,451
7913,452
7914,452
7915,451
7916,451
7917,451
7918,451
7919,451
7920,451
7921,451
7922,451
7923,451
7924,450
7925,450
7926,450
7927,451
7928,451
7929,451
7930,451
7931,451
7932,450
7933,450
7934,451
7935,451
7936,451
7937,451
7938,451
7939,451
7940,450
7941,450
7942,451
7943,451
7944,451
7945,451
7946,451
7947,451
7948,451
7949,451
7951,451
7952,451
7953,452
7954,452
7955,452
7956,452
7957,451
7958,451
7959,451
7960,452
7961,452
7962,452
7963,452
7964,451
7965,451
7966,451
7967,451
7968,452
7969,452
7970,452
7971,452
7972,452
7973,452
7974,452
7975,452
7976,452
7977,452
7978,452
7979,453
7980,452
7981,452
7982,452
7983,452
7984,452
7985,452
7986,452
7987,453
7988,452
7989,452
7990,452
7991,451
7992,452
7994,453
7995,453
7996,453
7997,452
7998,452
7999,452
8000,452
8001,452
8002,452
8003,453
8004,453
8005,452
8006,452
8007,451
8008,452
8009,452
8010,452
8011,452
8012,452
8013,452
8014,452
8015,452
8016,451
8017,452
8018,452
8019,452
8020,452
8021,452
8022,452
8023,451
8024,451
8025,451
8026,451
8027,452
8028,452
8029,452
8030,452
8031,451
8032,451
8033,451
8034,452
8035,452
8037,452
8038,451
8039,451
8040,451
8041,451
8042,451
8043,451
8044,451
8045,451
8046,451
8047,451
8048,451
8049,450
8050,450
8051,450
8052,451
8053,451
8054,451
8055,451
8056,451
8057,450
8058,450
8059,450
8060,450
8061,451
8062,451
8063,450
8064,450
8065,450
8066,450
8067,450
8068,450
8069,450
8070,450
8071,450
8072,450
8073,450
8074,450
8075,450
8076,450
8077,451
8079,450
8080,450
8081,450
8082,450
8083,450
8084,450
8085,450
8086,451
8087,451
8088,451
8089,450
8090,450
8091,450
8092,450
8093,451
8094,451
8095,451
8096,451
8097,451
8098,450
8099,450
8100,450
8101,450
8102,443
8103,451
8104,451
8105,451
8106,450
8107,451
8108,450
8109,450
8110,451
8111,452
8112,451
8113,451
8114,448
8115,447
8116,450
8117,451
8118,451
8119,448
8120,452
8122,452
8123,451
8124,451
8125,451
8126,451
8127,452
8128,452
8129,452
8130,452
8131,452
8132,451
8133,451
8134,452
8135,452
8136,452
8137,452
8138,452
8139,446
8140,451
8141,451
8142,451
8143,452
8144,452
8145,452
8146,452
8147,451
8148,451
8149,451
8150,451
8151,451
8152,451
8153,452
8154,452
8155,452
8156,450
8157,451
8158,451
8159,451
8160,451
8161,451
8162,451
8163,451
8165,451
8166,450
8167,450
8168,451
8169,451
8170,451
8171,451
8172,451
8173,450
8174,450
8175,451
8176,451
8177,450
8178,450
8179,451
8180,450
8181,450
8182,450
8183,450
8184,450
8185,450
8186,450
8187,450
8188,450
8189,450
8190,450
8191,449
8192,449
8193,450
8194,451
8195,451
8196,450
8197,450
8198,449
8199,449
8200,449
8201,447
8202,449
8203,450
8204,450
8205,449
8207,449
8208,448
8209,449
8210,449
8211,449
8212,449
8213,449
8214,450
8215,449
8216,449
8217,449
8218,449
8219,450
8220,450
8221,450
8222,450
8223,449
8224,449
8225,449
8226,450
8227,450
8228,450
8229,450
8230,450
8231,450
8232,449
8233,449
8234,450
8235,451
8236,450
8237,450
8238,450
8239,450
8240,450
8241,450
8242,450
8243,450
8244,451
8245,451
8246,450
8247,450
8248,450
8250,450
8251,450
8252,451
8253,451
8254,451
8255,451
8256,451
8257,451
8258,450
8259,450
8260,450
8261,451
8262,451
8263,451
8264,451
8265,450
8266,450
8267,450
8268,451
8269,451
8270,451
8271,451
8272,451
8273,450
8274,451
8275,451
8276,450
8277,451
8278,451
8279,451
8280,451
8281,450
8282,450
8283,450
8284,450
8285,451
8286,450
8287,451
8288,451
8289,450
8290,450
8291,450
8293,450
8294,451
8295,450
8296,451
8297,451
8298,450
8299,449
8300,450
8301,450
8302,448
8303,450
8304,451
8305,450
8306,450
8307,449
8308,449
8309,450
8310,450
8311,450
8312,450
8313,450
8314,450
8315,450
8316,449
8317,449
8318,450
8319,449
8320,450
8321,450
8322,450
8323,449
8324,449
8325,449
8326,449
8327,449
8328,450
8329,449
8330,449
8331,449
8332,449
8333,449
8335,449
8336,450
8337,449
8338,449
8339,449
8340,448
8341,448
8342,448
8343,446
8344,449
8345,449
8346,449
8347,449
8348,448
8349,448
8350,448
8351,449
8352,449
8353,449
8354,450
8355,449
8356,449
8357,448
8358,448
8359,448
8360,449
8361,449
8362,449
8363,449
8364,449
8365,449
8366,449
8367,449
8368,450
8369,450
8370,450
8371,450
8372,449
8373,449
8374,450
8375,450
8376,450
8378,450
8379,450
8380,450
8381,449
8382,449
8383,449
8384,449
8385,450
8386,450
8387,450
8388,450
8389,450
8390,449
8391,449
8392,449
8393,450
8394,450
8395,451
8396,450
8397,450
8398,449
8399,450
8400,449
8401,449
8402,449
8403,450
8404,450
8405,450
8406,450
8407,449
8408,450
8409,450
8410,450
8411,450
8412,450
8413,450
8414,450
8415,450
8416,449
8417,450
8418,449
8419,449
8421,450
8422,450
8423,450
8424,449
8425,449
8426,449
8427,450
8428,450
8429,450
8430,450
8431,449
8432,449
8433,450
8434,450
8435,450
8436,450
8437,450
8438,449
8439,444
8440,449
8441,449
8442,449
8443,448
8444,449
8445,450
8446,450
8447,449
8448,449
8449,449
8450,449
8451,449
8452,449
8453,450
8454,450
8455,449
8456,449
8457,449
8458,449
8459,448
8460,449
8461,449
8463,449
8464,449
8465,448
8466,448
8467,448
8468,448
8469,449
8470,449
8471,449
8472,448
8473,448
8474,448
8475,448
8476,448
8477,448
8478,448
8479,448
8480,448
8481,448
8482,448
8483,448
8484,448
8485,448
8486,448
8487,448
8488,448
8489,448
8490,448
8491,448
8492,448
8493,448
8494,449
8495,449
8496,448
8497,448
8498,448
8499,448
8500,448
8501,448
8502,449
8503,449
8504,449
8506,449
8507,448
8508,449
8509,448
8510,449
8511,449
8512,449
8513,449
8514,449
8515,449
8516,449
8517,449
8518,449
8519,449
8520,450
8521,450
8522,449
8523,448
8524,449
8525,449
8526,449
8527,449
8528,449
8529,449
8530,449
8531,449
8532,449
8533,449
8534,449
8535,450
8536,449
8537,449
8538,449
8539,449
8540,449
8541,449
8542,449
8543,449
8544,450
8545,449
8546,449
8547,449
8549,449
8550,449
8551,449
8552,449
8553,450
8554,450
8555,450
8556,450
8557,449
8558,449
8559,449
8560,449
8561,449
8562,450
8563,450
8564,449
8565,449
8566,449
8567,449
8568,449
8569,450
8570,450
8571,450
8572,449
8573,449
8574,449
8575,449
8576,449
8577,449
8578,450
8579,449
8580,449
8581,449
8582,449
8583,449
8584,449
8585,449
8586,449
8587,449
8588,449
8589,448
8591,448
8592,448
8593,448
8594,449
8595,449
8596,449
8597,449
8598,448
8599,448
8600,448
8601,448
8602,448
8603,449
8604,449
8605,448
8606,448
8607,448
8608,448
8609,448
8610,448
8611,448
8612,448
8613,448
8614,448
8615,448
8616,447
8617,447
8618,448
8619,443
8620,447
8621,446
8622,448
8623,447
8624,447
8625,446
8626,442
8627,448
8628,448
8629,448
8630,447
8631,447
8632,447
8634,447
8635,448
8636,448
8637,448
8638,448
8639,448
8640,448
8641,448
8642,448
8643,448
8644,448
8645,449
8646,449
8647,448
8648,448
8649,448
8650,448
8651,448
8652,448
8653,449
8654,449
8655,449
8656,448
8657,448
8658,448
8659,448
8660,449
8661,449
8662,449
8663,449
8664,448
8665,448
8666,448
8667,448
8668,449
8669,449
8670,449
8671,449
8672,448
8673,448
8674,449
8675,449
8677,448
8678,449
8679,449
8680,449
8681,449
8682,448
8683,448
8684,448
8685,449
8686,449
8687,449
8688,449
8689,448
8690,448
8691,448
8692,448
8693,449
8694,449
8695,449
8696,449
8697,449
8698,449
8699,448
8700,448
8701,449
8702,449
8703,449
8704,449
8705,449
8706,448
8707,448
8708,448
8709,448
8710,449
8711,449
8712,449
8713,449
8714,449
8715,449
8716,448
8717,448
8719,448
8720,445
8721,449
8722,449
8723,448
8724,448
8725,447
8726,448
8727,449
8728,449
8729,449
8730,449
8731,448
8732,448
8733,448
8734,449
8735,449
8736,449
8737,449
8738,449
8739,448
8740,448
8741,448
8742,448
8743,448
8744,448
8745,448
8746,448
8747,448
8748,447
8749,447
8750,447
8751,447
8752,448
8753,448
8754,448
8755,448
8756,447
8757,447
8758,447
8759,447
8760,446
8762,447
8763,447
8764,447
8765,447
8766,447
8767,447
8768,447
8769,447
8770,448
8771,448
8772,448
8773,447
8774,448
8775,448
8776,448
8777,448
8778,448
8779,448
8780,448
8781,448
8782,447
8783,448
8784,448
8785,448
8786,448
8787,448
8788,448
8789,448
8790,448
8791,448
8792,448
8793,448
8794,449
8795,449
8796,448
8797,448
8798,448
8799,448
8800,448
8801,448
8802,448
8803,448
8805,448
8806,448
8807,448
8808,448
8809,448
8810,448
8811,448
8812,448
8813,448
8814,448
8815,448
8816,448
8817,448
8818,448
8819,448
8820,448
8821,448
8822,448
8823,447
8824,447
8825,447
8826,448
8827,448
8828,448
8829,448
8830,448
8831,448
8832,447
8833,447
8834,448
8835,449
8836,448
8837,448
8838,448
8839,448
8840,448
8841,448
8842,448
8843,448
8844,448
8845,448
8847,448
8848,448
8849,448
8850,448
8851,448
8852,448
8853,448
8854,449
8855,449
8856,449
8857,448
8858,448
8859,448
8860,448
8861,448
8862,448
8863,448
8864,448
8865,448
8866,448
8867,448
8868,448
8869,448
8870,449
8871,449
8872,448
8873,448
8874,448
8875,448
8876,448
8877,448
8878,448
8879,448
8880,448
8881,447
8882,446
8883,447
8884,447
8885,448
8886,448
8887,448
8888,447
8890,447
8891,447
8892,447
8893,447
8894,447
8895,448
8896,448
8897,447
8898,447
8899,446
8900,447
8901,446
8902,447
8903,447
8904,447
8905,447
8906,447
8907,447
8908,447
8909,447
8910,447
8911,448
8912,448
8913,447
8914,448
8915,448
8916,447
8917,447
8918,448
8919,448
8920,448
8921,448
8922,448
8923,447
8924,447
8925,447
8926,448
8927,448
8928,448
8929,448
8930,448
8931,447
8933,447
8934,447
8935,448
8936,448
8937,448
8938,448
8939,447
8940,447
8941,447
8942,447
8943,447
8944,447
8945,448
8946,447
8947,447
8948,447
8949,447
8950,446
8951,447
8952,447
8953,447
8954,448
8955,448
8956,447
8957,447
8958,447
8959,447
8960,447
8961,448
8962,448
8963,447
8964,447
8965,447
8966,447
8967,447
8968,448
8969,448
8970,448
8971,448
8972,447
8973,447
8975,448
8976,448
8977,448
8978,448
8979,448
8980,448
8981,448
8982,448
8983,448
8984,448
8985,448
8986,448
8987,448
8988,448
8989,448
8990,448
8991,447
8992,448
8993,448
8994,449
8995,449
8996,449
8997,448
8998,448
8999,448
9000,448
9001,448
9002,448
9003,449
9004,448
9005,448
9006,448
9007,448
9008,448
9009,448
9010,448
9011,448
9012,448
9013,448
9014,448
9015,448
9016,448
9018,448
9019,448
9020,448
9021,448
9022,448
9023,448
9024,447
9025,447
9026,447
9027,448
9028,448
9029,448
9030,448
9031,447
9032,447
9033,447
9034,447
9035,448
9036,448
9037,447
9038,447
9039,447
9040,447
9041,447
9042,447
9043,447
9044,448
9045,448
9046,447
9047,447
9048,447
9049,447
9050,447
9051,447
9052,448
9053,448
9054,448
9055,448
9056,447
9057,447
9058,447
9059,447
9061,447
9062,448
9063,447
9064,447
9065,447
9066,447
9067,447
9068,447
9069,447
9070,448
9071,447
9072,447
9073,447
9074,447
9075,447
9076,447
9077,447
9078,447
9079,447
9080,447
9081,446
9082,446
9083,446
9084,446
9085,447
9086,447
9087,447
9088,447
9089,446
9090,446
9091,446
9092,446
9093,446
9094,447
9095,447
9096,447
9097,447
9098,447
9099,447
9100,447
9101,447
9103,448
9104,448
9105,447
9106,447
9107,447
9108,447
9109,447
9110,447
9111,448
9112,448
9113,448
9114,448
9115,448
9116,448
9117,447
9118,448
9119,448
9120,449
9121,448
9122,448
9123,448
9124,448
9125,448
9126,448
9127,448
9128,449
9129,449
9130,449
9131,448
9132,448
9133,448
9134,449
9135,449
9136,449
9137,449
9138,449
9139,448
9140,448
9141,445
9142,448
9143,448
9144,449
9146,448
9147,448
9148,448
9149,446
9150,448
9151,448
9152,448
9153,448
9154,448
9155,449
9156,449
9157,448
9158,448
9159,448
9160,446
9161,444
9162,448
9163,448
9164,447
9165,447
9166,447
9167,447
9168,447
9169,448
9170,448
9171,448
9172,447
9173,447
9174,448
9175,447
9176,447
9177,447
9178,448
9179,448
9180,447
9181,447
9182,447
9183,447
9184,447
9185,447
9186,448
9187,448
9189,447
9190,447
9191,447
9192,447
9193,447
9194,447
9195,448
9196,448
9197,447
9198,447
9199,447
9200,447
9201,447
9202,447
9203,447
9204,447
9205,447
9206,446
9207,446
9208,446
9209,446
9210,447
9211,447
9212,447
9213,447
9214,447
9215,446
9216,446
9217,446
9218,447
9219,447
9220,446
9221,446
9222,446
9223,446
9224,446
9225,446
9226,446
9227,446
9228,447
9229,446
9231,446
9232,446
9233,446
9234,446
9235,447
9236,447
9237,447
9238,447
9239,447
9240,445
9241,446
9242,447
9243,447
9244,447
9245,448
9246,448
9247,447
9248,447
9249,447
9250,448
9251,447
9252,448
9253,448
9254,449
9255,449
9256,448
9257,448
9258,448
9259,448
9260,449
9261,449
9262,449
9263,449
9264,448
9265,449
9266,448
9267,449
9268,449
9269,449
9270,449
9271,449
9272,449
9274,448
9275,449
9276,449
9277,449
9278,449
9279,449
9280,449
9281,449
9282,448
9283,448
9284,448
9285,449
9286,449
9287,449
9288,449
9289,448
9290,448
9291,448
9292,448
9293,448
9294,449
9295,449
9296,449
9297,448
9298,448
9299,448
9300,448
9301,448
9302,448
9303,449
9304,448
9305,448
9306,447
9307,447
9308,447
9309,448
9310,448
9311,448
9312,448
9313,448
9314,448
9315,448
9317,447
9318,448
9319,448
9320,448
9321,448
9322,448
9323,447
9324,447
9325,447
9326,447
9327,447
9328,448
9329,448
9330,448
9331,447
9332,447
9333,447
9334,447
9335,448
9336,448
9337,447
9338,447
9339,447
9340,447
9341,446
9342,446
9343,447
9344,447
9345,447
9346,447
9347,446
9348,446
9349,446
9350,446
9351,446
9352,447
9353,447
9354,447
9355,447
9356,446
9357,446
9359,446
9360,446
9361,446
9362,445
9363,446
9364,446
9365,446
9366,446
9367,446
9368,447
9369,447
9370,447
9371,447
9372,447
9373,447
9374,447
9375,447
9376,448
9377,448
9378,448
9379,448
9380,448
9381,448
9382,447
9383,448
9384,448
9385,448
9386,449
9387,449
9388,449
9389,448
9390,448
9391,448
9392,449
9393,449
9394,450
9395,450
9396,449
9397,449
9398,449
9399,449
9400,449
9402,449
9403,449
9404,449
9405,449
9406,449
9407,449
9408,449
9409,449
9410,449
9411,450
9412,450
9413,449
9414,449
9415,450
9416,449
9417,449
9418,449
9419,447
9420,450
9421,450
9422,449
9423,449
9424,449
9425,449
9426,449
9427,449
9428,449
9429,449
9430,449
9431,449
9432,448
9433,449
9434,449
9435,449
9436,449
9437,449
9438,449
9439,448
9440,448
9441,448
9442,448
9443,449
9445,448
9446,449
9447,448
9448,448
9449,448
9450,448
9451,448
9452,448
9453,448
9454,448
9455,449
9456,448
9457,448
9458,447
9459,448
9460,448
9461,448
9462,448
9463,447
9464,447
9465,447
9466,447
9467,447
9468,447
9469,447
9470,448
9471,447
9472,447
9473,447
9474,447
9475,447
9476,447
9477,447
9478,447
9479,447
9480,447
9481,446
9482,446
9483,446
9484,446
9485,447
9487,447
9488,447
9489,447
9490,446
9491,446
9492,446
9493,446
9494,447
9495,447
9496,447
9497,447
9498,446
9499,446
9500,446
9501,447
9502,447
9503,447
9504,447
9505,448
9506,447
9507,447
9508,447
9509,447
9510,448
9511,448
9512,448
9513,448
9514,448
9515,448
9516,448
9517,448
9518,448
9519,448
9520,449
9521,448
9522,448
9523,448
9524,448
9525,448
9526,448
9527,449
9528,449
9530,449
9531,449
9532,449
9533,449
9534,448
9535,450
9536,450
9537,450
9538,450
9539,450
9540,448
9541,448
9542,449
9543,450
9544,450
9545,450
9546,450
9547,450
9548,449
9549,449
9550,449
9551,450
9552,450
9553,450
9554,450
9555,450
9556,450
9557,449
9558,449
9559,449
9560,449
9561,450
9562,450
9563,449
9564,449
9565,448
9566,449
9567,449
9568,449
9569,450
9570,450
9571,449
9573,449
9574,449
9575,449
9576,449
9577,449
9578,449
9579,449
9580,449
9581,449
9582,448
9583,448
9584,448
9585,448
9586,449
9587,449
9588,449
9589,448
9590,448
9591,448
9592,448
9593,448
9594,449
9595,449
9596,449
9597,448
9598,448
9599,448
9600,447
9601,448
9602,448
9603,448
9604,448
9605,448
9606,447
9607,447
9608,447
9609,447
9610,447
9611,448
9612,447
9613,447
9615,447
9616,447
9617,446
9618,447
9619,447
9620,447
9621,447
9622,447
9623,446
9624,446
9625,446
9626,446
9627,447
9628,447
9629,446
9630,447
9631,447
9632,447
9633,446
9634,447
9635,448
9636,448
9637,448
9638,448
9639,447
9640,447
9641,447
9642,448
9643,448
9644,448
9645,448
9646,449
9647,448
9648,448
9649,448
9650,448
9651,449
9652,449
9653,448
9654,449
9655,450
9656,449
9658,448
9659,449
9660,449
9661,449
9662,449
9663,450
9664,449
9665,449
9666,448
9667,449
9668,450
9669,450
9670,450
9671,450
9672,450
9673,450
9674,450
9675,450
9676,451
9677,450
9678,450
9679,450
9680,450
9681,450
9682,449
9683,450
9684,450
9685,450
9686,450
9687,451
9688,450
9689,450
9690,449
9691,450
9692,450
9693,450
9694,451
9695,451
9696,450
9697,450
9698,449
9699,449
9701,449
9702,450
9703,450
9704,450
9705,450
9706,449
9707,449
9708,449
9709,449
9710,449
9711,450
9712,450
9713,450
9714,449
9715,449
9716,449
9717,449
9718,449
9719,449
9720,449
9721,449
9722,449
9723,448
9724,448
9725,448
9726,448
9727,448
9728,448
9729,449
9730,448
9731,448
9732,448
9733,448
9734,448
9735,449
9736,449
9737,448
9738,448
9739,448
9740,448
9741,448
9743,447
9744,448
9745,448
9746,448
9747,448
9748,447
9749,447
9750,447
9751,447
9752,448
9753,448
9754,448
9755,448
9756,448
9757,447
9758,447
9759,447
9760,448
9761,448
9762,447
9763,447
9764,447
9765,447
9766,447
9767,447
9768,448
9769,448
9770,448
9771,448
9772,448
9773,448
9774,448
9775,449
9776,449
9777,449
9778,449
9779,449
9780,449
9781,449
9782,449
9783,449
9784,449
9786,450
9787,450
9788,450
9789,450
9790,450
9791,449
9792,449
9793,450
9794,450
9795,451
9796,451
9797,450
9798,450
9799,449
9800,450
9801,450
9802,450
9803,451
9804,451
9805,451
9806,450
9807,450
9808,450
9809,450
9810,450
9811,451
9812,451
9813,451
9814,451
9815,451
9816,450
9817,450
9818,450
9819,451
9820,451
9821,451
9822,450
9823,450
9824,450
9825,450
9826,451
9827,451
9829,451
9830,451
9831,451
9832,450
9833,450
9834,450
9835,451
9836,451
9837,451
9838,450
9839,450
9840,450
9841,450
9842,450
9843,449
9844,450
9845,450
9846,450
9847,449
9848,449
9849,449
9850,449
9851,449
9852,449
9853,450
9854,450
9855,450
9856,449
9857,449
9858,448
9859,449
9860,449
9861,449
9862,449
9863,449
9864,448
9865,448
9866,448
9867,448
9868,448
9869,448
9871,449
9872,448
9873,448
9874,448
9875,448
9876,448
9877,448
9878,448
9879,448
9880,448
9881,448
9882,447
9883,447
9884,447
9885,448
9886,448
9887,448
9888,448
9889,448
9890,447
9891,447
9892,448
9893,448
9894,448
9895,449
9896,449
9897,448
9898,448
9899,448
9900,448
9901,449
9902,449
9903,449
9904,449
9905,449
9906,449
9907,449
9908,449
9909,449
9910,450
9911,450
9912,450
9914,449
9915,450
9916,450
9917,449
9918,450
9919,450
9920,451
9921,450
9922,450
9923,450
9924,450
9925,450
9926,450
9927,451
9928,451
9929,451
9930,451
9931,450
9932,450
9933,450
9934,451
9935,451
9936,452
9937,451
9938,451
9939,451
9940,450
9941,450
9942,450
9943,451
9944,451
9945,451
9946,451
9947,451
9948,451
9949,451
9950,451
9951,451
9952,451
9953,451
9954,452
9955,452
9957,451
9958,450
9959,450
9960,450
9961,451
9962,451
9963,451
9964,451
9965,450
9966,450
9967,450
9968,450
9969,451
9970,451
9971,451
9972,450
9973,450
9974,450
9975,450
9976,451
9977,450
9978,450
9979,450
9980,450
9981,450
9982,450
9983,449
9984,450
9985,450
9986,450
9987,450
9988,450
9989,449
9990,449
9991,449
9992,449
9993,449
9994,450
9995,450
9996,449
9997,449
9999,448
10000,449
10001,449
10002,449
10003,449
10004,449
10005,449
10006,448
10007,448
10008,448
10009,448
10010,448
10011,449
10012,449
10013,448
10014,448
10015,448
10016,448
10017,448
10018,448
10019,448
10020,448
10021,448
10022,448
10023,448
10024,448
10025,448
10026,448
10027,449
10028,449
10029,449
10030,449
10031,448
10032,449
10033,448
10034,449
10035,450
10036,450
10037,449
10038,449
10039,449
10040,449
10042,449
10043,449
10044,450
10045,450
10046,450
10047,450
10048,450
10049,449
10050,450
10051,450
10052,450
10053,451
10054,451
10055,451
10056,451
10057,450
10058,450
10059,450
10060,451
10061,451
10062,451
10063,451
10064,451
10065,450
10066,450
10067,451
10068,451
10069,451
10070,452
10071,451
10072,451
10073,451
10074,451
10075,451
10076,451
10077,451
10078,451
10079,452
10080,451
10081,451
10082,451
10083,451
10085,451
10086,452
10087,452
10088,451
10089,451
10090,451
10091,451
10092,451
10093,451
10094,451
10095,452
10096,452
10097,451
10098,451
10099,450
10100,450
10101,451
10102,451
10103,451
10104,451
10105,451
10106,451
10107,450
10108,450
10109,450
10110,451
10111,451
10112,451
10113,450
10114,451
10115,450
10116,450
10117,450
10118,450
10119,450
10120,450
10121,450
10122,449
10123,449
10124,449
10125,449
10127,450
10128,450
10129,450
10130,450
10131,449
10132,449
10133,449
10134,449
10135,450
10136,450
10137,450
10138,449
10139,449
10140,448
10141,449
10142,449
10143,449
10144,449
10145,449
10146,449
10147,449
10148,448
10149,448
10150,448
10151,449
10152,449
10153,449
10154,450
10155,450
10156,449
10157,449
10158,449
10159,449
10160,449
10161,450
10162,450
10163,449
10164,449
10165,449
10166,449
10167,450
10168,450
10170,450
10171,450
10172,450
10173,450
10174,450
10175,450
10176,451
10177,451
10178,451
10179,450
10180,451
10181,450
10182,451
10183,449
10184,451
10185,451
10186,451
10187,452
10188,451
10189,451
10190,451
10191,450
10192,451
10193,451
10194,452
10195,452
10196,452
10197,451
10198,451
10199,451
10200,451
10201,451
10202,452
10203,452
10204,451
10205,451
10206,451
10207,451
10208,451
10209,451
10210,452
10211,452
10213,451
10214,451
10215,452
10216,452
10217,451
10218,451
10219,451
10220,452
10221,452
10222,451
10223,451
10224,451
10225,451
10226,451
10227,452
10228,452
10229,452
10230,451
10231,451
10232,451
10233,450
10234,451
10235,452
10236,452
10237,451
10238,451
10239,450
10240,450
10241,450
10242,450
10243,450
10244,450
10245,451
10246,450
10247,450
10248,449
10249,449
10250,449
10251,450
10252,450
10253,450
10255,450
10256,450
10257,449
10258,449
10259,449
10260,449
10261,450
10262,450
10263,450
10264,449
10265,449
10266,449
10267,449
10268,450
10269,450
10270,450
10271,450
10272,449
10273,449
10274,449
10275,450
10276,450
10277,450
10278,450
10279,450
10280,450
10281,449
10282,449
10283,449
10284,449
10285,450
10286,450
10287,450
10288,450
10289,449
10290,449
10291,449
10292,450
10293,450
10294,451
10295,451
10296,450
10298,450
10299,449
10300,449
10301,450
10302,450
10303,450
10304,450
10305,451
10306,450
10307,450
10308,450
10309,451
10310,451
10311,451
10312,451
10313,451
10314,451
10315,451
10316,451
10317,451
10318,451
10319,451
10320,452
10321,452
10322,451
10323,451
10324,451
10325,451
10326,451
10327,452
10328,451
10329,452
10330,451
10331,451
10332,451
10333,451
10334,452
10335,452
10336,452
10337,452
10338,451
10339,451
10341,451
10342,451
10343,451
10344,452
10345,452
10346,452
10347,451
10348,451
10349,451
10350,451
10351,451
10352,451
10353,451
10354,451
10355,452
10356,451
10357,450
10358,450
10359,451
10360,451
10361,451
10362,451
10363,451
10364,450
10365,450
10366,450
10367,450
10368,451
10369,451
10370,451
10371,451
10372,450
10373,450
10374,450
10375,451
10376,451
10377,450
10378,450
10379,450
10380,450
10381,450
10383,450
10384,450
10385,450
10386,451
10387,450
10388,450
10389,450
10390,450
10391,449
10392,449
10393,450
10394,450
10395,450
10396,451
10397,450
10398,449
10399,449
10400,449
10401,450
10402,450
10403,450
10404,451
10405,450
10406,450
10407,450
10408,450
10409,450
10410,450
10411,450
10412,450
10413,450
10414,450
10415,450
10416,450
10417,450
10418,450
10419,450
10420,450
10421,450
10422,450
10423,450
10424,450
10426,450
10427,450
10428,451
10429,451
10430,451
10431,450
10432,450
10433,450
10434,451
10435,452
10436,452
10437,452
10438,451
10439,451
10440,451
10441,451
10442,451
10443,451
10444,451
10445,452
10446,452
10447,451
10448,450
10449,450
10450,451
10451,451
10452,451
10453,452
10454,452
10455,452
10456,451
10457,451
10458,451
10459,451
10460,451
10461,451
10462,452
10463,451
10464,451
10465,451
10466,451
10467,451
10469,451
10470,451
10471,451
10472,451
10473,450
10474,450
10475,451
10476,451
10477,450
10478,451
10479,451
10480,450
10481,450
10482,450
10483,450
10484,450
10485,450
10486,451
10487,451
10488,450
10489,450
10490,450
10491,450
10492,450
10493,450
10494,451
10495,451
10496,451
10497,450
10498,450
10499,450
10500,450
10501,450
10502,451
10503,451
10504,451
10505,450
10506,450
10507,450
10508,450
10509,450
10511,451
10512,451
10513,451
10514,450
10515,450
10516,451
10517,450
10518,450
10519,451
10520,451
10521,451
10522,450
10523,450
10524,450
10525,450
10526,450
10527,450
10528,451
10529,451
10530,450
10531,450
10532,450
10533,450
10534,450
10535,451
10536,451
10537,451
10538,450
10539,450
10540,450
10541,450
10542,450
10543,451
10544,451
10545,451
10546,451
10547,450
10548,450
10549,450
10550,450
10551,450
10552,450
10554,451
10555,451
10556,451
10557,451
10558,450
10559,450
10560,445
10561,451
10562,451
10563,451
10564,451
10565,451
10566,451
10567,446
10568,451
10569,452
10570,451
10571,451
10572,450
10573,450
10574,450
10575,451
10576,451
10577,451
10578,451
10579,451
10580,451
10581,450
10582,447
10583,450
10584,450
10585,451
10586,451
10587,451
10588,451
10589,450
10590,450
10591,450
10592,450
10593,451
10594,451
10595,451
10597,450
10598,450
10599,450
10600,450
10601,450
10602,450
10603,451
10604,451
10605,450
10606,450
10607,450
10608,450
10609,450
10610,450
10611,451
10612,451
10613,451
10614,450
10615,451
10616,450
10617,450
10618,450
10619,451
10620,451
10621,451
10622,450
10623,450
10624,450
10625,450
10626,450
10627,451
10628,451
10629,451
10630,451
10631,450
10632,450
10633,450
10634,451
10635,452
10636,451
10637,451
10639,450
10640,450
10641,450
10642,450
10643,450
10644,451
10645,451
10646,451
10647,450
10648,450
10649,450
10650,450
10651,451
10652,451
10653,451
10654,451
10655,451
10656,451
10657,450
10658,450
10659,450
10660,451
10661,451
10662,451
10663,451
10664,451
10665,450
10666,450
10667,451
10668,451
10669,451
10670,452
10671,451
10672,451
10673,451
10674,451
10675,452
10676,452
10677,451
10678,452
10679,451
10680,451
10682,450
10683,450
10684,450
10685,450
10686,450
10687,450
10688,450
10689,450
10690,449
10691,449
10692,449
10693,449
10694,450
10695,450
10696,450
10697,449
10698,449
10699,449
10700,449
10701,449
10702,449
10703,449
10704,449
10705,449
10706,449
10707,449
10708,449
10709,449
10710,449
10711,449
10712,449
10713,449
10714,449
10715,449
10716,449
10717,449
10718,449
10719,449
10720,449
10721,450
10722,449
10723,449
10725,449
10726,449
10727,450
10728,450
10729,450
10730,450
10731,450
10732,449
10733,450
10734,450
10735,451
10736,451
10737,451
10738,450
10739,450
10740,450
10741,450
10742,450
10743,450
10744,451
10745,451
10746,451
10747,450
10748,450
10749,450
10750,450
10751,450
10752,451
10753,451
10754,451
10755,451
10756,451
10757,450
10758,450
10759,450
10760,451
10761,451
10762,451
10763,450
10764,450
10765,450
10767,450
10768,450
10769,451
10770,451
10771,451
10772,450
10773,450
10774,450
10775,450
10776,451
10777,450
10778,451
10779,450
10780,450
10781,450
10782,450
10783,450
10784,450
10785,450
10786,450
10787,450
10788,450
10789,450
10790,450
10791,450
10792,450
10793,450
10794,451
10795,451
10796,451
10797,450
10798,449
10799,449
10800,450
10801,450
10802,451
10803,451
10804,451
10805,451
10806,451
10807,451
10808,451
10810,451
10811,451
10812,450
10813,450
10814,449
10815,449
10816,449
10817,448
10818,448
10819,448
10820,448
10821,448
10822,448
10823,447
10824,447
10825,447
10826,447
10827,447
10828,448
10829,447
10830,447
10831,446
10832,446
10833,446
10834,446
10835,446
10836,446
10837,445
10838,444
10839,443
10840,443
10841,443
10842,443
10843,443
10844,444
10845,444
10846,443
10847,443
10848,443
10849,443
10850,444
10851,444
10853,445
10854,445
10855,446
10856,446
10857,446
10858,446
10859,446
10860,447
10861,447
10862,447
10863,447
10864,446
10865,446
10866,447
10867,447
10868,447
10869,448
10870,448
10871,448
10872,448
10873,449
10874,449
10875,450
10876,450
10877,450
10878,450
10879,450
10880,450
10881,450
10882,450
10883,450
10884,450
10885,450
10886,451
10887,450
10888,450
10889,450
10890,450
10891,450
10892,450
10893,450
10895,451
10896,451
10897,450
10898,449
10899,450
10900,449
10901,450
10902,450
10903,450
10904,450
10905,450
10906,449
10907,449
10908,449
10909,450
10910,450
10911,450
10912,450
10913,450
10914,449
10915,450
10916,450
10917,449
10918,449
10919,450
10920,450
10921,450
10922,449
10923,449
10924,449
10925,449
10926,449
10927,449
10928,449
10929,449
10930,449
10931,448
10932,448
10933,448
10934,449
10935,451
10936,454
10938,456
10939,457
10940,457
10941,457
10942,457
10943,456
10944,451
10945,455
10946,455
10947,454
10948,454
10949,454
10950,453
10951,452
10952,453
10953,452
10954,450
10955,450
10956,449
10957,447
10958,446
10959,446
10960,444
10961,444
10962,439
10963,443
10964,443
10965,442
10966,441
10967,441
10968,441
10969,441
10970,440
10971,440
10972,440
10973,439
10974,440
10975,440
10976,440
10977,439
10978,440
10979,439
10981,439
10982,439
10983,439
10984,440
10985,440
10986,441
10987,442
10988,442
10989,443
10990,443
10991,444
10992,445
10993,446
10994,447
10995,449
10996,449
10997,448
10998,447
10999,446
11000,446
11001,445
11002,446
11003,447
11004,447
11005,447
11006,447
11007,447
11008,448
11009,448
11010,449
11011,449
11012,449
11013,449
11014,449
11015,450
11016,449
11017,449
11018,450
11019,450
11020,449
11021,450
11023,449
11024,449
11025,449
11026,449
11027,450
11028,450
11029,450
11030,450
11031,449
11032,449
11033,449
11034,450
11035,450
11036,450
11037,450
11038,450
11039,449
11040,449
11041,449
11042,449
11043,449
11044,450
11045,449
11046,449
11047,449
11048,449
11049,448
11050,449
11051,449
11052,449
11053,449
11054,449
11055,449
11056,448
11057,448
11058,447
11059,448
11060,448
11061,448
11062,448
11063,448
11064,447
11066,448
11067,449
11068,451
11069,454
11070,458
11071,460
11072,462
11073,463
11074,464
11075,466
11076,467
11077,466
11078,465
11079,462
11080,461
11081,458
11082,457
11083,455
11084,454
11085,453
11086,452
11087,450
11088,449
11089,447
11090,445
11091,442
11092,443
11093,442
11094,441
11095,441
11096,440
11097,438
11098,438
11099,436
11100,436
11101,436
11102,436
11103,436
11104,436
11105,435
11106,435
11107,435
11109,435
11110,434
11111,435
11112,435
11113,435
11114,434
11115,435
11116,435
11117,435
11118,435
11119,436
11120,436
11121,437
11122,437
11123,437
11124,438
11125,439
11126,441
11127,442
11128,445
11129,447
11130,447
11131,444
11132,441
11133,441
11134,443
11135,444
11136,445
11137,445
11138,446
11139,446
11140,446
11141,447
11142,447
11143,448
11144,448
11145,449
11146,449
11147,449
11148,449
11149,449
11151,450
11152,450
11153,450
11154,450
11155,450
11156,450
11157,450
11158,449
11159,450
11160,450
11161,450
11162,450
11163,450
11164,449
11165,449
11166,449
11167,449
11168,449
11169,449
11170,449
11171,449
11172,449
11173,448
11174,448
11175,448
11176,449
11177,448
11178,448
11179,448
11180,447
11181,447
11182,447
11183,446
11184,446
11185,447
11186,447
11187,447
11188,446
11189,446
11190,446
11191,446
11192,446
11194,447
11195,447
11196,448
11197,447
11198,447
11199,449
11200,454
11201,462
11202,473
11203,484
11204,491
11205,494
11206,492
11207,487
11208,479
11209,470
11210,462
11211,456
11212,451
11213,448
11214,439
11215,423
11216,397
11217,362
11218,327
11219,290
11220,252
11221,212
11222,172
11223,135
11224,104
11225,80
11226,60
11227,43
11228,30
11229,22
11230,15
11231,12
11232,11
11233,11
11234,11
11235,11
11237,11
11238,11
11239,11
11240,11
11241,11
11242,12
11243,12
11244,12
11245,11
11246,11
11247,11
11248,11
11249,11
11250,10
11251,10
11252,9
11253,8
11254,8
11255,7
11256,7
11257,7
11258,7
11259,7
11260,7
11261,14
11262,50
11263,128
11264,234
11265,339
11266,416
11267,445
11268,448
11269,450
11270,452
11271,452
11272,452
11273,452
11274,452
11275,452
11276,453
11277,453
11279,453
11280,452
11281,452
11282,451
11283,451
11284,451
11285,452
11286,452
11287,450
11288,451
11289,451
11290,451
11291,451
11292,451
11293,451
11294,450
11295,452
11296,452
11297,451
11298,451
11299,450
11300,445
11301,450
11302,451
11303,451
11304,451
11305,450
11306,450
11307,450
11308,450
11309,449
11310,450
11311,449
11312,449
11313,448
11314,448
11315,448
11316,448
11317,448
11318,448
11319,449
11320,448
11322,448
11323,448
11324,448
11325,449
11326,449
11327,450
11328,449
11329,427
11330,369
11331,280
11332,187
11333,106
11334,56
11335,34
11336,27
11337,21
11338,17
11339,16
11340,16
11341,16
11342,16
11343,16
11344,16
11345,16
11346,16
11347,16
11348,16
11349,16
11350,16
11351,16
11352,16
11353,16
11354,16
11355,15
11356,15
11357,15
11358,15
11359,15
11360,15
11361,14
11362,14
11363,13
11365,13
11366,13
11367,13
11368,12
11369,13
11370,12
11371,12
11372,12
11373,11
11374,12
11375,12
11376,11
11377,11
11378,11
11379,10
11380,10
11381,9
11382,8
11383,8
11384,7
11385,7
11386,7
11387,6
11388,6
11389,6
11390,6
11391,10
11392,36
11393,105
11394,207
11395,315
11396,402
11397,442
11398,447
11399,449
11400,451
11401,452
11402,452
11403,452
11404,451
11405,452
11407,452
11408,452
11409,452
11410,452
11411,452
11412,452
11413,452
11414,452
11415,452
11416,452
11417,452
11418,452
11419,452
11420,452
11421,451
11422,451
11423,448
11424,451
11425,452
11426,451
11427,452
11428,452
11429,452
11430,451
11431,451
11432,451
11433,451
11434,451
11435,452
11436,452
11437,451
11438,451
11439,450
11440,449
11441,450
11442,449
11443,450
11444,450
11445,450
11446,450
11447,450
11448,450
11450,450
11451,451
11452,451
11453,451
11454,452
11455,452
11456,451
11457,451
11458,449
11459,423
11460,353
11461,253
11462,153
11463,72
11464,31
11465,17
11466,16
11467,16
11468,16
11469,16
11470,16
11471,16
11472,16
11473,16
11474,16
11475,16
11476,16
11477,16
11478,16
11479,16
11480,16
11481,15
11482,15
11483,15
11484,15
11485,15
11486,15
11487,15
11488,15
11489,14
11490,14
11491,14
11493,14
11494,14
11495,13
11496,13
11497,13
11498,13
11499,12
11500,13
11501,13
11502,13
11503,13
11504,13
11505,12
11506,12
11507,11
11508,11
11509,10
11510,10
11511,10
11512,9
11513,8
11514,8
11515,7
11516,7
11517,7
11518,7
11519,7
11520,8
11521,14
11522,48
11523,123
11524,227
11525,334
11526,415
11527,446
11528,450
11529,452
11530,451
11531,450
11532,451
11533,450
11535,451
11536,451
11537,451
11538,450
11539,451
11540,451
11541,452
11542,453
11543,454
11544,454
11545,454
11546,453
11547,453
11548,453
11549,452
11550,452
11551,453
11552,453
11553,453
11554,453
11555,453
11556,453
11557,452
11558,452
11559,452
11560,452
11561,452
11562,452
11563,450
11564,451
11565,451
11566,451
11567,451
11568,451
11569,452
11570,451
11571,451
11572,450
11573,450
11574,451
11575,451
11576,452
11578,452
11579,452
11580,452
11581,452
11582,452
11583,452
11584,452
11585,452
11586,453
11587,453
11588,447
11589,407
11590,326
11591,226
11592,131
11593,62
11594,28
11595,19
11596,18
11597,18
11598,18
11599,18
11600,18
11601,18
11602,18
11603,18
11604,18
11605,18
11606,17
11607,17
11608,17
11609,17
11610,17
11611,17
11612,17
11613,17
11614,16
11615,16
11616,16
11617,16
11618,16
11619,16
11621,15
11622,15
11623,15
11624,14
11625,14
11626,14
11627,14
11628,14
11629,14
11630,13
11631,13
11632,13
11633,13
11634,13
11635,13
11636,13
11637,13
11638,13
11639,13
11640,13
11641,14
11642,14
11643,16
11644,17
11645,19
11646,32
11647,73
11648,129
11649,197
11650,262
11651,314
11652,358
11653,390
11654,416
11655,437
11656,447
11657,449
11658,450
11659,450
11660,451
11661,451
11663,451
11664,451
11665,451
11666,451
11667,451
11668,451
11669,452
11670,452
11671,452
11672,452
11673,452
11674,452
11675,452
11676,452
11677,453
11678,453
11679,453
11680,453
11681,452
11682,452
11683,452
11684,453
11685,453
11686,453
11687,453
11688,453
11689,453
11690,452
11691,453
11692,453
11693,453
11694,454
11695,454
11696,454
11697,453
11698,453
11699,453
11700,454
11701,454
11702,454
11703,455
11704,455
11706,455
11707,455
11708,455
11709,455
11710,456
11711,456
11712,456
11713,455
11714,454
11715,453
11716,453
11717,451
11718,451
11719,451
11720,453
11721,457
11722,465
11723,470
11724,472
11725,474
11726,475
11727,477
11728,478
11729,481
11730,485
11731,488
11732,493
11733,498
11734,503
11735,507
11736,510
11737,511
11738,511
11739,511
11740,511
11741,510
11742,509
11743,508
11744,506
11745,504
11746,503
11747,501
11749,499
11750,497
11751,497
11752,496
11753,497
11754,496
11755,496
11756,496
11757,496
11758,495
11759,495
11760,495
11761,495
11762,494
11763,493
11764,491
11765,491
11766,490
11767,489
11768,489
11769,489
11770,489
11771,489
11772,490
11773,490
11774,490
11775,491
11776,492
11777,491
11778,491
11779,490
11780,489
11781,488
11782,487
11783,486
11784,485
11785,484
11786,484
11787,482
11788,481
11789,481
11791,480
11792,480
11793,480
11794,480
11795,481
11796,481
11797,480
11798,480
11799,479
11800,480
11801,480
11802,480
11803,480
11804,480
11805,480
11806,480
11807,480
11808,480
11809,480
11810,480
11811,480
11812,480
11813,480
11814,480
11815,480
11816,480
11817,480
11818,480
11819,480
11820,480
11821,480
11822,480
11823,479
11824,480
11825,480
11826,480
11827,480
11828,480
11829,480
11830,480
11831,479
11832,479
11834,480
11835,481
11836,481
11837,480
11838,480
11839,480
11840,480
11841,479
11842,480
11843,480
11844,480
11845,481
11846,480
11847,480
11848,479
11849,479
11850,479
11851,480
11852,480
11853,480
11854,480
11855,480
11856,480
11857,479
11858,479
11859,480
11860,480
11861,480
11862,480
11863,480
11864,480
11865,479
11866,480
11867,480
11868,480
11869,480
11870,480
11871,480
11872,480
11873,480
11874,480
11875,480
11877,481
11878,480
11879,480
11880,480
11881,480
11882,479
11883,480
11884,480
11885,480
11886,480
11887,480
11888,480
11889,480
11890,480
11891,480
11892,480
11893,480
11894,480
11895,481
11896,481
11897,480
11898,480
11899,480
11900,480
11901,480
11902,480
11903,480
11904,480
11905,480
11906,479
11907,480
11908,480
11909,480
11910,480
11911,480
11912,480
11913,480
11914,480
11915,480
11916,480
11917,480
11919,480
11920,480
11921,480
11922,480
11923,480
11924,479
11925,480
11926,480
11927,480
11928,480
11929,480
11930,480
11931,479
11932,479
11933,479
11934,480
11935,481
11936,481
11937,480
11938,480
11939,479
11940,479
11941,479
11942,479
11943,478
11944,480
11945,480
11946,480
11947,480
11948,479
11949,480
11950,480
11951,480
11952,480
11953,480
11954,480
11955,480
11956,480
11957,479
11958,480
11959,480
11960,480
11962,480
11963,480
11964,479
11965,479
11966,479
11967,480
11968,480
11969,481
11970,481
11971,480
11972,480
11973,480
11974,480
11975,480
11976,480
11977,480
11978,480
11979,480
11980,480
11981,479
11982,479
11983,480
11984,480
11985,480
11986,480
11987,480
11988,480
11989,480
11990,479
11991,480
11992,480
11993,480
11994,480
11995,481
11996,480
11997,480
11998,479
11999,479
12000,479
12001,480
12002,480
12003,480
12005,480
12006,479
12007,479
12008,479
12009,480
12010,480
12011,480
12012,480
12013,480
12014,480
12015,480
12016,480
12017,480
12018,480
12019,480
12020,480
12021,480
12022,480
12023,480
12024,479
12025,480
12026,480
12027,480
12028,480
12029,480
12030,480
12031,479
12032,479
12033,479
12034,480
12035,481
12036,481
12037,480
12038,480
12039,480
12040,480
12041,479
12042,480
12043,480
12044,480
12045,480
12047,480
12048,480
12049,479
12050,480
12051,480
12052,480
12053,480
12054,480
12055,481
12056,480
12057,480
12058,480
12059,480
12060,480
12061,480
12062,480
12063,480
12064,480
12065,479
12066,479
12067,480
12068,480
12069,480
12070,480
12071,480
12072,480
12073,480
12074,479
12075,480
12076,480
12077,480
12078,480
12079,480
12080,479
12081,479
12082,479
12083,479
12084,480
12085,480
12086,480
12087,480
12088,480
12090,479
12091,479
12092,479
12093,480
12094,480
12095,481
12096,481
12097,480
12098,480
12099,480
12100,479
12101,480
12102,480
12103,480
12104,480
12105,480
12106,479
12107,479
12108,479
12109,480
12110,480
12111,480
12112,480
12113,480
12114,479
12115,480
12116,480
12117,480
12118,480
12119,480
12120,480
12121,480
12122,480
12123,479
12124,480
12125,480
12126,480
12127,480
12128,480
12129,480
12130,480
12131,479
12133,479
12134,480
12135,481
12136,481
12137,481
12138,480
12139,480
12140,479
12141,479
12142,479
12143,480
12144,480
12145,480
12146,480
12147,479
12148,479
12149,479
12150,479
12151,480
12152,480
12153,480
12154,480
12155,480
12156,480
12157,479
12158,480
12159,480
12160,480
12161,480
12162,480
12163,480
12164,479
12165,480
12166,479
12167,480
12168,480
12169,480
12170,480
12171,480
12172,479
12173,479
12175,480
12176,480
12177,481
12178,480
12179,480
12180,480
12181,479
12182,479
12183,479
12184,480
12185,480
12186,480
12187,480
12188,480
12189,479
12190,479
12191,479
12192,480
12193,480
12194,480
12195,480
12196,480
12197,479
12198,479
12199,479
12200,479
12201,480
12202,480
12203,480
12204,480
12205,479
12206,479
12207,479
12208,479
12209,480
12210,480
12211,480
12212,480
12213,479
12214,480
12215,480
12216,480
12218,480
12219,480
12220,480
12221,480
12222,480
12223,479
12224,479
12225,479
12226,480
12227,480
12228,480
12229,480
12230,480
12231,479
12232,479
12233,479
12234,480
12235,481
12236,481
12237,480
12238,480
12239,479
12240,479
12241,479
12242,480
12243,480
12244,480
12245,480
12246,480
12247,479
12248,479
12249,479
12250,479
12251,480
12252,480
12253,480
12254,480
12255,480
12256,480
12257,479
12258,479
12259,480
12261,480
12262,480
12263,480
12264,479
12265,479
12266,479
12267,480
12268,480
12269,480
12270,480
12271,480
12272,479
12273,479
12274,479
12275,480
12276,480
12277,480
12278,480
12279,479
12280,480
12281,479
12282,479
12283,479
12284,480
12285,480
12286,480
12287,480
12288,479
12289,479
12290,479
12291,479
12292,480
12293,480
12294,480
12295,481
12296,480
12297,479
12298,479
12299,479
12300,480
12301,480
12303,480
12304,480
12305,480
12306,479
12307,479
12308,479
12309,480
12310,480
12311,480
12312,480
12313,480
12314,479
12315,480
12316,480
12317,480
12318,480
12319,480
12320,472
12321,479
12322,479
12323,479
12324,479
12325,478
12326,479
12327,480
12328,480
12329,479
12330,476
12331,479
12332,479
12333,479
12334,479
12335,478
12336,474
12337,479
12338,479
12339,478
12340,478
12341,479
12342,479
12343,480
12344,480
12346,480
12347,480
12348,479
12349,479
12350,479
12351,479
12352,480
12353,480
12354,480
12355,480
12356,480
12357,479
12358,479
12359,479
12360,480
12361,480
12362,480
12363,479
12364,479
12365,479
12366,479
12367,479
12368,480
12369,480
12370,480
12371,479
12372,479
12373,479
12374,479
12375,480
12376,480
12377,480
12378,480
12379,479
12380,480
12381,479
12382,479
12383,479
12384,480
12385,480
12386,480
12387,480
12389,479
12390,479
12391,479
12392,479
12393,480
12394,480
12395,480
12396,480
12397,480
12398,479
12399,479
12400,479
12401,480
12402,480
12403,480
12404,480
12405,480
12406,479
12407,479
12408,479
12409,480
12410,480
12411,480
12412,480
12413,480
12414,479
12415,480
12416,480
12417,480
12418,480
12419,480
12420,480
12421,480
12422,479
12423,479
12424,479
12425,480
12426,480
12427,480
12428,480
12429,480
12431,479
12432,479
12433,479
12434,480
12435,480
12436,481
12437,480
12438,480
12439,479
12440,479
12441,479
12442,480
12443,480
12444,480
12445,480
12446,480
12447,479
12448,479
12449,479
12450,479
12451,480
12452,480
12453,480
12454,480
12455,480
12456,480
12457,479
12458,480
12459,480
12460,480
12461,480
12462,480
12463,480
12464,479
12465,479
12466,479
12467,480
12468,480
12469,480
12470,480
12471,479
12472,479
12474,479
12475,480
12476,480
12477,481
12478,480
12479,480
12480,480
12481,479
12482,479
12483,479
12484,480
12485,480
12486,480
12487,480
12488,480
12489,479
12490,479
12491,479
12492,480
12493,480
12494,480
12495,481
12496,480
12497,479
12498,479
12499,480
12500,480
12501,480
12502,480
12503,480
12504,480
12505,480
12506,479
12507,479
12508,480
12509,480
12510,480
12511,480
12512,480
12513,479
12514,480
12515,480
12517,480
12518,480
12519,480
12520,480
12521,480
12522,480
12523,479
12524,479
12525,480
12526,480
12527,480
12528,480
12529,480
12530,480
12531,479
12532,479
12533,479
12534,480
12535,480
12536,481
12537,480
12538,480
12539,480
12540,479
12541,479
12542,479
12543,480
12544,480
12545,480
12546,480
12547,479
12548,479
12549,479
12550,480
12551,480
12552,480
12553,480
12554,480
12555,480
12556,480
12557,479
12559,480
12560,480
12561,480
12562,480
12563,480
12564,480
12565,479
12566,479
12567,480
12568,480
12569,480
12570,480
12571,480
12572,480
12573,479
12574,480
12575,480
12576,480
12577,480
12578,480
12579,480
12580,480
12581,479
12582,479
12583,480
12584,480
12585,480
12586,480
12587,480
12588,480
12589,479
12590,479
12591,479
12592,480
12593,480
12594,480
12595,480
12596,480
12597,479
12598,479
12599,480
12600,480
12602,480
12603,480
12604,480
12605,480
12606,480
12607,479
12608,479
12609,480
12610,480
12611,480
12612,480
12613,480
12614,479
12615,480
12616,480
12617,480
12618,480
12619,480
12620,480
12621,480
12622,479
12623,479
12624,479
12625,479
12626,480
12627,480
12628,480
12629,480
12630,479
12631,479
12632,479
12633,480
12634,480
12635,481
12636,480
12637,480
12638,479
12639,479
12640,479
12641,479
12642,480
12643,480
12645,480
12646,480
12647,479
12648,479
12649,479
12650,480
12651,480
12652,480
12653,480
12654,480
12655,480
12656,480
12657,480
12658,479
12659,480
12660,480
12661,480
12662,480
12663,479
12664,479
12665,479
12666,479
12667,480
12668,480
12669,480
12670,480
12671,480
12672,479
12673,479
12674,479
12675,480
12676,480
12677,480
12678,480
12679,480
12680,479
12681,479
12682,479
12683,480
12684,480
12685,480
12687,480
12688,480
12689,480
12690,479
12691,480
12692,479
12693,480
12694,480
12695,481
12696,481
12697,480
12698,480
12699,479
12700,480
12701,480
12702,480
12703,480
12704,480
12705,480
12706,479
12707,479
12708,479
12709,480
12710,480
12711,480
12712,480
12713,480
12714,479
12715,480
12716,480
12717,480
12718,480
12719,480
12720,480
12721,479
12722,479
12723,480
12724,479
12725,480
12726,480
12727,480
12728,480
12730,480
12731,479
12732,479
12733,479
12734,480
12735,480
12736,481
12737,481
12738,480
12739,479
12740,479
12741,479
12742,480
12743,480
12744,480
12745,480
12746,480
12747,479
12748,479
12749,479
12750,480
12751,480
12752,480
12753,480
12754,480
12755,480
12756,480
12757,479
12758,479
12759,480
12760,480
12761,480
12762,480
12763,479
12764,479
12765,479
12766,479
12767,480
12768,480
12769,480
12770,480
12771,480
12773,479
12774,479
12775,480
12776,480
12777,480
12778,480
12779,480
12780,480
12781,479
12782,479
12783,480
12784,480
12785,479
12786,480
12787,480
12788,480
12789,479
12790,479
12791,479
12792,480
12793,480
12794,480
12795,480
12796,480
12797,479
12798,479
12799,479
12800,479
12801,480
12802,480
12803,480
12804,480
12805,479
12806,479
12807,479
12808,480
12809,480
12810,480
12811,480
12812,480
12813,479
12815,480
12816,480
12817,480
12818,480
12819,480
12820,480
12821,480
12822,479
12823,479
12824,479
12825,479
12826,479
12827,480
12828,480
12829,480
12830,479
12831,479
12832,479
12833,479
12834,480
12835,480
12836,481
12837,480
12838,479
12839,479
12840,479
12841,478
12842,479
12843,478
12844,480
12845,479
12846,479
12847,479
12848,476
12849,479
12850,480
12851,480
12852,480
12853,480
12854,480
12855,477
12856,479
12858,479
12859,479
12860,473
12861,479
12862,480
12863,480
12864,479
12865,479
12866,479
12867,479
12868,480
12869,480
12870,480
12871,480
12872,480
12873,479
12874,479
12875,480
12876,480
12877,480
12878,480
12879,480
12880,479
12881,479
12882,479
12883,480
12884,480
12885,480
12886,480
12887,480
12888,479
12889,479
12890,479
12891,479
12892,479
12893,480
12894,480
12895,480
12896,480
12897,479
12898,479
12899,479
12901,480
12902,480
12903,480
12904,480
12905,480
12906,479
12907,479
12908,479
12909,480
12910,480
12911,480
12912,480
12913,480
12914,479
12915,480
12916,480
12917,480
12918,480
12919,480
12920,480
12921,480
12922,479
12923,479
12924,479
12925,479
12926,480
12927,480
12928,480
12929,480
12930,479
12931,479
12932,480
12933,480
12934,480
12935,481
12936,481
12937,480
12938,479
12939,479
12940,471
12941,479
12943,479
12944,480
12945,480
12946,480
12947,479
12948,479
12949,479
12950,479
12951,480
12952,480
12953,479
12954,480
12955,480
12956,480
12957,480
12958,479
12959,479
12960,480
12961,480
12962,480
12963,479
12964,479
12965,479
12966,479
12967,480
12968,480
12969,480
12970,480
12971,480
12972,479
12973,479
12974,479
12975,480
12976,481
12977,480
12978,480
12979,480
12980,479
12981,480
12982,479
12983,480
12984,480
12986,480
12987,480
12988,480
12989,479
12990,479
12991,479
12992,479
12993,480
12994,480
12995,480
12996,480
12997,480
12998,479
12999,479
13000,479
13001,480
13002,480
13003,480
13004,480
13005,480
13006,479
13007,479
13008,479
13009,480
13010,480
13011,480
13012,480
13013,479
13014,479
13015,479
13016,480
13017,480
13018,480
13019,480
13020,480
13021,479
13022,479
13023,479
13024,479
13025,480
13026,480
13027,480
13029,480
13030,480
13031,480
13032,479
13033,479
13034,480
13035,480
13036,480
13037,480
13038,479
13039,479
13040,479
13041,479
13042,479
13043,480
13044,480
13045,480
13046,480
13047,479
13048,479
13049,479
13050,480
13051,480
13052,480
13053,480
13054,480
13055,480
13056,480
13057,479
13058,479
13059,480
13060,480
13061,480
13062,480
13063,479
13064,479
13065,479
