Time (s),Intensity
1,457
2,457
3,457
4,456
5,456
6,456
7,455
8,456
9,456
10,457
12,457
13,457
14,456
15,456
16,398
17,409
18,440
19,407
20,447
21,414
22,417
23,412
24,423
25,444
26,419
27,440
28,422
29,425
30,424
31,427
32,447
33,423
34,432
35,430
36,431
37,434
38,435
39,450
40,430
41,433
42,428
43,435
44,445
45,435
46,451
47,430
48,433
49,436
50,433
51,451
52,438
54,443
55,433
56,435
57,442
58,438
59,452
60,439
61,442
62,437
63,439
64,450
65,435
66,446
67,436
68,437
69,436
70,439
71,452
72,439
73,443
74,439
75,443
76,449
77,442
78,452
79,439
80,441
81,436
82,441
83,452
84,443
85,447
86,442
87,441
88,444
89,443
90,452
91,442
92,441
93,440
94,445
95,452
97,439
98,447
99,444
100,443
101,440
102,443
103,454
104,442
105,444
106,440
107,445
108,448
109,442
110,452
111,444
112,444
113,453
114,445
115,452
116,442
117,446
118,444
119,445
120,445
121,446
122,452
123,439
124,446
125,440
126,443
127,453
128,443
129,448
130,442
131,445
132,446
133,443
134,453
135,442
136,445
137,443
138,443
140,453
141,442
142,444
143,444
144,445
145,452
146,446
147,449
148,439
149,445
150,444
151,445
152,454
153,444
154,444
155,444
156,449
157,452
158,444
159,447
160,443
161,445
162,444
163,447
164,452
165,439
166,446
167,440
168,443
169,454
170,442
171,446
172,442
173,443
174,452
175,443
176,450
177,444
178,445
179,444
180,443
182,452
183,446
184,451
185,455
186,453
187,456
188,451
189,456
190,456
191,458
192,458
193,457
194,457
195,456
196,459
197,456
198,457
199,455
200,457
201,456
202,457
203,466
204,456
205,456
206,456
207,456
208,455
209,456
210,456
211,457
212,455
213,452
214,456
215,455
216,455
217,456
218,456
219,456
220,457
221,456
222,456
223,456
225,456
226,456
227,456
228,456
229,457
230,456
231,456
232,456
233,452
234,456
235,456
236,456
237,457
238,456
239,456
240,455
241,455
242,456
243,456
244,456
245,456
246,457
247,456
248,455
249,456
250,456
251,457
252,456
253,456
254,456
255,456
256,454
257,453
258,456
259,456
260,456
261,456
262,455
263,456
264,455
265,455
266,455
268,456
269,456
270,454
271,456
272,457
273,456
274,455
275,455
276,456
277,456
278,456
279,453
280,456
281,455
282,455
283,455
284,456
285,456
286,456
287,456
288,456
289,456
290,455
291,456
292,457
293,457
294,457
295,457
296,456
297,456
298,456
299,456
300,456
301,456
302,456
303,456
304,456
305,455
306,456
307,455
308,456
310,456
311,457
312,457
313,457
314,456
315,455
316,455
317,456
318,456
319,456
320,457
321,456
322,456
323,456
324,455
325,456
326,456
327,456
328,457
329,456
330,456
331,456
332,456
333,456
334,456
335,456
336,457
337,456
338,456
339,456
340,455
341,456
342,456
343,456
344,457
345,457
346,456
347,456
348,456
349,456
350,456
351,457
353,457
354,457
355,456
356,456
357,455
358,456
359,456
360,456
361,457
362,456
363,456
364,456
365,456
366,455
367,455
368,456
369,456
370,456
371,457
372,456
373,456
374,455
375,456
376,456
377,456
378,457
379,456
380,456
381,455
382,455
383,456
384,456
385,456
386,456
387,456
388,456
389,455
390,455
391,456
392,457
393,457
394,457
396,457
397,456
398,456
399,455
400,456
401,456
402,456
403,456
404,456
405,456
406,455
407,455
408,456
409,456
410,456
411,457
412,457
413,457
414,456
415,456
416,456
417,456
418,456
419,457
420,456
421,456
422,456
423,456
424,455
425,456
426,456
427,457
428,457
429,456
430,456
431,456
432,456
433,456
434,456
435,456
436,456
438,456
439,456
440,455
441,455
442,456
443,456
444,456
445,456
446,456
447,456
448,456
449,455
450,455
451,456
452,457
453,457
454,456
455,456
456,456
457,456
458,456
459,456
460,457
461,457
462,456
463,456
464,455
465,455
466,455
467,456
468,456
469,456
470,457
471,456
472,456
473,455
474,456
475,456
476,456
477,456
478,456
479,456
481,456
482,455
483,455
484,455
485,456
486,456
487,456
488,456
489,456
490,456
491,456
492,456
493,457
494,457
495,457
496,457
497,456
498,455
499,456
500,456
501,456
502,456
503,456
504,456
505,456
506,455
507,455
508,455
509,456
510,456
511,457
512,457
513,456
514,455
515,455
516,456
517,456
518,456
519,456
520,456
521,456
522,456
524,456
525,456
526,456
527,456
528,457
529,456
530,456
531,456
532,456
533,456
534,456
535,456
536,456
537,457
538,456
539,455
540,455
541,455
542,456
543,456
544,457
545,456
546,456
547,456
548,456
549,455
550,456
551,458
552,458
553,459
554,459
555,458
556,458
557,457
558,457
559,457
560,457
561,457
562,456
563,456
564,455
566,456
567,456
568,456
569,456
570,456
571,456
572,456
573,456
574,455
575,455
576,456
577,456
578,457
579,456
580,456
581,455
582,455
583,455
584,456
585,456
586,456
587,456
588,456
589,455
590,455
591,456
592,456
593,456
594,456
595,456
596,456
597,456
598,455
599,455
600,456
601,456
602,456
603,456
604,456
605,455
606,455
607,455
609,455
610,456
611,456
612,457
613,457
614,456
615,455
616,455
617,455
618,456
619,456
620,457
621,456
622,456
623,455
624,455
625,456
626,456
627,456
628,456
629,456
630,456
631,456
632,456
633,456
634,456
635,456
636,456
637,456
638,456
639,456
640,455
641,456
642,456
643,456
644,457
645,457
646,456
647,456
648,456
649,456
650,456
652,457
653,457
654,457
655,456
656,456
657,456
658,456
659,456
660,456
661,456
662,456
663,456
664,455
665,455
666,455
667,456
668,456
669,456
670,456
671,457
672,456
673,456
674,456
675,456
676,456
677,456
678,456
679,456
680,456
681,455
682,455
683,456
684,456
685,456
686,456
687,456
688,456
689,455
690,455
691,456
692,457
694,457
695,457
696,456
697,456
698,456
699,456
700,456
701,456
702,456
703,456
704,456
705,456
706,455
707,455
708,455
709,456
710,456
711,457
712,457
713,456
714,455
715,455
716,456
717,456
718,456
719,456
720,457
721,456
722,456
723,455
724,455
725,456
726,456
727,456
728,456
729,456
730,456
731,456
732,456
733,456
734,456
735,457
737,456
738,456
739,456
740,456
741,456
742,455
743,456
744,456
745,457
746,456
747,456
748,456
749,455
750,456
751,456
752,457
753,457
754,456
755,456
756,455
757,455
758,455
759,456
760,456
761,456
762,456
763,456
764,456
765,455
766,455
767,456
768,456
769,456
770,456
771,456
772,456
773,455
774,455
775,456
776,457
777,456
778,456
780,455
781,455
782,454
783,455
784,456
785,456
786,456
787,455
788,456
789,456
790,455
791,455
792,456
793,457
794,456
795,456
796,456
797,454
798,451
799,455
800,456
801,456
802,456
803,456
804,456
805,456
806,455
807,455
808,455
809,455
810,456
811,457
812,457
813,456
814,455
815,455
816,456
817,456
818,456
819,456
820,456
822,455
823,456
824,455
825,455
826,456
827,456
828,456
829,456
830,456
831,456
832,456
833,456
834,456
835,456
836,456
837,456
838,456
839,455
840,455
841,456
842,456
843,456
844,457
845,456
846,456
847,455
848,455
849,455
850,456
851,457
852,457
853,456
854,456
855,456
856,456
857,455
858,456
859,456
860,457
861,457
862,456
863,456
865,455
866,456
867,456
868,456
869,456
870,456
871,456
872,456
873,456
874,455
875,456
876,456
877,456
878,456
879,454
880,456
881,456
882,455
883,455
884,456
885,456
886,455
887,456
888,455
889,455
890,455
891,456
892,456
893,456
894,457
895,456
896,455
897,455
898,455
899,455
900,456
901,456
902,456
903,456
904,456
905,455
906,455
908,455
909,455
910,456
911,456
912,457
913,456
914,456
915,455
916,455
917,456
918,456
919,457
920,456
921,456
922,456
923,455
924,456
925,456
926,456
927,457
928,457
929,456
930,456
931,456
932,456
933,456
934,456
935,456
936,457
937,456
938,456
939,456
940,456
941,456
942,456
943,456
944,456
945,456
946,456
947,456
948,455
950,455
951,456
952,457
953,457
954,456
955,456
956,456
957,455
958,455
959,456
960,456
961,456
962,456
963,456
964,455
965,455
966,456
967,456
968,456
969,456
970,456
971,456
972,456
973,455
974,455
975,456
976,456
977,456
978,456
979,456
980,456
981,455
982,455
983,456
984,456
985,456
986,456
987,456
988,456
989,455
990,455
991,456
993,457
994,457
995,457
996,456
997,456
998,455
999,455
1000,456
1001,456
1002,456
1003,457
1004,456
1005,456
1006,455
1007,455
1008,455
1009,456
1010,456
1011,457
1012,456
1013,456
1014,455
1015,455
1016,455
1017,456
1018,456
1019,456
1020,456
1021,455
1022,455
1023,455
1024,455
1025,456
1026,456
1027,456
1028,456
1029,456
1030,455
1031,455
1032,456
1033,456
1034,456
1036,456
1037,457
1038,456
1039,456
1040,455
1041,455
1042,456
1043,456
1044,456
1045,456
1046,456
1047,456
1048,455
1049,455
1050,455
1051,456
1052,457
1053,457
1054,456
1055,456
1056,455
1057,455
1058,456
1059,456
1060,456
1061,456
1062,456
1063,455
1064,455
1065,455
1066,456
1067,456
1068,456
1069,456
1070,456
1071,456
1072,456
1073,455
1074,456
1075,456
1076,456
1078,456
1079,456
1080,456
1081,456
1082,455
1083,455
1084,456
1085,456
1086,456
1087,456
1088,456
1089,455
1090,455
1091,456
1092,456
1093,456
1094,456
1095,456
1096,456
1097,455
1098,455
1099,455
1100,456
1101,456
1102,456
1103,456
1104,456
1105,455
1106,455
1107,455
1108,456
1109,456
1110,456
1111,457
1112,457
1113,456
1114,455
1115,455
1116,456
1117,456
1118,456
1119,456
1121,456
1122,455
1123,455
1124,455
1125,456
1126,456
1127,456
1128,456
1129,456
1130,456
1131,455
1132,455
1133,456
1134,456
1135,456
1136,456
1137,456
1138,456
1139,455
1140,455
1141,455
1142,456
1143,456
1144,456
1145,456
1146,456
1147,455
1148,455
1149,455
1150,455
1151,457
1152,457
1153,456
1154,456
1155,455
1156,455
1157,455
1158,452
1159,456
1160,456
1161,456
1162,456
1164,455
1165,455
1166,454
1167,456
1168,456
1169,456
1170,456
1171,456
1172,456
1173,456
1174,455
1175,455
1176,456
1177,456
1178,456
1179,456
1180,454
1181,455
1182,455
1183,455
1184,456
1185,456
1186,456
1187,456
1188,455
1189,455
1190,455
1191,456
1192,456
1193,456
1194,456
1195,456
1196,455
1197,455
1198,455
1199,455
1200,456
1201,456
1202,456
1203,456
1204,456
1206,455
1207,455
1208,455
1209,456
1210,456
1211,456
1212,457
1213,456
1214,455
1215,455
1216,455
1217,455
1218,456
1219,456
1220,456
1221,456
1222,455
1223,455
1224,455
1225,456
1226,456
1227,456
1228,456
1229,456
1230,455
1231,455
1232,455
1233,456
1234,456
1235,456
1236,456
1237,456
1238,456
1239,455
1240,455
1241,456
1242,456
1243,456
1244,456
1245,456
1246,455
1247,455
1249,455
1250,455
1251,456
1252,456
1253,456
1254,456
1255,455
1256,455
1257,453
1258,451
1259,455
1260,456
1261,456
1262,456
1263,455
1264,455
1265,455
1266,455
1267,455
1268,455
1269,456
1270,456
1271,456
1272,455
1273,455
1274,455
1275,455
1276,456
1277,456
1278,455
1279,455
1280,455
1281,455
1282,455
1283,455
1284,456
1285,456
1286,456
1287,456
1288,455
1289,455
1290,455
1292,456
1293,456
1294,456
1295,456
1296,456
1297,455
1298,455
1299,455
1300,455
1301,456
1302,456
1303,456
1304,455
1305,455
1306,455
1307,455
1308,455
1309,456
1310,456
1311,456
1312,456
1313,456
1314,455
1315,455
1316,455
1317,456
1318,456
1319,456
1320,456
1321,455
1322,455
1323,455
1324,455
1325,456
1326,456
1327,456
1328,456
1329,456
1330,455
1331,456
1332,456
1334,456
1335,456
1336,456
1337,456
1338,456
1339,455
1340,455
1341,455
1342,456
1343,456
1344,456
1345,456
1346,456
1347,455
1348,455
1349,455
1350,456
1351,456
1352,457
1353,457
1354,456
1355,455
1356,455
1357,455
1358,456
1359,456
1360,456
1361,456
1362,456
1363,455
1364,455
1365,455
1366,456
1367,456
1368,456
1369,456
1370,456
1371,456
1372,456
1373,455
1374,456
1375,456
1377,456
1378,456
1379,456
1380,455
1381,453
1382,455
1383,455
1384,456
1385,456
1386,456
1387,456
1388,455
1389,455
1390,455
1391,456
1392,456
1393,457
1394,456
1395,456
1396,455
1397,454
1398,452
1399,455
1400,456
1401,456
1402,456
1403,456
1404,456
1405,455
1406,455
1407,455
1408,456
1409,456
1410,456
1411,457
1412,456
1413,456
1414,456
1415,455
1416,456
1417,456
1418,456
1420,456
1421,456
1422,456
1423,455
1424,455
1425,456
1426,456
1427,456
1428,456
1429,456
1430,456
1431,455
1432,456
1433,456
1434,456
1435,456
1436,456
1437,456
1438,455
1439,455
1440,455
1441,456
1442,456
1443,456
1444,456
1445,456
1446,456
1447,455
1448,455
1449,456
1450,456
1451,457
1452,457
1453,456
1454,456
1455,455
1456,455
1457,455
1458,456
1459,456
1460,456
1462,456
1463,456
1464,455
1465,455
1466,455
1467,456
1468,456
1469,456
1470,456
1471,456
1472,456
1473,455
1474,455
1475,456
1476,456
1477,456
1478,456
1479,456
1480,455
1481,455
1482,455
1483,455
1484,456
1485,456
1486,456
1487,456
1488,455
1489,455
1490,455
1491,456
1492,457
1493,456
1494,456
1495,456
1496,456
1497,455
1498,455
1499,455
1500,455
1501,456
1502,456
1503,456
1505,456
1506,455
1507,455
1508,456
1509,456
1510,456
1511,456
1512,456
1513,456
1514,455
1515,455
1516,455
1517,456
1518,456
1519,456
1520,456
1521,455
1522,455
1523,455
1524,455
1525,456
1526,456
1527,456
1528,456
1529,456
1530,456
1531,456
1532,456
1533,456
1534,456
1535,456
1536,456
1537,456
1538,456
1539,455
1540,455
1541,456
1542,456
1543,456
1544,456
1545,456
1546,455
1548,455
1549,455
1550,455
1551,456
1552,457
1553,457
1554,456
1555,455
1556,455
1557,455
1558,456
1559,456
1560,456
1561,456
1562,456
1563,455
1564,455
1565,455
1566,456
1567,456
1568,456
1569,457
1570,456
1571,456
1572,456
1573,456
1574,455
1575,456
1576,456
1577,456
1578,456
1579,456
1580,455
1581,455
1582,455
1583,456
1584,456
1585,456
1586,456
1587,456
1588,456
1590,455
1591,455
1592,456
1593,457
1594,456
1595,456
1596,456
1597,455
1598,455
1599,455
1600,455
1601,456
1602,456
1603,456
1604,456
1605,455
1606,455
1607,455
1608,455
1609,456
1610,456
1611,457
1612,456
1613,456
1614,455
1615,455
1616,456
1617,456
1618,456
1619,456
1620,456
1621,456
1622,455
1623,455
1624,455
1625,456
1626,456
1627,456
1628,456
1629,455
1630,455
1631,456
1633,456
1634,456
1635,456
1636,456
1637,453
1638,454
1639,453
1640,455
1641,455
1642,456
1643,456
1644,455
1645,456
1646,455
1647,455
1648,455
1649,455
1650,455
1651,456
1652,457
1653,456
1654,455
1655,455
1656,455
1657,455
1658,453
1659,456
1660,456
1661,456
1662,456
1663,455
1664,455
1665,455
1666,455
1667,456
1668,456
1669,456
1670,456
1671,456
1672,456
1673,455
1674,456
1676,456
1677,456
1678,456
1679,456
1680,455
1681,455
1682,455
1683,455
1684,456
1685,456
1686,456
1687,456
1688,455
1689,455
1690,455
1691,456
1692,456
1693,457
1694,456
1695,456
1696,456
1697,455
1698,455
1699,455
1700,456
1701,456
1702,456
1703,456
1704,456
1705,455
1706,455
1707,455
1708,456
1709,456
1710,456
1711,457
1712,456
1713,456
1714,455
1715,455
1716,456
1718,456
1719,456
1720,456
1721,456
1722,455
1723,455
1724,455
1725,456
1726,456
1727,456
1728,456
1729,456
1730,455
1731,455
1732,456
1733,456
1734,456
1735,456
1736,456
1737,456
1738,456
1739,455
1740,455
1741,455
1742,456
1743,457
1744,456
1745,456
1746,456
1747,455
1748,455
1749,456
1750,456
1751,457
1752,457
1753,456
1754,456
1755,455
1756,455
1757,456
1758,456
1759,456
1761,456
1762,456
1763,456
1764,455
1765,455
1766,455
1767,456
1768,456
1769,456
1770,456
1771,456
1772,456
1773,456
1774,455
1775,456
1776,456
1777,456
1778,456
1779,456
1780,455
1781,455
1782,455
1783,455
1784,456
1785,456
1786,456
1787,456
1788,455
1789,455
1790,455
1791,456
1792,457
1793,457
1794,457
1795,456
1796,456
1797,455
1798,455
1799,456
1800,456
1801,457
1802,456
1804,456
1805,456
1806,456
1807,456
1808,456
1809,456
1810,457
1811,456
1812,457
1813,456
1814,455
1815,456
1816,456
1817,456
1818,456
1819,456
1820,456
1821,456
1822,455
1823,455
1824,456
1825,456
1826,456
1827,456
1828,456
1829,456
1830,455
1831,456
1832,456
1833,456
1834,456
1835,456
1836,456
1837,456
1838,455
1839,455
1840,455
1841,456
1842,456
1843,456
1844,456
1846,456
1847,455
1848,455
1849,455
1850,456
1851,456
1852,457
1853,457
1854,456
1855,455
1856,455
1857,456
1858,456
1859,456
1860,456
1861,457
1862,456
1863,456
1864,455
1865,455
1866,456
1867,456
1868,456
1869,456
1870,456
1871,456
1872,456
1873,456
1874,456
1875,456
1876,456
1877,456
1878,456
1879,455
1880,455
1881,455
1882,455
1883,455
1884,456
1885,456
1886,456
1887,456
1889,455
1890,455
1891,456
1892,457
1893,457
1894,456
1895,456
1896,456
1897,455
1898,455
1899,456
1900,456
1901,456
1902,456
1903,456
1904,456
1905,456
1906,455
1907,456
1908,456
1909,456
1910,456
1911,457
1912,456
1913,456
1914,455
1915,455
1916,456
1917,456
1918,456
1919,456
1920,456
1921,456
1922,455
1923,456
1924,456
1925,457
1926,456
1927,456
1928,456
1929,456
1930,455
1932,456
1933,456
1934,456
1935,456
1936,456
1937,456
1938,456
1939,455
1940,455
1941,456
1942,456
1943,456
1944,456
1945,456
1946,456
1947,455
1948,455
1949,455
1950,456
1951,457
1952,457
1953,457
1954,456
1955,455
1956,455
1957,456
1958,456
1959,456
1960,456
1961,456
1962,456
1963,456
1964,455
1965,455
1966,456
1967,456
1968,456
1969,456
1970,456
1971,456
1972,456
1974,455
1975,456
1976,456
1977,456
1978,456
1979,455
1980,455
1981,455
1982,456
1983,456
1984,456
1985,456
1986,457
1987,456
1988,455
1989,455
1990,455
1991,455
1992,457
1993,457
1994,456
1995,456
1996,453
1997,455
1998,455
1999,456
2000,456
2001,456
2002,456
2003,456
2004,456
2005,455
2006,455
2007,456
2008,456
2009,456
2010,456
2011,456
2012,456
2013,456
2014,455
2015,455
2017,456
2018,456
2019,457
2020,456
2021,456
2022,455
2023,455
2024,456
2025,456
2026,456
2027,456
2028,456
2029,456
2030,456
2031,455
2032,456
2033,456
2034,456
2035,456
2036,456
2037,456
2038,455
2039,455
2040,455
2041,455
2042,456
2043,456
2044,456
2045,456
2046,455
2047,455
2048,455
2049,456
2050,456
2051,457
2052,457
2053,456
2054,455
2055,455
2056,455
2057,456
2058,456
2060,456
2061,456
2062,456
2063,456
2064,455
2065,455
2066,455
2067,456
2068,457
2069,456
2070,456
2071,456
2072,456
2073,456
2074,456
2075,456
2076,456
2077,456
2078,456
2079,455
2080,455
2081,455
2082,455
2083,456
2084,456
2085,456
2086,456
2087,456
2088,455
2089,455
2090,455
2091,456
2092,457
2093,456
2094,456
2095,456
2096,455
2097,455
2098,455
2099,456
2100,456
2102,456
2103,456
2104,456
2105,455
2106,455
2107,455
2108,456
2109,456
2110,456
2111,456
2112,456
2113,456
2114,455
2115,455
2116,456
2117,456
2118,456
2119,456
2120,456
2121,455
2122,455
2123,455
2124,455
2125,456
2126,456
2127,456
2128,456
2129,456
2130,455
2131,456
2132,456
2133,457
2134,457
2135,458
2136,457
2137,456
2138,456
2139,456
2140,456
2141,456
2142,456
2143,456
2145,456
2146,455
2147,455
2148,455
2149,455
2150,456
2151,456
2152,457
2153,457
2154,456
2155,455
2156,455
2157,455
2158,456
2159,456
2160,456
2161,456
2162,455
2163,455
2164,455
2165,455
2166,456
2167,456
2168,456
2169,456
2170,455
2171,455
2172,456
2173,456
2174,455
2175,456
2176,456
2177,456
2178,456
2179,455
2180,455
2181,455
2182,455
2183,456
2184,456
2185,456
2186,456
2188,456
2189,455
2190,455
2191,455
2192,457
2193,457
2194,456
2195,456
2196,455
2197,455
2198,455
2199,455
2200,456
2201,456
2202,456
2203,456
2204,455
2205,455
2206,455
2207,456
2208,456
2209,456
2210,456
2211,456
2212,456
2213,456
2214,455
2215,455
2216,456
2217,456
2218,456
2219,456
2220,455
2221,455
2222,455
2223,455
2224,456
2225,456
2226,456
2227,456
2228,456
2230,455
2231,455
2232,456
2233,456
2234,456
2235,456
2236,456
2237,456
2238,455
2239,455
2240,455
2241,455
2242,456
2243,456
2244,456
2245,455
2246,455
2247,455
2248,455
2249,455
2250,456
2251,456
2252,456
2253,456
2254,455
2255,455
2256,455
2257,455
2258,456
2259,456
2260,456
2261,455
2262,455
2263,455
2264,455
2265,455
2266,456
2267,456
2268,456
2269,455
2270,455
2271,455
2273,455
2274,455
2275,456
2276,456
2277,456
2278,455
2279,455
2280,455
2281,455
2282,454
2283,455
2284,456
2285,456
2286,455
2287,455
2288,455
2289,455
2290,454
2291,456
2292,456
2293,456
2294,455
2295,455
2296,455
2297,455
2298,454
2299,455
2300,455
2301,456
2302,456
2303,455
2304,455
2305,455
2306,455
2307,456
2308,456
2309,456
2310,455
2311,456
2312,456
2313,455
2314,455
2316,455
2317,456
2318,456
2319,456
2320,455
2321,455
2322,455
2323,455
2324,455
2325,456
2326,456
2327,456
2328,456
2329,455
2330,455
2331,455
2332,456
2333,456
2334,456
2335,456
2336,456
2337,455
2338,455
2339,455
2340,455
2341,456
2342,456
2343,456
2344,456
2345,455
2346,455
2347,455
2348,455
2349,456
2350,456
2351,456
2352,457
2353,456
2354,455
2355,455
2356,455
2358,455
2359,455
2360,456
2361,456
2362,455
2363,455
2364,455
2365,455
2366,455
2367,456
2368,456
2369,456
2370,455
2371,455
2372,456
2373,456
2374,456
2375,456
2376,456
2377,456
2378,456
2379,455
2380,455
2381,455
2382,455
2383,456
2384,456
2385,456
2386,456
2387,455
2388,455
2389,455
2390,455
2391,456
2392,457
2393,456
2394,455
2395,455
2396,455
2397,455
2398,455
2399,455
2401,456
2402,456
2403,456
2404,455
2405,455
2406,455
2407,455
2408,456
2409,456
2410,456
2411,456
2412,456
2413,455
2414,455
2415,455
2416,455
2417,456
2418,456
2419,456
2420,455
2421,455
2422,455
2423,455
2424,455
2425,456
2426,456
2427,456
2428,455
2429,455
2430,455
2431,455
2432,456
2433,456
2434,456
2435,456
2436,455
2437,455
2438,455
2439,455
2440,455
2441,455
2442,456
2444,456
2445,455
2446,455
2447,455
2448,455
2449,455
2450,455
2451,456
2452,456
2453,456
2454,455
2455,455
2456,455
2457,455
2458,456
2459,456
2460,456
2461,455
2462,455
2463,455
2464,454
2465,455
2466,455
2467,455
2468,456
2469,455
2470,455
2471,455
2472,455
2473,455
2474,455
2475,456
2476,456
2477,455
2478,455
2479,455
2480,455
2481,455
2482,455
2483,455
2484,456
2486,456
2487,455
2488,455
2489,454
2490,455
2491,455
2492,456
2493,456
2494,456
2495,455
2496,455
2497,455
2498,455
2499,455
2500,456
2501,456
2502,456
2503,455
2504,455
2505,455
2506,455
2507,455
2508,455
2509,456
2510,456
2511,456
2512,455
2513,455
2514,454
2515,455
2516,455
2517,455
2518,455
2519,455
2520,455
2521,455
2522,455
2523,455
2524,455
2525,456
2526,456
2527,455
2529,455
2530,455
2531,454
2532,455
2533,456
2534,455
2535,455
2536,455
2537,455
2538,455
2539,454
2540,454
2541,455
2542,455
2543,455
2544,455
2545,455
2546,455
2547,455
2548,455
2549,455
2550,455
2551,456
2552,456
2553,455
2554,454
2555,454
2556,454
2557,455
2558,455
2559,455
2560,455
2561,455
2562,455
2563,454
2564,455
2565,455
2566,455
2567,455
2568,455
2569,455
2570,455
2572,455
2573,455
2574,455
2575,455
2576,455
2577,455
2578,455
2579,455
2580,454
2581,454
2582,455
2583,455
2584,455
2585,455
2586,455
2587,454
2588,454
2589,454
2590,454
2591,455
2592,456
2593,456
2594,455
2595,454
2596,454
2597,454
2598,454
2599,455
2600,455
2601,455
2602,455
2603,455
2604,454
2605,454
2606,455
2607,455
2608,455
2609,455
2610,455
2611,455
2612,455
2614,455
2615,455
2616,455
2617,455
2618,455
2619,455
2620,455
2621,454
2622,454
2623,454
2624,455
2625,455
2626,455
2627,455
2628,455
2629,454
2630,454
2631,454
2632,455
2633,455
2634,455
2635,455
2636,454
2637,454
2638,454
2639,454
2640,454
2641,455
2642,455
2643,455
2644,455
2645,454
2646,454
2647,454
2648,454
2649,455
2650,455
2651,455
2652,455
2653,455
2654,454
2655,454
2657,455
2658,455
2659,455
2660,454
2661,454
2662,455
2663,454
2664,454
2665,454
2666,455
2667,455
2668,455
2669,455
2670,454
2671,454
2672,455
2673,455
2674,455
2675,455
2676,455
2677,455
2678,454
2679,454
2680,454
2681,454
2682,454
2683,455
2684,455
2685,455
2686,455
2687,454
2688,454
2689,454
2690,454
2691,455
2692,455
2693,455
2694,455
2695,454
2696,454
2697,454
2698,454
2700,455
2701,455
2702,455
2703,455
2704,454
2705,454
2706,454
2707,454
2708,454
2709,455
2710,455
2711,454
2712,454
2713,454
2714,454
2715,454
2716,454
2717,455
2718,455
2719,454
2720,454
2721,454
2722,454
2723,454
2724,454
2725,455
2726,455
2727,455
2728,454
2729,454
2730,454
2731,454
2732,455
2733,455
2734,454
2735,454
2736,454
2737,454
2738,454
2739,454
2740,454
2742,455
2743,455
2744,455
2745,454
2746,454
2747,453
2748,454
2749,454
2750,454
2751,454
2752,455
2753,454
2754,453
2755,454
2756,454
2757,454
2758,454
2759,455
2760,455
2761,454
2762,454
2763,453
2764,454
2765,454
2766,454
2767,454
2768,454
2769,454
2770,454
2771,454
2772,454
2773,454
2774,454
2775,455
2776,454
2777,454
2778,454
2779,454
2780,454
2781,453
2782,454
2783,454
2785,455
2786,454
2787,454
2788,453
2789,453
2790,453
2791,454
2792,454
2793,455
2794,454
2795,454
2796,453
2797,453
2798,453
2799,454
2800,454
2801,454
2802,454
2803,454
2804,453
2805,453
2806,453
2807,454
2808,454
2809,455
2810,454
2811,454
2812,454
2813,454
2814,453
2815,453
2816,454
2817,454
2818,454
2819,454
2820,453
2821,453
2822,454
2823,454
2824,454
2825,454
2826,454
2828,454
2829,454
2830,453
2831,453
2832,454
2833,454
2834,454
2835,454
2836,454
2837,453
2838,453
2839,453
2840,454
2841,454
2842,454
2843,454
2844,454
2845,453
2846,453
2847,453
2848,453
2849,454
2850,454
2851,454
2852,454
2853,454
2854,453
2855,453
2856,453
2857,454
2858,454
2859,454
2860,454
2861,453
2862,453
2863,453
2864,453
2865,453
2866,454
2867,454
2868,454
2870,453
2871,453
2872,454
2873,454
2874,454
2875,454
2876,454
2877,453
2878,453
2879,453
2880,452
2881,453
2882,453
2883,454
2884,454
2885,454
2886,454
2887,453
2888,453
2889,453
2890,453
2891,452
2892,454
2893,454
2894,453
2895,453
2896,453
2897,453
2898,451
2899,453
2900,454
2901,454
2902,453
2903,453
2904,453
2905,453
2906,453
2907,453
2908,454
2909,454
2910,454
2911,454
2913,453
2914,453
2915,453
2916,453
2917,453
2918,454
2919,453
2920,453
2921,453
2922,452
2923,453
2924,453
2925,453
2926,453
2927,454
2928,453
2929,453
2930,453
2931,453
2932,453
2933,454
2934,454
2935,453
2936,453
2937,453
2938,453
2939,452
2940,453
2941,453
2942,453
2943,454
2944,453
2945,453
2946,453
2947,453
2948,453
2949,453
2950,454
2951,454
2952,454
2953,453
2954,453
2956,453
2957,453
2958,453
2959,454
2960,454
2961,453
2962,453
2963,453
2964,453
2965,453
2966,453
2967,453
2968,454
2969,453
2970,453
2971,453
2972,453
2973,453
2974,453
2975,454
2976,454
2977,453
2978,453
2979,453
2980,452
2981,453
2982,453
2983,453
2984,453
2985,453
2986,453
2987,452
2988,453
2989,452
2990,453
2991,454
2992,454
2993,454
2994,453
2995,452
2996,452
2998,452
2999,453
3000,453
3001,453
3002,453
3003,453
3004,452
3005,452
3006,452
3007,453
3008,453
3009,453
3010,453
3011,453
3012,453
3013,453
3014,452
3015,452
3016,453
3017,453
3018,453
3019,453
3020,453
3021,453
3022,452
3023,453
3024,453
3025,453
3026,453
3027,453
3028,452
3029,452
3030,452
3031,453
3032,453
3033,454
3034,453
3035,453
3036,453
3037,452
3038,452
3039,453
3041,453
3042,453
3043,453
3044,453
3045,452
3046,452
3047,452
3048,452
3049,453
3050,453
3051,453
3052,453
3053,453
3054,452
3055,452
3056,452
3057,452
3058,452
3059,450
3060,453
3061,452
3062,452
3063,452
3064,452
3065,453
3066,453
3067,453
3068,453
3069,453
3070,452
3071,452
3072,452
3073,453
3074,453
3075,453
3076,453
3077,453
3078,452
3079,452
3080,452
3081,452
3082,453
3084,453
3085,453
3086,453
3087,452
3088,452
3089,452
3090,453
3091,453
3092,453
3093,454
3094,453
3095,452
3096,452
3097,452
3098,452
3099,452
3100,453
3101,453
3102,453
3103,452
3104,452
3105,452
3106,452
3107,453
3108,453
3109,453
3110,453
3111,452
3112,452
3113,453
3114,452
3115,452
3116,453
3117,453
3118,453
3119,452
3120,452
3121,452
3122,452
3123,452
3124,453
3126,453
3127,453
3128,452
3129,452
3130,452
3131,452
3132,453
3133,453
3134,453
3135,453
3136,452
3137,452
3138,452
3139,452
3140,452
3141,453
3142,453
3143,453
3144,452
3145,452
3146,452
3147,452
3148,452
3149,452
3150,453
3151,453
3152,453
3153,452
3154,452
3155,452
3156,452
3157,453
3158,453
3159,453
3160,453
3161,452
3162,452
3163,452
3164,452
3165,452
3166,453
3167,453
3169,452
3170,452
3171,452
3172,452
3173,452
3174,452
3175,453
3176,453
3177,453
3178,452
3179,452
3180,452
3181,452
3182,452
3183,453
3184,453
3185,453
3186,452
3187,452
3188,452
3189,452
3190,452
3191,452
3192,453
3193,453
3194,452
3195,452
3196,452
3197,452
3198,452
3199,452
3200,453
3201,452
3202,452
3203,451
3204,452
3205,452
3206,452
3207,452
3208,452
3209,453
3210,452
3212,452
3213,452
3214,451
3215,452
3216,452
3217,452
3218,452
3219,452
3220,452
3221,451
3222,452
3223,451
3224,452
3225,453
3226,452
3227,452
3228,452
3229,451
3230,451
3231,452
3232,452
3233,453
3234,452
3235,452
3236,452
3237,451
3238,451
3239,451
3240,452
3241,452
3242,452
3243,452
3244,451
3245,451
3246,451
3247,451
3248,451
3249,452
3250,452
3251,452
3252,452
3254,452
3255,451
3256,451
3257,451
3258,452
3259,452
3260,452
3261,452
3262,451
3263,451
3264,451
3265,451
3266,452
3267,452
3268,452
3269,452
3270,451
3271,451
3272,452
3273,452
3274,452
3275,452
3276,452
3277,452
3278,451
3279,451
3280,451
3281,451
3282,452
3283,452
3284,452
3285,452
3286,451
3287,451
3288,451
3289,451
3290,452
3291,452
3292,453
3293,452
3294,451
3295,451
3297,450
3298,451
3299,452
3300,453
3301,453
3302,453
3303,452
3304,451
3305,451
3306,451
3307,452
3308,452
3309,452
3310,452
3311,451
3312,451
3313,452
3314,451
3315,452
3316,452
3317,452
3318,452
3319,451
3320,451
3321,451
3322,451
3323,451
3324,451
3325,452
3326,452
3327,451
3328,451
3329,451
3330,451
3331,451
3332,452
3333,452
3334,452
3335,451
3336,451
3337,451
3338,451
3340,451
3341,452
3342,452
3343,451
3344,451
3345,451
3346,450
3347,451
3348,451
3349,451
3350,451
3351,451
3352,452
3353,451
3354,451
3355,451
3356,450
3357,451
3358,451
3359,452
3360,451
3361,451
3362,451
3363,451
3364,451
3365,451
3366,451
3367,452
3368,451
3369,451
3370,451
3371,451
3372,452
3373,452
3374,451
3375,452
3376,452
3377,451
3378,451
3379,451
3380,450
3382,451
3383,451
3384,452
3385,452
3386,451
3387,451
3388,451
3389,451
3390,451
3391,451
3392,452
3393,452
3394,451
3395,451
3396,451
3397,451
3398,451
3399,451
3400,452
3401,452
3402,451
3403,451
3404,451
3405,451
3406,451
3407,451
3408,452
3409,452
3410,451
3411,451
3412,451
3413,451
3414,451
3415,451
3416,451
3417,446
3418,451
3419,451
3420,450
3421,450
3422,451
3423,451
3425,451
3426,451
3427,451
3428,451
3429,450
3430,450
3431,451
3432,451
3433,452
3434,452
3435,451
3436,451
3437,450
3438,450
3439,451
3440,451
3441,451
3442,451
3443,451
3444,451
3445,451
3446,450
3447,450
3448,450
3449,451
3450,451
3451,451
3452,451
3453,451
3454,450
3455,450
3456,451
3457,451
3458,451
3459,451
3460,451
3461,450
3462,450
3463,451
3464,451
3465,451
3466,452
3468,451
3469,451
3470,451
3471,450
3472,451
3473,451
3474,451
3475,451
3476,451
3477,451
3478,451
3479,450
3480,450
3481,451
3482,451
3483,451
3484,451
3485,451
3486,451
3487,451
3488,450
3489,450
3490,451
3491,451
3492,452
3493,452
3494,451
3495,450
3496,450
3497,450
3498,451
3499,451
3500,451
3501,451
3502,451
3503,450
3504,450
3505,450
3506,451
3507,451
3508,451
3510,451
3511,451
3512,451
3513,451
3514,451
3515,451
3516,451
3517,451
3518,451
3519,451
3520,450
3521,450
3522,450
3523,451
3524,451
3525,451
3526,451
3527,451
3528,450
3529,450
3530,450
3531,451
3532,451
3533,452
3534,451
3535,451
3536,450
3537,450
3538,450
3539,447
3540,451
3541,451
3542,451
3543,451
3544,450
3545,450
3546,450
3547,450
3548,451
3549,451
3550,451
3551,451
3553,451
3554,451
3555,450
3556,450
3557,450
3558,450
3559,451
3560,451
3561,451
3562,450
3563,450
3564,450
3565,451
3566,451
3567,451
3568,451
3569,450
3570,450
3571,450
3572,451
3573,451
3574,451
3575,451
3576,451
3577,450
3578,450
3579,450
3580,450
3581,450
3582,451
3583,451
3584,451
3585,450
3586,450
3587,450
3588,450
3589,450
3590,451
3591,451
3592,451
3593,451
3594,450
3596,450
3597,450
3598,450
3599,451
3600,451
3601,451
3602,451
3603,450
3604,450
3605,450
3606,450
3607,451
3608,451
3609,451
3610,451
3611,450
3612,450
3613,451
3614,450
3615,451
3616,451
3617,451
3618,451
3619,450
3620,450
3621,450
3622,450
3623,450
3624,450
3625,451
3626,451
3627,450
3628,450
3629,450
3630,450
3631,451
3632,451
3633,451
3634,451
3635,450
3636,449
3638,450
3639,450
3640,451
3641,451
3642,451
3643,451
3644,451
3645,450
3646,450
3647,450
3648,450
3649,451
3650,451
3651,451
3652,451
3653,450
3654,450
3655,450
3656,450
3657,451
3658,451
3659,451
3660,450
3661,450
3662,450
3663,450
3664,450
3665,450
3666,450
3667,451
3668,450
3669,450
3670,450
3671,450
3672,450
3673,451
3674,451
3675,450
3676,450
3677,450
3678,450
3679,450
3681,450
3682,450
3683,451
3684,451
3685,451
3686,450
3687,450
3688,450
3689,450
3690,450
3691,450
3692,451
3693,451
3694,450
3695,450
3696,450
3697,450
3698,450
3699,450
3700,451
3701,451
3702,450
3703,450
3704,450
3705,450
3706,450
3707,451
3708,451
3709,451
3710,450
3711,450
3712,450
3713,451
3714,450
3715,450
3716,450
3717,450
3718,450
3719,450
3720,450
3721,450
3722,450
3724,451
3725,451
3726,451
3727,451
3728,450
3729,450
3730,450
3731,450
3732,451
3733,451
3734,451
3735,450
3736,450
3737,450
3738,450
3739,450
3740,450
3741,450
3742,450
3743,450
3744,450
3745,450
3746,450
3747,450
3748,450
3749,451
3750,451
3751,450
3752,450
3753,450
3754,449
3755,450
3756,450
3757,450
3758,450
3759,451
3760,450
3761,450
3762,450
3763,450
3764,450
3766,450
3767,451
3768,451
3769,450
3770,450
3771,450
3772,450
3773,451
3774,451
3775,451
3776,451
3777,450
3778,450
3779,450
3780,450
3781,450
3782,450
3783,451
3784,451
3785,451
3786,450
3787,450
3788,450
3789,450
3790,450
3791,450
3792,451
3793,451
3794,450
3795,450
3796,449
3797,450
3798,450
3799,450
3800,450
3801,450
3802,450
3803,450
3804,450
3805,450
3806,450
3807,451
3809,451
3810,450
3811,450
3812,450
3813,450
3814,450
3815,450
3816,450
3817,451
3818,451
3819,450
3820,450
3821,450
3822,450
3823,450
3824,450
3825,451
3826,450
3827,450
3828,450
3829,450
3830,450
3831,450
3832,451
3833,451
3834,450
3835,450
3836,450
3837,450
3838,450
3839,450
3840,450
3841,450
3842,450
3843,450
3844,450
3845,450
3846,450
3847,450
3848,450
3849,451
3850,450
3852,451
3853,450
3854,450
3855,449
3856,450
3857,450
3858,451
3859,451
3860,450
3861,450
3862,450
3863,450
3864,450
3865,450
3866,451
3867,451
3868,450
3869,450
3870,450
3871,450
3872,450
3873,451
3874,451
3875,451
3876,450
3877,450
3878,450
3879,450
3880,449
3881,450
3882,450
3883,450
3884,450
3885,450
3886,450
3887,450
3888,449
3889,450
3890,451
3891,451
3892,451
3894,450
3895,450
3896,450
3897,450
3898,450
3899,450
3900,451
3901,451
3902,450
3903,450
3904,450
3905,450
3906,450
3907,451
3908,451
3909,451
3910,450
3911,450
3912,450
3913,450
3914,450
3915,450
3916,450
3917,450
3918,450
3919,449
3920,448
3921,450
3922,450
3923,450
3924,450
3925,449
3926,450
3927,450
3928,450
3929,450
3930,450
3931,450
3932,451
3933,451
3934,450
3935,450
3937,449
3938,448
3939,449
3940,450
3941,450
3942,450
3943,450
3944,450
3945,449
3946,449
3947,450
3948,450
3949,450
3950,450
3951,450
3952,450
3953,450
3954,449
3955,450
3956,450
3957,450
3958,450
3959,450
3960,450
3961,449
3962,449
3963,449
3964,450
3965,450
3966,450
3967,450
3968,450
3969,449
3970,450
3971,450
3972,450
3973,450
3974,450
3975,450
3976,450
3977,450
3978,449
3980,449
3981,450
3982,450
3983,450
3984,450
3985,450
3986,450
3987,449
3988,449
3989,449
3990,450
3991,450
3992,451
3993,450
3994,450
3995,449
3996,449
3997,449
3998,450
3999,450
4000,450
4001,450
4002,450
4003,449
4004,449
4005,450
4006,450
4007,450
4008,450
4009,450
4010,450
4011,449
4012,450
4013,450
4014,450
4015,450
4016,450
4017,450
4018,450
4019,449
4020,449
4022,449
4023,450
4024,450
4025,450
4026,450
4027,450
4028,449
4029,450
4030,450
4031,450
4032,451
4033,451
4034,450
4035,450
4036,450
4037,449
4038,450
4039,450
4040,450
4041,450
4042,450
4043,450
4044,450
4045,450
4046,449
4047,449
4048,450
4049,450
4050,450
4051,450
4052,450
4053,450
4054,450
4055,450
4056,450
4057,450
4058,450
4059,450
4060,450
4061,450
4062,450
4063,450
4065,450
4066,450
4067,450
4068,450
4069,450
4070,449
4071,449
4072,450
4073,450
4074,451
4075,450
4076,450
4077,450
4078,449
4079,449
4080,449
4081,449
4082,450
4083,450
4084,450
4085,449
4086,449
4087,450
4088,449
4089,450
4090,450
4091,450
4092,451
4093,450
4094,449
4095,449
4096,449
4097,450
4098,450
4099,450
4100,450
4101,450
4102,449
4103,449
4104,449
4105,450
4106,450
4108,450
4109,450
4110,450
4111,450
4112,450
4113,450
4114,450
4115,450
4116,451
4117,451
4118,450
4119,450
4120,450
4121,449
4122,450
4123,450
4124,450
4125,450
4126,450
4127,450
4128,449
4129,449
4130,449
4131,450
4132,451
4133,451
4134,450
4135,450
4136,449
4137,449
4138,449
4139,450
4140,450
4141,451
4142,450
4143,450
4144,450
4145,450
4146,450
4147,450
4148,450
4150,450
4151,450
4152,450
4153,450
4154,450
4155,450
4156,450
4157,450
4158,450
4159,451
4160,450
4161,450
4162,449
4163,449
4164,450
4165,450
4166,450
4167,450
4168,450
4169,450
4170,450
4171,449
4172,450
4173,451
4174,451
4175,450
4176,450
4177,450
4178,449
4179,449
4180,450
4181,450
4182,450
4183,450
4184,450
4185,450
4186,449
4187,449
4188,450
4189,450
4190,450
4191,451
4193,451
4194,450
4195,450
4196,449
4197,450
4198,450
4199,450
4200,451
4201,450
4202,450
4203,450
4204,449
4205,450
4206,450
4207,450
4208,450
4209,450
4210,450
4211,449
4212,450
4213,450
4214,450
4215,450
4216,451
4217,450
4218,450
4219,450
4220,449
4221,450
4222,449
4223,450
4224,450
4225,450
4226,450
4227,450
4228,450
4229,450
4230,450
4231,451
4232,451
4233,451
4234,450
4236,450
4237,450
4238,449
4239,450
4240,450
4241,451
4242,451
4243,450
4244,450
4245,450
4246,450
4247,450
4248,450
4249,451
4250,451
4251,450
4252,450
4253,450
4254,450
4255,450
4256,450
4257,451
4258,451
4259,450
4260,450
4261,450
4262,450
4263,450
4264,450
4265,450
4266,451
4267,450
4268,450
4269,450
4270,450
4271,450
4272,451
4273,451
4274,451
4275,451
4276,450
4278,450
4279,450
4280,450
4281,450
4282,450
4283,451
4284,451
4285,450
4286,450
4287,450
4288,450
4289,450
4290,450
4291,451
4292,451
4293,451
4294,450
4295,450
4296,450
4297,450
4298,450
4299,451
4300,451
4301,450
4302,450
4303,450
4304,450
4305,450
4306,450
4307,450
4308,450
4309,451
4310,450
4311,450
4312,450
4313,450
4314,451
4315,451
4316,451
4317,450
4318,450
4319,450
4321,450
4322,450
4323,451
4324,450
4325,451
4326,451
4327,450
4328,450
4329,450
4330,450
4331,451
4332,451
4333,451
4334,451
4335,450
4336,450
4337,450
4338,450
4339,450
4340,451
4341,451
4342,451
4343,451
4344,450
4345,450
4346,450
4347,451
4348,451
4349,451
4350,451
4351,450
4352,451
4353,451
4354,450
4355,450
4356,451
4357,451
4358,451
4359,451
4360,450
4361,450
4362,450
4364,450
4365,450
4366,451
4367,451
4368,451
4369,450
4370,450
4371,450
4372,451
4373,452
4374,451
4375,451
4376,451
4377,450
4378,450
4379,450
4380,450
4381,451
4382,451
4383,451
4384,451
4385,450
4386,450
4387,450
4388,450
4389,451
4390,451
4391,451
4392,451
4393,451
4394,450
4395,450
4396,450
4397,451
4398,451
4399,451
4400,451
4401,451
4402,450
4403,450
4404,450
4406,451
4407,451
4408,451
4409,451
4410,450
4411,450
4412,451
4413,450
4414,451
4415,451
4416,451
4417,451
4418,451
4419,450
4420,450
4421,450
4422,450
4423,451
4424,451
4425,451
4426,450
4427,450
4428,450
4429,450
4430,451
4431,451
4432,452
4433,451
4434,451
4435,450
4436,450
4437,450
4438,449
4439,451
4440,450
4441,451
4442,451
4443,451
4444,450
4445,449
4446,450
4447,451
4449,451
4450,451
4451,451
4452,451
4453,451
4454,451
4455,450
4456,451
4457,451
4458,450
4459,448
4460,451
4461,450
4462,450
4463,450
4464,451
4465,451
4466,451
4467,451
4468,451
4469,451
4470,450
4471,450
4472,452
4473,452
4474,451
4475,451
4476,451
4477,451
4478,450
4479,450
4480,451
4481,451
4482,451
4483,451
4484,451
4485,451
4486,450
4487,450
4488,451
4489,451
4490,451
4492,452
4493,452
4494,451
4495,451
4496,450
4497,451
4498,451
4499,451
4500,451
4501,451
4502,451
4503,451
4504,451
4505,451
4506,451
4507,451
4508,451
4509,451
4510,451
4511,450
4512,451
4513,451
4514,451
4515,451
4516,451
4517,451
4518,451
4519,451
4520,450
4521,451
4522,451
4523,451
4524,451
4525,451
4526,451
4527,450
4528,450
4529,451
4530,451
4531,451
4532,452
4534,452
4535,451
4536,451
4537,450
4538,450
4539,451
4540,451
4541,451
4542,451
4543,451
4544,450
4545,450
4546,451
4547,451
4548,451
4549,451
4550,452
4551,451
4552,451
4553,451
4554,451
4555,451
4556,451
4557,451
4558,452
4559,451
4560,451
4561,451
4562,451
4563,451
4564,451
4565,452
4566,452
4567,452
4568,451
4569,451
4570,451
4571,451
4572,452
4573,452
4574,452
4575,452
4577,451
4578,451
4579,451
4580,451
4581,451
4582,452
4583,452
4584,452
4585,451
4586,451
4587,451
4588,451
4589,451
4590,452
4591,452
4592,452
4593,452
4594,451
4595,451
4596,451
4597,451
4598,452
4599,452
4600,452
4601,452
4602,451
4603,451
4604,451
4605,452
4606,452
4607,452
4608,452
4609,452
4610,451
4611,451
4612,452
4613,452
4614,452
4615,452
4616,452
4617,452
4618,451
4620,451
4621,451
4622,451
4623,452
4624,452
4625,452
4626,452
4627,451
4628,451
4629,451
4630,451
4631,452
4632,453
4633,453
4634,452
4635,451
4636,451
4637,451
4638,451
4639,452
4640,452
4641,452
4642,452
4643,452
4644,451
4645,451
4646,451
4647,451
4648,452
4649,452
4650,452
4651,452
4652,452
4653,452
4654,451
4655,452
4656,452
4657,452
4658,452
4659,452
4660,451
4662,451
4663,451
4664,452
4665,452
4666,452
4667,452
4668,452
4669,452
4670,451
4671,452
4672,452
4673,453
4674,453
4675,452
4676,452
4677,452
4678,451
4679,451
4680,452
4681,452
4682,452
4683,452
4684,452
4685,452
4686,452
4687,451
4688,452
4689,452
4690,452
4691,452
4692,453
4693,452
4694,451
4695,451
4696,452
4697,452
4698,452
4699,452
4700,452
4701,452
4702,452
4703,452
4705,452
4706,452
4707,452
4708,453
4709,452
4710,452
4711,452
4712,452
4713,452
4714,453
4715,452
4716,453
4717,452
4718,452
4719,452
4720,451
4721,452
4722,452
4723,452
4724,452
4725,452
4726,452
4727,452
4728,452
4729,451
4730,452
4731,453
4732,453
4733,453
4734,452
4735,452
4736,452
4737,452
4738,452
4739,452
4740,453
4741,453
4742,452
4743,452
4744,452
4745,452
4746,452
4748,453
4749,453
4750,453
4751,453
4752,453
4753,452
4754,453
4755,452
4756,453
4757,453
4758,453
4759,453
4760,452
4761,452
4762,452
4763,452
4764,453
4765,453
4766,453
4767,453
4768,452
4769,452
4770,452
4771,452
4772,453
4773,453
4774,453
4775,453
4776,452
4777,452
4778,452
4779,452
4780,452
4781,453
4782,453
4783,453
4784,453
4785,452
4786,452
4787,452
4788,453
4790,453
4791,453
4792,453
4793,453
4794,453
4795,452
4796,452
4797,453
4798,453
4799,453
4800,453
4801,453
4802,453
4803,452
4804,452
4805,453
4806,453
4807,453
4808,453
4809,453
4810,452
4811,452
4812,453
4813,453
4814,453
4815,453
4816,453
4817,443
4818,452
4819,452
4820,452
4821,452
4822,452
4823,453
4824,453
4825,453
4826,452
4827,453
4828,452
4829,451
4830,453
4831,453
4833,454
4834,454
4835,453
4836,452
4837,452
4838,453
4839,453
4840,452
4841,453
4842,453
4843,453
4844,452
4845,452
4846,452
4847,453
4848,453
4849,453
4850,453
4851,453
4852,453
4853,453
4854,453
4855,453
4856,453
4857,453
4858,453
4859,453
4860,452
4861,453
4862,453
4863,453
4864,453
4865,453
4866,454
4867,453
4868,453
4869,453
4870,453
4871,453
4872,454
4873,454
4874,453
4876,453
4877,453
4878,453
4879,453
4880,453
4881,453
4882,454
4883,454
4884,453
4885,453
4886,453
4887,453
4888,453
4889,454
4890,454
4891,454
4892,454
4893,454
4894,453
4895,453
4896,453
4897,453
4898,454
4899,454
4900,454
4901,453
4902,453
4903,453
4904,453
4905,453
4906,454
4907,454
4908,454
4909,453
4910,453
4911,453
4912,453
4913,454
4914,454
4915,454
4916,454
4918,453
4919,453
4920,451
4921,453
4922,454
4923,454
4924,454
4925,454
4926,454
4927,453
4928,453
4929,453
4930,453
4931,454
4932,454
4933,455
4934,454
4935,454
4936,453
4937,453
4938,453
4939,454
4940,454
4941,454
4942,454
4943,453
4944,453
4945,453
4946,453
4947,454
4948,454
4949,454
4950,454
4951,454
4952,454
4953,454
4954,454
4955,454
4956,454
4957,454
4958,454
4959,454
4961,453
4962,453
4963,452
4964,454
4965,454
4966,454
4967,453
4968,454
4969,453
4970,453
4971,453
4972,454
4973,455
4974,455
4975,454
4976,454
4977,453
4978,453
4979,453
4980,454
4981,454
4982,454
4983,454
4984,454
4985,453
4986,453
4987,453
4988,454
4989,454
4990,454
4991,454
4992,455
4993,454
4994,454
4995,453
4996,454
4997,454
4998,455
4999,454
5000,454
5001,454
5002,453
5004,454
5005,454
5006,454
5007,455
5008,455
5009,454
5010,454
5011,454
5012,454
5013,454
5014,455
5015,455
5016,455
5017,454
5018,454
5019,454
5020,454
5021,454
5022,454
5023,455
5024,455
5025,455
5026,454
5027,454
5028,454
5029,454
5030,454
5031,454
5032,455
5033,455
5034,454
5035,454
5036,454
5037,454
5038,454
5039,455
5040,455
5041,455
5042,454
5043,454
5044,454
5046,454
5047,454
5048,454
5049,455
5050,454
5051,454
5052,454
5053,454
5054,454
5055,454
5056,455
5057,455
5058,455
5059,454
5060,454
5061,454
5062,454
5063,454
5064,454
5065,455
5066,455
5067,454
5068,454
5069,454
5070,454
5071,454
5072,455
5073,455
5074,455
5075,455
5076,454
5077,454
5078,454
5079,454
5080,455
5081,455
5082,455
5083,454
5084,454
5085,454
5086,454
5087,454
5089,454
5090,455
5091,455
5092,455
5093,455
5094,455
5095,454
5096,454
5097,454
5098,455
5099,455
5100,455
5101,454
5102,454
5103,454
5104,454
5105,454
5106,455
5107,455
5108,455
5109,454
5110,454
5111,454
5112,454
5113,455
5114,455
5115,455
5116,455
5117,454
5118,454
5119,454
5120,454
5121,454
5122,455
5123,455
5124,455
5125,455
5126,454
5127,454
5128,454
5129,454
5130,455
5132,455
5133,455
5134,455
5135,454
5136,454
5137,454
5138,454
5139,455
5140,455
5141,455
5142,455
5143,454
5144,454
5145,454
5146,454
5147,454
5148,455
5149,455
5150,455
5151,454
5152,454
5153,454
5154,454
5155,455
5156,455
5157,455
5158,455
5159,454
5160,454
5161,454
5162,454
5163,455
5164,455
5165,455
5166,455
5167,455
5168,454
5169,454
5170,454
5171,455
5172,455
5174,456
5175,455
5176,455
5177,454
5178,454
5179,454
5180,455
5181,455
5182,455
5183,455
5184,455
5185,454
5186,454
5187,454
5188,454
5189,455
5190,455
5191,455
5192,455
5193,455
5194,454
5195,454
5196,454
5197,454
5198,455
5199,455
5200,455
5201,454
5202,454
5203,454
5204,454
5205,455
5206,455
5207,455
5208,455
5209,455
5210,454
5211,454
5212,455
5213,455
5214,455
5215,455
5217,455
5218,454
5219,454
5220,454
5221,454
5222,455
5223,455
5224,455
5225,455
5226,454
5227,454
5228,454
5229,454
5230,454
5231,455
5232,455
5233,456
5234,455
5235,454
5236,454
5237,454
5238,455
5239,455
5240,455
5241,455
5242,455
5243,454
5244,454
5245,454
5246,455
5247,455
5248,455
5249,455
5250,454
5251,454
5252,455
5253,455
5254,454
5255,455
5256,455
5257,455
5258,455
5260,454
5261,454
5262,454
5263,454
5264,455
5265,455
5266,455
5267,455
5268,454
5269,454
5270,454
5271,454
5272,455
5273,456
5274,456
5275,455
5276,454
5277,454
5278,454
5279,455
5280,455
5281,455
5282,455
5283,455
5284,455
5285,454
5286,454
5287,454
5288,455
5289,455
5290,455
5291,455
5292,455
5293,455
5294,454
5295,454
5296,455
5297,448
5298,455
5299,455
5300,455
5302,454
5303,454
5304,454
5305,455
5306,455
5307,455
5308,455
5309,455
5310,454
5311,454
5312,455
5313,455
5314,456
5315,455
5316,455
5317,455
5318,455
5319,454
5320,454
5321,455
5322,455
5323,455
5324,456
5325,455
5326,454
5327,454
5328,454
5329,455
5330,455
5331,455
5332,456
5333,455
5334,455
5335,454
5336,454
5337,453
5338,454
5339,455
5340,455
5341,455
5342,454
5343,453
5345,454
5346,455
5347,455
5348,455
5349,455
5350,455
5351,454
5352,454
5353,455
5354,455
5355,455
5356,455
5357,455
5358,455
5359,453
5360,454
5361,454
5362,455
5363,455
5364,455
5365,455
5366,455
5367,455
5368,455
5369,454
5370,454
5371,455
5372,456
5373,456
5374,455
5375,455
5376,455
5377,454
5378,454
5379,454
5380,455
5381,455
5382,455
5383,455
5384,455
5385,454
5386,455
5388,455
5389,455
5390,455
5391,455
5392,455
5393,455
5394,455
5395,455
5396,455
5397,455
5398,456
5399,455
5400,455
5401,455
5402,454
5403,455
5404,455
5405,455
5406,455
5407,455
5408,455
5409,455
5410,454
5411,454
5412,455
5413,455
5414,455
5415,455
5416,455
5417,455
5418,455
5419,454
5420,454
5421,455
5422,455
5423,456
5424,455
5425,455
5426,454
5427,455
5428,455
5430,455
5431,455
5432,455
5433,455
5434,455
5435,454
5436,454
5437,454
5438,455
5439,455
5440,455
5441,455
5442,455
5443,454
5444,454
5445,454
5446,455
5447,455
5448,455
5449,455
5450,455
5451,455
5452,455
5453,455
5454,455
5455,455
5456,455
5457,455
5458,455
5459,454
5460,454
5461,454
5462,455
5463,455
5464,455
5465,455
5466,455
5467,455
5468,454
5469,454
5470,455
5471,455
5473,456
5474,456
5475,455
5476,455
5477,454
5478,454
5479,454
5480,455
5481,455
5482,455
5483,455
5484,455
5485,454
5486,454
5487,454
5488,455
5489,455
5490,455
5491,455
5492,455
5493,455
5494,455
5495,455
5496,455
5497,455
5498,455
5499,456
5500,455
5501,455
5502,454
5503,454
5504,455
5505,455
5506,455
5507,455
5508,455
5509,454
5510,454
5511,455
5512,455
5513,455
5514,455
5516,455
5517,455
5518,454
5519,451
5520,454
5521,455
5522,455
5523,455
5524,455
5525,455
5526,454
5527,455
5528,454
5529,455
5530,455
5531,455
5532,455
5533,455
5534,455
5535,454
5536,455
5537,454
5538,454
5539,455
5540,455
5541,452
5542,455
5543,454
5544,454
5545,455
5546,455
5547,455
5548,455
5549,455
5550,455
5551,454
5552,455
5553,455
5554,455
5555,455
5556,455
5558,455
5559,455
5560,454
5561,454
5562,454
5563,455
5564,455
5565,455
5566,455
5567,455
5568,454
5569,454
5570,454
5571,455
5572,455
5573,456
5574,456
5575,455
5576,454
5577,454
5578,454
5579,454
5580,455
5581,455
5582,455
5583,455
5584,455
5585,454
5586,454
5587,454
5588,455
5589,455
5590,455
5591,455
5592,455
5593,455
5594,454
5595,455
5596,455
5597,455
5598,455
5599,455
5601,455
5602,454
5603,454
5604,454
5605,455
5606,455
5607,455
5608,455
5609,455
5610,454
5611,454
5612,455
5613,455
5614,456
5615,455
5616,455
5617,455
5618,454
5619,454
5620,454
5621,455
5622,455
5623,455
5624,455
5625,454
5626,454
5627,454
5628,455
5629,455
5630,455
5631,455
5632,456
5633,455
5634,454
5635,454
5636,454
5637,454
5638,451
5639,455
5640,455
5641,455
5642,454
5644,454
5645,454
5646,454
5647,455
5648,455
5649,455
5650,455
5651,455
5652,455
5653,455
5654,455
5655,455
5656,455
5657,455
5658,455
5659,454
5660,454
5661,454
5662,454
5663,455
5664,455
5665,455
5666,455
5667,455
5668,454
5669,454
5670,454
5671,455
5672,456
5673,455
5674,455
5675,455
5676,454
5677,454
5678,454
5679,454
5680,455
5681,455
5682,455
5683,454
5684,454
5686,454
5687,454
5688,454
5689,455
5690,455
5691,455
5692,455
5693,455
5694,455
5695,454
5696,454
5697,455
5698,455
5699,455
5700,454
5701,454
5702,454
5703,454
5704,454
5705,454
5706,455
5707,455
5708,454
5709,454
5710,454
5711,454
5712,455
5713,455
5714,455
5715,455
5716,455
5717,454
5718,451
5719,453
5720,454
5721,454
5722,455
5723,455
5724,454
5725,454
5726,454
5727,454
5729,454
5730,454
5731,454
5732,452
5733,455
5734,455
5735,454
5736,454
5737,454
5738,454
5739,455
5740,455
5741,454
5742,454
5743,454
5744,454
5745,454
5746,454
5747,455
5748,455
5749,454
5750,454
5751,454
5752,455
5753,454
5754,455
5755,455
5756,455
5757,455
5758,454
5759,454
5760,454
5761,454
5762,454
5763,455
5764,455
5765,455
5766,454
5767,454
5768,454
5769,454
5770,454
5772,455
5773,455
5774,455
5775,454
5776,454
5777,454
5778,454
5779,454
5780,454
5781,455
5782,455
5783,454
5784,454
5785,454
5786,454
5787,454
5788,454
5789,455
5790,455
5791,455
5792,455
5793,454
5794,454
5795,454
5796,455
5797,455
5798,455
5799,455
5800,454
5801,454
5802,454
5803,454
5804,454
5805,455
5806,455
5807,454
5808,454
5809,454
5810,453
5811,454
5812,455
5814,455
5815,454
5816,454
5817,454
5818,453
5819,454
5820,453
5821,454
5822,454
5823,454
5824,455
5825,454
5826,454
5827,453
5828,453
5829,454
5830,455
5831,455
5832,455
5833,455
5834,454
5835,454
5836,453
5837,454
5838,454
5839,454
5840,455
5841,454
5842,454
5843,454
5844,454
5845,454
5846,454
5847,455
5848,455
5849,454
5850,454
5851,454
5852,454
5853,454
5854,454
5855,454
5857,455
5858,454
5859,454
5860,454
5861,454
5862,454
5863,454
5864,455
5865,455
5866,454
5867,454
5868,454
5869,454
5870,454
5871,454
5872,455
5873,455
5874,455
5875,454
5876,454
5877,453
5878,454
5879,454
5880,454
5881,455
5882,455
5883,455
5884,454
5885,454
5886,454
5887,454
5888,455
5889,455
5890,455
5891,454
5892,454
5893,454
5894,454
5895,454
5896,454
5897,454
5898,454
5900,454
5901,454
5902,454
5903,454
5904,454
5905,455
5906,455
5907,455
5908,455
5909,454
5910,454
5911,454
5912,454
5913,455
5914,455
5915,455
5916,455
5917,454
5918,454
5919,453
5920,451
5921,454
5922,455
5923,455
5924,455
5925,454
5926,454
5927,454
5928,454
5929,454
5930,455
5931,455
5932,455
5933,455
5934,454
5935,454
5936,454
5937,454
5938,454
5939,454
5940,453
5942,454
5943,454
5944,454
5945,454
5946,454
5947,455
5948,455
5949,455
5950,454
5951,454
5952,454
5953,454
5954,455
5955,455
5956,455
5957,455
5958,455
5959,454
5960,454
5961,454
5962,454
5963,455
5964,455
5965,455
5966,455
5967,454
5968,454
5969,454
5970,454
5971,455
5972,456
5973,455
5974,455
5975,454
5976,454
5977,454
5978,454
5979,454
5980,455
5981,455
5982,454
5983,454
5985,454
5986,454
5987,454
5988,454
5989,455
5990,455
5991,455
5992,454
5993,454
5994,454
5995,454
5996,454
5997,455
5998,455
5999,455
6000,454
6001,454
6002,454
6003,454
6004,455
6005,455
6006,455
6007,455
6008,454
6009,454
6010,454
6011,454
6012,455
6013,455
6014,455
6015,455
6016,454
6017,454
6018,454
6019,454
6020,454
6021,455
6022,455
6023,455
6024,455
6025,454
6026,454
6028,454
6029,454
6030,455
6031,455
6032,455
6033,455
6034,455
6035,454
6036,454
6037,454
6038,455
6039,455
6040,455
6041,455
6042,454
6043,454
6044,454
6045,454
6046,455
6047,455
6048,455
6049,455
6050,454
6051,454
6052,455
6053,455
6054,455
6055,455
6056,455
6057,455
6058,454
6059,454
6060,454
6061,454
6062,455
6063,455
6064,455
6065,455
6066,455
6067,454
6068,454
6070,454
6071,454
6072,455
6073,455
6074,455
6075,455
6076,454
6077,454
6078,454
6079,454
6080,455
6081,455
6082,455
6083,455
6084,454
6085,454
6086,454
6087,455
6088,455
6089,455
6090,455
6091,455
6092,455
6093,455
6094,454
6095,454
6096,454
6097,455
6098,455
6099,455
6100,454
6101,454
6102,454
6103,454
6104,454
6105,455
6106,455
6107,455
6108,454
6109,454
6110,454
6111,454
6113,455
6114,455
6115,455
6116,455
6117,455
6118,454
6119,454
6120,454
6121,455
6122,455
6123,455
6124,455
6125,455
6126,454
6127,454
6128,454
6129,454
6130,455
6131,455
6132,456
6133,455
6134,455
6135,454
6136,454
6137,454
6138,455
6139,455
6140,455
6141,454
6142,454
6143,454
6144,454
6145,455
6146,455
6147,455
6148,455
6149,455
6150,454
6151,454
6152,455
6153,455
6154,455
6156,455
6157,455
6158,455
6159,454
6160,454
6161,454
6162,454
6163,455
6164,455
6165,455
6166,455
6167,455
6168,455
6169,454
6170,455
6171,455
6172,456
6173,456
6174,456
6175,455
6176,454
6177,454
6178,450
6179,455
6180,455
6181,456
6182,455
6183,455
6184,454
6185,454
6186,454
6187,455
6188,455
6189,455
6190,455
6191,455
6192,455
6193,455
6194,455
6195,455
6196,455
6198,456
6199,455
6200,455
6201,454
6202,454
6203,455
6204,455
6205,455
6206,455
6207,455
6208,455
6209,455
6210,454
6211,455
6212,455
6213,456
6214,456
6215,455
6216,455
6217,455
6218,455
6219,454
6220,455
6221,455
6222,456
6223,456
6224,455
6225,455
6226,455
6227,454
6228,454
6229,455
6230,455
6231,455
6232,456
6233,455
6234,454
6235,454
6236,455
6237,455
6238,455
6239,456
6241,455
6242,455
6243,454
6244,454
6245,455
6246,455
6247,455
6248,455
6249,455
6250,455
6251,455
6252,455
6253,455
6254,456
6255,456
6256,456
6257,455
6258,455
6259,454
6260,454
6261,455
6262,455
6263,455
6264,456
6265,456
6266,455
6267,455
6268,455
6269,455
6270,455
6271,456
6272,456
6273,457
6274,456
6275,455
6276,455
6277,455
6278,455
6279,454
6280,456
6281,456
6282,456
6284,455
6285,455
6286,455
6287,455
6288,455
6289,456
6290,456
6291,456
6292,455
6293,455
6294,455
6295,455
6296,456
6297,456
6298,456
6299,456
6300,455
6301,455
6302,455
6303,455
6304,456
6305,456
6306,456
6307,456
6308,455
6309,455
6310,455
6311,455
6312,456
6313,456
6314,456
6315,455
6316,456
6317,455
6318,455
6319,455
6320,455
6321,456
6322,456
6323,456
6324,455
6326,454
6327,455
6328,455
6329,456
6330,455
6331,456
6332,456
6333,456
6334,455
6335,455
6336,455
6337,455
6338,456
6339,456
6340,456
6341,455
6342,455
6343,455
6344,455
6345,455
6346,456
6347,456
6348,456
6349,456
6350,455
6351,455
6352,456
6353,456
6354,456
6355,456
6356,456
6357,456
6358,455
6359,455
6360,455
6361,455
6362,456
6363,456
6364,456
6365,456
6366,455
6367,455
6369,455
6370,456
6371,456
6372,456
6373,457
6374,457
6375,456
6376,455
6377,455
6378,455
6379,456
6380,456
6381,456
6382,456
6383,455
6384,455
6385,455
6386,455
6387,456
6388,456
6389,456
6390,456
6391,456
6392,456
6393,456
6394,456
6395,456
6396,456
6397,456
6398,456
6399,456
6400,455
6401,455
6402,455
6403,456
6404,456
6405,456
6406,456
6407,456
6408,456
6409,455
6410,455
6412,455
6413,456
6414,457
6415,456
6416,456
6417,455
6418,455
6419,455
6420,456
6421,456
6422,456
6423,456
6424,456
6425,456
6426,455
6427,455
6428,456
6429,456
6430,457
6431,456
6432,457
6433,456
6434,456
6435,455
6436,455
6437,456
6438,456
6439,456
6440,456
6441,455
6442,455
6443,455
6444,455
6445,456
6446,456
6447,456
6448,456
6449,456
6450,456
6451,456
6452,456
6454,456
6455,456
6456,456
6457,456
6458,456
6459,455
6460,455
6461,456
6462,456
6463,456
6464,456
6465,456
6466,456
6467,455
6468,455
6469,455
6470,456
6471,456
6472,457
6473,457
6474,457
6475,455
6476,455
6477,455
6478,456
6479,456
6480,456
6481,456
6482,456
6483,456
6484,455
6485,455
6486,456
6487,456
6488,456
6489,456
6490,456
6491,456
6492,456
6493,456
6494,455
6495,456
6497,456
6498,456
6499,456
6500,456
6501,455
6502,455
6503,455
6504,456
6505,456
6506,456
6507,456
6508,456
6509,456
6510,455
6511,455
6512,456
6513,457
6514,457
6515,456
6516,456
6517,455
6518,455
6519,456
6520,456
6521,456
6522,457
6523,456
6524,456
6525,455
6526,455
6527,455
6528,456
6529,456
6530,456
6531,457
6532,457
6533,456
6534,456
6535,455
6536,456
6537,456
6538,457
6540,456
6541,456
6542,456
6543,455
6544,455
6545,456
6546,456
6547,456
6548,456
6549,456
6550,456
6551,456
6552,456
6553,456
6554,457
6555,457
6556,457
6557,456
6558,456
6559,455
6560,455
6561,456
6562,456
6563,456
6564,457
6565,456
6566,456
6567,456
6568,455
6569,456
6570,456
6571,457
6572,457
6573,457
6574,456
6575,456
6576,456
6577,456
6578,455
6579,456
6580,452
6582,456
6583,456
6584,456
6585,456
6586,456
6587,456
6588,456
6589,457
6590,457
6591,456
6592,456
6593,456
6594,456
6595,456
6596,457
6597,457
6598,456
6599,456
6600,456
6601,455
6602,455
6603,456
6604,457
6605,457
6606,457
6607,457
6608,456
6609,456
6610,456
6611,456
6612,457
6613,457
6614,457
6615,456
6616,456
6617,456
6618,456
6619,456
6620,456
6621,457
6622,457
6623,456
6625,456
6626,456
6627,455
6628,456
6629,456
6630,457
6631,457
6632,456
6633,457
6634,456
6635,456
6636,455
6637,456
6638,456
6639,457
6640,456
6641,456
6642,456
6643,455
6644,456
6645,456
6646,456
6647,457
6648,457
6649,456
6650,456
6651,456
6652,456
6653,457
6654,457
6655,457
6656,457
6657,456
6658,456
6659,456
6660,456
6661,456
6662,456
6663,457
6664,457
6665,456
6666,456
6668,456
6669,456
6670,456
6671,456
6672,457
6673,457
6674,457
6675,456
6676,456
6677,456
6678,456
6679,456
6680,457
6681,457
6682,457
6683,456
6684,456
6685,456
6686,456
6687,456
6688,457
6689,457
6690,457
6691,456
6692,456
6693,456
6694,456
6695,456
6696,457
6697,457
6698,456
6699,456
6700,456
6701,456
6702,456
6703,456
6704,457
6705,457
6706,457
6707,456
6708,456
6710,456
6711,456
6712,456
6713,457
6714,458
6715,457
6716,456
6717,455
6718,455
6719,456
6720,450
6721,456
6722,457
6723,457
6724,456
6725,454
6726,456
6727,456
6728,456
6729,456
6730,457
6731,456
6732,456
6733,456
6734,456
6735,456
6736,456
6737,456
6738,457
6739,457
6740,456
6741,455
6742,456
6743,456
6744,456
6745,456
6746,456
6747,457
6748,456
6749,456
6750,456
6751,456
6753,456
6754,457
6755,457
6756,457
6757,457
6758,456
6759,456
6760,456
6761,456
6762,456
6763,457
6764,457
6765,457
6766,456
6767,456
6768,456
6769,456
6770,456
6771,457
6772,457
6773,457
6774,457
6775,456
6776,456
6777,456
6778,456
6779,456
6780,457
6781,457
6782,456
6783,456
6784,456
6785,456
6786,456
6787,456
6788,457
6789,457
6790,456
6791,456
6792,456
6793,457
6794,456
6796,457
6797,457
6798,457
6799,457
6800,456
6801,456
6802,456
6803,456
6804,457
6805,457
6806,457
6807,457
6808,456
6809,456
6810,456
6811,456
6812,457
6813,457
6814,457
6815,456
6816,456
6817,456
6818,455
6819,456
6820,456
6821,456
6822,457
6823,456
6824,456
6825,456
6826,456
6827,456
6828,456
6829,457
6830,457
6831,457
6832,457
6833,456
6834,456
6835,456
6836,456
6838,455
6839,457
6840,457
6841,456
6842,456
6843,455
6844,456
6845,456
6846,456
6847,457
6848,456
6849,456
6850,456
6851,456
6852,456
6853,457
6854,457
6855,457
6856,457
6857,456
6858,456
6859,455
6860,455
6861,456
6862,456
6863,456
6864,457
6865,457
6866,456
6867,456
6868,456
6869,456
6870,456
6871,457
6872,457
6873,457
6874,456
6875,456
6876,456
6877,456
6878,456
6879,457
6881,457
6882,457
6883,456
6884,456
6885,456
6886,456
6887,456
6888,457
6889,457
6890,456
6891,456
6892,456
6893,456
6894,456
6895,456
6896,456
6897,457
6898,456
6899,456
6900,456
6901,455
6902,455
6903,456
6904,457
6905,456
6906,456
6907,456
6908,456
6909,456
6910,456
6911,456
6912,457
6913,457
6914,457
6915,456
6916,456
6917,456
6918,456
6919,456
6920,456
6921,457
6922,457
6924,456
6925,456
6926,456
6927,456
6928,456
6929,456
6930,457
6931,457
6932,456
6933,457
6934,456
6935,456
6936,456
6937,457
6938,457
6939,457
6940,456
6941,456
6942,456
6943,455
6944,455
6945,456
6946,456
6947,456
6948,456
6949,456
6950,455
6951,456
6952,456
6953,456
6954,457
6955,457
6956,457
6957,456
6958,456
6959,456
6960,456
6961,456
6962,456
6963,456
6964,456
6966,456
6967,456
6968,455
6969,456
6970,456
6971,456
6972,456
6973,457
6974,457
6975,456
6976,455
6977,455
6978,456
6979,456
6980,456
6981,456
6982,456
6983,456
6984,455
6985,455
6986,456
6987,456
6988,457
6989,456
6990,456
6991,456
6992,456
6993,456
6994,456
6995,456
6996,456
6997,456
6998,456
6999,456
7000,455
7001,455
7002,456
7003,456
7004,456
7005,456
7006,456
7007,456
7009,456
7010,455
7011,455
7012,456
7013,457
7014,457
7015,456
7016,456
7017,456
7018,455
7019,455
7020,456
7021,456
7022,457
7023,456
7024,456
7025,456
7026,456
7027,456
7028,456
7029,456
7030,456
7031,456
7032,456
7033,456
7034,456
7035,455
7036,456
7037,456
7038,456
7039,456
7040,456
7041,455
7042,455
7043,455
7044,455
7045,456
7046,456
7047,456
7048,456
7049,455
7050,455
7052,455
7053,456
7054,456
7055,456
7056,456
7057,456
7058,455
7059,455
7060,455
7061,455
7062,456
7063,456
7064,456
7065,456
7066,455
7067,455
7068,455
7069,455
7070,456
7071,456
7072,456
7073,457
7074,456
7075,455
7076,455
7077,455
7078,455
7079,456
7080,456
7081,456
7082,455
7083,455
7084,455
7085,455
7086,455
7087,456
7088,456
7089,456
7090,455
7091,455
7092,455
7094,456
7095,455
7096,456
7097,456
7098,456
7099,455
7100,455
7101,455
7102,455
7103,455
7104,456
7105,456
7106,456
7107,455
7108,455
7109,455
7110,455
7111,455
7112,456
7113,456
7114,456
7115,456
7116,455
7117,455
7118,455
7119,455
7120,456
7121,456
7122,456
7123,455
7124,455
7125,455
7126,455
7127,455
7128,455
7129,456
7130,456
7131,456
7132,456
7133,455
7134,455
7135,455
7137,455
7138,455
7139,456
7140,454
7141,455
7142,455
7143,455
7144,455
7145,455
7146,455
7147,456
7148,455
7149,455
7150,455
7151,454
7152,455
7153,456
7154,456
7155,455
7156,456
7157,455
7158,455
7159,455
7160,455
7161,455
7162,456
7163,456
7164,455
7165,455
7166,455
7167,455
7168,455
7169,455
7170,455
7171,456
7172,456
7173,456
7174,455
7175,455
7176,454
7177,455
7178,455
7180,455
7181,455
7182,455
7183,455
7184,454
7185,454
7186,454
7187,455
7188,455
7189,455
7190,455
7191,455
7192,455
7193,455
7194,455
7195,455
7196,455
7197,455
7198,455
7199,455
7200,454
7201,454
7202,454
7203,455
7204,455
7205,455
7206,455
7207,454
7208,454
7209,454
7210,454
7211,455
7212,455
7213,456
7214,455
7215,455
7216,454
7217,454
7218,454
7219,454
7220,455
7222,455
7223,455
7224,454
7225,454
7226,454
7227,454
7228,454
7229,455
7230,456
7231,455
7232,455
7233,455
7234,455
7235,454
7236,455
7237,455
7238,455
7239,455
7240,454
7241,453
7242,454
7243,455
7244,454
7245,455
7246,454
7247,455
7248,455
7249,454
7250,454
7251,454
7252,455
7253,455
7254,456
7255,455
7256,455
7257,454
7258,454
7259,454
7260,454
7261,454
7262,455
7263,455
7265,455
7266,455
7267,454
7268,454
7269,454
7270,455
7271,455
7272,455
7273,456
7274,455
7275,454
7276,454
7277,454
7278,455
7279,455
7280,455
7281,455
7282,455
7283,454
7284,454
7285,454
7286,455
7287,455
7288,455
7289,455
7290,454
7291,454
7292,454
7293,455
7294,455
7295,455
7296,455
7297,455
7298,455
7299,454
7300,454
7301,454
7302,454
7303,455
7304,455
7305,455
7306,455
7308,454
7309,454
7310,454
7311,454
7312,455
7313,455
7314,455
7315,455
7316,454
7317,454
7318,454
7319,454
7320,454
7321,455
7322,455
7323,454
7324,454
7325,454
7326,454
7327,454
7328,454
7329,454
7330,454
7331,454
7332,454
7333,454
7334,454
7335,454
7336,454
7337,455
7338,455
7339,454
7340,454
7341,453
7342,454
7343,453
7344,454
7345,454
7346,454
7347,454
7348,454
7350,453
7351,453
7352,453
7353,454
7354,455
7355,454
7356,454
7357,454
7358,454
7359,453
7360,454
7361,454
7362,454
7363,454
7364,454
7365,454
7366,454
7367,453
7368,453
7369,454
7370,454
7371,455
7372,455
7373,455
7374,455
7375,454
7376,454
7377,454
7378,454
7379,455
7380,455
7381,454
7382,454
7383,454
7384,454
7385,454
7386,454
7387,455
7388,455
7389,455
7390,454
7391,454
7393,454
7394,454
7395,454
7396,454
7397,455
7398,455
7399,454
7400,453
7401,454
7402,454
7403,454
7404,455
7405,454
7406,454
7407,454
7408,454
7409,453
7410,453
7411,454
7412,455
7413,455
7414,455
7415,454
7416,454
7417,454
7418,454
7419,454
7420,455
7421,455
7422,455
7423,454
7424,453
7425,453
7426,454
7427,454
7428,454
7429,455
7430,455
7431,454
7432,454
7433,454
7434,454
7436,454
7437,454
7438,455
7439,455
7440,454
7441,454
7442,453
7443,454
7444,454
7445,454
7446,454
7447,454
7448,454
7449,454
7450,453
7451,453
7452,454
7453,454
7454,455
7455,455
7456,454
7457,454
7458,453
7459,453
7460,453
7461,454
7462,454
7463,454
7464,454
7465,453
7466,453
7467,453
7468,453
7469,453
7470,454
7471,454
7472,454
7473,454
7474,453
7475,452
7476,453
7478,453
7479,454
7480,454
7481,453
7482,453
7483,453
7484,453
7485,453
7486,453
7487,453
7488,454
7489,454
7490,453
7491,453
7492,453
7493,453
7494,454
7495,453
7496,454
7497,454
7498,453
7499,453
7500,453
7501,453
7502,453
7503,453
7504,454
7505,454
7506,454
7507,453
7508,453
7509,453
7510,453
7511,454
7512,454
7513,455
7514,454
7515,453
7516,453
7517,453
7518,453
7519,454
7521,454
7522,454
7523,454
7524,453
7525,453
7526,453
7527,453
7528,454
7529,454
7530,454
7531,454
7532,454
7533,454
7534,454
7535,454
7536,454
7537,454
7538,454
7539,454
7540,454
7541,453
7542,453
7543,453
7544,453
7545,454
7546,454
7547,454
7548,454
7549,453
7550,453
7551,453
7552,454
7553,455
7554,455
7555,454
7556,454
7557,453
7558,453
7559,453
7560,453
7561,454
7562,454
7564,454
7565,454
7566,454
7567,453
7568,453
7569,454
7570,454
7571,454
7572,454
7573,455
7574,454
7575,453
7576,453
7577,453
7578,454
7579,454
7580,454
7581,454
7582,454
7583,453
7584,453
7585,453
7586,454
7587,454
7588,454
7589,454
7590,453
7591,453
7592,453
7593,454
7594,454
7595,454
7596,454
7597,454
7598,453
7599,453
7600,453
7601,453
7602,453
7603,454
7604,454
7606,454
7607,453
7608,453
7609,453
7610,453
7611,453
7612,453
7613,454
7614,454
7615,453
7616,453
7617,452
7618,452
7619,450
7620,453
7621,453
7622,453
7623,452
7624,449
7625,452
7626,453
7627,452
7628,453
7629,453
7630,453
7631,451
7632,453
7633,453
7634,453
7635,452
7636,452
7637,452
7638,453
7639,451
7640,452
7641,452
7642,452
7643,452
7644,452
7645,453
7646,453
7647,453
7649,453
7650,452
7651,452
7652,452
7653,453
7654,454
7655,453
7656,452
7657,453
7658,453
7659,453
7660,452
7661,453
7662,454
7663,454
7664,454
7665,453
7666,453
7667,453
7668,452
7669,453
7670,454
7671,454
7672,453
7673,454
7674,454
7675,453
7676,452
7677,453
7678,454
7679,454
7680,454
7681,454
7682,453
7683,453
7684,453
7685,453
7686,454
7687,454
7688,454
7689,454
7690,454
7692,454
7693,454
7694,454
7695,454
7696,454
7697,454
7698,454
7699,454
7700,453
7701,454
7702,454
7703,454
7704,454
7705,454
7706,454
7707,454
7708,453
7709,454
7710,453
7711,454
7712,455
7713,455
7714,455
7715,454
7716,453
7717,453
7718,453
7719,454
7720,454
7721,454
7722,454
7723,453
7724,453
7725,453
7726,453
7727,453
7728,454
7729,454
7730,454
7731,453
7732,453
7734,453
7735,453
7736,453
7737,453
7738,453
7739,454
7740,453
7741,453
7742,452
7743,453
7744,453
7745,453
7746,453
7747,453
7748,453
7749,452
7750,452
7751,452
7752,452
7753,453
7754,454
7755,453
7756,453
7757,452
7758,452
7759,452
7760,452
7761,452
7762,453
7763,453
7764,452
7765,452
7766,452
7767,452
7768,452
7769,452
7770,453
7771,453
7772,453
7773,453
7774,452
7775,452
7777,452
7778,452
7779,452
7780,453
7781,452
7782,452
7783,452
7784,452
7785,452
7786,452
7787,453
7788,453
7789,453
7790,452
7791,452
7792,452
7793,453
7794,453
7795,453
7796,453
7797,453
7798,453
7799,452
7800,452
7801,452
7802,453
7803,453
7804,453
7805,453
7806,453
7807,453
7808,452
7809,453
7810,453
7811,453
7812,454
7813,454
7814,454
7815,453
7816,453
7817,453
7818,453
7820,454
7821,454
7822,454
7823,454
7824,453
7825,453
7826,453
7827,453
7828,454
7829,454
7830,454
7831,454
7832,454
7833,454
7834,454
7835,453
7836,454
7837,454
7838,454
7839,454
7840,454
7841,453
7842,453
7843,453
7844,454
7845,454
7846,454
7847,454
7848,453
7849,453
7850,453
7851,453
7852,454
7853,454
7854,454
7855,454
7856,453
7857,453
7858,453
7859,453
7860,453
7862,453
7863,454
7864,453
7865,453
7866,453
7867,453
7868,453
7869,453
7870,453
7871,454
7872,454
7873,454
7874,453
7875,453
7876,452
7877,452
7878,453
7879,453
7880,453
7881,453
7882,453
7883,452
7884,452
7885,452
7886,453
7887,453
7888,453
7889,453
7890,452
7891,452
7892,452
7893,453
7894,453
7895,453
7896,452
7897,452
7898,452
7899,452
7900,452
7901,452
7902,452
7903,452
7905,452
7906,452
7907,452
7908,451
7909,451
7910,451
7911,452
7912,452
7913,453
7914,452
7915,451
7916,451
7917,451
7918,451
7919,451
7920,452
7921,452
7922,452
7923,452
7924,451
7925,451
7926,451
7927,451
7928,452
7929,452
7930,452
7931,452
7932,452
7933,452
7934,452
7935,452
7936,452
7937,453
7938,453
7939,452
7940,452
7941,452
7942,452
7943,452
7944,452
7945,453
7946,453
7948,452
7949,452
7950,452
7951,452
7952,453
7953,453
7954,454
7955,453
7956,453
7957,453
7958,453
7959,452
7960,452
7961,453
7962,454
7963,454
7964,453
7965,453
7966,453
7967,453
7968,453
7969,453
7970,453
7971,454
7972,454
7973,453
7974,453
7975,453
7976,453
7977,453
7978,454
7979,454
7980,454
7981,453
7982,453
7983,453
7984,453
7985,453
7986,453
7987,454
7988,453
7990,453
7991,453
7992,453
7993,453
7994,454
7995,454
7996,453
7997,453
7998,453
7999,453
8000,453
8001,452
8002,452
8003,449
8004,453
8005,453
8006,453
8007,452
8008,452
8009,452
8010,451
8011,453
8012,453
8013,454
8014,454
8015,452
8016,452
8017,452
8018,452
8019,451
8020,452
8021,452
8022,452
8023,452
8024,452
8025,452
8026,451
8027,452
8028,452
8029,452
8030,452
8031,452
8033,452
8034,452
8035,452
8036,452
8037,452
8038,452
8039,452
8040,451
8041,451
8042,451
8043,451
8044,451
8045,452
8046,452
8047,452
8048,451
8049,451
8050,450
8051,451
8052,451
8053,452
8054,452
8055,451
8056,451
8057,451
8058,451
8059,450
8060,450
8061,451
8062,451
8063,451
8064,451
8065,451
8066,451
8067,451
8068,451
8069,451
8070,452
8071,452
8072,452
8073,452
8074,451
8076,451
8077,451
8078,451
8079,452
8080,452
8081,452
8082,451
8083,451
8084,451
8085,451
8086,452
8087,452
8088,452
8089,452
8090,452
8091,451
8092,451
8093,452
8094,453
8095,452
8096,452
8097,452
8098,451
8099,451
8100,451
8101,452
8102,452
8103,452
8104,452
8105,452
8106,452
8107,452
8108,452
8109,452
8110,452
8111,453
8112,453
8113,453
8114,453
8115,452
8116,452
8118,452
8119,452
8120,453
8121,453
8122,453
8123,453
8124,452
8125,452
8126,452
8127,452
8128,453
8129,453
8130,453
8131,453
8132,452
8133,452
8134,452
8135,452
8136,453
8137,453
8138,453
8139,452
8140,452
8141,452
8142,452
8143,452
8144,452
8145,452
8146,452
8147,452
8148,452
8149,452
8150,451
8151,452
8152,452
8153,453
8154,453
8155,452
8156,451
8157,451
8158,451
8159,451
8161,451
8162,451
8163,452
8164,452
8165,451
8166,451
8167,451
8168,451
8169,451
8170,451
8171,452
8172,451
8173,451
8174,451
8175,450
8176,450
8177,450
8178,450
8179,451
8180,451
8181,451
8182,450
8183,450
8184,450
8185,450
8186,451
8187,451
8188,451
8189,450
8190,450
8191,450
8192,450
8193,450
8194,450
8195,451
8196,450
8197,450
8198,450
8199,450
8200,450
8201,450
8202,450
8204,451
8205,451
8206,450
8207,450
8208,450
8209,450
8210,450
8211,450
8212,451
8213,451
8214,451
8215,450
8216,450
8217,450
8218,450
8219,451
8220,451
8221,452
8222,451
8223,451
8224,450
8225,451
8226,451
8227,451
8228,451
8229,452
8230,452
8231,451
8232,451
8233,451
8234,451
8235,451
8236,452
8237,452
8238,452
8239,451
8240,451
8241,451
8242,451
8243,451
8244,451
8246,452
8247,452
8248,451
8249,451
8250,451
8251,451
8252,451
8253,452
8254,452
8255,452
8256,452
8257,451
8258,451
8259,451
8260,451
8261,452
8262,452
8263,452
8264,452
8265,451
8266,451
8267,451
8268,452
8269,452
8270,452
8271,452
8272,452
8273,452
8274,452
8275,451
8276,451
8277,451
8278,452
8279,452
8280,451
8281,451
8282,451
8283,451
8284,451
8285,451
8286,451
8287,452
8289,451
8290,451
8291,451
8292,451
8293,451
8294,451
8295,451
8296,451
8297,450
8298,446
8299,450
8300,450
8301,450
8302,448
8303,451
8304,451
8305,451
8306,451
8307,450
8308,450
8309,450
8310,450
8311,450
8312,451
8313,451
8314,451
8315,450
8316,450
8317,450
8318,449
8319,450
8320,450
8321,450
8322,450
8323,449
8324,449
8325,449
8326,449
8327,450
8328,450
8329,450
8330,450
8332,449
8333,450
8334,449
8335,449
8336,450
8337,450
8338,450
8339,450
8340,450
8341,449
8342,449
8343,449
8344,450
8345,450
8346,450
8347,450
8348,450
8349,449
8350,449
8351,449
8352,450
8353,451
8354,451
8355,450
8356,450
8357,450
8358,450
8359,450
8360,450
8361,451
8362,451
8363,451
8364,450
8365,450
8366,450
8367,450
8368,450
8369,451
8370,451
8371,451
8372,451
8374,451
8375,450
8376,450
8377,450
8378,451
8379,451
8380,451
8381,451
8382,450
8383,450
8384,450
8385,450
8386,451
8387,451
8388,451
8389,451
8390,450
8391,450
8392,450
8393,451
8394,451
8395,451
8396,451
8397,451
8398,450
8399,450
8400,450
8401,450
8402,451
8403,451
8404,451
8405,451
8406,450
8407,450
8408,450
8409,450
8410,451
8411,451
8412,451
8413,451
8414,451
8415,450
8417,450
8418,450
8419,450
8420,451
8421,451
8422,451
8423,450
8424,450
8425,450
8426,450
8427,450
8428,450
8429,450
8430,450
8431,450
8432,450
8433,450
8434,450
8435,450
8436,450
8437,450
8438,450
8439,449
8440,449
8441,449
8442,449
8443,449
8444,449
8445,450
8446,450
8447,449
8448,449
8449,449
8450,449
8451,449
8452,450
8453,450
8454,450
8455,449
8456,448
8457,448
8458,448
8460,448
8461,449
8462,449
8463,449
8464,449
8465,448
8466,448
8467,448
8468,448
8469,448
8470,449
8471,449
8472,449
8473,449
8474,448
8475,448
8476,448
8477,448
8478,449
8479,449
8480,448
8481,448
8482,448
8483,448
8484,448
8485,449
8486,449
8487,449
8488,449
8489,449
8490,448
8491,448
8492,449
8493,449
8494,450
8495,449
8496,449
8497,449
8498,449
8499,449
8500,449
8502,449
8503,449
8504,450
8505,449
8506,449
8507,449
8508,449
8509,449
8510,449
8511,449
8512,449
8513,450
8514,450
8515,449
8516,449
8517,449
8518,449
8519,449
8520,449
8521,449
8522,449
8523,449
8524,448
8525,448
8526,448
8527,449
8528,449
8529,449
8530,449
8531,449
8532,449
8533,449
8534,449
8535,449
8536,449
8537,450
8538,449
8539,449
8540,448
8541,448
8542,449
8543,449
8545,449
8546,449
8547,449
8548,449
8549,448
8550,449
8551,449
8552,449
8553,450
8554,450
8555,449
8556,449
8557,448
8558,448
8559,448
8560,449
8561,449
8562,449
8563,449
8564,449
8565,449
8566,448
8567,448
8568,449
8569,449
8570,449
8571,449
8572,449
8573,449
8574,449
8575,448
8576,448
8577,448
8578,449
8579,449
8580,448
8581,448
8582,448
8583,448
8584,448
8585,448
8586,448
8588,448
8589,448
8590,448
8591,448
8592,447
8593,448
8594,448
8595,448
8596,448
8597,448
8598,447
8599,447
8600,447
8601,447
8602,447
8603,448
8604,448
8605,448
8606,447
8607,447
8608,447
8609,447
8610,447
8611,447
8612,448
8613,448
8614,448
8615,447
8616,447
8617,447
8618,447
8619,448
8620,447
8621,448
8622,447
8623,447
8624,447
8625,447
8626,447
8627,448
8628,448
8630,448
8631,448
8632,447
8633,448
8634,448
8635,448
8636,448
8637,448
8638,448
8639,448
8640,448
8641,447
8642,448
8643,448
8644,448
8645,448
8646,448
8647,448
8648,447
8649,447
8650,447
8651,448
8652,448
8653,449
8654,449
8655,448
8656,448
8657,447
8658,447
8659,447
8660,448
8661,448
8662,448
8663,448
8664,448
8665,447
8666,447
8667,448
8668,448
8669,448
8670,448
8671,448
8673,448
8674,448
8675,447
8676,447
8677,448
8678,448
8679,448
8680,448
8681,448
8682,447
8683,447
8684,447
8685,447
8686,448
8687,448
8688,448
8689,448
8690,448
8691,447
8692,447
8693,448
8694,448
8695,448
8696,448
8697,448
8698,447
8699,447
8700,447
8701,448
8702,448
8703,448
8704,448
8705,448
8706,447
8707,447
8708,447
8709,448
8710,448
8711,448
8712,449
8713,448
8714,448
8716,447
8717,447
8718,447
8719,448
8720,448
8721,448
8722,447
8723,447
8724,447
8725,447
8726,447
8727,447
8728,447
8729,447
8730,447
8731,447
8732,446
8733,447
8734,447
8735,447
8736,447
8737,447
8738,447
8739,446
8740,446
8741,446
8742,446
8743,446
8744,447
8745,446
8746,447
8747,446
8748,446
8749,446
8750,446
8751,446
8752,447
8753,448
8754,447
8755,447
8756,446
8758,446
8759,446
8760,446
8761,447
8762,447
8763,447
8764,447
8765,446
8766,446
8767,447
8768,447
8769,447
8770,447
8771,448
8772,447
8773,447
8774,447
8775,447
8776,447
8777,447
8778,447
8779,447
8780,447
8781,447
8782,447
8783,447
8784,447
8785,447
8786,447
8787,447
8788,447
8789,447
8790,446
8791,446
8792,447
8793,447
8794,448
8795,447
8796,447
8797,447
8798,446
8799,446
8801,446
8802,446
8803,447
8804,447
8805,447
8806,447
8807,446
8808,446
8809,446
8810,447
8811,447
8812,447
8813,447
8814,447
8815,446
8816,446
8817,446
8818,446
8819,447
8820,447
8821,447
8822,447
8823,446
8824,447
8825,447
8826,447
8827,447
8828,447
8829,447
8830,447
8831,447
8832,447
8833,447
8834,447
8835,447
8836,447
8837,447
8838,447
8839,447
8840,447
8841,447
8842,447
8844,447
8845,448
8846,448
8847,448
8848,447
8849,447
8850,447
8851,447
8852,448
8853,448
8854,448
8855,448
8856,447
8857,447
8858,447
8859,447
8860,447
8861,448
8862,448
8863,447
8864,447
8865,447
8866,446
8867,447
8868,447
8869,447
8870,447
8871,447
8872,447
8873,447
8874,447
8875,446
8876,446
8877,447
8878,447
8879,447
8880,447
8881,446
8882,446
8883,446
8884,446
8886,447
8887,447
8888,447
8889,447
8890,446
8891,446
8892,446
8893,447
8894,447
8895,447
8896,447
8897,446
8898,446
8899,446
8900,446
8901,446
8902,447
8903,446
8904,445
8905,447
8906,446
8907,446
8908,446
8909,444
8910,447
8911,447
8912,446
8913,447
8914,447
8915,446
8916,446
8917,446
8918,439
8919,446
8920,447
8921,446
8922,446
8923,446
8924,446
8925,446
8926,446
8927,446
8929,446
8930,446
8931,445
8932,446
8933,446
8934,446
8935,446
8936,446
8937,446
8938,447
8939,446
8940,446
8941,445
8942,446
8943,445
8944,446
8945,446
8946,446
8947,446
8948,445
8949,446
8950,445
8951,446
8952,446
8953,447
8954,447
8955,446
8956,446
8957,446
8958,446
8959,446
8960,446
8961,447
8962,447
8963,446
8964,446
8965,446
8966,446
8967,447
8968,447
8969,447
8970,447
8972,447
8973,448
8974,447
8975,447
8976,447
8977,447
8978,448
8979,447
8980,447
8981,447
8982,447
8983,447
8984,447
8985,447
8986,447
8987,448
8988,448
8989,447
8990,447
8991,447
8992,447
8993,448
8994,448
8995,448
8996,448
8997,447
8998,446
8999,447
9000,447
9001,447
9002,447
9003,448
9004,448
9005,447
9006,447
9007,447
9008,447
9009,447
9010,446
9011,447
9012,448
9014,447
9015,446
9016,446
9017,446
9018,447
9019,446
9020,447
9021,447
9022,447
9023,445
9024,446
9025,446
9026,446
9027,447
9028,447
9029,447
9030,446
9031,446
9032,446
9033,446
9034,447
9035,446
9036,446
9037,447
9038,446
9039,446
9040,446
9041,446
9042,446
9043,446
9044,446
9045,446
9046,446
9047,446
9048,445
9049,446
9050,446
9051,446
9052,446
9053,447
9054,446
9055,446
9057,446
9058,445
9059,445
9060,445
9061,446
9062,446
9063,446
9064,446
9065,445
9066,445
9067,445
9068,445
9069,446
9070,446
9071,445
9072,445
9073,445
9074,445
9075,445
9076,445
9077,445
9078,445
9079,444
9080,445
9081,445
9082,445
9083,445
9084,445
9085,446
9086,446
9087,446
9088,446
9089,446
9090,446
9091,445
9092,446
9093,446
9094,447
9095,447
9096,446
9097,446
9098,446
9100,446
9101,446
9102,447
9103,447
9104,447
9105,447
9106,447
9107,447
9108,447
9109,447
9110,447
9111,447
9112,448
9113,448
9114,448
9115,447
9116,447
9117,447
9118,447
9119,448
9120,448
9121,448
9122,448
9123,447
9124,447
9125,447
9126,447
9127,448
9128,448
9129,448
9130,447
9131,447
9132,447
9133,447
9134,448
9135,447
9136,448
9137,447
9138,447
9139,447
9140,447
9142,447
9143,447
9144,447
9145,447
9146,447
9147,447
9148,446
9149,446
9150,446
9151,446
9152,447
9153,447
9154,448
9155,447
9156,446
9157,446
9158,446
9159,446
9160,447
9161,447
9162,447
9163,446
9164,446
9165,446
9166,446
9167,446
9168,446
9169,446
9170,447
9171,447
9172,446
9173,446
9174,446
9175,446
9176,446
9177,447
9178,446
9179,446
9180,446
9181,446
9182,445
9183,446
9185,446
9186,446
9187,446
9188,446
9189,446
9190,446
9191,445
9192,445
9193,446
9194,446
9195,446
9196,446
9197,445
9198,445
9199,445
9200,445
9201,445
9202,445
9203,445
9204,445
9205,445
9206,445
9207,444
9208,444
9209,444
9210,445
9211,445
9212,445
9213,445
9214,445
9215,445
9216,445
9217,445
9218,445
9219,446
9220,446
9221,446
9222,445
9223,445
9224,445
9225,445
9226,446
9228,446
9229,446
9230,446
9231,446
9232,446
9233,447
9234,447
9235,447
9236,447
9237,447
9238,447
9239,446
9240,446
9241,446
9242,447
9243,447
9244,447
9245,448
9246,448
9247,447
9248,447
9249,447
9250,447
9251,448
9252,448
9253,449
9254,449
9255,448
9256,447
9257,447
9258,447
9259,448
9260,448
9261,448
9262,448
9263,448
9264,448
9265,447
9266,448
9267,448
9268,448
9270,448
9271,448
9272,448
9273,447
9274,448
9275,448
9276,447
9277,448
9278,448
9279,448
9280,447
9281,447
9282,447
9283,447
9284,447
9285,447
9286,447
9287,447
9288,447
9289,447
9290,446
9291,446
9292,446
9293,448
9294,448
9295,447
9296,447
9297,447
9298,447
9299,446
9300,446
9301,446
9302,447
9303,447
9304,447
9305,446
9306,446
9307,446
9308,446
9309,446
9310,446
9311,446
9313,446
9314,446
9315,446
9316,446
9317,445
9318,445
9319,446
9320,446
9321,446
9322,446
9323,445
9324,445
9325,445
9326,445
9327,445
9328,445
9329,445
9330,445
9331,445
9332,444
9333,445
9334,445
9335,445
9336,445
9337,445
9338,445
9339,444
9340,444
9341,444
9342,444
9343,445
9344,445
9345,445
9346,445
9347,444
9348,444
9349,444
9350,445
9351,445
9352,445
9353,446
9354,446
9356,445
9357,445
9358,445
9359,445
9360,446
9361,446
9362,446
9363,446
9364,446
9365,446
9366,446
9367,446
9368,447
9369,447
9370,447
9371,447
9372,447
9373,447
9374,447
9375,447
9376,447
9377,447
9378,448
9379,447
9380,447
9381,447
9382,447
9383,447
9384,448
9385,448
9386,448
9387,448
9388,448
9389,447
9390,448
9391,447
9392,448
9393,449
9394,449
9395,448
9396,448
9398,447
9399,447
9400,447
9401,447
9402,448
9403,448
9404,448
9405,448
9406,447
9407,447
9408,447
9409,447
9410,448
9411,448
9412,448
9413,448
9414,448
9415,447
9416,447
9417,447
9418,447
9419,447
9420,448
9421,447
9422,447
9423,446
9424,447
9425,446
9426,447
9427,447
9428,447
9429,447
9430,446
9431,446
9432,446
9433,447
9434,447
9435,447
9436,447
9437,447
9438,446
9439,446
9441,446
9442,446
9443,446
9444,446
9445,447
9446,446
9447,446
9448,445
9449,445
9450,445
9451,446
9452,446
9453,447
9454,446
9455,446
9456,445
9457,445
9458,445
9459,445
9460,445
9461,445
9462,445
9463,445
9464,444
9465,444
9466,444
9467,444
9468,445
9469,445
9470,445
9471,445
9472,444
9473,444
9474,445
9475,444
9476,445
9477,445
9478,445
9479,445
9480,445
9481,445
9482,445
9484,445
9485,445
9486,446
9487,446
9488,446
9489,446
9490,445
9491,446
9492,446
9493,447
9494,447
9495,447
9496,447
9497,446
9498,446
9499,446
9500,446
9501,447
9502,447
9503,447
9504,447
9505,447
9506,447
9507,447
9508,447
9509,447
9510,448
9511,448
9512,448
9513,448
9514,448
9515,447
9516,448
9517,448
9518,448
9519,448
9520,448
9521,448
9522,447
9523,447
9524,448
9526,448
9527,448
9528,448
9529,448
9530,448
9531,448
9532,448
9533,448
9534,448
9535,449
9536,448
9537,448
9538,448
9539,448
9540,447
9541,447
9542,448
9543,448
9544,448
9545,448
9546,448
9547,447
9548,447
9549,447
9550,447
9551,447
9552,447
9553,448
9554,448
9555,447
9556,447
9557,446
9558,446
9559,447
9560,447
9561,446
9562,447
9563,446
9564,445
9565,446
9566,446
9567,446
9569,447
9570,447
9571,446
9572,446
9573,446
9574,446
9575,446
9576,446
9577,446
9578,446
9579,445
9580,446
9581,444
9582,446
9583,445
9584,446
9585,446
9586,446
9587,446
9588,446
9589,445
9590,445
9591,445
9592,445
9593,446
9594,446
9595,445
9596,445
9597,445
9598,445
9599,445
9600,445
9601,445
9602,445
9603,445
9604,445
9605,445
9606,445
9607,445
9608,445
9609,445
9610,446
9612,446
9613,446
9614,446
9615,446
9616,445
9617,446
9618,446
9619,447
9620,447
9621,447
9622,446
9623,446
9624,446
9625,446
9626,446
9627,447
9628,447
9629,447
9630,447
9631,447
9632,447
9633,448
9634,448
9635,448
9636,448
9637,448
9638,448
9639,447
9640,447
9641,448
9642,448
9643,448
9644,449
9645,448
9646,448
9647,448
9648,448
9649,448
9650,448
9651,449
9652,449
9654,449
9655,449
9656,448
9657,448
9658,448
9659,448
9660,448
9661,449
9662,449
9663,449
9664,448
9665,448
9666,448
9667,448
9668,449
9669,449
9670,449
9671,448
9672,448
9673,448
9674,448
9675,448
9676,448
9677,449
9678,448
9679,448
9680,448
9681,448
9682,448
9683,447
9684,448
9685,448
9686,448
9687,448
9688,448
9689,447
9690,447
9691,447
9692,447
9693,448
9694,448
9695,447
9697,447
9698,447
9699,446
9700,446
9701,447
9702,447
9703,447
9704,447
9705,447
9706,446
9707,446
9708,446
9709,446
9710,446
9711,447
9712,447
9713,447
9714,446
9715,446
9716,446
9717,446
9718,446
9719,446
9720,446
9721,446
9722,446
9723,445
9724,445
9725,446
9726,446
9727,446
9728,446
9729,446
9730,445
9731,445
9732,445
9733,446
9734,446
9735,446
9736,446
9737,446
9738,446
9740,446
9741,446
9742,446
9743,446
9744,447
9745,447
9746,447
9747,447
9748,446
9749,447
9750,447
9751,447
9752,448
9753,448
9754,448
9755,448
9756,448
9757,447
9758,447
9759,448
9760,448
9761,448
9762,448
9763,448
9764,448
9765,448
9766,448
9767,448
9768,449
9769,449
9770,449
9771,449
9772,449
9773,449
9774,449
9775,449
9776,449
9777,449
9778,449
9779,449
9780,449
9782,448
9783,448
9784,449
9785,449
9786,449
9787,449
9788,449
9789,449
9790,449
9791,449
9792,449
9793,450
9794,450
9795,450
9796,449
9797,449
9798,449
9799,449
9800,449
9801,449
9802,450
9803,450
9804,449
9805,449
9806,448
9807,448
9808,449
9809,449
9810,449
9811,449
9812,449
9813,449
9814,448
9815,448
9816,448
9817,448
9818,449
9819,449
9820,448
9821,448
9822,448
9823,448
9825,448
9826,448
9827,448
9828,448
9829,448
9830,448
9831,447
9832,447
9833,447
9834,448
9835,448
9836,448
9837,448
9838,447
9839,447
9840,447
9841,446
9842,447
9843,447
9844,447
9845,447
9846,447
9847,446
9848,446
9849,446
9850,446
9851,447
9852,447
9853,448
9854,447
9855,446
9856,446
9857,446
9858,446
9859,447
9860,447
9861,447
9862,447
9863,447
9864,447
9865,447
9866,447
9868,447
9869,448
9870,448
9871,448
9872,447
9873,448
9874,448
9875,448
9876,448
9877,448
9878,449
9879,449
9880,448
9881,448
9882,448
9883,448
9884,449
9885,449
9886,449
9887,449
9888,449
9889,449
9890,449
9891,449
9892,449
9893,450
9894,450
9895,450
9896,450
9897,449
9898,449
9899,449
9900,449
9901,450
9902,450
9903,450
9904,450
9905,449
9906,449
9907,449
9908,450
9910,450
9911,450
9912,450
9913,450
9914,450
9915,450
9916,449
9917,449
9918,450
9919,450
9920,450
9921,450
9922,450
9923,449
9924,450
9925,450
9926,450
9927,450
9928,450
9929,450
9930,449
9931,449
9932,449
9933,450
9934,450
9935,450
9936,450
9937,450
9938,449
9939,449
9940,449
9941,449
9942,448
9943,448
9944,449
9945,449
9946,449
9947,449
9948,448
9949,448
9950,447
9951,449
9953,449
9954,449
9955,449
9956,448
9957,448
9958,447
9959,446
9960,448
9961,448
9962,448
9963,448
9964,448
9965,448
9966,448
9967,448
9968,448
9969,448
9970,448
9971,448
9972,448
9973,448
9974,448
9975,448
9976,448
9977,448
9978,448
9979,448
9980,447
9981,447
9982,447
9983,448
9984,448
9985,448
9986,448
9987,448
9988,448
9989,447
9990,448
9991,448
9992,448
9993,448
9994,449
9996,449
9997,448
9998,448
9999,448
10000,448
10001,449
10002,449
10003,449
10004,449
10005,449
10006,449
10007,449
10008,449
10009,449
10010,450
10011,450
10012,450
10013,450
10014,450
10015,449
10016,449
10017,450
10018,450
10019,450
10020,450
10021,450
10022,450
10023,450
10024,450
10025,450
10026,450
10027,451
10028,451
10029,451
10030,450
10031,450
10032,450
10033,451
10034,451
10035,451
10036,451
10038,451
10039,450
10040,450
10041,450
10042,450
10043,450
10044,451
10045,451
10046,451
10047,450
10048,450
10049,450
10050,451
10051,451
10052,451
10053,451
10054,451
10055,451
10056,450
10057,450
10058,450
10059,451
10060,451
10061,451
10062,450
10063,450
10064,450
10065,449
10066,450
10067,450
10068,450
10069,450
10070,450
10071,450
10072,449
10073,449
10074,450
10075,449
10076,449
10077,450
10078,449
10079,449
10081,449
10082,449
10083,449
10084,449
10085,449
10086,449
10087,449
10088,449
10089,449
10090,449
10091,448
10092,449
10093,449
10094,450
10095,450
10096,449
10097,448
10098,448
10099,448
10100,449
10101,449
10102,449
10103,449
10104,449
10105,449
10106,449
10107,449
10108,449
10109,449
10110,449
10111,449
10112,449
10113,449
10114,449
10115,448
10116,449
10117,449
10118,450
10119,450
10120,450
10121,449
10122,449
10124,449
10125,449
10126,450
10127,450
10128,450
10129,450
10130,450
10131,449
10132,449
10133,450
10134,451
10135,451
10136,451
10137,451
10138,451
10139,450
10140,450
10141,450
10142,451
10143,451
10144,451
10145,451
10146,451
10147,450
10148,450
10149,450
10150,450
10151,451
10152,451
10153,452
10154,451
10155,451
10156,450
10157,450
10158,451
10159,451
10160,451
10161,451
10162,451
10163,451
10164,450
10166,450
10167,451
10168,451
10169,451
10170,451
10171,451
10172,451
10173,450
10174,451
10175,451
10176,450
10177,451
10178,451
10179,450
10180,450
10181,449
10182,449
10183,449
10184,450
10185,450
10186,450
10187,450
10188,449
10189,449
10190,449
10191,449
10192,449
10193,450
10194,450
10195,450
10196,449
10197,449
10198,449
10199,449
10200,449
10201,450
10202,450
10203,450
10204,450
10205,449
10206,449
10207,449
10209,449
10210,450
10211,450
10212,450
10213,450
10214,449
10215,449
10216,449
10217,449
10218,450
10219,450
10220,450
10221,450
10222,449
10223,449
10224,449
10225,449
10226,449
10227,450
10228,450
10229,450
10230,449
10231,449
10232,449
10233,450
10234,450
10235,450
10236,450
10237,450
10238,450
10239,450
10240,449
10241,450
10242,450
10243,450
10244,450
10245,450
10246,450
10247,449
10248,449
10249,450
10250,450
10252,450
10253,451
10254,451
10255,451
10256,450
10257,450
10258,450
10259,450
10260,451
10261,451
10262,451
10263,451
10264,450
10265,450
10266,450
10267,451
10268,451
10269,451
10270,451
10271,451
10272,450
10273,451
10274,451
10275,451
10276,451
10277,451
10278,451
10279,451
10280,451
10281,450
10282,450
10283,450
10284,451
10285,451
10286,451
10287,451
10288,451
10289,451
10290,450
10291,450
10292,451
10294,452
10295,451
10296,450
10297,450
10298,449
10299,449
10300,449
10301,449
10302,450
10303,450
10304,449
10305,449
10306,449
10307,449
10308,449
10309,449
10310,450
10311,450
10312,450
10313,450
10314,450
10315,450
10316,449
10317,450
10318,449
10319,450
10320,449
10321,449
10322,446
10323,449
10324,450
10325,450
10326,450
10327,450
10328,450
10329,447
10330,449
10331,449
10332,449
10333,450
10334,451
10335,450
10337,450
10338,450
10339,449
10340,450
10341,449
10342,450
10343,450
10344,450
10345,450
10346,450
10347,450
10348,449
10349,449
10350,450
10351,450
10352,450
10353,451
10354,450
10355,450
10356,450
10357,449
10358,450
10359,450
10360,450
10361,450
10362,450
10363,450
10364,450
10365,450
10366,450
10367,450
10368,451
10369,450
10370,450
10371,450
10372,450
10373,450
10374,450
10375,450
10376,451
10377,450
10378,451
10380,450
10381,450
10382,449
10383,450
10384,451
10385,451
10386,451
10387,451
10388,451
10389,451
10390,450
10391,451
10392,451
10393,452
10394,452
10395,451
10396,450
10397,450
10398,449
10399,450
10400,450
10401,450
10402,450
10403,450
10404,450
10405,450
10406,449
10407,450
10408,450
10409,450
10410,450
10411,451
10412,450
10413,450
10414,450
10415,450
10416,450
10417,450
10418,450
10419,450
10420,450
10422,449
10423,449
10424,449
10425,449
10426,449
10427,450
10428,450
10429,449
10430,449
10431,449
10432,449
10433,450
10434,450
10435,450
10436,450
10437,450
10438,450
10439,449
10440,449
10441,450
10442,450
10443,450
10444,450
10445,450
10446,450
10447,450
10448,450
10449,450
10450,450
10451,450
10452,450
10453,450
10454,450
10455,450
10456,449
10457,450
10458,450
10459,450
10460,450
10461,450
10462,450
10463,450
10465,450
10466,450
10467,450
10468,450
10469,451
10470,451
10471,450
10472,450
10473,450
10474,451
10475,451
10476,450
10477,451
10478,451
10479,450
10480,449
10481,450
10482,450
10483,450
10484,450
10485,451
10486,451
10487,451
10488,450
10489,450
10490,450
10491,450
10492,450
10493,452
10494,451
10495,451
10496,450
10497,450
10498,450
10499,450
10500,450
10501,450
10502,450
10503,450
10504,449
10505,449
10506,449
10508,450
10509,450
10510,450
10511,450
10512,450
10513,450
10514,450
10515,450
10516,449
10517,449
10518,449
10519,449
10520,449
10521,448
10522,448
10523,448
10524,448
10525,448
10526,448
10527,449
10528,448
10529,448
10530,448
10531,448
10532,448
10533,449
10534,449
10535,449
10536,449
10537,449
10538,448
10539,448
10540,448
10541,448
10542,449
10543,449
10544,449
10545,449
10546,449
10547,449
10548,449
10550,449
10551,449
10552,449
10553,450
10554,450
10555,450
10556,449
10557,449
10558,449
10559,449
10560,449
10561,450
10562,450
10563,450
10564,449
10565,450
10566,450
10567,450
10568,451
10569,451
10570,450
10571,450
10572,450
10573,450
10574,451
10575,450
10576,450
10577,450
10578,450
10579,450
10580,450
10581,450
10582,450
10583,450
10584,450
10585,451
10586,450
10587,450
10588,450
10589,450
10590,449
10591,450
10593,450
10594,451
10595,451
10596,450
10597,450
10598,450
10599,450
10600,450
10601,450
10602,451
10603,451
10604,450
10605,450
10606,450
10607,450
10608,450
10609,450
10610,451
10611,451
10612,450
10613,450
10614,450
10615,450
10616,450
10617,450
10618,451
10619,451
10620,451
10621,451
10622,451
10623,452
10624,452
10625,452
10626,452
10627,452
10628,452
10629,451
10630,450
10631,449
10632,448
10633,449
10634,449
10636,448
10637,448
10638,447
10639,447
10640,447
10641,447
10642,447
10643,447
10644,447
10645,446
10646,446
10647,445
10648,445
10649,445
10650,445
10651,445
10652,445
10653,446
10654,445
10655,445
10656,444
10657,444
10658,445
10659,445
10660,445
10661,445
10662,445
10663,444
10664,444
10665,444
10666,445
10667,445
10668,446
10669,446
10670,446
10671,446
10672,446
10673,447
10674,447
10675,447
10676,448
10678,448
10679,448
10680,448
10681,448
10682,448
10683,448
10684,448
10685,449
10686,449
10687,449
10688,448
10689,448
10690,449
10691,449
10692,449
10693,450
10694,450
10695,450
10696,449
10697,449
10698,449
10699,449
10700,450
10701,450
10702,450
10703,450
10704,450
10705,449
10706,449
10707,449
10708,450
10709,450
10710,450
10711,450
10712,450
10713,450
10714,450
10715,449
10716,450
10717,450
10718,450
10719,450
10721,450
10722,449
10723,449
10724,449
10725,450
10726,450
10727,450
10728,450
10729,450
10730,450
10731,450
10732,449
10733,450
10734,450
10735,451
10736,450
10737,450
10738,449
10739,449
10740,449
10741,449
10742,449
10743,449
10744,449
10745,449
10746,448
10747,449
10748,448
10749,448
10750,448
10751,449
10752,449
10753,450
10754,451
10755,451
10756,453
10757,453
10758,454
10759,454
10760,454
10761,453
10762,452
10764,450
10765,449
10766,449
10767,449
10768,449
10769,448
10770,448
10771,447
10772,447
10773,447
10774,448
10775,447
10776,447
10777,447
10778,446
10779,446
10780,445
10781,444
10782,443
10783,442
10784,441
10785,441
10786,441
10787,440
10788,440
10789,440
10790,440
10791,441
10792,441
10793,442
10794,442
10795,442
10796,442
10797,442
10798,442
10799,442
10800,442
10801,443
10802,443
10803,443
10804,443
10806,443
10807,444
10808,445
10809,446
10810,447
10811,448
10812,448
10813,448
10814,448
10815,448
10816,447
10817,447
10818,446
10819,445
10820,445
10821,445
10822,446
10823,446
10824,447
10825,447
10826,448
10827,448
10828,448
10829,448
10830,448
10831,448
10832,449
10833,449
10834,450
10835,450
10836,450
10837,449
10838,449
10839,449
10840,449
10841,449
10842,450
10843,450
10844,450
10845,450
10846,449
10847,449
10849,449
10850,450
10851,450
10852,450
10853,450
10854,450
10855,450
10856,449
10857,449
10858,449
10859,450
10860,450
10861,450
10862,450
10863,449
10864,449
10865,449
10866,450
10867,450
10868,450
10869,450
10870,450
10871,449
10872,449
10873,449
10874,449
10875,449
10876,449
10877,449
10878,448
10879,448
10880,448
10881,448
10882,447
10883,448
10884,450
10885,451
10886,454
10887,457
10888,462
10889,466
10890,469
10892,472
10893,473
10894,473
10895,473
10896,470
10897,468
10898,466
10899,465
10900,463
10901,461
10902,459
10903,456
10904,454
10905,451
10906,449
10907,448
10908,446
10909,444
10910,444
10911,442
10912,441
10913,440
10914,439
10915,438
10916,437
10917,437
10918,436
10919,436
10920,435
10921,435
10922,434
10923,434
10924,434
10925,434
10926,434
10927,433
10928,433
10929,433
10930,433
10931,432
10932,433
10934,433
10935,434
10936,434
10937,434
10938,434
10939,435
10940,435
10941,436
10942,437
10943,437
10944,439
10945,439
10946,441
10947,442
10948,444
10949,446
10950,445
10951,444
10952,443
10953,444
10954,444
10955,444
10956,444
10957,444
10958,445
10959,446
10960,447
10961,447
10962,447
10963,447
10964,448
10965,448
10966,448
10967,449
10968,449
10969,449
10970,449
10971,449
10972,449
10973,449
10974,450
10975,450
10977,450
10978,450
10979,450
10980,446
10981,449
10982,449
10983,449
10984,449
10985,449
10986,450
10987,449
10988,449
10989,449
10990,449
10991,449
10992,448
10993,450
10994,450
10995,449
10996,448
10997,448
10998,448
10999,437
11000,448
11001,448
11002,448
11003,448
11004,447
11005,447
11006,447
11007,447
11008,447
11009,448
11010,447
11011,447
11012,447
11013,448
11014,447
11015,447
11016,448
11017,450
11018,454
11020,462
11021,470
11022,478
11023,487
11024,493
11025,496
11026,498
11027,497
11028,493
11029,486
11030,478
11031,471
11032,465
11033,461
11034,457
11035,454
11036,451
11037,448
11038,445
11039,439
11040,427
11041,411
11042,392
11043,371
11044,348
11045,324
11046,298
11047,276
11048,256
11049,239
11050,225
11051,212
11052,201
11053,191
11054,180
11055,160
11056,138
11057,122
11058,110
11059,99
11060,89
11062,80
11063,72
11064,64
11065,57
11066,51
11067,46
11068,41
11069,36
11070,31
11071,28
11072,24
11073,21
11074,18
11075,16
11076,14
11077,12
11078,11
11079,10
11080,11
11081,30
11082,87
11083,180
11084,287
11085,380
11086,435
11087,447
11088,448
11089,450
11090,451
11091,452
11092,453
11093,453
11094,453
11095,452
11096,452
11097,452
11098,452
11099,452
11100,453
11101,452
11102,452
11103,452
11105,451
11106,451
11107,451
11108,451
11109,451
11110,451
11111,452
11112,451
11113,451
11114,451
11115,451
11116,450
11117,451
11118,451
11119,451
11120,451
11121,450
11122,450
11123,450
11124,450
11125,450
11126,450
11127,450
11128,449
11129,448
11130,448
11131,448
11132,448
11133,448
11134,448
11135,447
11136,447
11137,446
11138,446
11139,446
11140,446
11141,446
11142,447
11143,447
11144,447
11145,447
11146,447
11148,447
11149,447
11150,447
11151,447
11152,442
11153,433
11154,423
11155,406
11156,384
11157,356
11158,323
11159,285
11160,242
11161,197
11162,154
11163,116
11164,84
11165,58
11166,39
11167,25
11168,18
11169,18
11170,17
11171,17
11172,17
11173,16
11174,16
11175,16
11176,17
11177,16
11178,16
11179,16
11180,16
11181,16
11182,16
11183,16
11184,16
11185,16
11186,16
11187,15
11188,15
11190,14
11191,14
11192,15
11193,14
11194,14
11195,14
11196,13
11197,13
11198,13
11199,12
11200,15
11201,11
11202,12
11203,7
11204,10
11205,9
11206,9
11207,9
11208,9
11209,8
11210,7
11211,8
11212,8
11213,7
11214,8
11215,8
11216,14
11217,47
11218,119
11219,220
11220,319
11221,404
11222,442
11223,447
11224,449
11225,451
11226,452
11227,452
11228,452
11229,452
11230,451
11231,452
11233,452
11234,453
11235,453
11236,452
11237,452
11238,452
11239,452
11240,452
11241,452
11242,452
11243,452
11244,452
11245,452
11246,452
11247,452
11248,452
11249,452
11250,452
11251,453
11252,453
11253,453
11254,452
11255,452
11256,452
11257,452
11258,452
11259,452
11260,452
11261,452
11262,451
11263,451
11264,451
11265,451
11266,451
11267,451
11268,451
11269,451
11270,450
11271,450
11272,450
11273,451
11274,452
11276,451
11277,452
11278,452
11279,452
11280,452
11281,452
11282,452
11283,452
11284,452
11285,448
11286,416
11287,342
11288,243
11289,148
11290,73
11291,33
11292,19
11293,18
11294,18
11295,17
11296,17
11297,17
11298,17
11299,18
11300,18
11301,18
11302,18
11303,18
11304,18
11305,18
11306,17
11307,18
11308,18
11309,17
11310,17
11311,17
11312,17
11313,16
11314,16
11315,16
11316,16
11318,16
11319,15
11320,14
11321,13
11322,13
11323,12
11324,12
11325,12
11326,12
11327,12
11328,12
11329,12
11330,13
11331,14
11332,13
11333,13
11334,12
11335,12
11336,11
11337,10
11338,10
11339,9
11340,9
11341,9
11342,8
11343,8
11344,8
11345,7
11346,7
11347,7
11348,8
11349,17
11350,59
11351,140
11352,244
11353,347
11354,420
11355,445
11356,448
11357,450
11358,452
11359,453
11361,454
11362,453
11363,452
11364,453
11365,453
11366,453
11367,454
11368,454
11369,454
11370,454
11371,453
11372,453
11373,453
11374,453
11375,454
11376,453
11377,453
11378,453
11379,452
11380,452
11381,452
11382,452
11383,453
11384,453
11385,453
11386,453
11387,452
11388,452
11389,452
11390,452
11391,452
11392,453
11393,453
11394,453
11395,452
11396,451
11397,451
11398,451
11399,451
11400,451
11401,451
11402,451
11404,451
11405,451
11406,451
11407,451
11408,451
11409,452
11410,452
11411,453
11412,452
11413,452
11414,453
11415,453
11416,452
11417,452
11418,435
11419,380
11420,288
11421,189
11422,103
11423,47
11424,23
11425,19
11426,19
11427,18
11428,18
11429,18
11430,18
11431,18
11432,18
11433,18
11434,18
11435,19
11436,18
11437,18
11438,17
11439,18
11440,17
11441,18
11442,17
11443,18
11444,17
11446,17
11447,17
11448,16
11449,16
11450,16
11451,16
11452,16
11453,16
11454,16
11455,15
11456,15
11457,15
11458,15
11459,15
11460,15
11461,15
11462,15
11463,14
11464,14
11465,14
11466,14
11467,14
11468,14
11469,13
11470,13
11471,12
11472,12
11473,12
11474,12
11475,12
11476,12
11477,12
11478,13
11479,13
11480,14
11481,14
11482,16
11483,32
11484,82
11485,168
11486,270
11487,367
11489,432
11490,453
11491,455
11492,457
11493,459
11494,460
11495,459
11496,458
11497,458
11498,457
11499,457
11500,457
11501,457
11502,457
11503,457
11504,456
11505,455
11506,455
11507,455
11508,455
11509,455
11510,455
11511,454
11512,454
11513,454
11514,454
11515,454
11516,454
11517,454
11518,454
11519,454
11520,454
11521,453
11522,453
11523,453
11524,453
11525,454
11526,454
11527,453
11528,453
11529,453
11530,453
11532,453
11533,453
11534,454
11535,454
11536,453
11537,453
11538,453
11539,453
11540,453
11541,453
11542,454
11543,454
11544,455
11545,455
11546,455
11547,455
11548,455
11549,455
11550,455
11551,455
11552,450
11553,415
11554,341
11555,243
11556,150
11557,76
11558,37
11559,23
11560,22
11561,21
11562,21
11563,21
11564,21
11565,22
11566,22
11567,22
11568,22
11569,23
11570,23
11571,23
11572,24
11574,24
11575,24
11576,24
11577,24
11578,24
11579,23
11580,22
11581,22
11582,22
11583,22
11584,23
11585,25
11586,45
11587,96
11588,173
11589,262
11590,363
11591,438
11592,455
11593,471
11594,491
11595,477
11596,468
11597,474
11598,471
11599,463
11600,458
11601,454
11602,453
11603,452
11604,451
11605,451
11606,451
11607,451
11608,452
11609,452
11610,452
11611,452
11612,451
11613,451
11614,452
11615,451
11617,452
11618,452
11619,452
11620,451
11621,451
11622,451
11623,451
11624,451
11625,451
11626,452
11627,452
11628,452
11629,452
11630,452
11631,451
11632,452
11633,453
11634,453
11635,453
11636,452
11637,452
11638,451
11639,451
11640,452
11641,452
11642,452
11643,453
11644,453
11645,452
11646,452
11647,452
11648,452
11649,452
11650,452
11651,453
11652,453
11653,453
11654,452
11655,452
11656,452
11657,452
11658,452
11660,453
11661,453
11662,452
11663,451
11664,451
11665,452
11666,452
11667,452
11668,453
11669,452
11670,452
11671,452
11672,452
11673,452
11674,452
11675,453
11676,453
11677,453
11678,452
11679,452
11680,452
11681,452
11682,452
11683,452
11684,453
11685,453
11686,452
11687,452
11688,452
11689,451
11690,452
11691,452
11692,453
11693,453
11694,453
11695,452
11696,452
11697,452
11698,452
11699,452
11700,453
11702,453
11703,452
11704,452
11705,452
11706,452
11707,452
11708,452
11709,452
11710,453
11711,452
11712,452
11713,452
11714,453
11715,452
11716,452
11717,453
11718,448
11719,453
11720,452
11721,452
11722,451
11723,452
11724,451
11725,452
11726,453
11727,453
11728,452
11729,452
11730,452
11731,452
11732,452
11733,453
11734,453
11735,453
11736,452
11737,452
11738,449
11739,451
11740,451
11741,452
11742,453
11743,452
11745,452
11746,452
11747,452
11748,452
11749,452
11750,452
11751,452
11752,452
11753,452
11754,452
11755,452
11756,452
11757,451
11758,452
11759,453
11760,453
11761,452
11762,450
11763,452
11764,452
11765,452
11766,452
11767,453
11768,453
11769,452
11770,452
11771,452
11772,451
11773,452
11774,453
11775,452
11776,453
11777,453
11778,452
11779,452
11780,452
11781,451
11782,451
11783,453
11784,453
11785,452
11786,452
11788,452
11789,452
11790,452
11791,452
11792,453
11793,453
11794,453
11795,453
11796,452
11797,452
11798,452
11799,452
11800,453
11801,453
11802,453
11803,452
11804,452
11805,452
11806,452
11807,452
11808,453
11809,453
11810,453
11811,452
11812,452
11813,452
11814,452
11815,452
11816,452
11817,453
11818,453
11819,453
11820,452
11821,452
11822,452
11823,452
11824,452
11825,453
11826,452
11827,453
11828,452
11830,452
11831,452
11832,452
11833,452
11834,453
11835,453
11836,453
11837,452
11838,452
11839,452
11840,452
11841,453
11842,453
11843,453
11844,452
11845,452
11846,452
11847,452
11848,452
11849,452
11850,453
11851,453
11852,453
11853,453
11854,453
11855,452
11856,452
11857,452
11858,452
11859,453
11860,453
11861,452
11862,452
11863,452
11864,452
11865,452
11866,452
11867,453
11868,453
11869,452
11870,452
11871,452
11873,452
11874,453
11875,453
11876,453
11877,453
11878,452
11879,452
11880,451
11881,446
11882,452
11883,452
11884,453
11885,452
11886,452
11887,452
11888,452
11889,451
11890,452
11891,452
11892,452
11893,451
11894,453
11895,453
11896,452
11897,451
11898,452
11899,452
11900,452
11901,452
11902,453
11903,452
11904,452
11905,452
11906,452
11907,452
11908,452
11909,452
11910,452
11911,452
11912,452
11913,452
11914,452
11916,452
11917,453
11918,453
11919,452
11920,453
11921,451
11922,452
11923,452
11924,452
11925,452
11926,453
11927,453
11928,452
11929,452
11930,452
11931,452
11932,452
11933,453
11934,453
11935,453
11936,452
11937,452
11938,452
11939,452
11940,452
11941,452
11942,453
11943,453
11944,452
11945,452
11946,452
11947,452
11948,452
11949,452
11950,452
11951,453
11952,452
11953,452
11954,452
11955,452
11956,452
11958,452
11959,452
11960,452
11961,453
11962,452
11963,452
11964,452
11965,452
11966,452
11967,453
11968,452
11969,453
11970,452
11971,452
11972,452
11973,452
11974,453
11975,453
11976,453
11977,452
11978,452
11979,452
11980,452
11981,452
11982,452
11983,452
11984,453
11985,453
11986,452
11987,452
11988,451
11989,452
11990,452
11991,453
11992,453
11993,453
11994,453
11995,452
11996,452
11997,452
11998,452
11999,452
12001,453
12002,453
12003,452
12004,452
12005,452
12006,452
12007,452
12008,452
12009,453
12010,453
12011,452
12012,452
12013,452
12014,452
12015,452
12016,452
12017,452
12018,453
12019,453
12020,452
12021,452
12022,452
12023,452
12024,452
12025,452
12026,452
12027,452
12028,452
12029,452
12030,452
12031,452
12032,452
12033,453
12034,453
12035,453
12036,452
12037,452
12038,452
12039,452
12040,452
12041,453
12042,452
12044,453
12045,452
12046,452
12047,452
12048,452
12049,452
12050,453
12051,453
12052,453
12053,452
12054,453
12055,452
12056,452
12057,452
12058,452
12059,453
12060,453
12061,452
12062,452
12063,452
12064,452
12065,452
12066,452
12067,453
12068,453
12069,453
12070,452
12071,452
12072,452
12073,452
12074,453
12075,453
12076,453
12077,452
12078,452
12079,452
12080,452
12081,452
12082,452
12083,453
12084,453
12086,453
12087,452
12088,452
12089,452
12090,452
12091,452
12092,452
12093,452
12094,453
12095,453
12096,452
12097,452
12098,452
12099,452
12100,452
12101,453
12102,453
12103,452
12104,452
12105,452
12106,452
12107,452
12108,453
12109,453
12110,453
12111,452
12112,452
12113,452
12114,452
12115,452
12116,452
12117,453
12118,453
12119,452
12120,452
12121,452
12122,452
12123,452
12124,452
12125,453
12126,453
12127,452
12129,452
12130,452
12131,452
12132,452
12133,452
12134,453
12135,453
12136,453
12137,452
12138,452
12139,452
12140,452
12141,452
12142,453
12143,452
12144,452
12145,452
12146,452
12147,452
12148,452
12149,452
12150,453
12151,453
12152,453
12153,453
12154,452
12155,452
12156,452
12157,452
12158,452
12159,453
12160,452
12161,452
12162,451
12163,452
12164,452
12165,452
12166,452
12167,453
12168,453
12169,452
12170,452
12172,452
12173,452
12174,453
12175,453
12176,453
12177,453
12178,452
12179,452
12180,452
12181,452
12182,452
12183,453
12184,453
12185,453
12186,452
12187,452
12188,452
12189,452
12190,452
12191,452
12192,453
12193,453
12194,453
12195,452
12196,452
12197,452
12198,451
12199,452
12200,453
12201,453
12202,452
12203,452
12204,452
12205,452
12206,452
12207,452
12208,453
12209,453
12210,452
12211,452
12212,452
12214,452
12215,452
12216,452
12217,452
12218,453
12219,453
12220,452
12221,452
12222,452
12223,452
12224,452
12225,452
12226,453
12227,453
12228,452
12229,452
12230,452
12231,452
12232,452
12233,452
12234,453
12235,453
12236,452
12237,452
12238,452
12239,452
12240,452
12241,452
12242,452
12243,453
12244,452
12245,452
12246,452
12247,452
12248,452
12249,452
12250,453
12251,453
12252,452
12253,452
12254,452
12255,452
12257,452
12258,452
12259,452
12260,453
12261,452
12262,452
12263,452
12264,452
12265,452
12266,452
12267,452
12268,452
12269,452
12270,452
12271,452
12272,452
12273,451
12274,453
12275,453
12276,453
12277,453
12278,452
12279,445
12280,452
12281,452
12282,452
12283,452
12284,453
12285,452
12286,452
12287,451
12288,452
12289,452
12290,452
12291,453
12292,453
12293,453
12294,453
12295,452
12296,452
12297,451
12298,452
12300,452
12301,453
12302,453
12303,452
12304,452
12305,452
12306,452
12307,452
12308,452
12309,453
12310,453
12311,452
12312,452
12313,452
12314,452
12315,452
12316,452
12317,452
12318,453
12319,452
12320,452
12321,452
12322,452
12323,452
12324,452
12325,452
12326,453
12327,452
12328,452
12329,452
12330,452
12331,452
12332,452
12333,453
12334,453
12335,452
12336,452
12337,451
12338,452
12339,452
12340,452
12342,452
12343,453
12344,453
12345,452
12346,452
12347,452
12348,452
12349,452
12350,453
12351,453
12352,453
12353,452
12354,453
12355,452
12356,452
12357,452
12358,453
12359,453
12360,452
12361,452
12362,452
12363,452
12364,452
12365,452
12366,452
12367,453
12368,453
12369,452
12370,452
12371,452
12372,452
12373,452
12374,453
12375,453
12376,452
12377,452
12378,452
12379,452
12380,452
12381,452
12382,453
12383,453
12385,453
12386,452
12387,452
12388,452
12389,452
12390,452
12391,452
12392,453
12393,453
12394,453
12395,453
12396,452
12397,452
12398,452
12399,440
12400,452
12401,453
12402,453
12403,452
12404,449
12405,452
12406,452
12407,452
12408,452
12409,453
12410,452
12411,451
12412,452
12413,452
12414,452
12415,453
12416,452
12417,452
12418,452
12419,447
12420,451
12421,452
12422,452
12423,452
12424,452
12425,453
12426,452
12428,452
12429,452
12430,451
12431,451
12432,452
12433,452
12434,453
12435,453
12436,452
12437,452
12438,452
12439,451
12440,452
12441,452
12442,452
12443,453
12444,452
12445,452
12446,452
12447,452
12448,451
12449,452
12450,453
12451,452
12452,452
12453,452
12454,452
12455,452
12456,452
12457,452
12458,453
12459,453
12460,453
12461,452
12462,451
12463,452
12464,452
12465,452
12466,452
12467,453
12468,452
12470,452
12471,452
12472,452
12473,452
12474,453
12475,453
12476,453
12477,452
12478,452
12479,452
12480,451
12481,451
12482,452
12483,452
12484,452
12485,452
12486,452
12487,452
12488,451
12489,452
12490,452
12491,452
12492,453
12493,453
12494,453
12495,452
12496,451
12497,452
12498,452
12499,452
12500,453
12501,453
12502,452
12503,452
12504,451
12505,451
12506,452
12507,452
12508,453
12509,453
12510,452
12511,452
12513,451
12514,452
12515,452
12516,452
12517,452
12518,452
12519,452
12520,452
12521,452
12522,451
12523,452
12524,452
12525,452
12526,452
12527,452
12528,452
12529,451
12530,451
12531,451
12532,452
12533,452
12534,453
12535,453
12536,452
12537,452
12538,451
12539,450
12540,451
12541,452
12542,452
12543,452
12544,452
12545,452
12546,451
12547,451
12548,452
12549,452
12550,452
12551,452
12552,452
12553,452
12554,452
12556,452
12557,452
12558,452
12559,452
12560,452
12561,452
12562,452
12563,452
12564,451
12565,452
12566,452
12567,452
12568,452
12569,452
12570,452
12571,452
12572,451
12573,452
12574,453
12575,453
12576,452
12577,452
12578,452
12579,452
12580,451
12581,451
12582,451
12583,452
12584,453
12585,452
12586,452
12587,452
12588,451
12589,452
12590,452
12591,452
12592,452
12593,453
12594,453
12595,452
12596,452
12598,452
12599,452
12600,452
12601,453
12602,452
12603,452
12604,451
12605,452
12606,452
12607,452
12608,452
12609,452
12610,452
12611,452
12612,451
12613,451
12614,452
12615,452
12616,452
12617,452
12618,452
12619,452
12620,450
12621,451
12622,452
12623,452
12624,452
12625,453
12626,452
12627,452
12628,452
12629,451
12630,452
12631,452
12632,452
12633,453
12634,453
12635,452
12636,452
12637,452
12638,451
12639,452
12641,452
12642,452
12643,452
12644,452
12645,452
12646,452
12647,452
12648,452
12649,452
12650,452
12651,452
12652,452
12653,452
12654,452
12655,452
12656,451
12657,452
12658,452
12659,452
12660,452
12661,452
12662,452
12663,452
12664,452
12665,452
12666,453
12667,453
12668,452
12669,452
12670,452
12671,452
12672,452
12673,452
12674,453
12675,453
12676,452
12677,452
12678,452
12679,451
12680,451
12681,452
12682,452
12684,452
12685,452
12686,452
12687,452
12688,451
12689,452
12690,451
12691,452
12692,453
12693,453
12694,453
12695,452
12696,452
12697,452
12698,452
12699,452
12700,452
12701,452
12702,452
12703,452
12704,451
12705,451
12706,452
12707,452
12708,452
12709,452
12710,452
12711,452
12712,451
12713,452
12714,452
12715,452
12716,452
12717,453
12718,452
12719,452
12720,452
12721,452
12722,452
12723,452
12724,452
12726,452
12727,452
12728,452
12729,452
12730,451
12731,452
12732,452
12733,452
12734,453
12735,453
12736,452
12737,452
12738,451
12739,451
12740,452
12741,452
12742,452
12743,452
12744,452
12745,452
12746,452
12747,451
12748,452
12749,452
12750,452
12751,452
12752,452
12753,452
12754,452
12755,452
12756,452
12757,452
12758,452
12759,452
12760,452
12761,452
12762,452
12763,452
12764,452
12765,452
12766,453
12767,453
12769,452
12770,452
12771,452
12772,452
12773,451
12774,452
12775,453
12776,452
12777,452
12778,452
12779,452
12780,452
12781,452
12782,452
12783,452
12784,453
12785,452
12786,452
12787,452
12788,451
12789,452
12790,452
12791,452
12792,452
12793,452
12794,452
12795,452
12796,451
12797,452
12798,451
12799,452
12800,452
12801,452
12802,452
12803,451
12804,451
12805,451
12806,452
12807,452
12808,452
12809,452
12810,452
12812,452
12813,451
12814,452
12815,452
12816,452
12817,452
12818,452
12819,452
12820,452
12821,451
12822,451
12823,452
12824,452
12825,452
12826,452
12827,452
12828,452
12829,452
12830,451
12831,452
12832,452
12833,452
12834,453
12835,453
12836,452
12837,451
12838,451
12839,451
12840,452
12841,452
12842,452
12843,452
12844,452
12845,452
12846,451
12847,451
12848,452
12849,452
12850,452
12851,452
12852,451
12854,452
12855,452
12856,451
12857,452
12858,452
12859,452
12860,452
12861,452
12862,451
12863,451
12864,451
12865,452
12866,452
12867,452
12868,452
12869,452
12870,451
12871,451
12872,451
12873,451
12874,452
12875,453
12876,452
12877,452
12878,452
12879,451
12880,451
12881,449
12882,452
12883,452
12884,452
12885,452
12886,452
12887,451
12888,451
12889,452
12890,452
12891,452
12892,452
12893,452
12894,452
12895,452
12897,451
12898,452
12899,452
12900,452
12901,452
12902,452
12903,452
12904,452
12905,451
12906,452
12907,452
12908,452
12909,452
12910,452
12911,452
12912,452
12913,452
12914,452
12915,453
12916,452
12917,452
12918,452
12919,452
12920,452
12921,452
12922,452
12923,452
12924,452
12925,452
12926,452
12927,452
12928,451
12929,451
12930,451
12931,452
12932,452
12933,453
12934,452
12935,452
12936,451
12937,451
12938,451
12940,442
12941,452
12942,452
12943,452
12944,452
12945,451
12946,451
12947,452
12948,452
12949,452
12950,452
12951,452
12952,452
12953,451
12954,452
12955,452
12956,452
12957,452
12958,452
12959,452
12960,452
12961,452
12962,451
12963,452
12964,452
12965,452
12966,453
12967,452
12968,452
12969,452
12970,451
12971,451
12972,452
12973,452
12974,452
12975,453
12976,452
12977,452
12978,451
12979,451
12980,452
12982,452
12983,452
12984,453
12985,452
12986,452
12987,452
12988,451
12989,452
12990,452
12991,452
12992,452
12993,452
12994,453
12995,452
12996,451
12997,452
12998,452
12999,452
13000,452
13001,452
13002,452
13003,452
13004,452
13005,451
13006,452
13007,452
13008,452
13009,452
13010,452
13011,452
13012,451
13013,451
13014,452
13015,452
13016,452
13017,452
13018,452
13019,452
13020,451
13021,451
13022,452
13023,452
13025,452
13026,452
13027,452
13028,452
13029,452
13030,451
13031,452
13032,452
13033,452
13034,453
13035,453
13036,452
13037,451
13038,451
13039,452
13040,452
13041,452
13042,453
13043,453
13044,452
13045,452
13046,452
13047,452
13048,452
13049,452
13050,451
13051,452
13052,452
13053,452
13054,452
13055,452
13056,452
13057,452
13058,452
13059,452
13060,452
13061,452
13062,452
13063,452
13064,452
13065,452
13066,452
13068,452
13069,452
13070,452
13071,451
13072,451
13073,452
13074,452
13075,453
13076,452
13077,452
13078,452
13079,451
13080,451
13081,452
13082,452
13083,452
13084,453
13085,452
13086,452
13087,451
13088,451
13089,452
13090,452
13091,452
13092,452
13093,452
13094,452
13095,452
13096,452
13097,451
13098,452
13099,452
13100,453
13101,452
13102,452
13103,451
13104,452
13105,452
13106,452
13107,452
13108,452
13110,452
13111,452
13112,451
13113,451
13114,452
13115,452
13116,452
13117,452
13118,452
13119,452
13120,452
13121,452
13122,452
13123,452
13124,452
13125,453
13126,452
13127,452
13128,451
13129,452
13130,452
13131,452
13132,452
13133,452
13134,453
13135,453
13136,452
13137,452
13138,451
13139,452
13140,452
13141,452
13142,452
13143,452
13144,452
13145,452
13146,452
13147,452
13148,452
13149,453
13150,453
13151,452
13153,452
13154,452
13155,452
13156,452
13157,452
13158,452
13159,452
13160,452
13161,450
13162,451
13163,451
13164,452
13165,452
13166,450
13167,452
13168,453
13169,451
13170,452
13171,451
13172,451
13173,452
13174,453
13175,453
13176,453
13177,452
13178,452
13179,452
13180,451
13181,451
13182,451
13183,453
13184,452
13185,452
13186,451
13187,451
13188,452
13189,452
13190,452
13191,452
13192,452
13193,453
13194,452
13196,452
13197,452
13198,452
13199,452
13200,452
13201,452
13202,452
13203,452
13204,452
13205,451
13206,452
13207,452
13208,452
13209,452
13210,452
13211,452
13212,451
13213,451
13214,452
13215,452
13216,452
13217,453
13218,452
13219,452
13220,451
13221,451
13222,452
13223,452
13224,452
13225,452
13226,452
13227,452
13228,452
13229,451
13230,451
13231,452
13232,452
13233,453
13234,453
13235,453
13236,452
13238,451
13239,451
13240,452
13241,452
13242,452
13243,452
13244,452
13245,452
13246,452
13247,452
13248,452
13249,452
13250,452
13251,452
13252,452
13253,452
13254,452
13255,452
13256,452
13257,452
13258,452
13259,452
13260,452
13261,452
13262,452
13263,451
13264,452
13265,452
13266,452
13267,452
13268,452
13269,452
13270,451
13271,451
13272,452
13273,452
13274,453
13275,453
13276,452
13277,452
13278,451
13279,451
13281,452
13282,452
13283,452
13284,452
13285,452
13286,452
13287,451
13288,452
13289,451
13290,452
13291,452
13292,453
13293,452
13294,453
13295,452
13296,452
13297,452
13298,452
13299,452
13300,452
13301,453
13302,452
13303,452
13304,452
13305,452
13306,452
13307,452
13308,453
13309,452
13310,452
13311,452
13312,451
13313,452
13314,452
13315,453
13316,452
13317,452
13318,452
13319,452
13320,452
13321,452
13322,452
13324,452
13325,453
13326,453
13327,452
13328,452
13329,452
13330,452
13331,452
13332,452
13333,453
13334,453
13335,453
13336,452
13337,452
13338,452
13339,452
13340,452
13341,453
13342,453
13343,452
13344,452
13345,452
13346,452
13347,452
13348,452
13349,452
13350,453
13351,452
13352,452
13353,452
13354,452
13355,452
13356,452
13357,453
13358,453
13359,453
13360,452
13361,452
13362,452
13363,452
13364,452
13366,452
13367,453
13368,453
13369,452
13370,452
13371,452
13372,452
13373,452
13374,453
13375,453
13376,453
13377,452
13378,452
13379,451
13380,451
13381,452
13382,452
13383,452
13384,453
13385,453
13386,452
13387,452
13388,452
13389,452
13390,452
13391,453
13392,452
13393,452
13394,452
13395,452
13396,452
13397,452
13398,452
13399,452
13400,449
13401,453
13402,452
13403,452
13404,452
13405,452
13406,452
13407,453
13409,453
13410,453
13411,452
13412,452
13413,452
13414,452
13415,453
13416,453
13417,453
13418,452
13419,452
13420,452
13421,452
13422,452
13423,452
13424,452
13425,453
13426,452
13427,452
13428,452
13429,452
13430,452
13431,452
13432,453
13433,452
13434,453
13435,453
13436,452
13437,452
13438,452
13439,452
13440,452
13441,452
13442,452
13443,452
13444,452
13445,451
13446,452
13447,452
13448,452
13449,453
13450,452
13452,452
13453,452
13454,452
13455,452
13456,452
13457,452
13458,453
13459,453
13460,452
13461,452
13462,452
13463,451
13464,452
13465,452
13466,452
13467,453
13468,452
13469,452
13470,452
13471,452
13472,452
13473,452
13474,453
13475,453
13476,452
13477,452
13478,452
13479,452
13480,452
13481,452
13482,452
13483,453
13484,452
13485,452
13486,452
13487,452
13488,452
13489,452
13490,452
13491,453
13492,453
13494,453
13495,452
13496,452
13497,452
13498,452
13499,452
13500,453
13501,453
13502,452
13503,452
13504,452
13505,452
13506,452
13507,452
13508,452
13509,452
13510,452
13511,452
13512,452
13513,452
13514,453
13515,453
13516,452
13517,453
13518,452
13519,452
13520,452
13521,452
13522,452
13523,452
13524,453
13525,453
13526,452
13527,452
13528,452
13529,451
13530,452
13531,452
13532,453
13533,453
13534,453
13535,453
13537,452
13538,452
13539,452
13540,452
13541,453
13542,453
13543,453
13544,452
13545,452
13546,451
13547,452
13548,452
13549,453
13550,453
13551,453
13552,452
13553,452
13554,452
13555,452
13556,452
13557,453
13558,453
13559,453
13560,452
13561,452
13562,452
13563,452
13564,452
13565,452
13566,453
13567,453
13568,452
13569,452
13570,452
13571,452
13572,452
13573,453
13574,454
13575,453
13576,452
13577,452
13578,452
13580,452
13581,452
13582,453
13583,452
13584,453
13585,452
13586,452
13587,452
13588,452
13589,452
13590,453
13591,453
13592,453
13593,453
13594,453
13595,452
13596,452
13597,452
13598,452
13599,453
13600,453
13601,453
13602,452
13603,452
13604,452
13605,452
13606,452
13607,453
13608,453
13609,453
13610,452
13611,452
13612,452
13613,452
13614,453
13615,453
13616,453
13617,453
13618,452
13619,452
13620,452
13622,452
13623,452
13624,453
13625,453
13626,453
13627,452
13628,452
13629,452
13630,452
13631,452
13632,452
13633,452
13634,453
13635,453
13636,452
13637,452
13638,452
13639,452
13640,453
13641,453
13642,453
13643,453
13644,452
13645,452
13646,452
13647,452
13648,452
13649,453
13650,453
13651,453
13652,452
13653,452
13654,452
13655,452
13656,452
13657,453
13658,453
13659,452
13660,452
13661,452
13662,452
13663,452
13665,452
13666,452
13667,453
13668,453
13669,452
13670,452
13671,452
13672,452
13673,452
13674,453
13675,453
13676,453
13677,452
13678,452
13679,452
13680,452
13681,452
13682,452
13683,453
13684,453
13685,452
13686,452
13687,452
13688,452
13689,452
13690,452
13691,453
13692,453
13693,452
13694,453
13695,453
13696,452
13697,452
13698,453
13699,453
13700,453
13701,453
13702,452
13703,452
13704,452
13705,452
13706,452
13708,453
13709,453
13710,452
13711,452
13712,452
13713,452
13714,453
13715,453
13716,453
13717,453
13718,453
13719,452
13720,452
13721,452
13722,452
13723,452
13724,453
13725,453
13726,452
13727,452
13728,452
13729,452
13730,452
13731,452
13732,453
13733,453
13734,453
13735,453
13736,452
13737,452
13738,452
13739,452
13740,453
13741,453
13742,453
13743,452
13744,452
13745,452
13746,452
13747,452
13748,452
13750,453
13751,453
13752,452
13753,452
13754,452
13755,452
13756,452
13757,452
13758,452
13759,453
13760,452
13761,452
13762,452
13763,452
13764,452
13765,453
13766,453
13767,453
13768,452
13769,452
13770,452
13771,452
13772,452
13773,452
13774,453
13775,453
13776,452
13777,452
13778,452
13779,451
13780,452
13781,452
13782,452
13783,453
13784,453
13785,452
13786,452
13787,452
13788,452
13789,452
13790,452
13791,453
13793,452
13794,453
13795,452
13796,452
13797,452
13798,452
13799,453
13800,453
13801,453
13802,452
13803,452
13804,452
13805,452
13806,452
13807,453
13808,453
13809,452
13810,452
13811,452
13812,452
13813,452
13814,453
13815,453
13816,453
13817,453
13818,452
13819,451
13820,452
13821,452
13822,452
13823,452
13824,453
13825,453
13826,452
