Time (s),Intensity
1,456
2,456
3,456
4,456
5,456
6,456
7,456
8,456
9,456
10,456
11,456
12,399
13,409
14,424
15,411
16,447
17,414
18,420
19,420
21,423
22,444
23,419
24,446
25,420
26,421
27,420
28,423
29,448
30,423
31,438
32,431
33,427
34,428
35,435
36,448
37,430
38,434
39,430
40,433
41,446
42,434
43,451
44,430
45,437
46,437
47,435
48,450
49,435
50,445
51,436
52,433
53,440
54,439
55,452
56,439
57,442
58,438
59,441
60,446
61,439
62,452
64,438
65,440
66,437
67,441
68,452
69,442
70,447
71,441
72,443
73,440
74,442
75,452
76,438
77,440
78,440
79,445
80,450
81,441
82,452
83,438
84,441
85,442
86,443
87,452
88,442
89,447
90,444
91,443
92,442
93,439
94,453
95,442
96,444
97,438
98,445
99,452
100,442
101,446
102,442
103,445
104,443
106,442
107,446
108,444
109,444
110,439
111,445
112,450
113,442
114,452
115,442
116,443
117,440
118,445
119,452
120,442
121,449
122,440
123,443
124,446
125,443
126,452
127,443
128,445
129,441
130,445
131,454
132,442
133,448
134,444
135,443
136,444
137,445
138,453
139,444
140,444
141,439
142,445
143,451
144,442
145,451
146,444
147,445
149,444
150,443
151,451
152,443
153,447
154,442
155,445
156,446
157,446
158,452
159,439
160,447
161,442
162,443
163,451
164,443
165,452
166,443
167,443
168,444
169,443
170,451
171,446
172,450
173,444
174,445
175,440
176,447
177,452
178,442
179,448
180,446
181,453
182,454
183,453
184,456
185,454
186,460
187,458
188,459
189,458
190,459
192,456
193,456
194,454
195,456
196,454
197,456
198,459
199,464
200,456
201,455
202,455
203,456
204,456
205,456
206,456
207,456
208,445
209,453
210,453
211,456
212,456
213,456
214,456
215,456
216,455
217,455
218,455
219,455
220,456
221,456
222,456
223,456
224,456
225,455
226,455
227,456
228,456
229,455
230,457
231,456
232,456
234,455
235,455
236,455
237,456
238,455
239,456
240,456
241,456
242,455
243,455
244,455
245,456
246,456
247,457
248,457
249,456
250,456
251,455
252,455
253,456
254,456
255,456
256,456
257,456
258,456
259,455
260,455
261,456
262,456
263,456
264,455
265,456
266,456
267,456
268,456
269,456
270,456
271,456
272,456
273,456
274,456
275,455
277,455
278,456
279,456
280,456
281,456
282,456
283,456
284,455
285,455
286,455
287,456
288,456
289,457
290,456
291,456
292,455
293,455
294,455
295,456
296,456
297,456
298,456
299,456
300,455
301,455
302,455
303,456
304,456
305,456
306,456
307,456
308,456
309,455
310,455
311,456
312,456
313,456
314,456
315,456
316,455
317,455
318,455
320,456
321,456
322,456
323,456
324,456
325,455
326,455
327,456
328,456
329,457
330,456
331,456
332,456
333,456
334,455
335,455
336,455
337,456
338,456
339,456
340,456
341,455
342,455
343,455
344,455
345,456
346,456
347,457
348,457
349,456
350,455
351,455
352,455
353,456
354,456
355,456
356,456
357,456
358,455
359,455
360,455
362,455
363,456
364,456
365,456
366,455
367,455
368,456
369,456
370,455
371,456
372,456
373,456
374,456
375,455
376,455
377,455
378,456
379,456
380,456
381,456
382,456
383,455
384,455
385,455
386,455
387,456
388,457
389,456
390,456
391,456
392,455
393,455
394,456
395,456
396,456
397,457
398,456
399,455
400,455
401,455
402,455
403,455
405,456
406,456
407,456
408,456
409,456
410,455
411,455
412,456
413,456
414,456
415,456
416,456
417,456
418,456
419,455
420,456
421,456
422,456
423,456
424,455
425,455
426,455
427,456
428,456
429,456
430,456
431,456
432,456
433,455
434,455
435,455
436,456
437,456
438,456
439,456
440,456
441,455
442,455
443,455
444,455
445,456
446,456
448,456
449,456
450,455
451,455
452,455
453,455
454,456
455,456
456,456
457,456
458,455
459,455
460,455
461,455
462,456
463,456
464,456
465,456
466,456
467,456
468,456
469,456
470,456
471,456
472,456
473,456
474,456
475,455
476,455
477,455
478,456
479,456
480,456
481,456
482,455
483,455
484,455
485,455
486,455
487,457
488,457
490,456
491,456
492,455
493,455
494,455
495,456
496,456
497,457
498,457
499,456
500,455
501,455
502,455
503,455
504,456
505,456
506,456
507,456
508,456
509,455
510,455
511,455
512,456
513,456
514,456
515,456
516,455
517,455
518,455
519,456
520,456
521,456
522,456
523,456
524,455
525,455
526,455
527,456
528,456
529,456
530,456
531,456
533,455
534,455
535,452
536,455
537,456
538,456
539,456
540,456
541,456
542,455
543,455
544,455
545,456
546,456
547,456
548,456
549,456
550,455
551,455
552,455
553,455
554,456
555,456
556,456
557,455
558,455
559,455
560,455
561,456
562,456
563,456
564,456
565,456
566,455
567,456
568,456
569,455
570,456
571,456
572,455
573,455
574,453
576,455
577,455
578,455
579,455
580,456
581,456
582,456
583,455
584,455
585,455
586,455
587,456
588,456
589,456
590,455
591,455
592,455
593,455
594,455
595,455
596,456
597,456
598,456
599,455
600,455
601,455
602,455
603,456
604,455
605,455
606,455
607,456
608,455
609,455
610,455
611,455
612,456
613,456
614,456
615,455
616,455
618,455
619,455
620,455
621,456
622,456
623,456
624,456
625,455
626,455
627,455
628,456
629,456
630,456
631,456
632,455
633,455
634,455
635,455
636,455
637,455
638,456
639,456
640,456
641,455
642,455
643,455
644,455
645,456
646,456
647,456
648,456
649,455
650,455
651,455
652,455
653,455
654,455
655,456
656,455
657,455
658,455
659,455
661,455
662,456
663,456
664,456
665,456
666,455
667,455
668,455
669,455
670,455
671,456
672,456
673,455
674,455
675,455
676,455
677,455
678,455
679,455
680,456
681,456
682,455
683,455
684,455
685,455
686,455
687,455
688,456
689,456
690,455
691,455
692,455
693,455
694,455
695,456
696,456
697,456
698,455
699,455
700,454
701,454
702,454
704,455
705,455
706,455
707,455
708,455
709,455
710,455
711,455
712,455
713,456
714,456
715,455
716,455
717,455
718,455
719,455
720,455
721,455
722,456
723,455
724,455
725,455
726,455
727,455
728,456
729,456
730,455
731,456
732,455
733,455
734,454
735,455
736,455
737,455
738,456
739,455
740,455
741,455
742,455
743,455
744,455
746,455
747,456
748,456
749,456
750,455
751,455
752,455
753,455
754,455
755,456
756,455
757,455
758,455
759,454
760,454
761,455
762,455
763,455
764,455
765,455
766,455
767,455
768,455
769,455
770,455
771,455
772,455
773,455
774,455
775,454
776,454
777,455
778,455
779,455
780,455
781,455
782,455
783,455
784,454
785,455
786,454
787,456
789,456
790,455
791,455
792,455
793,454
794,454
795,455
796,455
797,455
798,455
799,455
800,454
801,454
802,455
803,455
804,455
805,455
806,455
807,455
808,455
809,455
810,455
811,455
812,455
813,455
814,455
815,455
816,454
817,454
818,455
819,455
820,455
821,455
822,455
823,455
824,455
825,454
826,454
827,455
828,455
829,455
830,455
832,455
833,454
834,454
835,454
836,455
837,455
838,455
839,455
840,455
841,455
842,454
843,454
844,455
845,455
846,455
847,456
848,456
849,455
850,454
851,454
852,454
853,455
854,455
855,455
856,455
857,455
858,454
859,454
860,454
861,455
862,455
863,455
864,455
865,455
866,454
867,455
868,455
869,454
870,455
871,455
872,455
874,455
875,454
876,454
877,454
878,455
879,455
880,455
881,455
882,455
883,454
884,454
885,454
886,454
887,455
888,455
889,456
890,455
891,454
892,454
893,454
894,454
895,455
896,455
897,455
898,455
899,455
900,454
901,454
902,455
903,454
904,455
905,455
906,455
907,455
908,455
909,454
910,454
911,455
912,453
913,447
914,455
915,454
917,454
918,454
919,450
920,455
921,455
922,455
923,454
924,453
925,454
926,454
927,454
928,455
929,454
930,448
931,455
932,454
933,453
934,452
935,454
936,455
937,455
938,455
939,455
940,455
941,454
942,454
943,454
944,454
945,455
946,455
947,456
948,455
949,455
950,454
951,454
952,454
953,455
954,455
955,455
956,455
957,454
958,454
960,454
961,455
962,455
963,455
964,455
965,455
966,455
967,454
968,455
969,455
970,455
971,455
972,455
973,455
974,454
975,454
976,454
977,454
978,454
979,455
980,455
981,454
982,454
983,454
984,454
985,454
986,454
987,455
988,456
989,455
990,454
991,454
992,454
993,454
994,454
995,454
996,455
997,455
998,454
999,454
1000,454
1002,454
1003,454
1004,455
1005,455
1006,455
1007,454
1008,454
1009,455
1010,454
1011,454
1012,454
1013,454
1014,450
1015,454
1016,455
1017,455
1018,455
1019,455
1020,455
1021,455
1022,455
1023,455
1024,454
1025,454
1026,454
1027,455
1028,455
1029,455
1030,455
1031,454
1032,454
1033,454
1034,454
1035,454
1036,454
1037,455
1038,455
1039,455
1040,454
1041,454
1042,454
1043,454
1045,454
1046,455
1047,455
1048,455
1049,455
1050,454
1051,454
1052,454
1053,455
1054,455
1055,455
1056,455
1057,454
1058,454
1059,454
1060,454
1061,455
1062,455
1063,455
1064,455
1065,455
1066,454
1067,454
1068,454
1069,454
1070,455
1071,455
1072,455
1073,454
1074,454
1075,454
1076,454
1077,454
1078,455
1079,455
1080,455
1081,455
1082,454
1083,454
1084,454
1085,454
1086,454
1088,455
1089,455
1090,455
1091,454
1092,454
1093,454
1094,454
1095,455
1096,455
1097,455
1098,455
1099,454
1100,454
1101,454
1102,454
1103,455
1104,455
1105,455
1106,454
1107,455
1108,454
1109,455
1110,454
1111,454
1112,455
1113,455
1114,454
1115,454
1116,454
1117,454
1118,454
1119,454
1120,454
1121,455
1122,455
1123,454
1124,454
1125,454
1126,454
1127,455
1128,455
1130,454
1131,455
1132,454
1133,454
1134,454
1135,454
1136,454
1137,455
1138,455
1139,455
1140,454
1141,454
1142,454
1143,454
1144,454
1145,454
1146,455
1147,455
1148,455
1149,454
1150,454
1151,454
1152,454
1153,454
1154,454
1155,455
1156,454
1157,454
1158,453
1159,454
1160,454
1161,454
1162,454
1163,454
1164,454
1165,454
1166,453
1167,454
1168,454
1169,454
1170,454
1171,454
1173,454
1174,454
1175,454
1176,453
1177,454
1178,454
1179,454
1180,454
1181,454
1182,454
1183,454
1184,453
1185,453
1186,454
1187,454
1188,455
1189,455
1190,454
1191,453
1192,453
1193,454
1194,454
1195,454
1196,455
1197,454
1198,454
1199,454
1200,453
1201,453
1202,454
1203,454
1204,455
1205,454
1206,454
1207,454
1208,454
1209,454
1210,453
1211,454
1212,454
1213,454
1214,454
1216,454
1217,453
1218,453
1219,454
1220,454
1221,454
1222,454
1223,454
1224,454
1225,453
1226,453
1227,454
1228,454
1229,455
1230,454
1231,454
1232,454
1233,453
1234,453
1235,453
1236,454
1237,454
1238,454
1239,454
1240,454
1241,453
1242,453
1243,454
1244,454
1245,454
1246,454
1247,455
1248,454
1249,453
1250,453
1251,453
1252,454
1253,454
1254,454
1255,454
1256,454
1258,453
1259,453
1260,453
1261,453
1262,454
1263,454
1264,454
1265,454
1266,453
1267,453
1268,454
1269,454
1270,454
1271,454
1272,454
1273,454
1274,453
1275,453
1276,453
1277,454
1278,454
1279,454
1280,454
1281,454
1282,453
1283,453
1284,453
1285,453
1286,454
1287,454
1288,454
1289,454
1290,453
1291,453
1292,453
1293,452
1294,448
1295,454
1296,454
1297,454
1298,453
1299,453
1301,453
1302,449
1303,453
1304,454
1305,454
1306,454
1307,454
1308,453
1309,453
1310,453
1311,454
1312,453
1313,454
1314,454
1315,454
1316,453
1317,453
1318,453
1319,453
1320,454
1321,454
1322,454
1323,453
1324,453
1325,453
1326,453
1327,454
1328,454
1329,454
1330,454
1331,454
1332,453
1333,453
1334,453
1335,453
1336,454
1337,454
1338,454
1339,454
1340,453
1341,453
1342,453
1344,453
1345,454
1346,454
1347,454
1348,454
1349,454
1350,453
1351,453
1352,453
1353,454
1354,453
1355,454
1356,453
1357,453
1358,453
1359,453
1360,453
1361,454
1362,454
1363,454
1364,454
1365,453
1366,453
1367,453
1368,454
1369,454
1370,454
1371,454
1372,454
1373,454
1374,453
1375,453
1376,453
1377,453
1378,454
1379,454
1380,454
1381,454
1382,453
1383,453
1384,453
1386,454
1387,454
1388,454
1389,454
1390,454
1391,453
1392,452
1393,446
1394,453
1395,454
1396,454
1397,454
1398,453
1399,453
1400,453
1401,453
1402,453
1403,454
1404,454
1405,453
1406,453
1407,453
1408,453
1409,453
1410,453
1411,453
1412,454
1413,454
1414,454
1415,453
1416,453
1417,453
1418,453
1419,453
1420,454
1421,454
1422,454
1423,453
1424,453
1425,453
1426,453
1427,454
1429,454
1430,454
1431,454
1432,454
1433,453
1434,453
1435,453
1436,453
1437,454
1438,454
1439,454
1440,453
1441,453
1442,453
1443,453
1444,453
1445,453
1446,454
1447,454
1448,454
1449,453
1450,453
1451,452
1452,453
1453,452
1454,454
1455,454
1456,454
1457,453
1458,453
1459,453
1460,453
1461,453
1462,454
1463,454
1464,454
1465,453
1466,453
1467,453
1468,453
1469,454
1470,454
1472,454
1473,454
1474,453
1475,453
1476,453
1477,453
1478,453
1479,454
1480,454
1481,454
1482,453
1483,453
1484,453
1485,453
1486,453
1487,454
1488,454
1489,454
1490,453
1491,453
1492,453
1493,453
1494,453
1495,454
1496,454
1497,454
1498,454
1499,453
1500,453
1501,453
1502,453
1503,454
1504,454
1505,454
1506,453
1507,454
1508,453
1509,453
1510,452
1511,453
1512,454
1514,454
1515,453
1516,453
1517,453
1518,453
1519,453
1520,454
1521,454
1522,454
1523,454
1524,453
1525,453
1526,453
1527,453
1528,454
1529,454
1530,454
1531,454
1532,452
1533,453
1534,453
1535,453
1536,453
1537,454
1538,453
1539,454
1540,453
1541,453
1542,453
1543,453
1544,454
1545,454
1546,454
1547,454
1548,454
1549,453
1550,453
1551,453
1552,453
1553,454
1554,454
1555,454
1557,453
1558,453
1559,453
1560,453
1561,454
1562,454
1563,454
1564,454
1565,452
1566,453
1567,453
1568,453
1569,454
1570,454
1571,454
1572,454
1573,453
1574,453
1575,453
1576,453
1577,453
1578,453
1579,454
1580,454
1581,453
1582,453
1583,453
1584,453
1585,453
1586,453
1587,454
1588,454
1589,453
1590,453
1591,453
1592,453
1593,453
1594,453
1595,454
1596,454
1597,453
1598,453
1600,453
1601,453
1602,453
1603,453
1604,454
1605,454
1606,454
1607,453
1608,454
1609,454
1610,453
1611,453
1612,454
1613,454
1614,454
1615,453
1616,453
1617,453
1618,453
1619,453
1620,454
1621,454
1622,454
1623,453
1624,453
1625,453
1626,453
1627,454
1628,454
1629,454
1630,454
1631,454
1632,453
1633,453
1634,453
1635,453
1636,453
1637,454
1638,454
1639,453
1640,453
1642,453
1643,453
1644,453
1645,453
1646,454
1647,454
1648,454
1649,453
1650,453
1651,453
1652,453
1653,453
1654,453
1655,454
1656,453
1657,453
1658,453
1659,453
1660,453
1661,454
1662,454
1663,454
1664,454
1665,453
1666,453
1667,453
1668,453
1669,454
1670,454
1671,454
1672,454
1673,453
1674,453
1675,453
1676,453
1677,453
1678,454
1679,454
1680,454
1681,453
1682,453
1683,453
1685,453
1686,453
1687,453
1688,454
1689,454
1690,453
1691,453
1692,453
1693,453
1694,453
1695,453
1696,454
1697,454
1698,453
1699,453
1700,453
1701,453
1702,453
1703,454
1704,454
1705,454
1706,453
1707,453
1708,453
1709,454
1710,453
1711,453
1712,453
1713,454
1714,453
1715,453
1716,453
1717,453
1718,453
1719,453
1720,453
1721,454
1722,453
1723,453
1724,453
1725,453
1726,453
1728,454
1729,454
1730,454
1731,454
1732,453
1733,453
1734,453
1735,453
1736,453
1737,454
1738,454
1739,453
1740,453
1741,453
1742,453
1743,453
1744,453
1745,453
1746,454
1747,454
1748,454
1749,453
1750,453
1751,453
1752,453
1753,454
1754,454
1755,454
1756,453
1757,453
1758,453
1759,453
1760,453
1761,453
1762,454
1763,454
1764,453
1765,453
1766,453
1767,453
1768,454
1770,453
1771,454
1772,454
1773,453
1774,453
1775,453
1776,453
1777,453
1778,453
1779,453
1780,454
1781,453
1782,453
1783,453
1784,453
1785,453
1786,453
1787,454
1788,454
1789,454
1790,453
1791,453
1792,454
1793,454
1794,455
1795,455
1796,455
1797,454
1798,454
1799,454
1800,454
1801,454
1802,454
1803,454
1804,454
1805,454
1806,453
1807,453
1808,453
1809,453
1810,453
1811,453
1813,454
1814,454
1815,453
1816,452
1817,452
1818,453
1819,453
1820,453
1821,454
1822,454
1823,453
1824,453
1825,453
1826,453
1827,453
1828,454
1829,454
1830,453
1831,453
1832,453
1833,453
1834,453
1835,453
1836,453
1837,454
1838,454
1839,453
1840,453
1841,453
1842,453
1843,453
1844,453
1845,453
1846,453
1847,454
1848,453
1849,453
1850,453
1851,453
1852,453
1853,453
1854,454
1856,453
1857,453
1858,452
1859,452
1860,452
1861,453
1862,453
1863,453
1864,453
1865,453
1866,453
1867,452
1868,453
1869,454
1870,453
1871,454
1872,453
1873,453
1874,453
1875,453
1876,453
1877,453
1878,453
1879,454
1880,454
1881,453
1882,453
1883,453
1884,453
1885,453
1886,453
1887,454
1888,454
1889,454
1890,453
1891,452
1892,452
1893,453
1894,453
1895,454
1896,453
1898,453
1899,453
1900,452
1901,453
1902,453
1903,453
1904,454
1905,453
1906,453
1907,453
1908,453
1909,453
1910,453
1911,453
1912,453
1913,454
1914,453
1915,453
1916,453
1917,453
1918,453
1919,453
1920,453
1921,454
1922,454
1923,453
1924,453
1925,452
1926,453
1927,453
1928,454
1929,454
1930,453
1931,453
1932,453
1933,453
1934,453
1935,453
1936,453
1937,454
1938,454
1939,453
1941,453
1942,453
1943,453
1944,453
1945,453
1946,453
1947,454
1948,453
1949,453
1950,452
1951,453
1952,453
1953,453
1954,453
1955,453
1956,453
1957,453
1958,452
1959,453
1960,453
1961,453
1962,453
1963,454
1964,454
1965,453
1966,452
1967,453
1968,453
1969,454
1970,454
1971,453
1972,453
1973,453
1974,453
1975,453
1976,453
1977,453
1978,453
1979,454
1980,453
1981,453
1982,452
1984,453
1985,453
1986,453
1987,453
1988,454
1989,454
1990,453
1991,452
1992,453
1993,453
1994,453
1995,453
1996,453
1997,453
1998,453
1999,453
2000,452
2001,452
2002,453
2003,453
2004,453
2005,453
2006,453
2007,452
2008,453
2009,453
2010,453
2011,453
2012,453
2013,453
2014,453
2015,453
2016,452
2017,452
2018,453
2019,453
2020,453
2021,453
2022,453
2023,453
2024,452
2026,452
2027,453
2028,454
2029,454
2030,454
2031,453
2032,453
2033,452
2034,452
2035,453
2036,453
2037,453
2038,454
2039,453
2040,453
2041,453
2042,453
2043,453
2044,453
2045,453
2046,454
2047,454
2048,453
2049,453
2050,453
2051,453
2052,453
2053,453
2054,454
2055,453
2056,453
2057,452
2058,452
2059,452
2060,453
2061,453
2062,453
2063,453
2064,453
2065,452
2066,452
2067,453
2069,453
2070,453
2071,453
2072,453
2073,450
2074,452
2075,452
2076,452
2077,452
2078,453
2079,453
2080,453
2081,453
2082,452
2083,452
2084,452
2085,453
2086,453
2087,454
2088,454
2089,453
2090,453
2091,452
2092,453
2093,453
2094,453
2095,453
2096,453
2097,453
2098,452
2099,452
2100,452
2101,453
2102,453
2103,453
2104,453
2105,453
2106,453
2107,453
2108,453
2109,453
2110,453
2112,454
2113,453
2114,453
2115,453
2116,452
2117,452
2118,453
2119,453
2120,453
2121,454
2122,454
2123,453
2124,452
2125,452
2126,452
2127,453
2128,454
2129,454
2130,453
2131,453
2132,452
2133,452
2134,452
2135,453
2136,453
2137,453
2138,453
2139,453
2140,453
2141,452
2142,453
2143,453
2144,453
2145,453
2146,453
2147,454
2148,452
2149,453
2150,452
2151,453
2152,453
2154,453
2155,453
2156,453
2157,453
2158,452
2159,452
2160,453
2161,453
2162,453
2163,454
2164,453
2165,453
2166,452
2167,452
2168,453
2169,454
2170,453
2171,453
2172,453
2173,453
2174,452
2175,452
2176,453
2177,453
2178,453
2179,453
2180,453
2181,453
2182,453
2183,452
2184,452
2185,453
2186,453
2187,454
2188,454
2189,453
2190,452
2191,452
2192,453
2193,452
2194,453
2195,454
2197,453
2198,453
2199,453
2200,452
2201,453
2202,453
2203,453
2204,453
2205,453
2206,453
2207,453
2208,453
2209,453
2210,453
2211,453
2212,453
2213,453
2214,452
2215,453
2216,452
2217,452
2218,453
2219,453
2220,453
2221,453
2222,453
2223,452
2224,452
2225,452
2226,453
2227,453
2228,453
2229,454
2230,453
2231,453
2232,452
2233,452
2234,452
2235,453
2236,453
2237,453
2238,453
2240,453
2241,452
2242,452
2243,452
2244,453
2245,453
2246,453
2247,453
2248,453
2249,453
2250,452
2251,452
2252,452
2253,453
2254,453
2255,453
2256,453
2257,453
2258,452
2259,452
2260,453
2261,453
2262,453
2263,453
2264,453
2265,452
2266,452
2267,452
2268,453
2269,454
2270,453
2271,453
2272,453
2273,452
2274,452
2275,452
2276,453
2277,453
2278,453
2279,453
2280,453
2282,453
2283,452
2284,452
2285,452
2286,453
2287,453
2288,454
2289,453
2290,453
2291,452
2292,453
2293,452
2294,453
2295,453
2296,453
2297,453
2298,452
2299,452
2300,452
2301,453
2302,453
2303,453
2304,453
2305,453
2306,453
2307,452
2308,453
2309,453
2310,453
2311,453
2312,453
2313,453
2314,453
2315,452
2316,452
2317,452
2318,453
2319,453
2320,454
2321,453
2322,453
2323,452
2325,452
2326,453
2327,453
2328,454
2329,454
2330,453
2331,453
2332,453
2333,452
2334,452
2335,452
2336,453
2337,453
2338,453
2339,453
2340,452
2341,452
2342,452
2343,453
2344,453
2345,453
2346,453
2347,453
2348,453
2349,453
2350,452
2351,452
2352,453
2353,453
2354,453
2355,453
2356,452
2357,452
2358,452
2359,452
2360,453
2361,453
2362,453
2363,453
2364,453
2365,452
2366,452
2368,453
2369,453
2370,453
2371,453
2372,453
2373,452
2374,452
2375,452
2376,452
2377,453
2378,453
2379,453
2380,453
2381,453
2382,452
2383,452
2384,452
2385,452
2386,453
2387,453
2388,453
2389,453
2390,452
2391,452
2392,452
2393,453
2394,453
2395,453
2396,453
2397,452
2398,452
2399,452
2400,452
2401,452
2402,453
2403,453
2404,453
2405,453
2406,452
2407,453
2408,453
2410,453
2411,453
2412,453
2413,453
2414,453
2415,452
2416,452
2417,452
2418,452
2419,453
2420,453
2421,453
2422,453
2423,453
2424,452
2425,452
2426,452
2427,453
2428,454
2429,454
2430,453
2431,452
2432,452
2433,452
2434,452
2435,453
2436,453
2437,453
2438,453
2439,452
2440,452
2441,452
2442,452
2443,452
2444,453
2445,453
2446,453
2447,453
2448,453
2449,452
2450,452
2451,452
2453,453
2454,453
2455,453
2456,453
2457,452
2458,452
2459,452
2460,452
2461,453
2462,453
2463,453
2464,452
2465,452
2466,452
2467,452
2468,452
2469,453
2470,453
2471,453
2472,452
2473,452
2474,452
2475,452
2476,452
2477,452
2478,453
2479,453
2480,452
2481,452
2482,452
2483,451
2484,452
2485,452
2486,452
2487,453
2488,453
2489,452
2490,452
2491,452
2492,451
2493,452
2494,452
2496,452
2497,452
2498,452
2499,451
2500,451
2501,451
2502,452
2503,452
2504,452
2505,452
2506,452
2507,451
2508,452
2509,452
2510,452
2511,452
2512,452
2513,452
2514,452
2515,451
2516,451
2517,451
2518,451
2519,452
2520,452
2521,452
2522,452
2523,451
2524,451
2525,451
2526,451
2527,452
2528,453
2529,452
2530,451
2531,451
2532,451
2533,451
2534,451
2535,451
2536,452
2538,452
2539,451
2540,451
2541,451
2542,451
2543,451
2544,452
2545,452
2546,452
2547,452
2548,452
2549,451
2550,451
2551,451
2552,451
2553,452
2554,452
2555,451
2556,451
2557,451
2558,451
2559,451
2560,451
2561,452
2562,452
2563,452
2564,451
2565,451
2566,451
2567,451
2568,452
2569,452
2570,452
2571,453
2572,452
2573,452
2574,452
2575,453
2576,453
2577,453
2578,453
2579,453
2581,453
2582,451
2583,451
2584,451
2585,451
2586,452
2587,452
2588,452
2589,452
2590,451
2591,451
2592,451
2593,451
2594,451
2595,452
2596,452
2597,451
2598,451
2599,451
2600,451
2601,451
2602,451
2603,452
2604,452
2605,452
2606,451
2607,451
2608,452
2609,452
2610,451
2611,452
2612,452
2613,452
2614,450
2615,451
2616,451
2617,451
2618,451
2619,452
2620,452
2621,452
2622,451
2624,451
2625,451
2626,451
2627,451
2628,452
2629,452
2630,451
2631,451
2632,451
2633,451
2634,451
2635,451
2636,451
2637,452
2638,452
2639,451
2640,451
2641,451
2642,451
2643,451
2644,451
2645,451
2646,452
2647,452
2648,451
2649,451
2650,451
2651,451
2652,451
2653,451
2654,451
2655,451
2656,451
2657,450
2658,451
2659,451
2660,451
2661,451
2662,451
2663,451
2664,451
2666,451
2667,451
2668,451
2669,451
2670,452
2671,452
2672,451
2673,452
2674,452
2675,453
2676,453
2677,452
2678,453
2679,453
2680,451
2681,451
2682,451
2683,451
2684,450
2685,451
2686,451
2687,452
2688,452
2689,452
2690,450
2691,451
2692,451
2693,450
2694,451
2695,451
2696,451
2697,451
2698,451
2699,450
2700,451
2701,451
2702,451
2703,452
2704,451
2705,451
2706,450
2707,451
2709,451
2710,451
2711,451
2712,451
2713,453
2714,453
2715,453
2716,453
2717,453
2718,452
2719,452
2720,452
2721,452
2722,451
2723,451
2724,451
2725,451
2726,451
2727,451
2728,452
2729,452
2730,451
2731,451
2732,451
2733,451
2734,451
2735,451
2736,451
2737,452
2738,451
2739,451
2740,451
2741,451
2742,451
2743,451
2744,451
2745,452
2746,451
2747,452
2748,451
2749,451
2750,451
2752,451
2753,451
2754,451
2755,451
2756,451
2757,451
2758,450
2759,451
2760,451
2761,451
2762,451
2763,452
2764,451
2765,451
2766,451
2767,451
2768,451
2769,452
2770,451
2771,451
2772,451
2773,450
2774,450
2775,451
2776,451
2777,451
2778,451
2779,452
2780,451
2781,451
2782,450
2783,450
2784,451
2785,451
2786,451
2787,451
2788,452
2789,450
2790,450
2791,451
2792,451
2794,451
2795,452
2796,452
2797,452
2798,451
2799,451
2800,451
2801,451
2802,451
2803,451
2804,451
2805,451
2806,451
2807,451
2808,451
2809,451
2810,451
2811,451
2812,451
2813,451
2814,451
2815,450
2816,451
2817,451
2818,451
2819,451
2820,451
2821,451
2822,451
2823,451
2824,451
2825,451
2826,451
2827,452
2828,452
2829,452
2830,451
2831,451
2832,450
2833,451
2834,451
2835,451
2837,451
2838,451
2839,451
2840,451
2841,451
2842,450
2843,451
2844,451
2845,451
2846,451
2847,451
2848,451
2849,451
2850,450
2851,450
2852,451
2853,451
2854,451
2855,451
2856,450
2857,450
2858,450
2859,450
2860,451
2861,451
2862,451
2863,451
2864,451
2865,450
2866,450
2867,451
2868,451
2869,452
2870,451
2871,451
2872,451
2873,450
2874,450
2875,451
2876,451
2877,451
2878,451
2880,451
2881,451
2882,450
2883,450
2884,451
2885,451
2886,451
2887,451
2888,452
2889,451
2890,451
2891,450
2892,451
2893,451
2894,451
2895,451
2896,451
2897,451
2898,451
2899,451
2900,450
2901,451
2902,451
2903,451
2904,451
2905,451
2906,451
2907,451
2908,451
2909,451
2910,451
2911,451
2912,451
2913,451
2914,451
2915,451
2916,450
2917,450
2918,451
2919,451
2920,451
2922,451
2923,451
2924,450
2925,450
2926,450
2927,451
2928,451
2929,452
2930,451
2931,451
2932,450
2933,450
2934,450
2935,451
2936,451
2937,451
2938,451
2939,451
2940,450
2941,450
2942,450
2943,451
2944,451
2945,451
2946,451
2947,450
2948,451
2949,451
2950,451
2951,450
2952,451
2953,451
2954,451
2955,451
2956,451
2957,450
2958,450
2959,451
2960,451
2961,451
2962,451
2963,451
2965,450
2966,450
2967,450
2968,451
2969,451
2970,451
2971,451
2972,451
2973,450
2974,450
2975,450
2976,451
2977,451
2978,451
2979,451
2980,451
2981,451
2982,450
2983,450
2984,450
2985,451
2986,451
2987,451
2988,451
2989,451
2990,450
2991,450
2992,450
2993,451
2994,451
2995,451
2996,451
2997,450
2998,450
2999,450
3000,450
3001,451
3002,451
3003,451
3004,451
3005,451
3006,450
3008,451
3009,451
3010,451
3011,451
3012,451
3013,451
3014,451
3015,450
3016,450
3017,450
3018,450
3019,451
3020,451
3021,451
3022,451
3023,450
3024,450
3025,450
3026,451
3027,451
3028,452
3029,451
3030,451
3031,450
3032,450
3033,450
3034,450
3035,450
3036,451
3037,451
3038,451
3039,450
3040,450
3041,450
3042,450
3043,451
3044,451
3045,451
3046,451
3047,451
3048,451
3050,450
3051,450
3052,450
3053,451
3054,451
3055,451
3056,450
3057,450
3058,450
3059,450
3060,450
3061,451
3062,451
3063,451
3064,450
3065,450
3066,450
3067,450
3068,451
3069,451
3070,451
3071,451
3072,451
3073,450
3074,450
3075,450
3076,450
3077,451
3078,451
3079,451
3080,451
3081,450
3082,450
3083,450
3084,450
3085,451
3086,451
3087,451
3088,451
3089,451
3090,450
3091,450
3093,450
3094,451
3095,451
3096,451
3097,450
3098,450
3099,450
3100,450
3101,450
3102,450
3103,451
3104,451
3105,451
3106,450
3107,450
3108,450
3109,450
3110,451
3111,451
3112,451
3113,451
3114,450
3115,450
3116,449
3117,450
3118,450
3119,451
3120,451
3121,451
3122,450
3123,450
3124,450
3125,450
3126,450
3127,451
3128,451
3129,451
3130,451
3131,450
3132,450
3133,450
3134,450
3136,450
3137,451
3138,451
3139,450
3140,450
3141,450
3142,450
3143,450
3144,450
3145,451
3146,451
3147,450
3148,450
3149,450
3150,450
3151,450
3152,450
3153,450
3154,450
3155,450
3156,450
3157,450
3158,450
3159,450
3160,450
3161,451
3162,451
3163,451
3164,450
3165,450
3166,450
3167,450
3168,451
3169,451
3170,451
3171,450
3172,450
3173,450
3174,450
3175,450
3176,450
3178,451
3179,451
3180,451
3181,450
3182,450
3183,450
3184,450
3185,450
3186,451
3187,451
3188,451
3189,451
3190,450
3191,450
3192,450
3193,450
3194,450
3195,451
3196,451
3197,450
3198,450
3199,450
3200,450
3201,450
3202,450
3203,450
3204,450
3205,450
3206,450
3207,450
3208,450
3209,450
3210,451
3211,451
3212,451
3213,450
3214,450
3215,450
3216,450
3217,450
3218,450
3219,450
3221,450
3222,450
3223,450
3224,450
3225,450
3226,450
3227,450
3228,451
3229,451
3230,451
3231,450
3232,450
3233,450
3234,450
3235,450
3236,451
3237,451
3238,451
3239,450
3240,450
3241,450
3242,450
3243,450
3244,451
3245,451
3246,451
3247,451
3248,451
3249,450
3250,450
3251,450
3252,451
3253,451
3254,451
3255,450
3256,450
3257,450
3258,450
3259,451
3260,451
3261,451
3262,451
3264,450
3265,450
3266,450
3267,450
3268,451
3269,451
3270,451
3271,451
3272,451
3273,450
3274,450
3275,450
3276,450
3277,451
3278,451
3279,451
3280,451
3281,450
3282,450
3283,450
3284,449
3285,451
3286,451
3287,451
3288,451
3289,451
3290,450
3291,450
3292,450
3293,451
3294,451
3295,451
3296,450
3297,450
3298,450
3299,450
3300,450
3301,451
3302,451
3303,451
3304,450
3306,450
3307,450
3308,451
3309,450
3310,451
3311,451
3312,451
3313,450
3314,450
3315,450
3316,450
3317,450
3318,451
3319,451
3320,451
3321,451
3322,451
3323,450
3324,450
3325,449
3326,451
3327,451
3328,452
3329,452
3330,451
3331,450
3332,450
3333,449
3334,448
3335,451
3336,451
3337,451
3338,451
3339,450
3340,450
3341,450
3342,451
3343,451
3344,451
3345,451
3346,450
3347,450
3349,451
3350,451
3351,451
3352,451
3353,451
3354,448
3355,451
3356,450
3357,450
3358,450
3359,451
3360,451
3361,451
3362,451
3363,451
3364,450
3365,450
3366,450
3367,450
3368,451
3369,452
3370,451
3371,451
3372,451
3373,450
3374,450
3375,450
3376,450
3377,451
3378,451
3379,451
3380,451
3381,450
3382,450
3383,450
3384,451
3385,451
3386,451
3387,452
3388,451
3389,451
3390,450
3392,450
3393,451
3394,451
3395,451
3396,451
3397,451
3398,450
3399,450
3400,450
3401,451
3402,451
3403,451
3404,451
3405,451
3406,450
3407,450
3408,451
3409,451
3410,451
3411,451
3412,451
3413,451
3414,450
3415,449
3416,450
3417,450
3418,450
3419,451
3420,451
3421,451
3422,451
3423,450
3424,450
3425,450
3426,451
3427,450
3428,452
3429,451
3430,450
3431,450
3432,450
3434,450
3435,450
3436,451
3437,451
3438,451
3439,450
3440,450
3441,450
3442,450
3443,450
3444,451
3445,451
3446,451
3447,450
3448,450
3449,451
3450,450
3451,451
3452,451
3453,451
3454,451
3455,451
3456,450
3457,450
3458,450
3459,451
3460,451
3461,451
3462,451
3463,451
3464,450
3465,450
3466,450
3467,451
3468,451
3469,452
3470,451
3471,451
3472,450
3473,450
3474,450
3475,450
3477,451
3478,451
3479,451
3480,451
3481,450
3482,450
3483,450
3484,450
3485,451
3486,451
3487,451
3488,451
3489,451
3490,450
3491,450
3492,450
3493,451
3494,451
3495,451
3496,451
3497,451
3498,450
3499,450
3500,450
3501,451
3502,451
3503,451
3504,451
3505,451
3506,450
3507,450
3508,451
3509,451
3510,451
3511,451
3512,451
3513,451
3514,450
3515,450
3516,450
3517,450
3518,450
3520,451
3521,451
3522,451
3523,450
3524,450
3525,450
3526,450
3527,451
3528,451
3529,452
3530,451
3531,450
3532,450
3533,450
3534,450
3535,450
3536,452
3537,453
3538,453
3539,452
3540,452
3541,451
3542,451
3543,451
3544,451
3545,451
3546,451
3547,450
3548,451
3549,451
3550,450
3551,451
3552,451
3553,451
3554,451
3555,450
3556,450
3557,450
3558,450
3559,450
3560,451
3562,451
3563,451
3564,450
3565,450
3566,450
3567,450
3568,451
3569,451
3570,451
3571,450
3572,450
3573,450
3574,450
3575,450
3576,450
3577,451
3578,451
3579,451
3580,451
3581,450
3582,450
3583,450
3584,450
3585,451
3586,451
3587,451
3588,451
3589,451
3590,450
3591,450
3592,450
3593,451
3594,451
3595,451
3596,451
3597,450
3598,450
3599,450
3600,450
3601,451
3602,451
3603,451
3605,451
3606,450
3607,450
3608,450
3609,451
3610,451
3611,451
3612,451
3613,451
3614,450
3615,450
3616,450
3617,450
3618,450
3619,451
3620,451
3621,451
3622,450
3623,450
3624,450
3625,450
3626,451
3627,451
3628,452
3629,452
3630,451
3631,450
3632,450
3633,450
3634,451
3635,451
3636,451
3637,451
3638,450
3639,450
3640,450
3641,450
3642,450
3643,451
3644,451
3645,452
3646,453
3648,453
3649,452
3650,453
3651,453
3652,454
3653,454
3654,456
3655,455
3656,455
3657,455
3658,454
3659,454
3660,454
3661,453
3662,453
3663,452
3664,451
3665,451
3666,451
3667,451
3668,452
3669,452
3670,451
3671,451
3672,451
3673,450
3674,451
3675,451
3676,452
3677,454
3678,455
3679,455
3680,454
3681,454
3682,453
3683,454
3684,454
3685,454
3686,454
3687,454
3688,454
3690,454
3691,454
3692,455
3693,456
3694,456
3695,456
3696,455
3697,455
3698,454
3699,453
3700,453
3701,454
3702,455
3703,455
3704,455
3705,455
3706,454
3707,454
3708,454
3709,455
3710,455
3711,455
3712,455
3713,454
3714,452
3715,452
3716,453
3717,453
3718,454
3719,455
3720,456
3721,455
3722,452
3723,455
3724,456
3725,456
3726,456
3727,457
3728,457
3729,456
3730,454
3731,454
3733,454
3734,446
3735,454
3736,455
3737,454
3738,454
3739,453
3740,453
3741,452
3742,453
3743,453
3744,454
3745,453
3746,453
3747,452
3748,453
3749,453
3750,452
3751,453
3752,453
3753,453
3754,455
3755,456
3756,456
3757,456
3758,456
3759,456
3760,456
3761,455
3762,455
3763,454
3764,453
3765,453
3766,453
3767,453
3768,454
3769,456
3770,455
3771,456
3772,455
3773,456
3774,457
3776,456
3777,456
3778,457
3779,458
3780,457
3781,455
3782,456
3783,456
3784,457
3785,458
3786,458
3787,458
3788,458
3789,457
3790,457
3791,457
3792,457
3793,458
3794,458
3795,457
3796,457
3797,457
3798,456
3799,457
3800,457
3801,457
3802,458
3803,458
3804,458
3805,457
3806,457
3807,457
3808,458
3809,458
3810,458
3811,458
3812,458
3813,458
3814,457
3815,457
3816,457
3818,457
3819,457
3820,458
3821,457
3822,456
3823,456
3824,456
3825,457
3826,458
3827,458
3828,459
3829,460
3830,459
3831,458
3832,458
3833,459
3834,459
3835,459
3836,459
3837,459
3838,459
3839,459
3840,458
3841,459
3842,459
3843,460
3844,460
3845,459
3846,459
3847,459
3848,459
3849,459
3850,458
3851,459
3852,459
3853,459
3854,459
3855,459
3856,458
3857,458
3858,459
3859,459
3861,460
3862,459
3863,459
3864,458
3865,458
3866,458
3867,458
3868,459
3869,459
3870,459
3871,459
3872,458
3873,457
3874,458
3875,458
3876,458
3877,459
3878,459
3879,458
3880,458
3881,457
3882,458
3883,458
3884,458
3885,459
3886,459
3887,459
3888,459
3889,458
3890,458
3891,458
3892,458
3893,459
3894,459
3895,459
3896,458
3897,458
3898,457
3899,458
3900,458
3901,459
3902,459
3904,459
3905,458
3906,458
3907,457
3908,458
3909,458
3910,459
3911,459
3912,459
3913,459
3914,459
3915,458
3916,459
3917,458
3918,459
3919,460
3920,459
3921,459
3922,458
3923,458
3924,458
3925,458
3926,459
3927,459
3928,459
3929,459
3930,458
3931,457
3932,458
3933,458
3934,459
3935,459
3936,460
3937,459
3938,458
3939,457
3940,458
3941,458
3942,458
3943,459
3944,459
3946,459
3947,458
3948,458
3949,458
3950,459
3951,459
3952,459
3953,460
3954,459
3955,457
3956,457
3957,456
3958,456
3959,457
3960,458
3961,459
3962,459
3963,459
3964,459
3965,458
3966,458
3967,459
3968,459
3969,459
3970,459
3971,458
3972,457
3973,456
3974,457
3975,458
3976,459
3977,459
3978,460
3979,459
3980,458
3981,457
3982,457
3983,458
3984,458
3985,458
3986,458
3987,458
3989,458
3990,458
3991,457
3992,457
3993,458
3994,458
3995,458
3996,458
3997,458
3998,457
3999,458
4000,458
4001,458
4002,458
4003,459
4004,459
4005,459
4006,459
4007,458
4008,459
4009,459
4010,460
4011,459
4012,459
4013,459
4014,458
4015,458
4016,458
4017,459
4018,459
4019,459
4020,459
4021,458
4022,458
4023,458
4024,458
4025,459
4026,459
4027,459
4028,460
4029,459
4030,458
4032,458
4033,457
4034,458
4035,458
4036,459
4037,458
4038,457
4039,456
4040,455
4041,455
4042,455
4043,456
4044,456
4045,457
4046,457
4047,458
4048,458
4049,458
4050,459
4051,459
4052,459
4053,458
4054,457
4055,457
4056,456
4057,457
4058,458
4059,459
4060,459
4061,459
4062,459
4063,458
4064,458
4065,458
4066,458
4067,460
4068,461
4069,459
4070,457
4071,456
4072,456
4074,455
4075,455
4076,456
4077,456
4078,456
4079,455
4080,455
4081,454
4082,454
4083,454
4084,454
4085,454
4086,454
4087,453
4088,453
4089,453
4090,453
4091,452
4092,453
4093,454
4094,454
4095,454
4096,453
4097,453
4098,452
4099,453
4100,453
4101,453
4102,453
4103,453
4104,453
4105,453
4106,452
4107,452
4108,453
4109,453
4110,453
4111,454
4112,453
4113,453
4114,453
4115,452
4117,453
4118,453
4119,453
4120,453
4121,454
4122,453
4123,453
4124,452
4125,453
4126,453
4127,453
4128,454
4129,454
4130,453
4131,453
4132,453
4133,452
4134,453
4135,453
4136,453
4137,453
4138,453
4139,453
4140,453
4141,453
4142,453
4143,453
4144,454
4145,453
4146,453
4147,452
4148,453
4149,453
4150,453
4151,453
4152,453
4153,453
4154,453
4155,452
4156,452
4157,452
4158,453
4160,453
4161,453
4162,453
4163,453
4164,453
4165,453
4166,453
4167,453
4168,454
4169,454
4170,454
4171,453
4172,453
4173,453
4174,452
4175,453
4176,453
4177,453
4178,454
4179,453
4180,453
4181,452
4182,452
4183,452
4184,453
4185,453
4186,453
4187,453
4188,453
4189,453
4190,453
4191,453
4192,453
4193,453
4194,454
4195,453
4196,452
4197,453
4198,452
4199,453
4200,453
4202,453
4203,453
4204,453
4205,453
4206,453
4207,453
4208,453
4209,453
4210,454
4211,454
4212,453
4213,452
4214,453
4215,452
4216,452
4217,453
4218,453
4219,453
4220,453
4221,453
4222,453
4223,452
4224,452
4225,453
4226,453
4227,453
4228,454
4229,454
4230,452
4231,453
4232,452
4233,453
4234,453
4235,454
4236,454
4237,453
4238,453
4239,453
4240,453
4241,453
4242,453
4243,453
4245,454
4246,453
4247,453
4248,453
4249,453
4250,453
4251,453
4252,453
4253,453
4254,453
4255,453
4256,453
4257,453
4258,453
4259,453
4260,453
4261,454
4262,454
4263,453
4264,453
4265,453
4266,453
4267,453
4268,454
4269,454
4270,453
4271,452
4272,452
4273,452
4274,453
4275,453
4276,453
4277,453
4278,453
4279,453
4280,452
4281,452
4282,452
4283,453
4284,453
4285,453
4286,453
4288,453
4289,453
4290,453
4291,452
4292,453
4293,453
4294,454
4295,453
4296,453
4297,453
4298,452
4299,452
4300,453
4301,453
4302,453
4303,453
4304,453
4305,453
4306,452
4307,452
4308,453
4309,454
4310,453
4311,453
4312,453
4313,453
4314,453
4315,453
4316,453
4317,453
4318,453
4319,453
4320,453
4321,453
4322,453
4323,453
4324,453
4325,453
4326,453
4327,454
4328,454
4330,453
4331,453
4332,453
4333,453
4334,453
4335,453
4336,453
4337,453
4338,453
4339,452
4340,452
4341,452
4342,453
4343,453
4344,453
4345,454
4346,453
4347,453
4348,453
4349,453
4350,453
4351,453
4352,453
4353,453
4354,453
4355,453
4356,452
4357,452
4358,453
4359,453
4360,453
4361,453
4362,453
4363,453
4364,453
4365,452
4366,453
4367,453
4368,454
4369,454
4370,453
4371,453
4373,452
4374,453
4375,452
4376,453
4377,453
4378,453
4379,453
4380,453
4381,452
4382,453
4383,453
4384,453
4385,453
4386,454
4387,452
4388,453
4389,452
4390,453
4391,452
4392,453
4393,453
4394,453
4395,453
4396,453
4397,452
4398,452
4399,453
4400,452
4401,453
4402,453
4403,453
4404,453
4405,452
4406,452
4407,452
4408,453
4409,453
4410,453
4411,453
4412,453
4413,453
4414,453
4416,453
4417,453
4418,453
4419,453
4420,453
4421,453
4422,452
4423,452
4424,452
4425,453
4426,453
4427,453
4428,454
4429,454
4430,453
4431,452
4432,453
4433,453
4434,453
4435,453
4436,453
4437,453
4438,453
4439,452
4440,452
4441,453
4442,453
4443,453
4444,453
4445,453
4446,453
4447,453
4448,453
4449,453
4450,453
4451,453
4452,453
4453,453
4454,453
4455,452
4456,452
4458,452
4459,453
4460,453
4461,453
4462,453
4463,453
4464,452
4465,452
4466,453
4467,453
4468,454
4469,454
4470,454
4471,453
4472,453
4473,452
4474,452
4475,453
4476,453
4477,453
4478,453
4479,453
4480,453
4481,452
4482,452
4483,454
4484,455
4485,456
4486,457
4487,456
4488,455
4489,454
4490,453
4491,453
4492,453
4493,454
4494,454
4495,454
4496,453
4497,453
4498,452
4499,453
4501,453
4502,453
4503,453
4504,453
4505,453
4506,453
4507,453
4508,453
4509,453
4510,454
4511,454
4512,453
4513,453
4514,453
4515,452
4516,453
4517,453
4518,453
4519,453
4520,453
4521,453
4522,452
4523,452
4524,452
4525,453
4526,453
4527,453
4528,454
4529,454
4530,453
4531,452
4532,452
4533,453
4534,453
4535,453
4536,453
4537,453
4538,453
4539,453
4540,452
4541,453
4542,453
4544,454
4545,454
4546,453
4547,452
4548,453
4549,453
4550,453
4551,453
4552,453
4553,453
4554,453
4555,453
4556,452
4557,452
4558,453
4559,453
4560,453
4561,453
4562,453
4563,453
4564,453
4565,453
4566,452
4567,453
4568,454
4569,454
4570,453
4571,453
4572,453
4573,452
4574,452
4575,453
4576,453
4577,454
4578,454
4579,453
4580,453
4581,452
4582,452
4583,453
4584,453
4586,453
4587,453
4588,453
4589,453
4590,453
4591,453
4592,453
4593,453
4594,453
4595,453
4596,453
4597,453
4598,452
4599,452
4600,453
4601,453
4602,453
4603,453
4604,453
4605,453
4606,452
4607,453
4608,453
4609,454
4610,454
4611,453
4612,453
4613,453
4614,452
4615,453
4616,452
4617,453
4618,453
4619,453
4620,453
4621,453
4622,452
4623,452
4624,453
4625,453
4626,453
4627,453
4629,454
4630,453
4631,452
4632,453
4633,453
4634,453
4635,453
4636,454
4637,453
4638,453
4639,452
4640,452
4641,452
4642,453
4643,453
4644,453
4645,453
4646,453
4647,452
4648,453
4649,453
4650,453
4651,452
4652,453
4653,453
4654,453
4655,452
4656,452
4657,452
4658,453
4659,453
4660,453
4661,453
4662,453
4663,453
4664,452
4665,452
4666,453
4667,453
4668,454
4669,453
4670,453
4672,452
4673,452
4674,452
4675,453
4676,453
4677,453
4678,454
4679,453
4680,453
4681,452
4682,452
4683,453
4684,453
4685,453
4686,453
4687,453
4688,453
4689,453
4690,452
4691,452
4692,453
4693,453
4694,453
4695,453
4696,453
4697,452
4698,452
4699,452
4700,453
4701,453
4702,453
4703,453
4704,453
4705,452
4706,452
4707,453
4708,453
4709,453
4710,453
4711,453
4712,453
4714,452
4715,452
4716,453
4717,453
4718,453
4719,453
4720,453
4721,453
4722,452
4723,452
4724,452
4725,453
4726,453
4727,453
4728,454
4729,453
4730,453
4731,452
4732,452
4733,453
4734,453
4735,453
4736,453
4737,453
4738,453
4739,452
4740,452
4741,453
4742,453
4743,453
4744,453
4745,453
4746,452
4747,452
4748,453
4749,453
4750,453
4751,453
4752,453
4753,453
4754,453
4755,452
4757,452
4758,452
4759,453
4760,453
4761,453
4762,453
4763,453
4764,452
4765,452
4766,452
4767,452
4768,453
4769,454
4770,453
4771,453
4772,452
4773,452
4774,452
4775,453
4776,453
4777,453
4778,453
4779,453
4780,452
4781,452
4782,452
4783,452
4784,453
4785,453
4786,453
4787,453
4788,453
4789,453
4790,452
4791,452
4792,453
4793,453
4794,453
4795,453
4796,453
4797,452
4798,452
4800,452
4801,452
4802,453
4803,453
4804,452
4805,452
4806,452
4807,452
4808,453
4809,453
4810,453
4811,453
4812,453
4813,453
4814,452
4815,452
4816,452
4817,453
4818,453
4819,453
4820,453
4821,452
4822,452
4823,452
4824,452
4825,452
4826,453
4827,453
4828,453
4829,453
4830,452
4831,452
4832,452
4833,453
4834,453
4835,453
4836,453
4837,453
4838,452
4839,452
4840,452
4842,452
4843,453
4844,453
4845,453
4846,453
4847,452
4848,452
4849,452
4850,453
4851,453
4852,453
4853,453
4854,453
4855,452
4856,452
4857,452
4858,452
4859,453
4860,453
4861,452
4862,452
4863,452
4864,452
4865,452
4866,452
4867,453
4868,453
4869,454
4870,453
4871,452
4872,452
4873,452
4874,452
4875,453
4876,453
4877,453
4878,453
4879,452
4880,452
4881,452
4882,452
4883,452
4885,453
4886,453
4887,453
4888,453
4889,453
4890,452
4891,452
4892,452
4893,453
4894,453
4895,453
4896,453
4897,452
4898,452
4899,452
4900,452
4901,453
4902,453
4903,453
4904,452
4905,452
4906,452
4907,452
4908,453
4909,453
4910,453
4911,453
4912,453
4913,452
4914,452
4915,452
4916,452
4917,452
4918,452
4919,453
4920,452
4921,452
4922,452
4923,452
4924,452
4925,452
4926,453
4928,453
4929,453
4930,453
4931,452
4932,452
4933,452
4934,453
4935,453
4936,453
4937,453
4938,452
4939,452
4940,452
4941,452
4942,452
4943,453
4944,453
4945,453
4946,452
4947,452
4948,452
4949,452
4950,452
4951,453
4952,453
4953,453
4954,452
4955,452
4956,452
4957,452
4958,452
4959,453
4960,453
4961,453
4962,452
4963,452
4964,452
4965,452
4966,452
4967,452
4968,453
4970,453
4971,452
4972,452
4973,452
4974,452
4975,452
4976,452
4977,453
4978,453
4979,452
4980,452
4981,452
4982,452
4983,452
4984,452
4985,453
4986,453
4987,452
4988,453
4989,452
4990,452
4991,452
4992,452
4993,453
4994,453
4995,453
4996,452
4997,452
4998,452
4999,452
5000,452
5001,452
5002,453
5003,452
5004,452
5005,452
5006,452
5007,452
5008,453
5009,453
5010,453
5011,453
5013,452
5014,452
5015,452
5016,452
5017,452
5018,452
5019,453
5020,452
5021,452
5022,451
5023,452
5024,452
5025,452
5026,452
5027,453
5028,453
5029,453
5030,452
5031,451
5032,452
5033,452
5034,453
5035,453
5036,453
5037,452
5038,452
5039,452
5040,452
5041,452
5042,452
5043,452
5044,452
5045,452
5046,452
5047,451
5048,452
5049,452
5050,452
5051,452
5052,453
5053,453
5054,452
5056,452
5057,452
5058,452
5059,452
5060,453
5061,452
5062,453
5063,452
5064,452
5065,452
5066,452
5067,452
5068,453
5069,453
5070,453
5071,452
5072,452
5073,452
5074,452
5075,452
5076,452
5077,452
5078,453
5079,452
5080,451
5081,452
5082,452
5083,452
5084,452
5085,452
5086,452
5087,452
5088,452
5089,452
5090,452
5091,452
5092,452
5093,451
5094,451
5095,450
5096,451
5098,449
5099,451
5100,452
5101,452
5102,452
5103,450
5104,452
5105,451
5106,451
5107,451
5108,452
5109,452
5110,453
5111,453
5112,452
5113,451
5114,451
5115,451
5116,452
5117,452
5118,452
5119,452
5120,452
5121,452
5122,452
5123,451
5124,452
5125,452
5126,452
5127,452
5128,453
5129,452
5130,452
5131,451
5132,452
5133,452
5134,452
5135,453
5136,452
5137,452
5138,452
5139,452
5141,452
5142,452
5143,452
5144,453
5145,452
5146,452
5147,451
5148,452
5149,452
5150,452
5151,452
5152,453
5153,452
5154,452
5155,452
5156,452
5157,452
5158,452
5159,452
5160,452
5161,452
5162,452
5163,452
5164,452
5165,452
5166,452
5167,452
5168,453
5169,453
5170,452
5171,451
5172,451
5173,452
5174,452
5175,452
5176,452
5177,452
5178,452
5179,452
5180,452
5181,452
5182,452
5184,452
5185,452
5186,452
5187,452
5188,452
5189,452
5190,452
5191,452
5192,452
5193,452
5194,452
5195,452
5196,452
5197,452
5198,452
5199,452
5200,452
5201,452
5202,452
5203,453
5204,452
5205,452
5206,451
5207,452
5208,453
5209,453
5210,453
5211,452
5212,452
5213,452
5214,452
5215,452
5216,452
5217,453
5218,453
5219,452
5220,452
5221,452
5222,452
5223,452
5224,452
5226,452
5227,452
5228,452
5229,453
5230,452
5231,452
5232,452
5233,452
5234,452
5235,453
5236,453
5237,452
5238,452
5239,452
5240,452
5241,452
5242,452
5243,453
5244,453
5245,452
5246,452
5247,451
5248,452
5249,452
5250,452
5251,452
5252,452
5253,452
5254,452
5255,452
5256,452
5257,452
5258,452
5259,453
5260,453
5261,453
5262,452
5263,452
5264,452
5265,452
5266,452
5267,452
5269,453
5270,453
5271,452
5272,452
5273,452
5274,452
5275,452
5276,452
5277,453
5278,452
5279,452
5280,452
5281,452
5282,452
5283,452
5284,452
5285,453
5286,453
5287,452
5288,452
5289,452
5290,452
5291,452
5292,452
5293,453
5294,452
5295,452
5296,452
5297,452
5298,452
5299,452
5300,452
5301,452
5302,453
5303,452
5304,452
5305,452
5306,452
5307,452
5308,453
5309,453
5310,452
5312,452
5313,452
5314,452
5315,452
5316,452
5317,452
5318,453
5319,453
5320,452
5321,452
5322,452
5323,451
5324,452
5325,452
5326,452
5327,453
5328,453
5329,452
5330,452
5331,452
5332,452
5333,452
5334,452
5335,453
5336,452
5337,452
5338,452
5339,452
5340,452
5341,452
5342,452
5343,452
5344,453
5345,452
5346,452
5347,452
5348,452
5349,452
5350,452
5351,453
5352,452
5354,452
5355,452
5356,452
5357,452
5358,452
5359,452
5360,452
5361,453
5362,452
5363,452
5364,452
5365,452
5366,452
5367,452
5368,453
5369,453
5370,453
5371,452
5372,452
5373,451
5374,452
5375,452
5376,452
5377,453
5378,452
5379,452
5380,452
5381,452
5382,452
5383,452
5384,453
5385,453
5386,452
5387,452
5388,452
5389,452
5390,452
5391,452
5392,452
5393,453
5394,452
5395,452
5397,452
5398,452
5399,452
5400,452
5401,453
5402,453
5403,453
5404,452
5405,452
5406,452
5407,452
5408,452
5409,453
5410,453
5411,453
5412,453
5413,452
5414,452
5415,452
5416,452
5417,453
5418,453
5419,453
5420,452
5421,452
5422,452
5423,452
5424,452
5425,452
5426,453
5427,453
5428,453
5429,453
5430,452
5431,452
5432,452
5433,453
5434,453
5435,453
5436,453
5437,452
5438,452
5440,452
5441,452
5442,452
5443,453
5444,453
5445,452
5446,452
5447,452
5448,452
5449,452
5450,453
5451,453
5452,453
5453,453
5454,452
5455,452
5456,452
5457,452
5458,452
5459,452
5460,453
5461,453
5462,452
5463,452
5464,452
5465,452
5466,452
5467,452
5468,453
5469,453
5470,452
5471,452
5472,452
5473,452
5474,452
5475,452
5476,453
5477,453
5478,452
5479,452
5480,452
5482,452
5483,452
5484,452
5485,453
5486,453
5487,452
5488,452
5489,452
5490,452
5491,452
5492,452
5493,453
5494,453
5495,452
5496,452
5497,452
5498,452
5499,452
5500,453
5501,453
5502,453
5503,453
5504,452
5505,452
5506,452
5507,452
5508,453
5509,453
5510,453
5511,453
5512,452
5513,452
5514,452
5515,452
5516,452
5517,453
5518,453
5519,453
5520,452
5521,452
5522,452
5523,454
5525,455
5526,456
5527,456
5528,456
5529,455
5530,454
5531,453
5532,453
5533,453
5534,453
5535,453
5536,453
5537,453
5538,452
5539,452
5540,452
5541,452
5542,453
5543,453
5544,453
5545,453
5546,452
5547,452
5548,453
5549,453
5550,453
5551,453
5552,453
5553,453
5554,452
5555,452
5556,452
5557,452
5558,453
5559,453
5560,453
5561,453
5562,452
5563,452
5564,452
5565,452
5566,453
5568,453
5569,453
5570,453
5571,452
5572,452
5573,452
5574,452
5575,452
5576,453
5577,453
5578,453
5579,452
5580,452
5581,452
5582,452
5583,453
5584,453
5585,453
5586,453
5587,452
5588,452
5589,452
5590,452
5591,452
5592,453
5593,453
5594,453
5595,452
5596,452
5597,452
5598,452
5599,452
5600,452
5601,453
5602,453
5603,452
5604,452
5605,452
5606,452
5607,452
5608,453
5610,453
5611,453
5612,453
5613,452
5614,443
5615,452
5616,452
5617,452
5618,453
5619,453
5620,453
5621,452
5622,454
5623,455
5624,456
5625,457
5626,455
5627,455
5628,455
5629,454
5630,453
5631,452
5632,452
5633,453
5634,453
5635,452
5636,453
5637,453
5638,452
5639,453
5640,453
5641,453
5642,453
5643,454
5644,453
5645,452
5646,452
5647,452
5648,453
5649,453
5650,453
5651,453
5653,453
5654,453
5655,452
5656,452
5657,452
5658,452
5659,453
5660,453
5661,453
5662,453
5663,452
5664,452
5665,452
5666,451
5667,453
5668,451
5669,454
5670,453
5671,452
5672,452
5673,452
5674,452
5675,453
5676,453
5677,453
5678,453
5679,452
5680,452
5681,452
5682,453
5683,453
5684,453
5685,453
5686,453
5687,453
5688,453
5689,453
5690,452
5691,453
5692,453
5693,453
5694,453
5696,452
5697,452
5698,452
5699,452
5700,452
5701,453
5702,453
5703,453
5704,453
5705,452
5706,452
5707,453
5708,453
5709,453
5710,454
5711,453
5712,453
5713,452
5714,452
5715,452
5716,453
5717,453
5718,453
5719,453
5720,453
5721,452
5722,452
5723,452
5724,453
5725,453
5726,453
5727,453
5728,453
5729,453
5730,452
5731,453
5732,453
5733,453
5734,453
5735,453
5736,453
5738,452
5739,452
5740,452
5741,453
5742,453
5743,453
5744,453
5745,453
5746,453
5747,452
5748,452
5749,453
5750,453
5751,453
5752,453
5753,453
5754,453
5755,452
5756,452
5757,452
5758,453
5759,453
5760,453
5761,453
5762,452
5763,452
5764,452
5765,452
5766,453
5767,453
5768,454
5769,453
5770,453
5771,452
5772,452
5773,452
5774,453
5775,453
5776,453
5777,453
5778,453
5779,452
5781,452
5782,452
5783,452
5784,453
5785,453
5786,453
5787,453
5788,452
5789,452
5790,453
5791,452
5792,453
5793,453
5794,453
5795,452
5796,452
5797,452
5798,452
5799,452
5800,453
5801,453
5802,453
5803,453
5804,452
5805,452
5806,452
5807,452
5808,453
5809,454
5810,453
5811,453
5812,452
5813,452
5814,452
5815,452
5816,452
5817,453
5818,453
5819,453
5820,452
5821,452
5822,452
5824,452
5825,452
5826,452
5827,453
5828,453
5829,453
5830,452
5831,452
5832,452
5833,452
5834,453
5835,453
5836,453
5837,452
5838,452
5839,452
5840,452
5841,452
5842,453
5843,453
5844,453
5845,453
5846,452
5847,452
5848,452
5849,453
5850,453
5851,453
5852,453
5853,452
5854,452
5855,452
5856,452
5857,452
5858,452
5859,453
5860,453
5861,453
5862,452
5863,452
5864,452
5866,452
5867,452
5868,453
5869,453
5870,453
5871,452
5872,452
5873,452
5874,452
5875,453
5876,453
5877,453
5878,453
5879,452
5880,452
5881,452
5882,452
5883,452
5884,452
5885,453
5886,453
5887,452
5888,452
5889,452
5890,452
5891,452
5892,451
5893,452
5894,453
5895,452
5896,452
5897,452
5898,452
5899,452
5900,452
5901,453
5902,453
5903,452
5904,452
5905,452
5906,452
5907,452
5909,453
5910,453
5911,453
5912,452
5913,452
5914,452
5915,452
5916,452
5917,452
5918,453
5919,453
5920,453
5921,452
5922,452
5923,452
5924,452
5925,453
5926,452
5927,453
5928,453
5929,453
5930,452
5931,452
5932,452
5933,452
5934,453
5935,453
5936,453
5937,452
5938,452
5939,452
5940,452
5941,452
5942,453
5943,453
5944,452
5945,452
5946,452
5947,452
5948,452
5949,453
5950,453
5952,453
5953,453
5954,452
5955,452
5956,452
5957,452
5958,453
5959,453
5960,453
5961,453
5962,453
5963,452
5964,452
5965,452
5966,452
5967,453
5968,453
5969,453
5970,453
5971,452
5972,452
5973,452
5974,452
5975,453
5976,453
5977,453
5978,453
5979,452
5980,452
5981,451
5982,452
5983,452
5984,453
5985,452
5986,452
5987,452
5988,452
5989,453
5990,452
5991,453
5992,453
5994,452
5995,452
5996,452
5997,452
5998,451
5999,450
6000,452
6001,453
6002,452
6003,453
6004,452
6005,452
6006,452
6007,452
6008,452
6009,453
6010,453
6011,453
6012,449
6013,452
6014,451
6015,452
6016,453
6017,452
6018,452
6019,453
6020,452
6021,452
6022,451
6023,452
6024,452
6025,452
6026,453
6027,452
6028,453
6029,452
6030,454
6031,455
6032,456
6033,456
6034,456
6035,455
6037,454
6038,453
6039,453
6040,452
6041,452
6042,453
6043,453
6044,453
6045,453
6046,452
6047,452
6048,452
6049,453
6050,453
6051,453
6052,453
6053,453
6054,452
6055,452
6056,452
6057,452
6058,452
6059,452
6060,453
6061,453
6062,452
6063,451
6064,452
6065,452
6066,452
6067,452
6068,453
6069,453
6070,452
6071,452
6072,452
6073,452
6074,452
6075,452
6076,453
6077,452
6078,452
6080,452
6081,451
6082,452
6083,452
6084,452
6085,452
6086,452
6087,452
6088,452
6089,452
6090,452
6091,452
6092,452
6093,452
6094,454
6095,454
6096,454
6097,453
6098,454
6099,454
6100,454
6101,454
6102,454
6103,454
6104,453
6105,452
6106,452
6107,452
6108,453
6109,453
6110,453
6111,452
6112,452
6113,451
6114,452
6115,452
6116,452
6117,452
6118,453
6119,452
6120,452
6122,452
6123,452
6124,452
6125,452
6126,452
6127,452
6128,452
6129,453
6130,452
6131,452
6132,452
6133,452
6134,452
6135,452
6136,453
6137,452
6138,452
6139,452
6140,452
6141,452
6142,452
6143,453
6144,453
6145,451
6146,452
6147,452
6148,452
6149,453
6150,452
6151,453
6152,452
6153,452
6154,452
6155,452
6156,452
6157,452
6158,452
6159,453
6160,453
6161,452
6162,452
6163,452
6165,452
6166,452
6167,452
6168,452
6169,453
6170,453
6171,452
6172,451
6173,452
6174,452
6175,452
6176,452
6177,452
6178,452
6179,452
6180,451
6181,451
6182,452
6183,454
6184,455
6185,456
6186,456
6187,456
6188,455
6189,454
6190,453
6191,453
6192,453
6193,453
6194,453
6195,452
6196,452
6197,452
6198,452
6199,452
6200,452
6201,453
6202,452
6203,452
6204,452
6205,451
6206,452
6208,452
6209,453
6210,453
6211,453
6212,453
6213,452
6214,452
6215,452
6216,452
6217,452
6218,453
6219,452
6220,452
6221,452
6222,452
6223,452
6224,452
6225,452
6226,453
6227,453
6228,453
6229,453
6230,452
6231,452
6232,452
6233,452
6234,452
6235,452
6236,452
6237,452
6238,452
6239,452
6240,452
6241,452
6242,453
6243,453
6244,453
6245,452
6246,452
6247,452
6248,452
6250,453
6251,453
6252,453
6253,452
6254,452
6255,452
6256,452
6257,452
6258,452
6259,453
6260,453
6261,453
6262,452
6263,452
6264,452
6265,452
6266,452
6267,453
6268,453
6269,453
6270,453
6271,452
6272,452
6273,452
6274,452
6275,453
6276,453
6277,453
6278,452
6279,452
6280,452
6281,452
6282,452
6283,454
6284,455
6285,456
6286,455
6287,454
6288,454
6289,453
6290,453
6291,453
6293,453
6294,453
6295,453
6296,452
6297,452
6298,452
6299,452
6300,453
6301,453
6302,451
6303,452
6304,452
6305,451
6306,452
6307,452
6308,453
6309,453
6310,453
6311,452
6312,452
6313,452
6314,452
6315,452
6316,452
6317,453
6318,453
6319,453
6320,452
6321,452
6322,452
6323,452
6324,452
6325,453
6326,453
6327,453
6328,453
6329,453
6330,452
6331,452
6332,452
6333,453
6334,453
6336,453
6337,452
6338,452
6339,452
6340,452
6341,452
6342,452
6343,453
6344,453
6345,452
6346,452
6347,452
6348,452
6349,453
6350,453
6351,453
6352,453
6353,453
6354,452
6355,452
6356,452
6357,452
6358,453
6359,453
6360,453
6361,453
6362,452
6363,452
6364,452
6365,452
6366,453
6367,453
6368,453
6369,453
6370,452
6371,452
6372,452
6373,452
6374,453
6375,453
6376,453
6378,453
6379,452
6380,452
6381,452
6382,452
6383,452
6384,453
6385,453
6386,453
6387,452
6388,452
6389,452
6390,452
6391,452
6392,453
6393,453
6394,453
6395,453
6396,452
6397,452
6398,452
6399,452
6400,453
6401,453
6402,453
6403,453
6404,452
6405,452
6406,452
6407,452
6408,453
6409,453
6410,453
6411,453
6412,452
6413,452
6414,452
6415,452
6416,453
6417,453
6418,453
6419,453
6421,452
6422,452
6423,452
6424,452
6425,453
6426,453
6427,453
6428,453
6429,453
6430,452
6431,452
6432,452
6433,453
6434,453
6435,453
6436,453
6437,452
6438,452
6439,452
6440,452
6441,453
6442,453
6443,453
6444,453
6445,452
6446,452
6447,452
6448,453
6449,453
6450,453
6451,453
6452,453
6453,452
6454,452
6455,452
6456,452
6457,452
6458,453
6459,453
6460,453
6461,452
6462,452
6464,452
6465,452
6466,452
6467,453
6468,453
6469,453
6470,453
6471,452
6472,452
6473,452
6474,452
6475,452
6476,453
6477,453
6478,452
6479,452
6480,452
6481,452
6482,452
6483,453
6484,453
6485,453
6486,453
6487,452
6488,452
6489,452
6490,453
6491,453
6492,453
6493,453
6494,453
6495,452
6496,452
6497,452
6498,452
6499,452
6500,453
6501,453
6502,453
6503,452
6504,452
6506,452
6507,452
6508,452
6509,453
6510,453
6511,453
6512,452
6513,452
6514,451
6515,452
6516,452
6517,453
6518,450
6519,453
6520,452
6521,452
6522,452
6523,451
6524,452
6525,453
6526,453
6527,453
6528,453
6529,452
6530,452
6531,452
6532,452
6533,452
6534,453
6535,453
6536,453
6537,452
6538,452
6539,452
6540,452
6541,453
6542,453
6543,453
6544,453
6545,452
6546,452
6547,452
6549,453
6550,453
6551,453
6552,453
6553,453
6554,452
6555,452
6556,452
6557,452
6558,453
6559,453
6560,453
6561,453
6562,452
6563,452
6564,452
6565,452
6566,453
6567,453
6568,453
6569,453
6570,453
6571,452
6572,452
6573,452
6574,452
6575,453
6576,453
6577,453
6578,452
6579,452
6580,452
6581,452
6582,452
6583,453
6584,453
6585,453
6586,453
6587,452
6588,452
6589,453
6590,452
6592,453
6593,453
6594,452
6595,452
6596,452
6597,450
6598,452
6599,452
6600,453
6601,453
6602,452
6603,452
6604,452
6605,452
6606,452
6607,452
6608,453
6609,453
6610,454
6611,452
6612,452
6613,452
6614,452
6615,452
6616,451
6617,453
6618,453
6619,453
6620,452
6621,452
6622,452
6623,453
6624,452
6625,452
6626,453
6627,453
6628,453
6629,452
6630,452
6631,452
6632,453
6634,453
6635,453
6636,453
6637,453
6638,452
6639,452
6640,452
6641,453
6642,453
6643,453
6644,453
6645,453
6646,452
6647,452
6648,452
6649,453
6650,453
6651,453
6652,453
6653,453
6654,452
6655,452
6656,452
6657,452
6658,453
6659,453
6660,453
6661,453
6662,452
6663,452
6664,452
6665,453
6666,453
6667,453
6668,454
6669,453
6670,452
6671,452
6672,452
6673,453
6674,453
6675,453
6677,453
6678,453
6679,452
6680,452
6681,453
6682,452
6683,453
6684,453
6685,453
6686,453
6687,453
6688,452
6689,453
6690,453
6691,453
6692,453
6693,453
6694,453
6695,453
6696,452
6697,452
6698,452
6699,453
6700,453
6701,453
6702,453
6703,453
6704,453
6705,453
6706,452
6707,453
6708,454
6709,454
6710,454
6711,453
6712,453
6713,452
6714,453
6715,453
6716,453
6717,453
6718,453
6720,453
6721,452
6722,452
6723,453
6724,453
6725,453
6726,454
6727,453
6728,453
6729,453
6730,453
6731,452
6732,453
6733,452
6734,453
6735,453
6736,453
6737,452
6738,452
6739,452
6740,453
6741,453
6742,453
6743,453
6744,453
6745,453
6746,452
6747,452
6748,453
6749,453
6750,453
6751,452
6752,448
6753,453
6754,452
6755,452
6756,452
6757,453
6758,453
6759,453
6760,453
6762,453
6763,452
6764,452
6765,453
6766,453
6767,453
6768,453
6769,454
6770,453
6771,452
6772,452
6773,452
6774,453
6775,453
6776,453
6777,453
6778,453
6779,453
6780,452
6781,452
6782,453
6783,453
6784,453
6785,453
6786,453
6787,452
6788,453
6789,453
6790,453
6791,453
6792,453
6793,453
6794,453
6795,452
6796,452
6797,452
6798,453
6799,453
6800,453
6801,453
6802,453
6803,453
6805,452
6806,452
6807,452
6808,453
6809,454
6810,454
6811,453
6812,452
6813,452
6814,452
6815,452
6816,453
6817,453
6818,453
6819,453
6820,453
6821,452
6822,452
6823,452
6824,453
6825,453
6826,453
6827,453
6828,453
6829,453
6830,452
6831,452
6832,453
6833,453
6834,453
6835,453
6836,453
6837,453
6838,453
6839,453
6840,453
6841,453
6842,453
6843,453
6844,453
6845,452
6846,452
6848,452
6849,453
6850,453
6851,453
6852,453
6853,453
6854,452
6855,452
6856,452
6857,453
6858,453
6859,453
6860,453
6861,453
6862,453
6863,452
6864,452
6865,453
6866,453
6867,453
6868,454
6869,454
6870,453
6871,452
6872,452
6873,453
6874,453
6875,453
6876,453
6877,453
6878,452
6879,452
6880,452
6881,453
6882,453
6883,453
6884,453
6885,453
6886,453
6887,453
6888,453
6890,453
6891,453
6892,453
6893,453
6894,453
6895,453
6896,453
6897,452
6898,452
6899,452
6900,453
6901,453
6902,453
6903,453
6904,452
6905,452
6906,453
6907,453
6908,453
6909,454
6910,454
6911,453
6912,452
6913,452
6914,452
6915,453
6916,453
6917,453
6918,453
6919,453
6920,452
6921,452
6922,452
6923,452
6924,453
6925,454
6926,454
6927,453
6928,453
6929,453
6930,453
6931,452
6933,453
6934,453
6935,453
6936,453
6937,452
6938,452
6939,452
6940,453
6941,453
6942,453
6943,453
6944,453
6945,452
6946,452
6947,452
6948,453
6949,453
6950,454
6951,453
6952,453
6953,453
6954,452
6955,452
6956,452
6957,453
6958,453
6959,453
6960,453
6961,453
6962,453
6963,452
6964,452
6965,453
6966,453
6967,453
6968,454
6969,453
6970,453
6971,452
6972,453
6973,453
6974,453
6976,453
6977,453
6978,453
6979,452
6980,452
6981,452
6982,452
6983,453
6984,453
6985,453
6986,453
6987,452
6988,452
6989,453
6990,453
6991,453
6992,453
6993,453
6994,453
6995,453
6996,452
6997,452
6998,452
6999,453
7000,453
7001,453
7002,453
7003,452
7004,452
7005,452
7006,452
7007,453
7008,453
7009,454
7010,453
7011,453
7012,452
7013,452
7014,452
7015,452
7016,453
7018,453
7019,453
7020,453
7021,452
7022,452
7023,452
7024,453
7025,453
7026,453
7027,453
7028,453
7029,453
7030,453
7031,452
7032,453
7033,453
7034,453
7035,453
7036,453
7037,452
7038,452
7039,452
7040,452
7041,453
7042,453
7043,453
7044,453
7045,452
7046,452
7047,452
7048,453
7049,453
7050,453
7051,453
7052,453
7053,453
7054,452
7055,448
7056,452
7057,453
7058,453
7059,453
7061,453
7062,452
7063,452
7064,452
7065,453
7066,453
7067,453
7068,453
7069,454
7070,453
7071,452
7072,452
7073,453
7074,453
7075,453
7076,453
7077,453
7078,453
7079,452
7080,453
7081,452
7082,453
7083,453
7084,453
7085,453
7086,453
7087,453
7088,453
7089,453
7090,453
7091,453
7092,453
7093,453
7094,453
7095,452
7096,452
7097,453
7098,453
7099,453
7100,453
7101,453
7102,453
7104,452
7105,452
7106,452
7107,453
7108,453
7109,454
7110,454
7111,453
7112,452
7113,453
7114,452
7115,453
7116,453
7117,453
7118,453
7119,453
7120,453
7121,453
7122,453
7123,453
7124,453
7125,453
7126,454
7127,453
7128,453
7129,453
7130,453
7131,453
7132,453
7133,453
7134,453
7135,453
7136,453
7137,452
7138,452
7139,452
7140,453
7141,453
7142,453
7143,453
7144,453
7146,452
7147,452
7148,452
7149,453
7150,454
7151,453
7152,453
7153,453
7154,453
7155,452
7156,452
7157,453
7158,453
7159,453
7160,453
7161,453
7162,453
7163,452
7164,452
7165,453
7166,453
7167,453
7168,453
7169,454
7170,453
7171,452
7172,452
7173,452
7174,452
7175,453
7176,453
7177,453
7178,453
7179,452
7180,452
7181,453
7182,453
7183,453
7184,453
7185,453
7186,452
7187,452
7189,453
7190,453
7191,453
7192,453
7193,453
7194,453
7195,453
7196,452
7197,452
7198,452
7199,453
7200,453
7201,453
7202,453
7203,453
7204,452
7205,452
7206,452
7207,453
7208,453
7209,454
7210,453
7211,453
7212,452
7213,452
7214,452
7215,452
7216,453
7217,453
7218,450
7219,453
7220,452
7221,452
7222,452
7223,452
7224,453
7225,453
7226,453
7227,453
7228,453
7229,453
7230,452
7232,453
7233,453
7234,453
7235,453
7236,453
7237,452
7238,452
7239,452
7240,453
7241,453
7242,453
7243,453
7244,453
7245,453
7246,452
7247,452
7248,452
7249,453
7250,454
7251,453
7252,453
7253,453
7254,452
7255,452
7256,452
7257,453
7258,453
7259,453
7260,453
7261,453
7262,452
7263,452
7264,451
7265,453
7266,451
7267,453
7268,453
7269,453
7270,453
7271,452
7272,452
7274,453
7275,453
7276,453
7277,453
7278,453
7279,452
7280,452
7281,453
7282,452
7283,453
7284,453
7285,453
7286,453
7287,452
7288,452
7289,453
7290,453
7291,453
7292,453
7293,453
7294,453
7295,453
7296,452
7297,452
7298,453
7299,453
7300,453
7301,453
7302,453
7303,453
7304,452
7305,452
7306,452
7307,452
7308,454
7309,454
7310,453
7311,452
7312,452
7313,452
7314,452
7315,453
7317,453
7318,453
7319,453
7320,453
7321,452
7322,452
7323,452
7324,453
7325,453
7326,453
7327,453
7328,452
7329,453
7330,452
7331,452
7332,452
7333,453
7334,453
7335,453
7336,452
7337,452
7338,452
7339,452
7340,452
7341,453
7342,453
7343,453
7344,453
7345,452
7346,452
7347,452
7348,453
7349,454
7350,453
7351,453
7352,453
7353,452
7354,453
7355,452
7356,452
7357,453
7358,453
7360,453
7361,453
7362,452
7363,452
7364,452
7365,452
7366,452
7367,453
7368,453
7369,453
7370,453
7371,452
7372,452
7373,452
7374,453
7375,453
7376,453
7377,453
7378,453
7379,452
7380,452
7381,452
7382,453
7383,453
7384,453
7385,453
7386,453
7387,452
7388,453
7389,453
7390,453
7391,453
7392,453
7393,453
7394,453
7395,452
7396,452
7397,452
7398,453
7399,453
7400,453
7402,453
7403,453
7404,452
7405,452
7406,452
7407,452
7408,453
7409,454
7410,454
7411,453
7412,452
7413,452
7414,452
7415,452
7416,453
7417,453
7418,453
7419,453
7420,452
7421,452
7422,452
7423,452
7424,452
7425,453
7426,453
7427,453
7428,453
7429,453
7430,452
7431,452
7432,453
7433,453
7434,453
7435,453
7436,453
7437,452
7438,452
7439,452
7440,453
7441,453
7442,453
7443,453
7445,452
7446,452
7447,452
7448,452
7449,453
7450,453
7451,453
7452,453
7453,453
7454,452
7455,452
7456,452
7457,453
7458,453
7459,453
7460,453
7461,453
7462,452
7463,452
7464,453
7465,453
7466,453
7467,453
7468,453
7469,453
7470,453
7471,452
7472,453
7473,453
7474,453
7475,453
7476,453
7477,453
7478,453
7479,452
7480,452
7481,452
7482,453
7483,453
7484,453
7485,453
7486,453
7488,452
7489,453
7490,453
7491,453
7492,453
7493,453
7494,452
7495,452
7496,452
7497,452
7498,453
7499,453
7500,453
7501,453
7502,453
7503,453
7504,452
7505,451
7506,452
7507,453
7508,453
7509,454
7510,454
7511,453
7512,453
7513,453
7514,453
7515,453
7516,453
7517,454
7518,454
7519,453
7520,453
7521,453
7522,453
7523,453
7524,454
7525,454
7526,454
7527,454
7528,454
7530,454
7531,454
7532,454
7533,454
7534,454
7535,454
7536,454
7537,453
7538,453
7539,453
7540,454
7541,454
7542,454
7543,454
7544,454
7545,454
7546,454
7547,454
7548,454
7549,455
7550,455
7551,455
7552,455
7553,454
7554,454
7555,454
7556,454
7557,455
7558,455
7559,455
7560,455
7561,454
7562,454
7563,454
7564,454
7565,455
7566,455
7567,455
7568,455
7569,455
7570,455
7571,455
7573,454
7574,455
7575,455
7576,455
7577,455
7578,455
7579,454
7580,454
7581,455
7582,455
7583,455
7584,455
7585,455
7586,455
7587,455
7588,454
7589,455
7590,456
7591,456
7592,456
7593,456
7594,456
7595,455
7596,455
7597,455
7598,455
7599,455
7600,456
7601,456
7602,456
7603,455
7604,455
7605,455
7606,455
7607,455
7608,456
7609,456
7610,456
7611,455
7612,454
7613,455
7614,455
7616,455
7617,455
7618,455
7619,455
7620,455
7621,454
7622,455
7623,455
7624,455
7625,456
7626,456
7627,456
7628,455
7629,455
7630,455
7631,455
7632,455
7633,455
7634,452
7635,455
7636,455
7637,454
7638,454
7639,455
7640,455
7641,455
7642,455
7643,455
7644,455
7645,455
7646,454
7647,455
7648,455
7649,456
7650,456
7651,456
7652,455
7653,455
7654,455
7655,455
7656,455
7658,455
7659,456
7660,456
7661,455
7662,455
7663,455
7664,455
7665,455
7666,456
7667,456
7668,456
7669,456
7670,456
7671,455
7672,455
7673,455
7674,456
7675,456
7676,456
7677,456
7678,455
7679,455
7680,455
7681,455
7682,456
7683,456
7684,456
7685,456
7686,456
7687,456
7688,456
7689,456
7690,457
7691,456
7692,456
7693,456
7694,456
7695,455
7696,456
7697,456
7698,456
7699,457
7701,457
7702,456
7703,456
7704,455
7705,455
7706,456
7707,456
7708,456
7709,457
7710,457
7711,456
7712,455
7713,455
7714,455
7715,456
7716,456
7717,456
7718,456
7719,456
7720,455
7721,455
7722,455
7723,456
7724,456
7725,456
7726,456
7727,456
7728,456
7729,456
7730,456
7731,456
7732,456
7733,456
7734,456
7735,456
7736,455
7737,455
7738,455
7739,456
7740,456
7741,456
7742,456
7744,456
7745,455
7746,455
7747,455
7748,455
7749,456
7750,456
7751,456
7752,455
7753,455
7754,455
7755,455
7756,455
7757,455
7758,456
7759,456
7760,456
7761,455
7762,455
7763,455
7764,455
7765,455
7766,455
7767,455
7768,455
7769,455
7770,455
7771,454
7772,454
7773,455
7774,455
7775,455
7776,455
7777,455
7778,454
7779,454
7780,454
7781,454
7782,455
7783,455
7784,455
7786,455
7787,454
7788,454
7789,455
7790,455
7791,455
7792,455
7793,455
7794,455
7795,454
7796,454
7797,451
7798,455
7799,455
7800,455
7801,455
7802,455
7803,455
7804,454
7805,454
7806,454
7807,455
7808,455
7809,454
7810,456
7811,455
7812,454
7813,454
7814,455
7815,455
7816,455
7817,455
7818,455
7819,455
7820,454
7821,454
7822,455
7823,455
7824,455
7825,455
7826,455
7827,455
7829,455
7830,455
7831,454
7832,455
7833,455
7834,455
7835,455
7836,455
7837,454
7838,454
7839,454
7840,455
7841,455
7842,455
7843,455
7844,455
7845,454
7846,454
7847,454
7848,454
7849,455
7850,455
7851,455
7852,454
7853,454
7854,454
7855,454
7856,454
7857,454
7858,455
7859,455
7860,454
7861,454
7862,453
7863,454
7864,454
7865,454
7866,454
7867,454
7868,454
7869,454
7870,453
7872,453
7873,453
7874,453
7875,454
7876,454
7877,454
7878,453
7879,453
7880,453
7881,453
7882,453
7883,454
7884,453
7885,453
7886,453
7887,452
7888,452
7889,453
7890,453
7891,453
7892,453
7893,453
7894,452
7895,452
7896,452
7897,452
7898,452
7899,452
7900,453
7901,452
7902,452
7903,452
7904,450
7905,451
7906,451
7907,452
7908,452
7909,452
7910,452
7911,451
7912,451
7914,451
7915,451
7916,451
7917,452
7918,449
7919,451
7920,451
7921,451
7922,451
7923,451
7924,451
7925,451
7926,451
7927,451
7928,451
7929,451
7930,451
7931,451
7932,451
7933,452
7934,452
7935,452
7936,451
7937,451
7938,451
7939,451
7940,451
7941,452
7942,452
7943,452
7944,451
7945,451
7946,451
7947,451
7948,452
7949,452
7950,453
7951,452
7952,452
7953,451
7954,451
7955,452
7957,452
7958,452
7959,452
7960,452
7961,452
7962,451
7963,451
7964,451
7965,452
7966,452
7967,452
7968,452
7969,452
7970,452
7971,451
7972,451
7973,452
7974,452
7975,452
7976,452
7977,452
7978,452
7979,451
7980,451
7981,452
7982,452
7983,452
7984,452
7985,452
7986,452
7987,451
7988,452
7989,452
7990,452
7991,452
7992,452
7993,452
7994,451
7995,452
7996,451
7997,451
7998,451
8000,452
8001,452
8002,452
8003,451
8004,451
8005,451
8006,451
8007,452
8008,452
8009,453
8010,452
8011,451
8012,451
8013,451
8014,451
8015,451
8016,451
8017,452
8018,451
8019,451
8020,451
8021,450
8022,451
8023,451
8024,451
8025,451
8026,451
8027,451
8028,450
8029,450
8030,451
8031,451
8032,451
8033,451
8034,451
8035,450
8036,450
8037,450
8038,450
8039,450
8040,450
8042,451
8043,451
8044,450
8045,450
8046,449
8047,449
8048,450
8049,450
8050,451
8051,450
8052,450
8053,449
8054,449
8055,450
8056,450
8057,450
8058,450
8059,450
8060,450
8061,450
8062,449
8063,449
8064,450
8065,450
8066,450
8067,450
8068,450
8069,450
8070,450
8071,450
8072,450
8073,450
8074,450
8075,451
8076,450
8077,450
8078,450
8079,450
8080,450
8081,450
8082,450
8083,451
8085,451
8086,450
8087,450
8088,450
8089,451
8090,451
8091,451
8092,451
8093,451
8094,451
8095,450
8096,450
8097,450
8098,451
8099,451
8100,451
8101,451
8102,451
8103,451
8104,450
8105,451
8106,451
8107,451
8108,452
8109,452
8110,452
8111,451
8112,451
8113,451
8114,451
8115,452
8116,452
8117,452
8118,451
8119,451
8120,450
8121,451
8122,451
8123,451
8124,452
8125,452
8126,452
8128,451
8129,452
8130,451
8131,451
8132,451
8133,452
8134,452
8135,451
8136,451
8137,450
8138,451
8139,451
8140,451
8141,451
8142,451
8143,451
8144,451
8145,450
8146,450
8147,450
8148,451
8149,451
8150,452
8151,451
8152,451
8153,450
8154,450
8155,450
8156,450
8157,451
8158,451
8159,451
8160,450
8161,450
8162,450
8163,450
8164,450
8165,450
8166,450
8167,450
8168,450
8170,450
8171,450
8172,450
8173,450
8174,450
8175,450
8176,450
8177,450
8178,449
8179,449
8180,449
8181,449
8182,450
8183,450
8184,450
8185,450
8186,449
8187,449
8188,449
8189,450
8190,450
8191,450
8192,450
8193,450
8194,449
8195,449
8196,449
8197,449
8198,449
8199,450
8200,450
8201,450
8202,450
8203,449
8204,449
8205,449
8206,450
8207,450
8208,451
8209,451
8210,451
8211,449
8213,450
8214,450
8215,450
8216,450
8217,450
8218,450
8219,450
8220,450
8221,450
8222,450
8223,450
8224,450
8225,451
8226,451
8227,451
8228,450
8229,451
8230,451
8231,451
8232,451
8233,451
8234,451
8235,451
8236,451
8237,452
8238,453
8239,454
8240,455
8241,455
8242,455
8243,453
8244,453
8245,452
8246,452
8247,451
8248,452
8249,452
8250,453
8251,452
8252,451
8253,451
8254,451
8256,451
8257,451
8258,452
8259,452
8260,452
8261,451
8262,451
8263,451
8264,451
8265,451
8266,452
8267,452
8268,452
8269,452
8270,451
8271,451
8272,451
8273,451
8274,451
8275,451
8276,451
8277,451
8278,451
8279,451
8280,451
8281,451
8282,451
8283,451
8284,451
8285,451
8286,450
8287,450
8288,450
8289,451
8290,451
8291,451
8292,451
8293,451
8294,450
8295,450
8296,450
8298,450
8299,450
8300,451
8301,451
8302,451
8303,450
8304,450
8305,450
8306,450
8307,450
8308,450
8309,451
8310,451
8311,450
8312,449
8313,448
8314,446
8315,450
8316,450
8317,450
8318,450
8319,450
8320,449
8321,449
8322,449
8323,450
8324,450
8325,450
8326,449
8327,449
8328,449
8329,450
8330,449
8331,449
8332,449
8333,450
8334,449
8335,449
8336,449
8337,449
8338,449
8339,450
8341,450
8342,450
8343,450
8344,449
8345,449
8346,449
8347,449
8348,449
8349,451
8350,451
8351,450
8352,450
8353,450
8354,450
8355,450
8356,450
8357,450
8358,451
8359,451
8360,450
8361,450
8362,450
8363,450
8364,450
8365,450
8366,451
8367,451
8368,451
8369,451
8370,451
8371,450
8372,450
8373,451
8374,451
8375,451
8376,451
8377,451
8378,450
8379,451
8380,450
8381,451
8382,451
8384,451
8385,451
8386,451
8387,450
8388,450
8389,451
8390,451
8391,451
8392,451
8393,451
8394,451
8395,451
8396,450
8397,451
8398,451
8399,451
8400,451
8401,451
8402,451
8403,451
8404,451
8405,451
8406,450
8407,451
8408,451
8409,452
8410,451
8411,451
8412,451
8413,450
8414,451
8415,451
8416,451
8417,450
8418,451
8419,451
8420,450
8421,450
8422,450
8423,451
8424,451
8426,451
8427,451
8428,450
8429,450
8430,450
8431,450
8432,450
8433,451
8434,450
8435,450
8436,450
8437,450
8438,450
8439,449
8440,450
8441,450
8442,450
8443,450
8444,450
8445,449
8446,449
8447,449
8448,449
8449,450
8450,450
8451,450
8452,449
8453,449
8454,449
8455,449
8456,446
8457,449
8458,450
8459,449
8460,449
8461,447
8462,448
8463,449
8464,449
8465,449
8466,449
8467,449
8469,449
8470,449
8471,449
8472,449
8473,449
8474,449
8475,449
8476,449
8477,449
8478,448
8479,448
8480,449
8481,449
8482,449
8483,449
8484,449
8485,449
8486,449
8487,449
8488,449
8489,450
8490,450
8491,450
8492,450
8493,450
8494,450
8495,449
8496,449
8497,450
8498,450
8499,450
8500,450
8501,450
8502,450
8503,449
8504,450
8505,450
8506,450
8507,450
8508,451
8509,451
8510,450
8512,450
8513,449
8514,449
8515,450
8516,450
8517,450
8518,450
8519,450
8520,450
8521,450
8522,450
8523,450
8524,451
8525,451
8526,451
8527,450
8528,450
8529,450
8530,450
8531,450
8532,450
8533,451
8534,450
8535,450
8536,450
8537,450
8538,450
8539,450
8540,450
8541,450
8542,451
8543,450
8544,450
8545,450
8546,450
8547,450
8548,451
8549,451
8550,451
8551,451
8552,450
8554,450
8555,449
8556,450
8557,450
8558,451
8559,451
8560,450
8561,450
8562,450
8563,450
8564,450
8565,450
8566,450
8567,450
8568,450
8569,450
8570,450
8571,449
8572,449
8573,450
8574,450
8575,450
8576,450
8577,450
8578,449
8579,449
8580,449
8581,449
8582,450
8583,450
8584,450
8585,449
8586,449
8587,449
8588,449
8589,449
8590,450
8591,449
8592,449
8593,449
8594,448
8595,448
8597,448
8598,448
8599,449
8600,449
8601,449
8602,448
8603,448
8604,448
8605,448
8606,448
8607,448
8608,449
8609,449
8610,449
8611,448
8612,448
8613,448
8614,448
8615,448
8616,449
8617,449
8618,449
8619,448
8620,448
8621,448
8622,448
8623,449
8624,449
8625,449
8626,449
8627,449
8628,449
8629,449
8630,449
8631,449
8632,450
8633,450
8634,450
8635,449
8636,449
8637,449
8638,449
8640,450
8641,450
8642,450
8643,450
8644,450
8645,449
8646,449
8647,449
8648,449
8649,450
8650,451
8651,450
8652,450
8653,449
8654,449
8655,449
8656,450
8657,450
8658,450
8659,450
8660,450
8661,449
8662,449
8663,449
8664,449
8665,450
8666,450
8667,450
8668,450
8669,450
8670,450
8671,450
8672,450
8673,450
8674,449
8675,450
8676,450
8677,450
8678,448
8679,449
8680,450
8682,450
8683,449
8684,450
8685,450
8686,450
8687,449
8688,449
8689,450
8690,450
8691,450
8692,450
8693,450
8694,450
8695,449
8696,449
8697,449
8698,449
8699,450
8700,450
8701,450
8702,450
8703,449
8704,449
8705,449
8706,449
8707,450
8708,450
8709,450
8710,450
8711,448
8712,449
8713,449
8714,449
8715,450
8716,450
8717,449
8718,449
8719,449
8720,449
8721,449
8722,449
8723,449
8725,449
8726,449
8727,449
8728,449
8729,449
8730,449
8731,449
8732,449
8733,449
8734,449
8735,449
8736,448
8737,448
8738,448
8739,448
8740,449
8741,449
8742,449
8743,448
8744,448
8745,448
8746,448
8747,448
8748,448
8749,449
8750,449
8751,449
8752,448
8753,448
8754,448
8755,448
8756,448
8757,449
8758,449
8759,449
8760,448
8761,448
8762,448
8763,448
8764,448
8765,449
8766,449
8768,449
8769,449
8770,449
8771,449
8772,449
8773,449
8774,449
8775,449
8776,450
8777,450
8778,449
8779,449
8780,449
8781,449
8782,449
8783,450
8784,450
8785,449
8786,449
8787,449
8788,449
8789,450
8790,450
8791,450
8792,450
8793,449
8794,449
8795,449
8796,449
8797,449
8798,449
8799,449
8800,450
8801,450
8802,449
8803,449
8804,449
8805,449
8806,450
8807,450
8808,450
8810,450
8811,450
8812,449
8813,449
8814,449
8815,449
8816,450
8817,450
8818,450
8819,449
8820,449
8821,449
8822,449
8823,449
8824,450
8825,450
8826,450
8827,450
8828,449
8829,449
8830,450
8831,449
8832,450
8833,450
8834,449
8835,448
8836,449
8837,449
8838,449
8839,448
8840,448
8841,449
8842,450
8843,449
8844,449
8845,449
8846,449
8847,447
8848,449
8849,450
8850,450
8851,449
8853,449
8854,449
8855,449
8856,449
8857,449
8858,449
8859,450
8860,449
8861,449
8862,449
8863,448
8864,448
8865,448
8866,448
8867,449
8868,449
8869,449
8870,449
8871,449
8872,449
8873,449
8874,449
8875,449
8876,449
8877,449
8878,448
8879,448
8880,448
8881,448
8882,448
8883,449
8884,448
8885,448
8886,448
8887,448
8888,448
8889,449
8890,449
8891,449
8892,449
8893,448
8894,448
8896,448
8897,448
8898,448
8899,448
8900,449
8901,448
8902,448
8903,448
8904,448
8905,448
8906,448
8907,449
8908,449
8909,449
8910,449
8911,448
8912,448
8913,448
8914,448
8915,449
8916,449
8917,449
8918,449
8919,449
8920,448
8921,448
8922,449
8923,449
8924,449
8925,449
8926,449
8927,449
8928,449
8929,449
8930,446
8931,449
8932,449
8933,448
8934,449
8935,448
8936,448
8938,448
8939,448
8940,449
8941,449
8942,449
8943,449
8944,449
8945,448
8946,448
8947,448
8948,448
8949,449
8950,449
8951,449
8952,449
8953,448
8954,448
8955,448
8956,448
8957,449
8958,449
8959,449
8960,449
8961,448
8962,448
8963,449
8964,449
8965,449
8966,449
8967,449
8968,449
8969,449
8970,449
8971,449
8972,449
8973,449
8974,449
8975,449
8976,449
8977,449
8978,448
8979,449
8981,449
8982,449
8983,450
8984,450
8985,449
8986,449
8987,448
8988,448
8989,449
8990,449
8991,450
8992,449
8993,449
8994,448
8995,448
8996,448
8997,449
8998,448
8999,449
9000,449
9001,449
9002,449
9003,448
9004,448
9005,449
9006,449
9007,449
9008,449
9009,449
9010,449
9011,448
9012,448
9013,448
9014,448
9015,449
9016,449
9017,449
9018,448
9019,448
9020,448
9021,448
9022,448
9024,448
9025,448
9026,448
9027,448
9028,448
9029,448
9030,448
9031,448
9032,448
9033,449
9034,449
9035,448
9036,448
9037,448
9038,448
9039,448
9040,448
9041,448
9042,448
9043,449
9044,448
9045,448
9046,448
9047,448
9048,449
9049,449
9050,449
9051,449
9052,449
9053,448
9054,448
9055,449
9056,449
9057,449
9058,449
9059,449
9060,448
9061,448
9062,448
9063,448
9064,449
9066,449
9067,449
9068,449
9069,449
9070,448
9071,449
9072,448
9073,449
9074,448
9075,449
9076,449
9077,448
9078,448
9079,448
9080,448
9081,448
9082,449
9083,448
9084,448
9085,448
9086,448
9087,448
9088,448
9089,449
9090,449
9091,449
9092,448
9093,448
9094,448
9095,448
9096,448
9097,448
9098,448
9099,449
9100,449
9101,449
9102,448
9103,449
9104,448
9105,449
9106,449
9107,449
9109,449
9110,449
9111,449
9112,449
9113,449
9114,449
9115,449
9116,450
9117,450
9118,449
9119,449
9120,449
9121,449
9122,449
9123,449
9124,450
9125,450
9126,450
9127,449
9128,449
9129,449
9130,450
9131,449
9132,450
9133,450
9134,450
9135,449
9136,449
9137,449
9138,449
9139,449
9140,449
9141,449
9142,449
9143,449
9144,449
9145,449
9146,448
9147,449
9148,449
9149,450
9150,449
9152,449
9153,448
9154,448
9155,449
9156,449
9157,449
9158,449
9159,449
9160,449
9161,448
9162,448
9163,448
9164,448
9165,449
9166,448
9167,449
9168,448
9169,448
9170,448
9171,448
9172,448
9173,448
9174,449
9175,448
9176,448
9177,448
9178,448
9179,448
9180,448
9181,448
9182,449
9183,448
9184,448
9185,448
9186,448
9187,448
9188,448
9189,449
9190,449
9191,449
9192,449
9194,448
9195,448
9196,448
9197,448
9198,448
9199,449
9200,449
9201,449
9202,449
9203,448
9204,448
9205,448
9206,448
9207,448
9208,449
9209,449
9210,448
9211,448
9212,448
9213,448
9214,447
9215,448
9216,448
9217,448
9218,448
9219,447
9220,447
9221,447
9222,447
9223,448
9224,448
9225,448
9226,448
9227,447
9228,447
9229,448
9230,448
9231,448
9232,448
9233,448
9234,448
9235,448
9237,448
9238,448
9239,448
9240,448
9241,448
9242,449
9243,449
9244,448
9245,448
9246,448
9247,448
9248,448
9249,449
9250,450
9251,449
9252,449
9253,448
9254,448
9255,449
9256,449
9257,449
9258,449
9259,449
9260,449
9261,449
9262,449
9263,449
9264,449
9265,450
9266,450
9267,450
9268,449
9269,450
9270,450
9271,449
9272,449
9273,450
9274,450
9275,450
9276,450
9277,449
9278,449
9280,449
9281,449
9282,450
9283,450
9284,449
9285,449
9286,449
9287,449
9288,449
9289,449
9290,450
9291,450
9292,449
9293,449
9294,449
9295,449
9296,449
9297,449
9298,449
9299,449
9300,449
9301,449
9302,449
9303,448
9304,448
9305,448
9306,449
9307,449
9308,449
9309,450
9310,449
9311,448
9312,448
9313,448
9314,448
9315,449
9316,449
9317,449
9318,449
9319,448
9320,448
9322,448
9323,448
9324,449
9325,449
9326,449
9327,448
9328,448
9329,449
9330,449
9331,449
9332,448
9333,449
9334,449
9335,448
9336,448
9337,448
9338,448
9339,448
9340,448
9341,448
9342,448
9343,447
9344,447
9345,447
9346,447
9347,447
9348,448
9349,448
9350,448
9351,448
9352,447
9353,447
9354,447
9355,447
9356,446
9357,444
9358,448
9359,448
9360,447
9361,446
9362,447
9363,447
9365,443
9366,447
9367,448
9368,448
9369,447
9370,447
9371,448
9372,447
9373,448
9374,448
9375,448
9376,448
9377,448
9378,448
9379,446
9380,448
9381,448
9382,449
9383,449
9384,449
9385,449
9386,449
9387,449
9388,449
9389,450
9390,450
9391,450
9392,450
9393,450
9394,449
9395,449
9396,449
9397,450
9398,450
9399,450
9400,450
9401,450
9402,450
9403,449
9404,449
9405,450
9406,450
9408,450
9409,451
9410,451
9411,450
9412,450
9413,450
9414,450
9415,450
9416,450
9417,450
9418,450
9419,449
9420,449
9421,449
9422,449
9423,449
9424,450
9425,450
9426,450
9427,449
9428,449
9429,449
9430,450
9431,449
9432,450
9433,450
9434,449
9435,449
9436,449
9437,449
9438,449
9439,449
9440,449
9441,449
9442,449
9443,449
9444,449
9445,448
9446,449
9447,448
9448,449
9450,449
9451,449
9452,448
9453,448
9454,448
9455,448
9456,448
9457,449
9458,449
9459,448
9460,448
9461,448
9462,448
9463,448
9464,448
9465,448
9466,449
9467,449
9468,448
9469,448
9470,448
9471,448
9472,448
9473,448
9474,448
9475,448
9476,448
9477,447
9478,447
9479,447
9480,447
9481,447
9482,447
9483,447
9484,447
9485,447
9486,447
9487,446
9488,447
9489,448
9490,448
9491,447
9493,447
9494,447
9495,447
9496,447
9497,447
9498,447
9499,448
9500,448
9501,448
9502,448
9503,447
9504,447
9505,448
9506,448
9507,448
9508,448
9509,449
9510,448
9511,448
9512,448
9513,448
9514,448
9515,449
9516,449
9517,449
9518,449
9519,448
9520,449
9521,449
9522,449
9523,449
9524,450
9525,450
9526,450
9527,449
9528,449
9529,450
9530,450
9531,450
9532,451
9533,450
9534,450
9536,450
9537,449
9538,450
9539,450
9540,450
9541,450
9542,451
9543,450
9544,450
9545,449
9546,450
9547,450
9548,450
9549,451
9550,451
9551,451
9552,450
9553,450
9554,450
9555,450
9556,450
9557,450
9558,450
9559,450
9560,450
9561,449
9562,449
9563,449
9564,450
9565,450
9566,450
9567,450
9568,450
9569,450
9570,450
9571,449
9572,449
9573,450
9574,450
9575,450
9576,449
9578,449
9579,449
9580,449
9581,449
9582,449
9583,449
9584,449
9585,449
9586,449
9587,449
9588,448
9589,449
9590,450
9591,450
9592,449
9593,449
9594,448
9595,448
9596,448
9597,448
9598,449
9599,449
9600,449
9601,449
9602,448
9603,448
9604,448
9605,448
9606,448
9607,448
9608,448
9609,449
9610,448
9611,447
9612,447
9613,447
9614,448
9615,448
9616,448
9617,448
9618,447
9619,447
9621,447
9622,447
9623,447
9624,448
9625,448
9626,447
9627,447
9628,447
9629,448
9630,448
9631,448
9632,447
9633,448
9634,447
9635,448
9636,448
9637,447
9638,447
9639,448
9640,448
9641,448
9642,449
9643,448
9644,448
9645,448
9646,448
9647,449
9648,449
9649,450
9650,450
9651,449
9652,449
9653,449
9654,449
9655,449
9656,450
9657,450
9658,450
9659,450
9660,449
9661,449
9662,450
9664,450
9665,450
9666,451
9667,451
9668,450
9669,451
9670,450
9671,450
9672,450
9673,451
9674,451
9675,451
9676,451
9677,450
9678,450
9679,450
9680,450
9681,450
9682,451
9683,451
9684,451
9685,451
9686,450
9687,450
9688,450
9689,451
9690,452
9691,451
9692,451
9693,450
9694,450
9695,450
9696,450
9697,450
9698,450
9699,451
9700,451
9701,450
9702,450
9703,450
9704,449
9706,450
9707,450
9708,450
9709,450
9710,450
9711,450
9712,449
9713,450
9714,450
9715,450
9716,450
9717,450
9718,449
9719,449
9720,449
9721,449
9722,449
9723,450
9724,449
9725,449
9726,449
9727,449
9728,448
9729,449
9730,449
9731,449
9732,449
9733,449
9734,446
9735,448
9736,447
9737,448
9738,448
9739,448
9740,448
9741,447
9742,449
9743,448
9744,448
9745,447
9746,448
9747,448
9749,448
9750,449
9751,449
9752,448
9753,447
9754,447
9755,447
9756,447
9757,447
9758,448
9759,448
9760,447
9761,447
9762,447
9763,447
9764,447
9765,448
9766,448
9767,448
9768,448
9769,448
9770,448
9771,448
9772,448
9773,448
9774,449
9775,449
9776,449
9777,448
9778,448
9779,448
9780,449
9781,449
9782,449
9783,449
9784,449
9785,449
9786,449
9787,449
9788,450
9789,450
9790,451
9792,450
9793,450
9794,450
9795,450
9796,450
9797,450
9798,450
9799,451
9800,451
9801,451
9802,450
9803,450
9804,450
9805,451
9806,451
9807,451
9808,451
9809,452
9810,451
9811,451
9812,450
9813,451
9814,451
9815,451
9816,451
9817,451
9818,451
9819,450
9820,451
9821,451
9822,450
9823,451
9824,452
9825,451
9826,451
9827,450
9828,450
9829,451
9830,451
9831,451
9832,451
9834,451
9835,451
9836,450
9837,450
9838,450
9839,450
9840,451
9841,451
9842,450
9843,451
9844,450
9845,450
9846,450
9847,449
9848,450
9849,451
9850,451
9851,450
9852,450
9853,449
9854,449
9855,449
9856,449
9857,449
9858,449
9859,450
9860,449
9861,449
9862,449
9863,449
9864,449
9865,450
9866,450
9867,450
9868,449
9869,449
9870,449
9871,449
9872,449
9873,449
9874,449
9875,449
9877,449
9878,448
9879,448
9880,448
9881,448
9882,448
9883,449
9884,449
9885,448
9886,448
9887,448
9888,448
9889,448
9890,449
9891,449
9892,448
9893,448
9894,448
9895,447
9896,448
9897,448
9898,448
9899,448
9900,449
9901,448
9902,448
9903,448
9904,448
9905,449
9906,449
9907,450
9908,450
9909,450
9910,450
9911,449
9912,449
9913,449
9914,450
9915,450
9916,450
9917,450
9918,450
9920,450
9921,449
9922,450
9923,450
9924,451
9925,451
9926,451
9927,450
9928,450
9929,451
9930,451
9931,451
9932,451
9933,451
9934,451
9935,451
9936,451
9937,451
9938,451
9939,451
9940,451
9941,452
9942,452
9943,451
9944,451
9945,451
9946,451
9947,451
9948,452
9949,452
9950,452
9951,452
9952,451
9953,451
9954,451
9955,451
9956,452
9957,452
9958,452
9959,452
9960,451
9962,451
9963,451
9964,451
9965,451
9966,452
9967,452
9968,451
9969,451
9970,451
9971,451
9972,451
9973,451
9974,451
9975,451
9976,451
9977,450
9978,450
9979,450
9980,450
9981,451
9982,451
9983,451
9984,451
9985,450
9986,450
9987,450
9988,449
9989,450
9990,451
9991,450
9992,450
9993,450
9994,449
9995,449
9996,449
9997,449
9998,449
9999,450
10000,449
10001,449
10002,449
10003,449
10005,449
10006,449
10007,449
10008,449
10009,450
10010,449
10011,449
10012,448
10013,448
10014,449
10015,449
10016,449
10017,449
10018,449
10019,448
10020,448
10021,448
10022,448
10023,449
10024,449
10025,449
10026,449
10027,448
10028,448
10029,449
10030,449
10031,449
10032,449
10033,450
10034,449
10035,449
10036,449
10037,449
10038,449
10039,450
10040,450
10041,450
10042,450
10043,450
10044,450
10045,449
10046,450
10048,450
10049,451
10050,451
10051,451
10052,451
10053,450
10054,451
10055,451
10056,451
10057,451
10058,452
10059,451
10060,451
10061,451
10062,450
10063,451
10064,451
10065,452
10066,452
10067,452
10068,451
10069,452
10070,452
10071,452
10072,452
10073,452
10074,452
10075,452
10076,452
10077,452
10078,451
10079,452
10080,452
10081,452
10082,452
10083,452
10084,452
10085,452
10086,451
10087,452
10088,452
10090,453
10091,453
10092,452
10093,452
10094,452
10095,451
10096,451
10097,452
10098,452
10099,452
10100,452
10101,452
10102,451
10103,451
10104,451
10105,451
10106,451
10107,452
10108,452
10109,452
10110,452
10111,451
10112,451
10113,451
10114,451
10115,451
10116,446
10117,451
10118,451
10119,450
10120,450
10121,450
10122,451
10123,451
10124,451
10125,451
10126,451
10127,450
10128,446
10129,450
10130,451
10131,450
10133,445
10134,449
10135,450
10136,449
10137,449
10138,449
10139,450
10140,450
10141,450
10142,450
10143,449
10144,449
10145,448
10146,448
10147,449
10148,449
10149,450
10150,450
10151,449
10152,449
10153,448
10154,449
10155,449
10156,449
10157,449
10158,449
10159,449
10160,449
10161,448
10162,449
10163,449
10164,449
10165,450
10166,450
10167,450
10168,449
10169,449
10170,450
10171,450
10172,450
10173,450
10174,451
10176,451
10177,450
10178,450
10179,450
10180,451
10181,451
10182,451
10183,451
10184,451
10185,451
10186,451
10187,451
10188,451
10189,452
10190,452
10191,453
10192,452
10193,452
10194,451
10195,451
10196,451
10197,452
10198,452
10199,452
10200,452
10201,452
10202,451
10203,452
10204,452
10205,452
10206,452
10207,453
10208,453
10209,453
10210,452
10211,452
10212,452
10213,452
10214,452
10215,451
10216,453
10218,453
10219,452
10220,452
10221,452
10222,452
10223,452
10224,452
10225,453
10226,452
10227,451
10228,451
10229,452
10230,452
10231,452
10232,452
10233,452
10234,452
10235,451
10236,451
10237,451
10238,451
10239,452
10240,452
10241,452
10242,452
10243,452
10244,451
10245,451
10246,451
10247,452
10248,452
10249,453
10250,452
10251,451
10252,451
10253,451
10254,451
10255,451
10256,452
10257,451
10258,451
10259,451
10261,451
10262,450
10263,450
10264,451
10265,451
10266,451
10267,451
10268,450
10269,450
10270,450
10271,450
10272,450
10273,450
10274,451
10275,450
10276,450
10277,450
10278,450
10279,449
10280,450
10281,450
10282,450
10283,450
10284,450
10285,449
10286,449
10287,449
10288,449
10289,450
10290,450
10291,450
10292,450
10293,449
10294,449
10295,449
10296,449
10297,450
10298,450
10299,451
10300,450
10301,450
10302,449
10304,450
10305,450
10306,450
10307,451
10308,451
10309,451
10310,451
10311,451
10312,450
10313,450
10314,451
10315,451
10316,452
10317,451
10318,451
10319,451
10320,451
10321,451
10322,452
10323,452
10324,452
10325,452
10326,452
10327,452
10328,451
10329,452
10330,452
10331,453
10332,453
10333,452
10334,452
10335,452
10336,452
10337,452
10338,452
10339,453
10340,453
10341,453
10342,453
10343,452
10344,452
10346,452
10347,452
10348,452
10349,453
10350,453
10351,453
10352,452
10353,452
10354,452
10355,452
10356,452
10357,452
10358,453
10359,453
10360,452
10361,452
10362,452
10363,452
10364,452
10365,453
10366,453
10367,452
10368,452
10369,452
10370,452
10371,452
10372,452
10373,452
10374,452
10375,452
10376,452
10377,451
10378,451
10379,451
10380,451
10381,451
10382,451
10383,451
10384,451
10385,451
10386,450
10387,450
10389,451
10390,452
10391,452
10392,451
10393,451
10394,450
10395,450
10396,450
10397,450
10398,451
10399,451
10400,451
10401,450
10402,450
10403,450
10404,450
10405,450
10406,451
10407,451
10408,451
10409,451
10410,451
10411,450
10412,450
10413,450
10414,450
10415,450
10416,451
10417,450
10418,450
10419,450
10420,450
10421,450
10422,450
10423,450
10424,451
10425,450
10426,450
10427,450
10428,450
10429,451
10430,451
10432,451
10433,451
10434,451
10435,451
10436,450
10437,450
10438,450
10439,451
10440,451
10441,451
10442,451
10443,451
10444,451
10445,451
10446,451
10447,451
10448,452
10449,452
10450,452
10451,452
10452,452
10453,451
10454,452
10455,452
10456,452
10457,452
10458,453
10459,452
10460,452
10461,452
10462,451
10463,452
10464,453
10465,453
10466,453
10467,452
10468,452
10469,452
10470,452
10471,452
10472,452
10474,453
10475,453
10476,452
10477,452
10478,452
10479,452
10480,452
10481,452
10482,453
10483,453
10484,453
10485,452
10486,452
10487,452
10488,452
10489,453
10490,453
10491,453
10492,452
10493,452
10494,452
10495,452
10496,452
10497,452
10498,452
10499,452
10500,452
10501,451
10502,451
10503,451
10504,451
10505,451
10506,451
10507,451
10508,451
10509,451
10510,451
10511,450
10512,451
10513,451
10514,451
10515,451
10517,451
10518,451
10519,451
10520,451
10521,450
10522,451
10523,451
10524,451
10525,452
10526,451
10527,451
10528,450
10529,451
10530,451
10531,451
10532,451
10533,451
10534,451
10535,450
10536,450
10537,450
10538,451
10539,451
10540,451
10541,451
10542,451
10543,450
10544,450
10545,450
10546,450
10547,451
10548,451
10549,451
10550,452
10551,451
10552,450
10553,450
10554,450
10555,451
10556,451
10557,451
10558,451
10560,451
10561,450
10562,450
10563,451
10564,451
10565,451
10566,451
10567,451
10568,451
10569,451
10570,451
10571,451
10572,451
10573,452
10574,452
10575,452
10576,452
10577,451
10578,451
10579,451
10580,452
10581,452
10582,452
10583,452
10584,452
10585,452
10586,452
10587,452
10588,452
10589,453
10590,453
10591,453
10592,452
10593,452
10594,452
10595,452
10596,452
10597,452
10598,453
10599,453
10600,453
10602,452
10603,452
10604,452
10605,452
10606,452
10607,453
10608,453
10609,453
10610,452
10611,452
10612,452
10613,452
10614,452
10615,452
10616,453
10617,452
10618,452
10619,451
10620,451
10621,451
10622,451
10623,451
10624,451
10625,451
10626,451
10627,450
10628,450
10629,451
10630,451
10631,451
10632,451
10633,451
10634,451
10635,450
10636,450
10637,450
10638,451
10639,451
10640,451
10641,451
10642,451
10643,450
10645,450
10646,451
10647,451
10648,451
10649,452
10650,452
10651,452
10652,451
10653,451
10654,450
10655,445
10656,451
10657,452
10658,452
10659,451
10660,451
10661,451
10662,451
10663,451
10664,451
10665,452
10666,452
10667,451
10668,451
10669,451
10670,451
10671,451
10672,451
10673,452
10674,452
10675,452
10676,451
10677,451
10678,451
10679,451
10680,451
10681,451
10682,451
10683,451
10684,451
10685,451
10686,451
10688,451
10689,452
10690,452
10691,452
10692,452
10693,451
10694,451
10695,451
10696,451
10697,451
10698,452
10699,452
10700,452
10701,451
10702,451
10703,451
10704,451
10705,451
10706,452
10707,452
10708,452
10709,452
10710,452
10711,451
10712,451
10713,452
10714,452
10715,452
10716,452
10717,452
10718,452
10719,451
10720,451
10721,452
10722,452
10723,452
10724,453
10725,452
10726,452
10727,452
10728,451
10730,452
10731,453
10732,452
10733,452
10734,452
10735,452
10736,452
10737,451
10738,451
10739,451
10740,452
10741,452
10742,452
10743,451
10744,451
10745,451
10746,451
10747,451
10748,451
10749,452
10750,451
10751,451
10752,450
10753,445
10754,450
10755,450
10756,451
10757,451
10758,451
10759,450
10760,450
10761,450
10762,450
10763,450
10764,451
10765,451
10766,451
10767,451
10768,450
10769,451
10770,451
10771,451
10773,451
10774,451
10775,451
10776,450
10777,450
10778,450
10779,451
10780,451
10781,450
10782,450
10783,451
10784,451
10785,450
10786,450
10787,450
10788,450
10789,451
10790,452
10791,452
10792,451
10793,451
10794,451
10795,451
10796,450
10797,451
10798,452
10799,452
10800,451
10801,451
10802,451
10803,451
10804,451
10805,451
10806,451
10807,452
10808,452
10809,452
10810,451
10811,451
10812,451
10813,451
10814,452
10816,451
10817,451
10818,451
10819,451
10820,451
10821,451
10822,451
10823,452
10824,452
10825,452
10826,451
10827,451
10828,451
10829,451
10830,452
10831,452
10832,452
10833,452
10834,451
10835,451
10836,451
10837,451
10838,451
10839,452
10840,452
10841,452
10842,452
10843,452
10844,452
10845,453
10846,453
10847,453
10848,452
10849,453
10850,452
10851,451
10852,451
10853,450
10854,450
10855,450
10856,450
10858,451
10859,450
10860,450
10861,450
10862,450
10863,450
10864,450
10865,450
10866,450
10867,450
10868,450
10869,450
10870,450
10871,450
10872,450
10873,450
10874,450
10875,450
10876,450
10877,450
10878,449
10879,449
10880,450
10881,450
10882,450
10883,450
10884,450
10885,450
10886,450
10887,450
10888,450
10889,451
10890,451
10891,451
10892,450
10893,450
10894,450
10895,450
10896,450
10897,450
10898,451
10899,451
10901,451
10902,450
10903,450
10904,450
10905,450
10906,451
10907,451
10908,451
10909,451
10910,451
10911,451
10912,450
10913,451
10914,451
10915,451
10916,451
10917,451
10918,451
10919,450
10920,450
10921,451
10922,451
10923,451
10924,451
10925,451
10926,451
10927,450
10928,450
10929,451
10930,451
10931,451
10932,451
10933,451
10934,451
10935,450
10936,450
10937,451
10938,451
10939,451
10940,451
10941,451
10942,451
10944,451
10945,450
10946,450
10947,451
10948,451
10949,451
10950,452
10951,451
10952,450
10953,450
10954,450
10955,451
10956,451
10957,452
10958,452
10959,452
10960,451
10961,452
10962,452
10963,452
10964,452
10965,452
10966,452
10967,451
10968,450
10969,451
10970,450
10971,449
10972,449
10973,450
10974,449
10975,449
10976,448
10977,448
10978,447
10979,447
10980,447
10981,447
10982,447
10983,447
10984,446
10986,446
10987,446
10988,446
10989,446
10990,446
10991,446
10992,445
10993,445
10994,445
10995,445
10996,445
10997,445
10998,445
10999,445
11000,446
11001,445
11002,445
11003,445
11004,446
11005,446
11006,446
11007,446
11008,446
11009,447
11010,447
11011,447
11012,448
11013,448
11014,449
11015,449
11016,449
11017,449
11018,449
11019,449
11020,449
11021,449
11022,450
11023,450
11024,449
11025,449
11026,449
11027,449
11029,449
11030,450
11031,451
11032,451
11033,450
11034,451
11035,450
11036,450
11037,450
11038,450
11039,451
11040,451
11041,451
11042,451
11043,450
11044,450
11045,450
11046,450
11047,450
11048,451
11049,451
11050,451
11051,451
11052,450
11053,450
11054,450
11055,450
11056,451
11057,451
11058,450
11059,450
11060,450
11061,450
11062,450
11063,450
11064,451
11065,451
11066,451
11067,450
11068,450
11069,450
11070,451
11072,450
11073,450
11074,451
11075,451
11076,450
11077,450
11078,450
11079,450
11080,450
11081,450
11082,450
11083,450
11084,450
11085,449
11086,449
11087,449
11088,449
11089,450
11090,450
11091,451
11092,451
11093,451
11094,452
11095,452
11096,453
11097,453
11098,454
11099,454
11100,453
11101,451
11102,451
11103,450
11104,449
11105,449
11106,449
11107,448
11108,448
11109,447
11110,447
11111,446
11112,446
11114,446
11115,445
11116,445
11117,445
11118,444
11119,444
11120,443
11121,443
11122,443
11123,443
11124,443
11125,442
11126,442
11127,442
11128,442
11129,442
11130,442
11131,442
11132,442
11133,442
11134,442
11135,442
11136,442
11137,442
11138,442
11139,442
11140,442
11141,442
11142,442
11143,442
11144,442
11145,442
11146,442
11147,443
11148,443
11149,444
11150,444
11151,443
11152,443
11153,444
11154,444
11155,445
11157,446
11158,446
11159,446
11160,446
11161,446
11162,447
11163,447
11164,448
11165,448
11166,449
11167,449
11168,448
11169,449
11170,449
11171,449
11172,449
11173,450
11174,450
11175,450
11176,449
11177,449
11178,449
11179,449
11180,450
11181,450
11182,450
11183,450
11184,450
11185,449
11186,449
11187,450
11188,450
11189,451
11190,451
11191,450
11192,450
11193,449
11194,449
11195,449
11196,450
11197,450
11198,450
11200,450
11201,450
11202,449
11203,449
11204,449
11205,449
11206,450
11207,450
11208,450
11209,450
11210,450
11211,450
11212,449
11213,449
11214,449
11215,450
11216,449
11217,449
11218,449
11219,448
11220,448
11221,448
11222,448
11223,448
11224,448
11225,449
11226,449
11227,451
11228,454
11229,458
11230,461
11231,464
11232,466
11233,467
11234,466
11235,465
11236,463
11237,462
11238,461
11239,460
11240,460
11242,459
11243,458
11244,457
11245,456
11246,454
11247,452
11248,449
11249,447
11250,446
11251,445
11252,443
11253,442
11254,441
11255,440
11256,439
11257,438
11258,438
11259,437
11260,437
11261,436
11262,435
11263,436
11264,435
11265,435
11266,435
11267,435
11268,434
11269,435
11270,435
11271,434
11272,434
11273,434
11274,434
11275,434
11276,434
11277,434
11278,434
11279,435
11280,435
11281,436
11282,436
11283,437
11285,438
11286,438
11287,439
11288,440
11289,442
11290,444
11291,445
11292,445
11293,444
11294,443
11295,442
11296,442
11297,438
11298,444
11299,445
11300,445
11301,445
11302,446
11303,446
11304,446
11305,447
11306,447
11307,448
11308,448
11309,447
11310,449
11311,449
11312,449
11313,449
11314,450
11315,448
11316,450
11317,449
11318,449
11319,449
11320,449
11321,449
11322,450
11323,450
11324,450
11325,449
11326,449
11328,449
11329,449
11330,450
11331,450
11332,450
11333,450
11334,449
11335,449
11336,449
11337,449
11338,449
11339,449
11340,450
11341,449
11342,449
11343,448
11344,448
11345,448
11346,448
11347,448
11348,448
11349,449
11350,448
11351,448
11352,447
11353,448
11354,448
11355,448
11356,449
11357,449
11358,449
11359,450
11360,451
11361,454
11362,459
11363,467
11364,475
11365,483
11366,488
11367,491
11368,493
11370,494
11371,492
11372,487
11373,481
11374,473
11375,466
11376,460
11377,455
11378,452
11379,449
11380,446
11381,445
11382,443
11383,436
11384,422
11385,402
11386,377
11387,352
11388,327
11389,302
11390,276
11391,252
11392,227
11393,200
11394,174
11395,149
11396,128
11397,110
11398,94
11399,80
11400,66
11401,55
11402,45
11403,37
11404,31
11405,26
11406,22
11407,19
11408,17
11409,14
11410,12
11411,10
11413,9
11414,8
11415,8
11416,13
11417,11
11418,10
11419,7
11420,9
11421,9
11422,8
11423,9
11424,11
11425,36
11426,95
11427,196
11428,302
11429,391
11430,439
11431,447
11432,450
11433,451
11434,451
11435,452
11436,448
11437,452
11438,452
11439,453
11440,453
11441,452
11442,453
11443,452
11444,452
11445,451
11446,452
11447,452
11448,452
11449,452
11450,452
11451,451
11452,450
11453,450
11454,451
11456,451
11457,451
11458,451
11459,451
11460,450
11461,451
11462,450
11463,450
11464,451
11465,451
11466,451
11467,450
11468,450
11469,449
11470,450
11471,450
11472,449
11473,449
11474,449
11475,449
11476,448
11477,448
11478,447
11479,447
11480,447
11481,448
11482,447
11483,447
11484,447
11485,447
11486,446
11487,446
11488,447
11489,448
11490,448
11491,447
11492,447
11493,447
11494,442
11495,427
11496,400
11498,364
11499,329
11500,301
11501,276
11502,252
11503,226
11504,199
11505,169
11506,137
11507,106
11508,80
11509,59
11510,42
11511,30
11512,21
11513,17
11514,17
11515,17
11516,17
11517,16
11518,16
11519,16
11520,16
11521,16
11522,16
11523,16
11524,16
11525,15
11526,15
11527,15
11528,15
11529,15
11530,14
11531,15
11532,14
11533,14
11534,13
11535,14
11536,13
11537,13
11538,13
11539,13
11541,13
11542,12
11543,12
11544,11
11545,11
11546,10
11547,10
11548,10
11549,10
11550,9
11551,9
11552,8
11553,8
11554,8
11555,7
11556,8
11557,8
11558,8
11559,18
11560,60
11561,142
11562,247
11563,348
11564,420
11565,445
11566,448
11567,450
11568,451
11569,453
11570,453
11571,453
11572,453
11573,453
11574,452
11575,451
11576,450
11577,450
11578,450
11579,451
11580,451
11581,452
11582,452
11584,452
11585,451
11586,451
11587,451
11588,452
11589,452
11590,453
11591,453
11592,452
11593,452
11594,451
11595,452
11596,452
11597,452
11598,452
11599,452
11600,452
11601,452
11602,452
11603,451
11604,451
11605,452
11606,452
11607,452
11608,451
11609,451
11610,451
11611,450
11612,450
11613,450
11614,451
11615,451
11616,451
11617,451
11618,451
11619,451
11620,451
11621,452
11622,452
11623,452
11624,452
11626,452
11627,451
11628,451
11629,434
11630,380
11631,289
11632,191
11633,105
11634,48
11635,23
11636,17
11637,17
11638,17
11639,17
11640,17
11641,17
11642,17
11643,17
11644,17
11645,17
11646,18
11647,18
11648,18
11649,18
11650,18
11651,17
11652,17
11653,17
11654,17
11655,17
11656,17
11657,17
11658,16
11659,16
11660,16
11661,15
11662,15
11663,15
11664,15
11665,14
11666,14
11667,14
11669,13
11670,13
11671,13
11672,13
11673,13
11674,13
11675,13
11676,13
11677,12
11678,11
11679,11
11680,11
11681,10
11682,10
11683,10
11684,9
11685,9
11686,8
11687,8
11688,7
11689,7
11690,7
11691,7
11692,7
11693,7
11694,8
11695,16
11696,54
11697,130
11698,230
11699,331
11700,409
11701,443
11702,447
11703,449
11704,451
11705,452
11706,453
11707,453
11708,453
11709,453
11710,453
11712,453
11713,453
11714,454
11715,454
11716,454
11717,454
11718,453
11719,453
11720,453
11721,452
11722,453
11723,453
11724,453
11725,453
11726,453
11727,452
11728,452
11729,453
11730,453
11731,453
11732,453
11733,453
11734,452
11735,452
11736,452
11737,452
11738,452
11739,453
11740,452
11741,452
11742,452
11743,450
11744,451
11745,451
11746,451
11747,451
11748,451
11749,452
11750,451
11751,451
11752,451
11754,451
11755,451
11756,452
11757,452
11758,453
11759,452
11760,452
11761,452
11762,452
11763,452
11764,452
11765,449
11766,419
11767,351
11768,255
11769,159
11770,82
11771,38
11772,21
11773,18
11774,18
11775,17
11776,18
11777,18
11778,18
11779,18
11780,18
11781,18
11782,18
11783,18
11784,18
11785,16
11786,16
11787,17
11788,17
11789,16
11790,16
11791,15
11792,15
11793,14
11794,15
11795,11
11797,14
11798,13
11799,13
11800,13
11801,13
11802,14
11803,14
11804,15
11805,15
11806,15
11807,15
11808,15
11809,14
11810,14
11811,14
11812,14
11813,13
11814,13
11815,13
11816,12
11817,11
11818,11
11819,11
11820,10
11821,10
11822,9
11823,9
11824,10
11825,9
11826,10
11827,10
11828,11
11829,12
11830,17
11831,47
11832,117
11833,217
11834,321
11835,406
11836,447
11837,453
11838,455
11840,457
11841,458
11842,458
11843,457
11844,456
11845,456
11846,456
11847,457
11848,456
11849,456
11850,456
11851,456
11852,455
11853,454
11854,455
11855,454
11856,454
11857,455
11858,454
11859,454
11860,453
11861,453
11862,453
11863,453
11864,454
11865,454
11866,454
11867,453
11868,453
11869,453
11870,453
11871,453
11872,453
11873,454
11874,453
11875,453
11876,452
11877,452
11878,452
11879,453
11880,453
11882,453
11883,453
11884,452
11885,452
11886,452
11887,452
11888,453
11889,453
11890,454
11891,455
11892,454
11893,454
11894,454
11895,454
11896,454
11897,455
11898,455
11899,454
11900,449
11901,416
11902,344
11903,248
11904,155
11905,79
11906,37
11907,22
11908,20
11909,19
11910,19
11911,19
11912,19
11913,19
11914,19
11915,20
11916,19
11917,20
11918,20
11919,20
11920,20
11921,20
11922,20
11923,20
11925,20
11926,20
11927,20
11928,19
11929,19
11930,20
11931,19
11932,19
11933,19
11934,19
11935,18
11936,18
11937,16
11938,15
11939,17
11940,18
11941,18
11942,18
11943,18
11944,18
11945,18
11946,19
11947,20
11948,22
11949,24
11950,37
11951,59
11952,96
11953,144
11954,199
11955,266
11956,346
11957,431
11958,487
11959,510
11960,531
11961,553
11962,553
11963,531
11964,501
11965,476
11966,463
11968,457
11969,454
11970,453
11971,453
11972,452
11973,453
11974,453
11975,453
11976,452
11977,452
11978,452
11979,452
11980,452
11981,453
11982,453
11983,453
11984,452
11985,452
11986,452
11987,452
11988,452
11989,453
11990,453
11991,453
11992,452
11993,452
11994,452
11995,452
11996,453
11997,453
11998,453
11999,453
12000,452
12001,452
12002,452
12003,452
12004,452
12005,453
12006,453
12007,453
12008,453
12010,453
12011,452
12012,452
12013,452
12014,452
12015,453
12016,453
12017,452
12018,452
12019,452
12020,452
12021,452
12022,453
12023,453
12024,453
12025,453
12026,452
12027,452
12028,452
12029,452
12030,453
12031,453
12032,453
12033,452
12034,452
12035,451
12036,450
12037,452
12038,452
12039,453
12040,453
12041,452
12042,452
12043,450
12044,451
12045,452
12046,452
12047,452
12048,452
12049,453
12050,452
12051,451
12053,451
12054,451
12055,451
12056,451
12057,452
12058,448
12059,451
12060,451
12061,451
12062,451
12063,451
12064,452
12065,451
12066,452
12067,452
12068,452
12069,452
12070,453
12071,454
12072,454
12073,454
12074,455
12075,456
12076,456
12077,457
12078,457
12079,458
12080,459
12081,460
12082,460
12083,460
12084,460
12085,460
12086,461
12087,462
12088,462
12089,463
12090,464
12091,463
12092,463
12093,463
12094,463
12096,463
12097,464
12098,464
12099,464
12100,463
12101,463
12102,462
12103,462
12104,462
12105,462
12106,463
12107,462
12108,462
12109,462
12110,462
12111,462
12112,461
12113,462
12114,462
12115,462
12116,462
12117,462
12118,461
12119,462
12120,462
12121,462
12122,462
12123,462
12124,462
12125,462
12126,462
12127,461
12128,461
12129,462
12130,463
12131,462
12132,462
12133,462
12134,461
12135,461
12136,461
12138,461
12139,462
12140,462
12141,462
12142,462
12143,461
12144,461
12145,461
12146,462
12147,462
12148,462
12149,462
12150,462
12151,462
12152,461
12153,461
12154,462
12155,462
12156,462
12157,462
12158,462
12159,461
12160,461
12161,461
12162,461
12163,462
12164,462
12165,462
12166,462
12167,462
12168,461
12169,462
12170,462
12171,463
12172,462
12173,463
12174,462
12175,462
12176,462
12177,461
12178,461
12179,462
12181,462
12182,462
12183,462
12184,462
12185,461
12186,462
12187,461
12188,462
12189,462
12190,463
12191,463
12192,462
12193,461
12194,461
12195,461
12196,462
12197,462
12198,462
12199,462
12200,462
12201,461
12202,461
12203,461
12204,462
12205,462
12206,462
12207,462
12208,462
12209,462
12210,462
12211,462
12212,461
12213,462
12214,462
12215,462
12216,462
12217,462
12218,461
12219,461
12220,462
12221,462
12222,462
12224,462
12225,462
12226,461
12227,461
12228,461
12229,462
12230,462
12231,463
12232,462
12233,462
12234,462
12235,461
12236,461
12237,462
12238,462
12239,462
12240,462
12241,462
12242,462
12243,462
12244,461
12245,461
12246,462
12247,462
12248,462
12249,462
12250,462
12251,462
12252,461
12253,461
12254,462
12255,462
12256,462
12257,462
12258,462
12259,461
12260,461
12261,462
12262,462
12263,462
12264,462
12266,462
12267,462
12268,462
12269,461
12270,462
12271,462
12272,462
12273,462
12274,462
12275,462
12276,462
12277,461
12278,462
12279,462
12280,462
12281,462
12282,463
12283,462
12284,462
12285,462
12286,462
12287,462
12288,462
12289,463
12290,463
12291,463
12292,462
12293,462
12294,461
12295,461
12296,462
12297,462
12298,462
12299,462
12300,462
12301,462
12302,462
12303,462
12304,462
12305,462
12306,463
12307,462
12309,462
12310,462
12311,462
12312,462
12313,462
12314,462
12315,462
12316,462
12317,462
12318,461
12319,462
12320,462
12321,462
12322,463
12323,463
12324,463
12325,462
12326,462
12327,461
12328,462
12329,462
12330,462
12331,463
12332,462
12333,462
12334,462
12335,462
12336,461
12337,462
12338,462
12339,463
12340,463
12341,462
12342,462
12343,462
12344,462
12345,462
12346,462
12347,462
12348,462
12349,463
12350,462
12352,462
12353,461
12354,462
12355,462
12356,462
12357,462
12358,462
12359,462
12360,462
12361,462
12362,462
12363,462
12364,462
12365,462
12366,462
12367,462
12368,462
12369,462
12370,462
12371,463
12372,462
12373,462
12374,463
12375,462
12376,461
12377,461
12378,461
12379,462
12380,462
12381,462
12382,462
12383,462
12384,462
12385,462
12386,462
12387,462
12388,462
12389,463
12390,463
12391,462
12392,462
12394,462
12395,461
12396,462
12397,462
12398,462
12399,462
12400,462
12401,462
12402,462
12403,462
12404,462
12405,462
12406,462
12407,462
12408,462
12409,462
12410,462
12411,462
12412,462
12413,462
12414,463
12415,462
12416,462
12417,462
12418,462
12419,462
12420,462
12421,462
12422,462
12423,462
12424,462
12425,462
12426,462
12427,461
12428,462
12429,462
12430,463
12431,463
12432,462
12433,462
12434,462
12435,461
12437,462
12438,462
12439,462
12440,462
12441,462
12442,462
12443,462
12444,462
12445,462
12446,462
12447,462
12448,462
12449,462
12450,463
12451,462
12452,461
12453,462
12454,462
12455,462
12456,458
12457,462
12458,462
12459,462
12460,461
12461,461
12462,462
12463,462
12464,462
12465,462
12466,462
12467,462
12468,461
12469,462
12470,462
12471,462
12472,462
12473,459
12474,461
12475,462
12476,461
12477,461
12478,461
12480,462
12481,462
12482,462
12483,462
12484,462
12485,461
12486,461
12487,461
12488,462
12489,462
12490,463
12491,463
12492,462
12493,461
12494,462
12495,462
12496,462
12497,462
12498,462
12499,462
12500,462
12501,462
12502,462
12503,462
12504,462
12505,462
12506,462
12507,462
12508,462
12509,462
12510,462
12511,462
12512,462
12513,462
12514,462
12515,462
12516,462
12517,462
12518,462
12519,462
12520,462
12522,462
12523,462
12524,462
12525,462
12526,461
12527,461
12528,462
12529,462
12530,462
12531,463
12532,462
12533,462
12534,462
12535,461
12536,462
12537,462
12538,462
12539,462
12540,462
12541,462
12542,462
12543,461
12544,461
12545,462
12546,462
12547,462
12548,462
12549,462
12550,462
12551,462
12552,462
12553,461
12554,462
12555,462
12556,462
12557,462
12558,462
12559,461
12560,461
12561,462
12562,462
12563,462
12565,462
12566,462
12567,462
12568,461
12569,461
12570,462
12571,462
12572,462
12573,462
12574,462
12575,462
12576,461
12577,461
12578,461
12579,462
12580,462
12581,462
12582,462
12583,462
12584,462
12585,461
12586,461
12587,461
12588,462
12589,462
12590,463
12591,462
12592,462
12593,461
12594,461
12595,461
12596,462
12597,462
12598,462
12599,462
12600,462
12601,461
12602,461
12603,461
12604,461
12605,462
12606,462
12608,462
12609,461
12610,462
12611,462
12612,461
12613,462
12614,462
12615,462
12616,462
12617,461
12618,461
12619,461
12620,461
12621,461
12622,462
12623,462
12624,462
12625,461
12626,461
12627,461
12628,461
12629,461
12630,462
12631,463
12632,462
12633,462
12634,461
12635,461
12636,461
12637,462
12638,462
12639,462
12640,462
12641,462
12642,461
12643,461
12644,461
12645,461
12646,462
12647,462
12648,462
12650,462
12651,462
12652,461
12653,461
12654,461
12655,462
12656,462
12657,462
12658,462
12659,461
12660,461
12661,461
12662,461
12663,461
12664,462
12665,462
12666,461
12667,461
12668,461
12669,461
12670,462
12671,462
12672,462
12673,462
12674,462
12675,461
12676,461
12677,461
12678,461
12679,461
12680,462
12681,462
12682,461
12683,462
12684,461
12685,461
12686,461
12687,461
12688,462
12689,462
12690,462
12691,462
12693,461
12694,461
12695,460
12696,461
12697,461
12698,462
12699,461
12700,462
12701,460
12702,461
12703,460
12704,461
12705,462
12706,461
12707,462
12708,462
12709,461
12710,462
12711,462
12712,460
12713,460
12714,461
12715,461
12716,461
12717,461
12718,461
12719,461
12720,461
12721,462
12722,462
12723,462
12724,462
12725,461
12726,461
12727,461
12728,461
12729,462
12730,462
12731,462
12732,461
12733,461
12734,461
12736,461
12737,461
12738,461
12739,462
12740,462
12741,461
12742,461
12743,460
12744,461
12745,461
12746,461
12747,461
12748,461
12749,462
12750,462
12751,461
12752,461
12753,461
12754,461
12755,461
12756,462
12757,462
12758,461
12759,460
12760,460
12761,460
12762,461
12763,461
12764,462
12765,462
12766,461
12767,461
12768,461
12769,461
12770,461
12771,462
12772,461
12773,461
12774,461
12775,461
12776,461
12778,461
12779,461
12780,461
12781,462
12782,462
12783,461
12784,461
12785,461
12786,461
12787,461
12788,461
12789,461
12790,462
12791,462
12792,461
12793,461
12794,461
12795,460
12796,461
12797,461
12798,462
12799,461
12800,461
12801,461
12802,461
12803,461
12804,461
12805,461
12806,461
12807,462
12808,461
12809,461
12810,461
12811,461
12812,461
12813,461
12814,462
12815,455
12816,461
12817,461
12818,461
12819,461
12821,461
12822,461
12823,461
12824,461
12825,461
12826,461
12827,461
12828,460
12829,461
12830,461
12831,462
12832,461
12833,461
12834,461
12835,460
12836,461
12837,461
12838,461
12839,461
12840,462
12841,461
12842,461
12843,461
12844,460
12845,461
12846,461
12847,462
12848,461
12849,462
12850,461
12851,461
12852,461
12853,461
12854,461
12855,462
12856,462
12857,462
12858,461
12859,461
12860,461
12861,461
12862,461
12864,462
12865,461
12866,461
12867,461
12868,461
12869,461
12870,461
12871,461
12872,462
12873,461
12874,462
12875,461
12876,460
12877,461
12878,461
12879,461
12880,461
12881,462
12882,461
12883,461
12884,461
12885,460
12886,460
12887,461
12888,461
12889,461
12890,462
