Time (s),Intensity
1,457
2,457
3,457
4,457
5,456
6,456
7,456
8,456
9,456
10,457
11,457
13,457
14,457
15,456
16,456
17,403
18,442
19,411
20,436
21,414
22,417
23,414
24,415
25,449
26,422
27,428
28,415
29,423
30,432
31,427
32,448
33,422
34,426
35,424
36,433
37,446
38,427
39,449
40,430
41,428
42,433
43,431
44,452
45,430
46,444
47,432
48,433
49,440
50,435
51,451
52,438
53,441
55,431
56,437
57,447
58,439
59,451
60,436
61,437
62,434
63,439
64,452
65,439
66,442
67,440
68,443
69,453
70,442
71,447
72,442
73,443
74,442
75,443
76,453
77,442
78,444
79,437
80,441
81,446
82,439
83,452
84,439
85,444
86,444
87,445
88,452
89,442
90,445
91,438
92,445
93,446
94,443
95,453
96,439
98,443
99,442
100,443
101,451
102,442
103,451
104,444
105,445
106,440
107,441
108,452
109,446
110,450
111,441
112,443
113,443
114,445
115,453
116,440
117,446
118,444
119,445
120,450
121,443
122,452
123,442
124,443
125,441
126,447
127,454
128,442
129,447
130,442
131,443
132,451
133,446
134,450
135,441
136,445
137,444
138,443
139,452
141,444
142,444
143,440
144,445
145,453
146,443
147,451
148,444
149,445
150,440
151,447
152,454
153,442
154,448
155,442
156,443
157,450
158,445
159,451
160,443
161,447
162,442
163,443
164,454
165,443
166,444
167,444
168,445
169,449
170,447
171,452
172,442
173,446
174,442
175,443
176,454
177,444
178,449
179,444
180,445
181,441
183,447
184,454
185,446
186,455
187,455
188,454
189,454
190,453
191,457
192,456
193,464
194,458
195,457
196,456
197,455
198,457
199,457
200,457
201,457
202,458
203,457
204,458
205,462
206,456
207,456
208,457
209,456
210,456
211,457
212,458
213,454
214,438
215,456
216,456
217,456
218,457
219,457
220,457
221,457
222,456
223,456
224,456
226,456
227,457
228,457
229,457
230,457
231,456
232,456
233,456
234,444
235,457
236,456
237,457
238,457
239,456
240,456
241,456
242,455
243,457
244,457
245,457
246,457
247,457
248,456
249,456
250,456
251,457
252,458
253,457
254,456
255,453
256,456
257,455
258,456
259,456
260,457
261,458
262,456
263,457
264,456
265,456
266,456
267,457
269,457
270,457
271,457
272,456
273,457
274,457
275,456
276,456
277,457
278,457
279,457
280,457
281,457
282,457
283,456
284,457
285,457
286,457
287,457
288,457
289,456
290,456
291,456
292,457
293,457
294,457
295,457
296,457
297,456
298,456
299,456
300,456
301,456
302,457
303,457
304,457
305,457
306,456
307,456
308,456
309,457
311,457
312,457
313,457
314,457
315,456
316,456
317,456
318,457
319,457
320,457
321,457
322,456
323,456
324,456
325,456
326,457
327,457
328,457
329,457
330,457
331,456
332,457
333,457
334,457
335,457
336,457
337,456
338,457
339,456
340,456
341,455
342,457
343,457
344,457
345,457
346,456
347,456
348,456
349,456
350,456
351,456
352,458
354,457
355,457
356,456
357,456
358,456
359,456
360,457
361,457
362,457
363,457
364,457
365,456
366,456
367,456
368,456
369,457
370,457
371,457
372,457
373,457
374,456
375,456
376,457
377,457
378,457
379,457
380,456
381,456
382,456
383,456
384,457
385,457
386,457
387,457
388,457
389,456
390,456
391,456
392,457
393,457
394,457
395,457
397,457
398,456
399,456
400,456
401,456
402,457
403,457
404,457
405,457
406,456
407,456
408,456
409,456
410,457
411,457
412,457
413,457
414,457
415,456
416,456
417,456
418,457
419,457
420,457
421,456
422,456
423,456
424,456
425,456
426,457
427,457
428,457
429,457
430,456
431,456
432,457
433,457
434,457
435,457
436,457
437,457
439,456
440,456
441,456
442,456
443,456
444,457
445,457
446,457
447,457
448,456
449,456
450,456
451,456
452,457
453,458
454,457
455,457
456,456
457,456
458,456
459,456
460,457
461,457
462,457
463,456
464,456
465,456
466,456
467,456
468,457
469,457
470,457
471,456
472,457
473,456
474,456
475,456
476,456
477,457
478,457
479,456
480,456
482,456
483,456
484,456
485,456
486,456
487,456
488,457
489,456
490,456
491,455
492,456
493,457
494,457
495,457
496,457
497,456
498,456
499,455
500,456
501,456
502,457
503,457
504,457
505,456
506,456
507,456
508,456
509,456
510,457
511,457
512,457
513,457
514,456
515,456
516,456
517,456
518,456
519,457
520,457
521,456
522,456
523,456
525,456
526,456
527,456
528,457
529,457
530,456
531,456
532,455
533,456
534,456
535,456
536,456
537,457
538,456
539,456
540,456
541,455
542,456
543,456
544,457
545,457
546,456
547,456
548,455
549,456
550,456
551,456
552,457
553,457
554,457
555,456
556,455
557,456
558,455
559,456
560,456
561,456
562,456
563,456
564,455
565,455
567,456
568,456
569,456
570,456
571,456
572,456
573,456
574,456
575,455
576,456
577,456
578,457
579,457
580,456
581,456
582,455
583,456
584,456
585,456
586,456
587,456
588,456
589,456
590,455
591,455
592,456
593,457
594,457
595,456
596,456
597,456
598,455
599,456
600,456
601,456
602,456
603,456
604,456
605,456
606,455
607,455
608,456
610,456
611,456
612,456
613,456
614,456
615,455
616,455
617,455
618,456
619,454
620,456
621,456
622,455
623,455
624,455
625,455
626,456
627,456
628,456
629,456
630,456
631,455
632,456
633,456
634,456
635,456
636,456
637,456
638,450
639,455
640,455
641,455
642,456
643,456
644,456
645,456
646,456
647,455
648,455
649,455
650,455
651,456
653,457
654,457
655,456
656,455
657,455
658,455
659,455
660,456
661,455
662,456
663,456
664,455
665,455
666,455
667,455
668,456
669,456
670,456
671,455
672,455
673,455
674,455
675,455
676,454
677,455
678,453
679,456
680,456
681,455
682,455
683,455
684,455
685,456
686,456
687,455
688,455
689,454
690,455
691,455
692,455
693,456
695,456
696,456
697,455
698,455
699,455
700,455
701,455
702,456
703,456
704,456
705,455
706,455
707,455
708,455
709,455
710,456
711,456
712,456
713,456
714,456
715,455
716,455
717,455
718,456
719,456
720,456
721,456
722,455
723,455
724,455
725,455
726,455
727,456
728,456
729,456
730,455
731,455
732,455
733,455
734,455
735,456
736,456
738,455
739,455
740,455
741,455
742,455
743,455
744,456
745,456
746,456
747,455
748,455
749,455
750,455
751,455
752,456
753,456
754,456
755,455
756,455
757,454
758,455
759,455
760,455
761,456
762,455
763,455
764,455
765,454
766,455
767,455
768,455
769,455
770,455
771,455
772,455
773,455
774,455
775,455
776,455
777,456
778,455
779,455
781,455
782,454
783,455
784,455
785,455
786,455
787,455
788,454
789,454
790,455
791,454
792,454
793,456
794,456
795,456
796,455
797,455
798,454
799,454
800,455
801,455
802,455
803,455
804,455
805,455
806,454
807,454
808,455
809,455
810,455
811,455
812,456
813,455
814,455
815,455
816,454
817,455
818,455
819,455
820,455
821,455
823,455
824,454
825,454
826,455
827,455
828,455
829,455
830,455
831,454
832,454
833,455
834,455
835,455
836,455
837,455
838,455
839,454
840,454
841,454
842,455
843,455
844,455
845,455
846,455
847,454
848,454
849,454
850,454
851,455
852,456
853,456
854,455
855,454
856,454
857,454
858,454
859,455
860,455
861,455
862,455
863,454
864,454
866,454
867,454
868,455
869,455
870,455
871,455
872,454
873,454
874,454
875,454
876,454
877,455
878,455
879,455
880,455
881,454
882,454
883,454
884,454
885,455
886,455
887,454
888,455
889,454
890,454
891,454
892,455
893,455
894,455
895,454
896,454
897,454
898,454
899,454
900,454
901,455
902,455
903,454
904,454
905,454
906,453
907,454
909,454
910,454
911,454
912,455
913,455
914,454
915,454
916,454
917,454
918,454
919,454
920,455
921,454
922,454
923,454
924,454
925,454
926,454
927,455
928,455
929,454
930,454
931,454
932,454
933,454
934,455
935,454
936,454
937,454
938,454
939,454
940,454
941,453
942,454
943,455
944,455
945,454
946,454
947,454
948,454
949,454
951,454
952,455
953,455
954,455
955,454
956,454
957,454
958,454
959,454
960,454
961,454
962,455
963,454
964,454
965,453
966,453
967,454
968,454
969,454
970,454
971,454
972,454
973,454
974,454
975,454
976,454
977,455
978,454
979,454
980,454
981,454
982,454
983,454
984,454
985,454
986,455
987,454
988,454
989,454
990,453
991,454
992,455
994,455
995,454
996,454
997,454
998,453
999,453
1000,453
1001,454
1002,454
1003,452
1004,454
1005,454
1006,453
1007,453
1008,453
1009,454
1010,454
1011,454
1012,454
1013,454
1014,454
1015,453
1016,453
1017,454
1018,453
1019,454
1020,454
1021,454
1022,453
1023,453
1024,453
1025,454
1026,454
1027,454
1028,454
1029,454
1030,453
1031,453
1032,454
1033,454
1034,454
1035,454
1037,454
1038,454
1039,453
1040,453
1041,453
1042,453
1043,454
1044,454
1045,454
1046,454
1047,453
1048,453
1049,453
1050,453
1051,454
1052,454
1053,455
1054,454
1055,453
1056,453
1057,453
1058,453
1059,453
1060,454
1061,454
1062,454
1063,453
1064,453
1065,453
1066,453
1067,453
1068,454
1069,454
1070,454
1071,453
1072,453
1073,453
1074,453
1075,453
1076,454
1077,454
1079,454
1080,453
1081,453
1082,453
1083,453
1084,453
1085,454
1086,454
1087,454
1088,454
1089,453
1090,453
1091,453
1092,453
1093,454
1094,454
1095,454
1096,453
1097,453
1098,453
1099,453
1100,453
1101,454
1102,454
1103,454
1104,454
1105,453
1106,453
1107,453
1108,453
1109,453
1110,454
1111,454
1112,454
1113,454
1114,453
1115,453
1116,453
1117,453
1118,454
1119,454
1120,454
1122,453
1123,453
1124,453
1125,453
1126,453
1127,454
1128,454
1129,454
1130,453
1131,453
1132,453
1133,454
1134,454
1135,454
1136,454
1137,454
1138,453
1139,453
1140,453
1141,453
1142,453
1143,453
1144,453
1145,454
1146,453
1147,453
1148,452
1149,453
1150,453
1151,453
1152,454
1153,454
1154,453
1155,453
1156,453
1157,452
1158,453
1159,453
1160,453
1161,453
1162,453
1163,453
1165,452
1166,453
1167,452
1168,453
1169,453
1170,453
1171,453
1172,453
1173,453
1174,453
1175,453
1176,453
1177,453
1178,454
1179,453
1180,453
1181,452
1182,453
1183,453
1184,453
1185,453
1186,454
1187,453
1188,453
1189,453
1190,452
1191,453
1192,454
1193,454
1194,454
1195,453
1196,453
1197,453
1198,453
1199,453
1200,453
1201,453
1202,453
1203,453
1204,453
1205,453
1207,452
1208,452
1209,453
1210,453
1211,453
1212,453
1213,454
1214,453
1215,453
1216,453
1217,453
1218,453
1219,454
1220,453
1221,453
1222,453
1223,452
1224,452
1225,453
1226,453
1227,453
1228,453
1229,453
1230,452
1231,452
1232,453
1233,453
1234,454
1235,453
1236,453
1237,453
1238,453
1239,452
1240,452
1241,452
1242,453
1243,453
1244,453
1245,453
1246,453
1247,453
1248,452
1250,452
1251,453
1252,453
1253,454
1254,454
1255,453
1256,453
1257,453
1258,453
1259,453
1260,453
1261,454
1262,453
1263,453
1264,453
1265,453
1266,453
1267,453
1268,453
1269,453
1270,453
1271,453
1272,453
1273,453
1274,453
1275,453
1276,453
1277,453
1278,453
1279,453
1280,453
1281,452
1282,452
1283,453
1284,453
1285,453
1286,453
1287,453
1288,452
1289,452
1290,452
1291,452
1293,453
1294,454
1295,453
1296,453
1297,452
1298,452
1299,452
1300,452
1301,453
1302,453
1303,453
1304,453
1305,453
1306,452
1307,452
1308,453
1309,453
1310,453
1311,453
1312,453
1313,453
1314,453
1315,452
1316,453
1317,453
1318,453
1319,453
1320,453
1321,453
1322,452
1323,452
1324,452
1325,453
1326,453
1327,453
1328,453
1329,453
1330,452
1331,452
1332,453
1333,453
1335,453
1336,453
1337,453
1338,453
1339,452
1340,452
1341,452
1342,453
1343,453
1344,453
1345,453
1346,453
1347,453
1348,452
1349,453
1350,453
1351,453
1352,453
1353,454
1354,454
1355,452
1356,452
1357,452
1358,453
1359,453
1360,453
1361,453
1362,453
1363,453
1364,452
1365,452
1366,452
1367,453
1368,453
1369,453
1370,453
1371,453
1372,453
1373,453
1374,453
1375,453
1376,453
1378,453
1379,453
1380,453
1381,452
1382,452
1383,452
1384,452
1385,453
1386,453
1387,453
1388,452
1389,452
1390,452
1391,452
1392,452
1393,453
1394,453
1395,453
1396,453
1397,452
1398,452
1399,452
1400,453
1401,453
1402,453
1403,453
1404,453
1405,453
1406,452
1407,452
1408,453
1409,453
1410,453
1411,453
1412,453
1413,453
1414,452
1415,452
1416,453
1417,453
1418,453
1419,453
1421,453
1422,453
1423,452
1424,452
1425,453
1426,453
1427,453
1428,453
1429,453
1430,452
1431,452
1432,452
1433,453
1434,453
1435,453
1436,453
1437,453
1438,453
1439,452
1440,452
1441,452
1442,453
1443,453
1444,453
1445,453
1446,453
1447,452
1448,452
1449,452
1450,453
1451,453
1452,454
1453,454
1454,453
1455,453
1456,452
1457,452
1458,453
1459,453
1460,453
1461,453
1463,453
1464,452
1465,452
1466,452
1467,452
1468,453
1469,453
1470,453
1471,453
1472,452
1473,453
1474,453
1475,453
1476,453
1477,453
1478,453
1479,450
1480,452
1481,452
1482,452
1483,452
1484,452
1485,453
1486,453
1487,453
1488,452
1489,452
1490,452
1491,452
1492,453
1493,454
1494,454
1495,453
1496,453
1497,452
1498,452
1499,450
1500,453
1501,453
1502,453
1503,453
1504,453
1506,452
1507,452
1508,452
1509,452
1510,453
1511,453
1512,453
1513,453
1514,453
1515,452
1516,452
1517,453
1518,453
1519,453
1520,453
1521,453
1522,453
1523,452
1524,452
1525,453
1526,453
1527,453
1528,453
1529,453
1530,453
1531,452
1532,453
1533,453
1534,453
1535,454
1536,453
1537,453
1538,453
1539,453
1540,453
1541,453
1542,453
1543,453
1544,453
1545,453
1546,452
1547,452
1549,452
1550,453
1551,453
1552,453
1553,454
1554,454
1555,452
1556,452
1557,452
1558,452
1559,453
1560,453
1561,453
1562,453
1563,453
1564,452
1565,452
1566,452
1567,453
1568,453
1569,453
1570,453
1571,453
1572,453
1573,453
1574,453
1575,453
1576,453
1577,453
1578,453
1579,453
1580,452
1581,452
1582,452
1583,453
1584,453
1585,453
1586,453
1587,453
1588,453
1589,452
1591,452
1592,453
1593,454
1594,454
1595,454
1596,453
1597,453
1598,452
1599,452
1600,453
1601,453
1602,453
1603,453
1604,453
1605,453
1606,452
1607,452
1608,452
1609,453
1610,453
1611,453
1612,453
1613,453
1614,453
1615,452
1616,453
1617,453
1618,453
1619,453
1620,453
1621,453
1622,452
1623,452
1624,453
1625,453
1626,453
1627,454
1628,453
1629,453
1630,452
1631,452
1632,453
1634,453
1635,453
1636,453
1637,453
1638,453
1639,453
1640,452
1641,452
1642,453
1643,453
1644,453
1645,453
1646,453
1647,453
1648,452
1649,452
1650,453
1651,453
1652,453
1653,454
1654,453
1655,453
1656,453
1657,453
1658,453
1659,453
1660,454
1661,453
1662,453
1663,453
1664,453
1665,452
1666,453
1667,453
1668,453
1669,453
1670,453
1671,453
1672,453
1673,453
1674,453
1675,453
1677,453
1678,453
1679,453
1680,453
1681,453
1682,453
1683,453
1684,453
1685,453
1686,453
1687,453
1688,453
1689,453
1690,452
1691,453
1692,453
1693,454
1694,454
1695,454
1696,453
1697,452
1698,452
1699,452
1700,453
1701,453
1702,454
1703,454
1704,453
1705,453
1706,452
1707,452
1708,453
1709,453
1710,454
1711,454
1712,454
1713,453
1714,453
1715,453
1716,453
1717,453
1719,454
1720,453
1721,453
1722,453
1723,453
1724,453
1725,453
1726,453
1727,454
1728,454
1729,453
1730,453
1731,453
1732,453
1733,453
1734,454
1735,454
1736,454
1737,454
1738,453
1739,453
1740,452
1741,453
1742,453
1743,454
1744,454
1745,453
1746,453
1747,453
1748,453
1749,453
1750,453
1751,454
1752,454
1753,454
1754,454
1755,453
1756,453
1757,453
1758,453
1759,454
1760,454
1762,454
1763,453
1764,453
1765,453
1766,453
1767,453
1768,454
1769,454
1770,454
1771,454
1772,453
1773,453
1774,454
1775,453
1776,454
1777,454
1778,454
1779,453
1780,453
1781,453
1782,453
1783,453
1784,453
1785,453
1786,454
1787,453
1788,453
1789,452
1790,453
1791,453
1792,454
1793,455
1794,455
1795,454
1796,453
1797,453
1798,453
1799,453
1800,454
1801,454
1802,454
1803,454
1805,453
1806,453
1807,453
1808,453
1809,454
1810,454
1811,454
1812,454
1813,454
1814,454
1815,453
1816,453
1817,453
1818,454
1819,454
1820,454
1821,453
1822,453
1823,453
1824,453
1825,453
1826,454
1827,454
1828,454
1829,453
1830,453
1831,453
1832,454
1833,454
1834,454
1835,454
1836,454
1837,453
1838,453
1839,453
1840,453
1841,453
1842,454
1843,454
1844,454
1845,454
1847,453
1848,453
1849,453
1850,453
1851,453
1852,454
1853,454
1854,454
1855,453
1856,453
1857,453
1858,453
1859,454
1860,454
1861,454
1862,454
1863,453
1864,453
1865,453
1866,453
1867,454
1868,454
1869,454
1870,454
1871,453
1872,453
1873,453
1874,454
1875,453
1876,454
1877,454
1878,454
1879,454
1880,453
1881,453
1882,453
1883,453
1884,454
1885,454
1886,454
1887,454
1888,453
1890,453
1891,453
1892,454
1893,455
1894,455
1895,454
1896,454
1897,453
1898,453
1899,453
1900,454
1901,454
1902,454
1903,454
1904,454
1905,454
1906,453
1907,453
1908,454
1909,454
1910,454
1911,454
1912,454
1913,454
1914,454
1915,453
1916,453
1917,454
1918,454
1919,454
1920,454
1921,454
1922,453
1923,453
1924,453
1925,454
1926,454
1927,454
1928,454
1929,454
1930,454
1931,453
1933,454
1934,455
1935,454
1936,454
1937,454
1938,454
1939,453
1940,453
1941,453
1942,454
1943,454
1944,455
1945,454
1946,454
1947,454
1948,453
1949,454
1950,454
1951,454
1952,455
1953,455
1954,455
1955,453
1956,454
1957,453
1958,454
1959,454
1960,455
1961,454
1962,454
1963,454
1964,453
1965,453
1966,454
1967,454
1968,454
1969,454
1970,454
1971,454
1972,454
1973,454
1975,454
1976,454
1977,455
1978,455
1979,454
1980,454
1981,453
1982,454
1983,454
1984,454
1985,454
1986,455
1987,454
1988,454
1989,454
1990,453
1991,454
1992,454
1993,455
1994,455
1995,454
1996,454
1997,454
1998,454
1999,454
2000,454
2001,455
2002,455
2003,455
2004,454
2005,454
2006,454
2007,454
2008,454
2009,454
2010,454
2011,455
2012,455
2013,454
2014,454
2015,454
2016,454
2018,454
2019,455
2020,455
2021,454
2022,454
2023,454
2024,454
2025,454
2026,454
2027,455
2028,455
2029,454
2030,454
2031,454
2032,454
2033,455
2034,455
2035,455
2036,455
2037,454
2038,454
2039,454
2040,454
2041,454
2042,454
2043,455
2044,455
2045,454
2046,454
2047,454
2048,454
2049,454
2050,455
2051,455
2052,455
2053,455
2054,455
2055,454
2056,454
2057,454
2058,455
2059,455
2061,455
2062,455
2063,454
2064,454
2065,454
2066,454
2067,454
2068,455
2069,455
2070,455
2071,454
2072,454
2073,455
2074,455
2075,454
2076,455
2077,455
2078,455
2079,455
2080,454
2081,454
2082,454
2083,454
2084,454
2085,455
2086,455
2087,455
2088,454
2089,454
2090,454
2091,454
2092,455
2093,455
2094,455
2095,455
2096,454
2097,454
2098,454
2099,454
2100,455
2101,455
2103,455
2104,455
2105,454
2106,454
2107,454
2108,454
2109,455
2110,455
2111,455
2112,455
2113,455
2114,455
2115,454
2116,454
2117,455
2118,455
2119,455
2120,455
2121,455
2122,454
2123,454
2124,454
2125,455
2126,455
2127,455
2128,455
2129,455
2130,454
2131,454
2132,455
2133,455
2134,455
2135,455
2136,455
2137,455
2138,455
2139,454
2140,454
2141,455
2142,455
2143,455
2144,455
2146,455
2147,454
2148,454
2149,454
2150,454
2151,455
2152,455
2153,456
2154,455
2155,455
2156,454
2157,454
2158,455
2159,455
2160,455
2161,455
2162,455
2163,454
2164,454
2165,454
2166,454
2167,455
2168,455
2169,455
2170,455
2171,454
2172,454
2173,455
2174,455
2175,454
2176,455
2177,455
2178,455
2179,455
2180,454
2181,454
2182,454
2183,454
2184,455
2185,455
2186,455
2187,454
2189,454
2190,454
2191,454
2192,454
2193,456
2194,456
2195,455
2196,455
2197,454
2198,454
2199,454
2200,454
2201,455
2202,455
2203,455
2204,454
2205,454
2206,454
2207,454
2208,454
2209,455
2210,455
2211,455
2212,455
2213,455
2214,455
2215,454
2216,454
2217,455
2218,455
2219,455
2220,455
2221,455
2222,455
2223,454
2224,455
2225,455
2226,455
2227,455
2228,455
2229,455
2231,454
2232,454
2233,455
2234,455
2235,455
2236,455
2237,455
2238,455
2239,450
2240,454
2241,454
2242,455
2243,455
2244,455
2245,455
2246,454
2247,454
2248,454
2249,455
2250,455
2251,455
2252,455
2253,456
2254,456
2255,455
2256,455
2257,455
2258,455
2259,455
2260,455
2261,455
2262,455
2263,455
2264,455
2265,455
2266,455
2267,455
2268,455
2269,456
2270,455
2271,455
2272,455
2274,455
2275,455
2276,456
2277,455
2278,455
2279,455
2280,455
2281,454
2282,454
2283,455
2284,455
2285,455
2286,455
2287,455
2288,455
2289,455
2290,455
2291,455
2292,455
2293,456
2294,456
2295,455
2296,455
2297,455
2298,455
2299,455
2300,455
2301,455
2302,456
2303,455
2304,455
2305,455
2306,455
2307,455
2308,455
2309,455
2310,456
2311,456
2312,456
2313,455
2314,455
2315,455
2317,455
2318,456
2319,456
2320,456
2321,455
2322,455
2323,455
2324,455
2325,455
2326,455
2327,455
2328,456
2329,455
2330,455
2331,455
2332,455
2333,455
2334,456
2335,456
2336,455
2337,455
2338,454
2339,445
2340,455
2341,455
2342,455
2343,456
2344,456
2345,455
2346,455
2347,455
2348,455
2349,455
2350,455
2351,455
2352,456
2353,456
2354,455
2355,455
2356,455
2357,455
2359,455
2360,456
2361,455
2362,456
2363,455
2364,455
2365,454
2366,455
2367,455
2368,455
2369,456
2370,455
2371,455
2372,454
2373,455
2374,455
2375,455
2376,455
2377,456
2378,456
2379,455
2380,455
2381,455
2382,455
2383,455
2384,455
2385,455
2386,456
2387,455
2388,455
2389,454
2390,454
2391,455
2392,456
2393,456
2394,456
2395,455
2396,455
2397,455
2398,455
2399,455
2400,455
2402,456
2403,455
2404,455
2405,455
2406,454
2407,454
2408,455
2409,455
2410,456
2411,456
2412,455
2413,456
2414,455
2415,455
2416,455
2417,455
2418,456
2419,456
2420,455
2421,455
2422,454
2423,455
2424,455
2425,455
2426,455
2427,456
2428,456
2429,455
2430,455
2431,455
2432,455
2433,455
2434,456
2435,456
2436,456
2437,455
2438,455
2439,455
2440,455
2441,455
2442,455
2443,456
2445,456
2446,455
2447,455
2448,455
2449,455
2450,455
2451,455
2452,455
2453,456
2454,456
2455,455
2456,454
2457,455
2458,455
2459,455
2460,456
2461,456
2462,455
2463,455
2464,455
2465,455
2466,455
2467,456
2468,455
2469,456
2470,455
2471,455
2472,455
2473,455
2474,455
2475,455
2476,456
2477,456
2478,455
2479,455
2480,455
2481,454
2482,455
2483,455
2484,455
2485,456
2487,455
2488,455
2489,454
2490,455
2491,455
2492,455
2493,456
2494,456
2495,456
2496,455
2497,455
2498,454
2499,455
2500,455
2501,456
2502,456
2503,456
2504,455
2505,455
2506,455
2507,454
2508,455
2509,456
2510,456
2511,456
2512,456
2513,456
2514,455
2515,455
2516,455
2517,455
2518,456
2519,456
2520,455
2521,455
2522,455
2523,455
2524,455
2525,455
2526,456
2527,456
2528,455
2530,455
2531,454
2532,455
2533,455
2534,456
2535,456
2536,456
2537,455
2538,455
2539,455
2540,455
2541,455
2542,455
2543,455
2544,456
2545,456
2546,455
2547,455
2548,455
2549,455
2550,455
2551,455
2552,455
2553,456
2554,456
2555,455
2556,455
2557,455
2558,455
2559,455
2560,456
2561,455
2562,455
2563,455
2564,455
2565,455
2566,455
2567,455
2568,456
2569,456
2570,455
2571,455
2573,455
2574,455
2575,455
2576,455
2577,455
2578,456
2579,455
2580,455
2581,455
2582,455
2583,455
2584,455
2585,456
2586,455
2587,455
2588,455
2589,455
2590,455
2591,455
2592,455
2593,457
2594,456
2595,455
2596,455
2597,455
2598,454
2599,455
2600,455
2601,456
2602,456
2603,455
2604,455
2605,455
2606,455
2607,455
2608,456
2609,456
2610,456
2611,456
2612,456
2613,455
2615,455
2616,455
2617,455
2618,456
2619,456
2620,456
2621,455
2622,455
2623,455
2624,455
2625,455
2626,456
2627,456
2628,456
2629,455
2630,455
2631,455
2632,455
2633,456
2634,456
2635,456
2636,456
2637,456
2638,455
2639,455
2640,455
2641,455
2642,455
2643,456
2644,456
2645,455
2646,455
2647,455
2648,455
2649,455
2650,456
2651,456
2652,456
2653,456
2654,455
2655,455
2656,455
2658,455
2659,455
2660,456
2661,456
2662,455
2663,455
2664,455
2665,454
2666,455
2667,455
2668,455
2669,456
2670,456
2671,455
2672,455
2673,455
2674,455
2675,455
2676,456
2677,456
2678,455
2679,455
2680,455
2681,455
2682,455
2683,455
2684,455
2685,455
2686,455
2687,455
2688,454
2689,454
2690,455
2691,455
2692,456
2693,456
2694,456
2695,455
2696,455
2697,455
2698,455
2699,455
2701,455
2702,456
2703,456
2704,455
2705,455
2706,455
2707,455
2708,455
2709,455
2710,456
2711,456
2712,455
2713,455
2714,455
2715,455
2716,454
2717,455
2718,456
2719,455
2720,455
2721,454
2722,455
2723,455
2724,455
2725,455
2726,455
2727,455
2728,456
2729,455
2730,455
2731,454
2732,455
2733,456
2734,456
2735,456
2736,455
2737,455
2738,455
2739,454
2740,455
2741,455
2743,455
2744,455
2745,455
2746,455
2747,455
2748,455
2749,455
2750,455
2751,455
2752,455
2753,456
2754,456
2755,455
2756,455
2757,455
2758,455
2759,456
2760,455
2761,456
2762,455
2763,455
2764,455
2765,455
2766,455
2767,455
2768,455
2769,455
2770,455
2771,454
2772,455
2773,455
2774,455
2775,455
2776,455
2777,455
2778,455
2779,455
2780,454
2781,455
2782,455
2783,455
2784,455
2786,455
2787,455
2788,454
2789,454
2790,454
2791,454
2792,455
2793,456
2794,456
2795,455
2796,455
2797,454
2798,454
2799,455
2800,455
2801,455
2802,455
2803,455
2804,455
2805,454
2806,454
2807,454
2808,455
2809,455
2810,455
2811,455
2812,455
2813,455
2814,455
2815,454
2816,455
2817,455
2818,455
2819,455
2820,455
2821,455
2822,454
2823,454
2824,455
2825,455
2826,455
2827,455
2829,455
2830,454
2831,454
2832,454
2833,455
2834,455
2835,455
2836,455
2837,455
2838,455
2839,454
2840,454
2841,455
2842,455
2843,455
2844,455
2845,455
2846,455
2847,454
2848,454
2849,454
2850,455
2851,455
2852,455
2853,455
2854,455
2855,454
2856,454
2857,454
2858,455
2859,455
2860,455
2861,455
2862,454
2863,454
2864,454
2865,454
2866,455
2867,455
2868,455
2869,455
2871,455
2872,454
2873,455
2874,455
2875,455
2876,455
2877,455
2878,455
2879,455
2880,454
2881,454
2882,454
2883,455
2884,455
2885,455
2886,455
2887,454
2888,454
2889,454
2890,454
2891,454
2892,455
2893,456
2894,455
2895,455
2896,454
2897,454
2898,454
2899,454
2900,455
2901,455
2902,455
2903,454
2904,454
2905,454
2906,454
2907,454
2908,455
2909,455
2910,455
2911,455
2912,455
2914,454
2915,454
2916,454
2917,454
2918,455
2919,455
2920,454
2921,454
2922,454
2923,454
2924,454
2925,454
2926,455
2927,455
2928,455
2929,454
2930,454
2931,454
2932,454
2933,454
2934,455
2935,455
2936,455
2937,454
2938,454
2939,454
2940,454
2941,454
2942,454
2943,455
2944,455
2945,454
2946,454
2947,454
2948,454
2949,454
2950,454
2951,455
2952,455
2953,455
2954,454
2955,453
2957,453
2958,454
2959,454
2960,454
2961,454
2962,454
2963,454
2964,453
2965,453
2966,454
2967,454
2968,454
2969,454
2970,454
2971,454
2972,453
2973,454
2974,455
2975,454
2976,454
2977,454
2978,454
2979,454
2980,453
2981,453
2982,453
2983,454
2984,454
2985,454
2986,454
2987,454
2988,453
2989,453
2990,453
2991,454
2992,454
2993,455
2994,455
2995,454
2996,453
2997,453
2999,454
3000,454
3001,454
3002,454
3003,454
3004,454
3005,453
3006,453
3007,454
3008,454
3009,454
3010,454
3011,455
3012,454
3013,454
3014,454
3015,453
3016,454
3017,454
3018,454
3019,451
3020,454
3021,453
3022,453
3023,453
3024,454
3025,454
3026,454
3027,454
3028,454
3029,453
3030,453
3031,453
3032,454
3033,454
3034,454
3035,454
3036,454
3037,453
3038,453
3039,453
3040,453
3042,454
3043,454
3044,454
3045,454
3046,453
3047,453
3048,453
3049,453
3050,454
3051,454
3052,454
3053,454
3054,454
3055,453
3056,453
3057,453
3058,453
3059,454
3060,454
3061,454
3062,454
3063,453
3064,453
3065,453
3066,454
3067,454
3068,454
3069,454
3070,453
3071,453
3072,453
3073,453
3074,454
3075,454
3076,454
3077,454
3078,454
3079,453
3080,453
3081,453
3082,453
3083,453
3085,454
3086,454
3087,453
3088,453
3089,453
3090,453
3091,453
3092,454
3093,454
3094,454
3095,454
3096,453
3097,453
3098,452
3099,453
3100,453
3101,454
3102,454
3103,453
3104,453
3105,453
3106,453
3107,453
3108,453
3109,452
3110,454
3111,454
3112,452
3113,454
3114,453
3115,453
3116,453
3117,454
3118,454
3119,453
3120,452
3121,453
3122,453
3123,453
3124,453
3125,453
3127,454
3128,454
3129,453
3130,453
3131,453
3132,453
3133,454
3134,454
3135,454
3136,453
3137,453
3138,453
3139,452
3140,453
3141,453
3142,453
3143,454
3144,454
3145,453
3146,453
3147,453
3148,453
3149,453
3150,453
3151,453
3152,454
3153,454
3154,453
3155,453
3156,452
3157,453
3158,453
3159,454
3160,454
3161,453
3162,453
3163,453
3164,453
3165,453
3166,453
3167,453
3168,453
3170,453
3171,453
3172,453
3173,453
3174,453
3175,454
3176,453
3177,454
3178,454
3179,453
3180,453
3181,452
3182,452
3183,453
3184,453
3185,454
3186,453
3187,453
3188,453
3189,453
3190,452
3191,453
3192,453
3193,454
3194,454
3195,453
3196,453
3197,453
3198,453
3199,453
3200,453
3201,454
3202,454
3203,453
3204,453
3205,453
3206,453
3207,453
3208,454
3209,454
3210,454
3211,453
3213,453
3214,453
3215,453
3216,453
3217,453
3218,454
3219,454
3220,453
3221,453
3222,453
3223,453
3224,453
3225,453
3226,453
3227,454
3228,453
3229,453
3230,453
3231,453
3232,453
3233,454
3234,454
3235,454
3236,454
3237,453
3238,453
3239,453
3240,453
3241,453
3242,454
3243,454
3244,454
3245,453
3246,453
3247,453
3248,453
3249,453
3250,453
3251,454
3252,454
3253,454
3255,453
3256,452
3257,453
3258,453
3259,453
3260,454
3261,453
3262,453
3263,453
3264,453
3265,453
3266,453
3267,453
3268,454
3269,453
3270,453
3271,453
3272,452
3273,453
3274,454
3275,453
3276,454
3277,454
3278,454
3279,453
3280,453
3281,453
3282,453
3283,453
3284,454
3285,454
3286,454
3287,453
3288,453
3289,453
3290,453
3291,453
3292,454
3293,454
3294,454
3295,453
3296,453
3298,453
3299,453
3300,453
3301,453
3302,454
3303,453
3304,453
3305,453
3306,453
3307,453
3308,453
3309,453
3310,454
3311,454
3312,453
3313,453
3314,453
3315,453
3316,453
3317,454
3318,454
3319,453
3320,453
3321,453
3322,453
3323,453
3324,453
3325,453
3326,454
3327,453
3328,453
3329,453
3330,453
3331,453
3332,453
3333,454
3334,454
3335,454
3336,453
3337,453
3338,453
3339,452
3341,453
3342,453
3343,454
3344,454
3345,453
3346,453
3347,452
3348,452
3349,453
3350,453
3351,453
3352,454
3353,454
3354,453
3355,453
3356,452
3357,453
3358,453
3359,453
3360,454
3361,454
3362,453
3363,453
3364,453
3365,452
3366,453
3367,454
3368,453
3369,453
3370,453
3371,453
3372,453
3373,453
3374,453
3375,453
3376,453
3377,454
3378,452
3379,451
3380,453
3381,453
3383,453
3384,453
3385,453
3386,453
3387,453
3388,453
3389,452
3390,453
3391,453
3392,453
3393,454
3394,454
3395,453
3396,453
3397,452
3398,452
3399,453
3400,453
3401,453
3402,453
3403,453
3404,453
3405,453
3406,453
3407,453
3408,453
3409,453
3410,454
3411,453
3412,453
3413,453
3414,453
3415,453
3416,453
3417,453
3418,454
3419,453
3420,453
3421,452
3422,452
3423,452
3424,453
3426,453
3427,454
3428,453
3429,453
3430,452
3431,452
3432,452
3433,453
3434,454
3435,453
3436,453
3437,453
3438,452
3439,452
3440,453
3441,453
3442,453
3443,453
3444,453
3445,453
3446,453
3447,452
3448,453
3449,453
3450,453
3451,453
3452,453
3453,453
3454,453
3455,452
3456,452
3457,453
3458,453
3459,453
3460,453
3461,453
3462,453
3463,452
3464,452
3465,452
3466,453
3467,453
3469,453
3470,453
3471,453
3472,452
3473,453
3474,453
3475,453
3476,453
3477,453
3478,453
3479,453
3480,452
3481,452
3482,452
3483,453
3484,453
3485,453
3486,453
3487,453
3488,453
3489,452
3490,453
3491,453
3492,453
3493,454
3494,454
3495,453
3496,453
3497,453
3498,452
3499,453
3500,453
3501,453
3502,453
3503,453
3504,452
3505,452
3506,452
3507,453
3508,453
3509,453
3511,453
3512,453
3513,453
3514,453
3515,453
3516,453
3517,453
3518,453
3519,453
3520,453
3521,452
3522,452
3523,452
3524,452
3525,453
3526,453
3527,453
3528,453
3529,453
3530,451
3531,452
3532,453
3533,453
3534,453
3535,453
3536,453
3537,452
3538,452
3539,452
3540,452
3541,453
3542,452
3543,453
3544,453
3545,453
3546,452
3547,452
3548,452
3549,453
3550,453
3551,453
3552,453
3554,453
3555,452
3556,452
3557,452
3558,453
3559,453
3560,453
3561,453
3562,453
3563,452
3564,452
3565,452
3566,453
3567,452
3568,453
3569,453
3570,453
3571,451
3572,452
3573,453
3574,453
3575,453
3576,453
3577,453
3578,453
3579,451
3580,452
3581,452
3582,452
3583,452
3584,453
3585,453
3586,453
3587,452
3588,452
3589,452
3590,452
3591,452
3592,453
3593,454
3594,453
3595,453
3597,452
3598,452
3599,453
3600,453
3601,453
3602,453
3603,453
3604,453
3605,452
3606,452
3607,453
3608,453
3609,453
3610,453
3611,453
3612,453
3613,453
3614,453
3615,452
3616,453
3617,453
3618,453
3619,453
3620,453
3621,452
3622,452
3623,452
3624,452
3625,453
3626,453
3627,453
3628,453
3629,453
3630,452
3631,452
3632,453
3633,453
3634,454
3635,453
3636,453
3637,452
3639,452
3640,452
3641,453
3642,453
3643,453
3644,453
3645,453
3646,452
3647,452
3648,452
3649,452
3650,453
3651,453
3652,453
3653,453
3654,453
3655,452
3656,452
3657,452
3658,453
3659,453
3660,453
3661,453
3662,452
3663,452
3664,452
3665,452
3666,452
3667,453
3668,453
3669,453
3670,452
3671,452
3672,452
3673,453
3674,453
3675,453
3676,453
3677,453
3678,453
3679,452
3680,452
3682,452
3683,453
3684,453
3685,453
3686,453
3687,453
3688,452
3689,452
3690,452
3691,452
3692,453
3693,453
3694,454
3695,453
3696,452
3697,452
3698,452
3699,452
3700,453
3701,453
3702,453
3703,453
3704,452
3705,452
3706,452
3707,452
3708,453
3709,453
3710,453
3711,453
3712,452
3713,453
3714,453
3715,452
3716,453
3717,453
3718,453
3719,453
3720,452
3721,452
3722,452
3723,452
3725,453
3726,453
3727,453
3728,453
3729,453
3730,452
3731,452
3732,452
3733,453
3734,453
3735,453
3736,453
3737,452
3738,452
3739,452
3740,452
3741,453
3742,453
3743,453
3744,453
3745,453
3746,452
3747,452
3748,452
3749,452
3750,453
3751,453
3752,453
3753,453
3754,453
3755,452
3756,452
3757,452
3758,453
3759,453
3760,453
3761,453
3762,452
3763,452
3764,452
3765,452
3767,453
3768,453
3769,453
3770,453
3771,452
3772,452
3773,452
3774,453
3775,453
3776,453
3777,453
3778,453
3779,453
3780,452
3781,452
3782,452
3783,453
3784,453
3785,453
3786,453
3787,452
3788,452
3789,452
3790,452
3791,452
3792,453
3793,454
3794,453
3795,452
3796,452
3797,452
3798,452
3799,453
3800,453
3801,453
3802,453
3803,453
3804,452
3805,452
3806,452
3807,453
3808,453
3810,453
3811,453
3812,453
3813,453
3814,452
3815,453
3816,452
3817,453
3818,453
3819,453
3820,453
3821,452
3822,452
3823,452
3824,453
3825,453
3826,453
3827,453
3828,453
3829,453
3830,452
3831,452
3832,452
3833,453
3834,453
3835,453
3836,453
3837,452
3838,452
3839,452
3840,452
3841,453
3842,453
3843,453
3844,453
3845,452
3846,452
3847,452
3848,452
3849,453
3850,453
3851,453
3853,453
3854,453
3855,453
3856,452
3857,452
3858,453
3859,453
3860,453
3861,453
3862,453
3863,452
3864,452
3865,452
3866,452
3867,453
3868,453
3869,453
3870,453
3871,452
3872,452
3873,452
3874,453
3875,453
3876,453
3877,453
3878,453
3879,453
3880,452
3881,451
3882,452
3883,453
3884,453
3885,453
3886,453
3887,452
3888,452
3889,452
3890,452
3891,453
3892,453
3893,454
3895,453
3896,453
3897,452
3898,452
3899,452
3900,453
3901,453
3902,453
3903,453
3904,453
3905,452
3906,452
3907,453
3908,453
3909,453
3910,453
3911,453
3912,452
3913,453
3914,452
3915,452
3916,452
3917,453
3918,453
3919,453
3920,453
3921,452
3922,452
3923,452
3924,452
3925,453
3926,453
3927,453
3928,453
3929,452
3930,452
3931,453
3932,452
3933,453
3934,453
3935,453
3936,453
3938,452
3939,452
3940,452
3941,453
3942,453
3943,453
3944,453
3945,453
3946,452
3947,452
3948,452
3949,452
3950,453
3951,453
3952,453
3953,453
3954,453
3955,452
3956,452
3957,452
3958,453
3959,453
3960,453
3961,453
3962,452
3963,452
3964,452
3965,452
3966,452
3967,453
3968,453
3969,453
3970,452
3971,452
3972,452
3973,452
3974,453
3975,453
3976,453
3977,453
3978,452
3979,452
3981,452
3982,452
3983,452
3984,452
3985,453
3986,452
3987,452
3988,452
3989,452
3990,452
3991,452
3992,453
3993,453
3994,453
3995,453
3996,452
3997,452
3998,452
3999,452
4000,452
4001,453
4002,453
4003,452
4004,452
4005,452
4006,452
4007,452
4008,453
4009,453
4010,453
4011,453
4012,452
4013,453
4014,453
4015,452
4016,452
4017,453
4018,453
4019,453
4020,452
4021,452
4023,452
4024,452
4025,453
4026,453
4027,453
4028,452
4029,452
4030,452
4031,452
4032,452
4033,453
4034,453
4035,453
4036,452
4037,452
4038,452
4039,452
4040,452
4041,452
4042,453
4043,453
4044,453
4045,452
4046,452
4047,452
4048,452
4049,452
4050,453
4051,453
4052,453
4053,453
4054,453
4055,452
4056,452
4057,453
4058,453
4059,453
4060,453
4061,453
4062,452
4063,452
4064,452
4066,452
4067,453
4068,453
4069,453
4070,452
4071,452
4072,452
4073,453
4074,453
4075,453
4076,453
4077,453
4078,453
4079,452
4080,452
4081,452
4082,452
4083,453
4084,453
4085,453
4086,453
4087,452
4088,452
4089,452
4090,452
4091,453
4092,453
4093,454
4094,453
4095,452
4096,452
4097,449
4098,452
4099,453
4100,453
4101,452
4102,453
4103,453
4104,452
4105,452
4106,452
4107,452
4109,450
4110,453
4111,453
4112,453
4113,453
4114,453
4115,453
4116,453
4117,453
4118,453
4119,453
4120,453
4121,453
4122,452
4123,452
4124,453
4125,453
4126,453
4127,453
4128,453
4129,452
4130,452
4131,452
4132,452
4133,453
4134,454
4135,453
4136,453
4137,452
4138,452
4139,452
4140,452
4141,453
4142,453
4143,453
4144,453
4145,452
4146,452
4147,452
4148,452
4149,453
4151,453
4152,453
4153,453
4154,453
4155,453
4156,452
4157,452
4158,453
4159,453
4160,454
4161,453
4162,453
4163,452
4164,452
4165,452
4166,453
4167,453
4168,453
4169,453
4170,453
4171,452
4172,452
4173,453
4174,453
4175,453
4176,453
4177,453
4178,453
4179,452
4180,452
4181,452
4182,453
4183,453
4184,453
4185,453
4186,453
4187,452
4188,452
4189,452
4190,453
4191,453
4192,453
4194,454
4195,453
4196,452
4197,452
4198,452
4199,452
4200,452
4201,449
4202,453
4203,453
4204,453
4205,452
4206,452
4207,453
4208,453
4209,453
4210,453
4211,453
4212,453
4213,453
4214,453
4215,452
4216,453
4217,453
4218,453
4219,453
4220,453
4221,452
4222,452
4223,452
4224,453
4225,453
4226,453
4227,453
4228,453
4229,452
4230,452
4231,452
4232,453
4233,454
4234,454
4235,453
4237,453
4238,452
4239,452
4240,452
4241,453
4242,453
4243,453
4244,453
4245,453
4246,452
4247,452
4248,452
4249,453
4250,453
4251,453
4252,453
4253,453
4254,453
4255,453
4256,452
4257,453
4258,453
4259,453
4260,453
4261,453
4262,453
4263,452
4264,452
4265,453
4266,453
4267,453
4268,453
4269,453
4270,452
4271,452
4272,452
4273,453
4274,453
4275,453
4276,453
4277,453
4279,452
4280,452
4281,452
4282,453
4283,453
4284,453
4285,453
4286,453
4287,453
4288,452
4289,452
4290,452
4291,453
4292,453
4293,454
4294,454
4295,453
4296,452
4297,452
4298,452
4299,453
4300,453
4301,453
4302,453
4303,453
4304,452
4305,452
4306,452
4307,453
4308,453
4309,453
4310,453
4311,453
4312,452
4313,453
4314,453
4315,452
4316,453
4317,453
4318,453
4319,453
4320,452
4322,452
4323,452
4324,452
4325,453
4326,453
4327,453
4328,453
4329,453
4330,452
4331,452
4332,453
4333,453
4334,454
4335,454
4336,453
4337,453
4338,452
4339,452
4340,452
4341,453
4342,453
4343,453
4344,453
4345,453
4346,452
4347,452
4348,453
4349,453
4350,453
4351,453
4352,453
4353,453
4354,453
4355,452
4356,453
4357,453
4358,453
4359,453
4360,453
4361,453
4362,452
4363,452
4365,452
4366,453
4367,453
4368,453
4369,453
4370,453
4371,452
4372,452
4373,453
4374,453
4375,454
4376,453
4377,453
4378,453
4379,453
4380,452
4381,452
4382,453
4383,453
4384,453
4385,453
4386,453
4387,453
4388,452
4389,452
4390,453
4391,453
4392,453
4393,454
4394,454
4395,453
4396,452
4397,452
4398,453
4399,453
4400,453
4401,454
4402,453
4403,453
4404,452
4405,452
4407,452
4408,453
4409,453
4410,453
4411,453
4412,453
4413,453
4414,453
4415,453
4416,453
4417,453
4418,453
4419,453
4420,453
4421,453
4422,452
4423,453
4424,453
4425,454
4426,454
4427,454
4428,453
4429,453
4430,453
4431,453
4432,453
4433,454
4434,454
4435,453
4436,453
4437,453
4438,452
4439,453
4440,453
4441,453
4442,453
4443,453
4444,453
4445,453
4446,453
4447,452
4448,453
4450,453
4451,454
4452,453
4453,453
4454,454
4455,453
4456,453
4457,453
4458,453
4459,453
4460,454
4461,453
4462,453
4463,453
4464,453
4465,453
4466,453
4467,453
4468,454
4469,454
4470,453
4471,453
4472,453
4473,453
4474,454
4475,454
4476,454
4477,454
4478,454
4479,453
4480,453
4481,453
4482,453
4483,454
4484,454
4485,454
4486,454
4487,453
4488,453
4489,453
4490,453
4491,454
4493,454
4494,454
4495,454
4496,453
4497,453
4498,453
4499,453
4500,453
4501,453
4502,454
4503,454
4504,453
4505,453
4506,453
4507,453
4508,453
4509,454
4510,454
4511,453
4512,453
4513,453
4514,454
4515,453
4516,453
4517,454
4518,454
4519,454
4520,453
4521,453
4522,453
4523,453
4524,453
4525,454
4526,454
4527,454
4528,453
4529,453
4530,453
4531,453
4532,453
4533,454
4535,454
4536,454
4537,453
4538,453
4539,453
4540,453
4541,453
4542,454
4543,454
4544,454
4545,454
4546,453
4547,453
4548,453
4549,453
4550,454
4551,454
4552,454
4553,454
4554,454
4555,453
4556,453
4557,453
4558,454
4559,454
4560,454
4561,454
4562,453
4563,453
4564,453
4565,453
4566,453
4567,454
4568,454
4569,454
4570,453
4571,453
4572,453
4573,453
4574,454
4575,454
4576,454
4578,454
4579,453
4580,453
4581,453
4582,453
4583,453
4584,453
4585,454
4586,454
4587,453
4588,453
4589,453
4590,453
4591,453
4592,454
4593,454
4594,454
4595,454
4596,453
4597,453
4598,453
4599,453
4600,454
4601,454
4602,454
4603,453
4604,453
4605,453
4606,453
4607,454
4608,454
4609,454
4610,454
4611,453
4612,453
4613,453
4614,453
4615,453
4616,453
4617,454
4618,453
4619,453
4621,453
4622,453
4623,452
4624,453
4625,454
4626,454
4627,454
4628,454
4629,453
4630,453
4631,453
4632,453
4633,454
4634,455
4635,454
4636,454
4637,453
4638,453
4639,453
4640,454
4641,453
4642,454
4643,454
4644,454
4645,453
4646,453
4647,453
4648,453
4649,454
4650,454
4651,454
4652,454
4653,454
4654,453
4655,453
4656,453
4657,454
4658,453
4659,454
4660,454
4661,453
4663,453
4664,453
4665,453
4666,453
4667,454
4668,454
4669,454
4670,453
4671,453
4672,453
4673,454
4674,454
4675,454
4676,454
4677,454
4678,454
4679,453
4680,453
4681,453
4682,453
4683,454
4684,454
4685,454
4686,454
4687,453
4688,453
4689,453
4690,453
4691,453
4692,454
4693,454
4694,454
4695,453
4696,453
4697,453
4698,453
4699,453
4700,454
4701,454
4702,454
4703,453
4704,453
4706,453
4707,453
4708,453
4709,454
4710,454
4711,453
4712,453
4713,453
4714,453
4715,453
4716,453
4717,454
4718,453
4719,454
4720,453
4721,453
4722,453
4723,453
4724,453
4725,453
4726,453
4727,453
4728,453
4729,453
4730,453
4731,453
4732,453
4733,454
4734,455
4735,454
4736,453
4737,453
4738,453
4739,453
4740,453
4741,453
4742,454
4743,454
4744,454
4745,453
4746,453
4747,453
4749,453
4750,454
4751,454
4752,454
4753,454
4754,454
4755,453
4756,453
4757,453
4758,453
4759,454
4760,454
4761,454
4762,453
4763,453
4764,453
4765,453
4766,454
4767,454
4768,454
4769,454
4770,453
4771,453
4772,453
4773,454
4774,454
4775,454
4776,454
4777,454
4778,453
4779,453
4780,453
4781,452
4782,453
4783,453
4784,453
4785,453
4786,453
4787,453
4788,453
4789,453
4791,453
4792,454
4793,454
4794,454
4795,454
4796,453
4797,453
4798,453
4799,453
4800,453
4801,454
4802,454
4803,453
4804,453
4805,453
4806,453
4807,453
4808,454
4809,454
4810,453
4811,453
4812,453
4813,453
4814,453
4815,453
4816,453
4817,454
4818,454
4819,453
4820,453
4821,453
4822,453
4823,453
4824,453
4825,454
4826,454
4827,453
4828,453
4829,453
4830,453
4831,453
4832,453
4834,454
4835,454
4836,453
4837,453
4838,453
4839,453
4840,453
4841,453
4842,454
4843,454
4844,454
4845,453
4846,453
4847,453
4848,452
4849,453
4850,454
4851,454
4852,454
4853,454
4854,453
4855,453
4856,453
4857,453
4858,453
4859,454
4860,454
4861,453
4862,453
4863,453
4864,453
4865,453
4866,453
4867,454
4868,454
4869,453
4870,453
4871,452
4872,452
4873,453
4874,453
4875,453
4877,453
4878,453
4879,452
4880,452
4881,451
4882,452
4883,452
4884,453
4885,452
4886,452
4887,452
4888,452
4889,452
4890,452
4891,452
4892,452
4893,452
4894,453
4895,452
4896,452
4897,451
4898,452
4899,452
4900,452
4901,452
4902,452
4903,452
4904,451
4905,451
4906,451
4907,452
4908,453
4909,452
4910,452
4911,452
4912,452
4913,452
4914,452
4915,452
4916,452
4917,452
4919,452
4920,452
4921,452
4922,451
4923,451
4924,452
4925,452
4926,452
4927,452
4928,452
4929,452
4930,451
4931,451
4932,451
4933,453
4934,453
4935,453
4936,452
4937,452
4938,452
4939,452
4940,452
4941,452
4942,452
4943,452
4944,452
4945,452
4946,452
4947,452
4948,451
4949,452
4950,452
4951,452
4952,452
4953,452
4954,452
4955,451
4956,451
4957,452
4958,452
4959,452
4960,452
4962,451
4963,451
4964,451
4965,451
4966,452
4967,452
4968,452
4969,452
4970,452
4971,451
4972,451
4973,452
4974,452
4975,452
4976,452
4977,452
4978,451
4979,451
4980,451
4981,451
4982,451
4983,451
4984,451
4985,452
4986,452
4987,451
4988,451
4989,451
4990,451
4991,451
4992,452
4993,452
4994,452
4995,451
4996,451
4997,451
4998,450
4999,445
5000,451
5001,452
5002,452
5003,451
5005,451
5006,451
5007,451
5008,451
5009,452
5010,452
5011,452
5012,450
5013,451
5014,452
5015,452
5016,452
5017,452
5018,452
5019,452
5020,452
5021,451
5022,449
5023,451
5024,452
5025,452
5026,452
5027,452
5028,452
5029,451
5030,451
5031,451
5032,451
5033,452
5034,452
5035,452
5036,451
5037,451
5038,450
5039,451
5040,451
5041,452
5042,452
5043,452
5044,452
5045,451
5047,451
5048,451
5049,451
5050,452
5051,452
5052,452
5053,452
5054,452
5055,452
5056,451
5057,451
5058,451
5059,452
5060,452
5061,452
5062,452
5063,451
5064,451
5065,451
5066,452
5067,452
5068,452
5069,452
5070,452
5071,451
5072,452
5073,452
5074,452
5075,452
5076,452
5077,452
5078,452
5079,451
5080,451
5081,451
5082,452
5083,452
5084,452
5085,452
5086,452
5087,451
5088,451
5090,452
5091,452
5092,452
5093,452
5094,453
5095,452
5096,452
5097,451
5098,452
5099,452
5100,452
5101,452
5102,452
5103,452
5104,451
5105,451
5106,451
5107,451
5108,452
5109,452
5110,452
5111,452
5112,452
5113,451
5114,452
5115,452
5116,452
5117,452
5118,452
5119,452
5120,451
5121,451
5122,451
5123,451
5124,451
5125,452
5126,452
5127,451
5128,451
5129,451
5130,451
5131,451
5133,451
5134,452
5135,452
5136,452
5137,451
5138,451
5139,451
5140,451
5141,451
5142,452
5143,452
5144,452
5145,451
5146,451
5147,451
5148,451
5149,451
5150,452
5151,452
5152,451
5153,452
5154,451
5155,451
5156,451
5157,451
5158,451
5159,452
5160,452
5161,451
5162,451
5163,451
5164,450
5165,451
5166,451
5167,451
5168,451
5169,451
5170,451
5171,451
5172,451
5173,451
5175,452
5176,451
5177,452
5178,451
5179,451
5180,451
5181,450
5182,451
5183,451
5184,451
5185,451
5186,451
5187,451
5188,451
5189,451
5190,451
5191,451
5192,452
5193,452
5194,452
5195,451
5196,451
5197,450
5198,451
5199,451
5200,451
5201,451
5202,451
5203,451
5204,450
5205,451
5206,451
5207,451
5208,451
5209,451
5210,451
5211,451
5212,450
5213,451
5214,451
5215,451
5216,451
5218,451
5219,451
5220,451
5221,451
5222,451
5223,450
5224,451
5225,451
5226,451
5227,451
5228,451
5229,451
5230,450
5231,450
5232,451
5233,452
5234,452
5235,452
5236,451
5237,450
5238,450
5239,450
5240,450
5241,451
5242,451
5243,451
5244,451
5245,450
5246,450
5247,450
5248,450
5249,451
5250,451
5251,451
5252,451
5253,451
5254,451
5255,450
5256,451
5257,451
5258,451
5259,451
5261,451
5262,451
5263,450
5264,450
5265,450
5266,451
5267,451
5268,451
5269,451
5270,451
5271,450
5272,450
5273,451
5274,452
5275,452
5276,451
5277,451
5278,451
5279,450
5280,450
5281,450
5282,451
5283,451
5284,452
5285,451
5286,451
5287,451
5288,451
5289,451
5290,451
5291,451
5292,452
5293,452
5294,452
5295,451
5296,451
5297,451
5298,451
5299,451
5300,452
5301,451
5303,451
5304,451
5305,451
5306,451
5307,451
5308,451
5309,451
5310,452
5311,451
5312,451
5313,451
5314,451
5315,451
5316,451
5317,452
5318,452
5319,452
5320,451
5321,451
5322,451
5323,451
5324,451
5325,452
5326,452
5327,452
5328,451
5329,451
5330,451
5331,451
5332,451
5333,452
5334,452
5335,452
5336,452
5337,451
5338,451
5339,451
5340,451
5341,452
5342,452
5343,452
5344,452
5346,451
5347,451
5348,451
5349,451
5350,452
5351,452
5352,452
5353,452
5354,452
5355,452
5356,451
5357,451
5358,452
5359,452
5360,452
5361,452
5362,451
5363,451
5364,451
5365,452
5366,452
5367,452
5368,452
5369,452
5370,452
5371,452
5372,451
5373,452
5374,453
5375,452
5376,452
5377,452
5378,449
5379,451
5380,451
5381,452
5382,452
5383,451
5384,452
5385,452
5386,452
5387,452
5389,452
5390,452
5391,452
5392,453
5393,453
5394,454
5395,453
5396,452
5397,452
5398,452
5399,452
5400,451
5401,453
5402,453
5403,453
5404,452
5405,452
5406,452
5407,452
5408,453
5409,453
5410,453
5411,452
5412,452
5413,452
5414,453
5415,453
5416,453
5417,453
5418,453
5419,453
5420,452
5421,452
5422,452
5423,452
5424,453
5425,454
5426,453
5427,453
5428,453
5429,453
5431,452
5432,453
5433,453
5434,454
5435,454
5436,453
5437,453
5438,453
5439,453
5440,453
5441,453
5442,454
5443,454
5444,454
5445,453
5446,453
5447,453
5448,453
5449,453
5450,454
5451,454
5452,453
5453,454
5454,453
5455,453
5456,453
5457,453
5458,454
5459,454
5460,454
5461,453
5462,453
5463,452
5464,453
5465,453
5466,453
5467,453
5468,454
5469,453
5470,453
5471,453
5472,453
5474,453
5475,454
5476,454
5477,453
5478,453
5479,453
5480,452
5481,452
5482,453
5483,453
5484,453
5485,453
5486,453
5487,452
5488,452
5489,452
5490,453
5491,453
5492,453
5493,453
5494,453
5495,453
5496,452
5497,452
5498,452
5499,452
5500,453
5501,452
5502,452
5503,452
5504,452
5505,451
5506,452
5507,452
5508,452
5509,453
5510,452
5511,452
5512,451
5513,452
5514,452
5515,451
5517,451
5518,452
5519,452
5520,451
5521,451
5522,450
5523,451
5524,451
5525,451
5526,451
5527,451
5528,451
5529,450
5530,450
5531,450
5532,450
5533,451
5534,452
5535,451
5536,450
5537,450
5538,450
5539,450
5540,450
5541,450
5542,451
5543,451
5544,451
5545,450
5546,450
5547,450
5548,450
5549,450
5550,450
5551,451
5552,450
5553,451
5554,450
5555,450
5556,450
5557,451
5559,451
5560,451
5561,450
5562,450
5563,450
5564,450
5565,450
5566,450
5567,451
5568,451
5569,451
5570,450
5571,450
5572,450
5573,451
5574,451
5575,452
5576,451
5577,451
5578,450
5579,450
5580,450
5581,450
5582,450
5583,451
5584,451
5585,451
5586,451
5587,451
5588,450
5589,450
5590,451
5591,451
5592,451
5593,452
5594,452
5595,451
5596,451
5597,451
5598,451
5599,451
5600,452
5602,452
5603,451
5604,451
5605,451
5606,451
5607,451
5608,452
5609,452
5610,452
5611,452
5612,451
5613,451
5614,452
5615,452
5616,452
5617,452
5618,452
5619,452
5620,452
5621,451
5622,452
5623,452
5624,452
5625,452
5626,453
5627,453
5628,452
5629,452
5630,452
5631,452
5632,453
5633,454
5634,454
5635,453
5636,453
5637,452
5638,452
5639,452
5640,453
5641,453
5642,453
5643,453
5645,453
5646,452
5647,452
5648,452
5649,453
5650,454
5651,454
5652,454
5653,453
5654,453
5655,453
5656,453
5657,453
5658,453
5659,454
5660,454
5661,454
5662,453
5663,453
5664,453
5665,453
5666,454
5667,454
5668,454
5669,454
5670,454
5671,453
5672,454
5673,454
5674,455
5675,455
5676,455
5677,454
5678,454
5679,453
5680,453
5681,454
5682,454
5683,454
5684,455
5685,454
5687,454
5688,454
5689,454
5690,454
5691,454
5692,455
5693,455
5694,455
5695,455
5696,454
5697,454
5698,454
5699,453
5700,455
5701,455
5702,455
5703,453
5704,454
5705,454
5706,454
5707,454
5708,455
5709,455
5710,455
5711,454
5712,454
5713,454
5714,454
5715,454
5716,455
5717,455
5718,455
5719,454
5720,454
5721,454
5722,454
5723,454
5724,454
5725,455
5726,455
5727,454
5728,454
5730,454
5731,454
5732,454
5733,454
5734,455
5735,455
5736,454
5737,454
5738,454
5739,453
5740,454
5741,454
5742,455
5743,454
5744,454
5745,454
5746,453
5747,454
5748,454
5749,454
5750,454
5751,454
5752,454
5753,454
5754,454
5755,454
5756,454
5757,454
5758,454
5759,455
5760,454
5761,454
5762,453
5763,454
5764,454
5765,454
5766,454
5767,454
5768,454
5769,454
5770,453
5771,453
5773,454
5774,455
5775,455
5776,454
5777,454
5778,454
5779,453
5780,453
5781,453
5782,454
5783,454
5784,454
5785,454
5786,454
5787,454
5788,454
5789,453
5790,454
5791,454
5792,454
5793,455
5794,454
5795,454
5796,453
5797,453
5798,453
5799,454
5800,454
5801,454
5802,454
5803,454
5804,453
5805,453
5806,454
5807,454
5808,454
5809,454
5810,454
5811,454
5812,453
5813,454
5815,454
5816,454
5817,454
5818,454
5819,454
5820,454
5821,453
5822,453
5823,453
5824,453
5825,454
5826,454
5827,454
5828,454
5829,453
5830,453
5831,453
5832,454
5833,454
5834,454
5835,455
5836,454
5837,453
5838,453
5839,453
5840,454
5841,454
5842,454
5843,454
5844,454
5845,453
5846,453
5847,453
5848,454
5849,454
5850,454
5851,454
5852,454
5853,454
5854,454
5855,453
5856,454
5858,454
5859,454
5860,454
5861,454
5862,453
5863,453
5864,453
5865,453
5866,454
5867,454
5868,454
5869,454
5870,454
5871,454
5872,453
5873,454
5874,454
5875,455
5876,454
5877,454
5878,454
5879,454
5880,453
5881,453
5882,453
5883,454
5884,454
5885,454
5886,454
5887,453
5888,453
5889,454
5890,454
5891,454
5892,454
5893,455
5894,455
5895,454
5896,453
5897,453
5898,454
5899,454
5901,454
5902,454
5903,454
5904,454
5905,453
5906,454
5907,454
5908,454
5909,454
5910,454
5911,454
5912,454
5913,454
5914,454
5915,454
5916,454
5917,454
5918,454
5919,454
5920,453
5921,453
5922,453
5923,454
5924,454
5925,454
5926,454
5927,454
5928,454
5929,453
5930,453
5931,453
5932,454
5933,454
5934,454
5935,454
5936,453
5937,453
5938,453
5939,453
5940,454
5941,454
5943,454
5944,454
5945,453
5946,453
5947,453
5948,453
5949,453
5950,454
5951,454
5952,454
5953,453
5954,454
5955,453
5956,453
5957,453
5958,454
5959,454
5960,454
5961,453
5962,453
5963,453
5964,453
5965,453
5966,454
5967,454
5968,454
5969,454
5970,453
5971,453
5972,453
5973,454
5974,454
5975,454
5976,454
5977,453
5978,453
5979,453
5980,453
5981,453
5982,453
5983,453
5984,454
5986,453
5987,453
5988,453
5989,453
5990,453
5991,453
5992,454
5993,454
5994,454
5995,454
5996,453
5997,453
5998,453
5999,453
6000,454
6001,454
6002,453
6003,453
6004,453
6005,453
6006,453
6007,453
6008,454
6009,454
6010,454
6011,453
6012,453
6013,453
6014,453
6015,454
6016,454
6017,454
6018,454
6019,453
6020,453
6021,453
6022,453
6023,453
6024,454
6025,454
6026,454
6027,453
6029,453
6030,453
6031,453
6032,453
6033,453
6034,454
6035,454
6036,453
6037,453
6038,453
6039,453
6040,453
6041,453
6042,454
6043,454
6044,454
6045,453
6046,453
6047,453
6048,453
6049,453
6050,453
6051,454
6052,454
6053,454
6054,453
6055,453
6056,453
6057,453
6058,453
6059,454
6060,453
6061,453
6062,452
6063,452
6064,453
6065,453
6066,453
6067,454
6068,454
6069,453
6071,453
6072,453
6073,453
6074,454
6075,454
6076,453
6077,453
6078,453
6079,453
6080,452
6081,452
6082,453
6083,453
6084,454
6085,454
6086,453
6087,453
6088,453
6089,452
6090,453
6091,453
6092,454
6093,454
6094,454
6095,453
6096,453
6097,453
6098,453
6099,453
6100,454
6101,454
6102,453
6103,453
6104,453
6105,453
6106,453
6107,453
6108,454
6109,454
6110,454
6111,453
6112,453
6114,453
6115,453
6116,453
6117,453
6118,454
6119,454
6120,453
6121,453
6122,453
6123,453
6124,453
6125,453
6126,453
6127,453
6128,453
6129,453
6130,452
6131,453
6132,453
6133,453
6134,454
6135,454
6136,453
6137,452
6138,453
6139,453
6140,453
6141,453
6142,454
6143,453
6144,453
6145,453
6146,452
6147,453
6148,453
6149,453
6150,454
6151,454
6152,453
6153,453
6154,453
6155,453
6157,453
6158,453
6159,453
6160,453
6161,453
6162,453
6163,453
6164,453
6165,452
6166,453
6167,454
6168,454
6169,453
6170,453
6171,453
6172,453
6173,453
6174,454
6175,454
6176,454
6177,454
6178,453
6179,452
6180,453
6181,452
6182,453
6183,453
6184,453
6185,453
6186,453
6187,452
6188,452
6189,453
6190,453
6191,453
6192,453
6193,454
6194,454
6195,453
6196,452
6197,453
6199,453
6200,453
6201,454
6202,453
6203,453
6204,452
6205,452
6206,453
6207,453
6208,453
6209,453
6210,453
6211,453
6212,452
6213,452
6214,453
6215,453
6216,453
6217,453
6218,453
6219,453
6220,453
6221,452
6222,453
6223,452
6224,453
6225,453
6226,453
6227,452
6228,453
6229,452
6230,453
6231,452
6232,453
6233,454
6234,454
6235,453
6236,452
6237,452
6238,452
6239,452
6240,453
6242,453
6243,453
6244,453
6245,453
6246,452
6247,452
6248,452
6249,453
6250,453
6251,453
6252,453
6253,453
6254,453
6255,453
6256,452
6257,453
6258,453
6259,453
6260,453
6261,453
6262,452
6263,452
6264,452
6265,453
6266,453
6267,453
6268,452
6269,453
6270,453
6271,453
6272,452
6273,453
6274,454
6275,454
6276,453
6277,453
6278,453
6279,452
6280,452
6281,453
6282,453
6283,454
6285,453
6286,453
6287,453
6288,453
6289,453
6290,453
6291,453
6292,453
6293,453
6294,454
6295,453
6296,453
6297,451
6298,453
6299,453
6300,453
6301,453
6302,453
6303,453
6304,452
6305,453
6306,452
6307,453
6308,453
6309,453
6310,453
6311,453
6312,453
6313,453
6314,453
6315,453
6316,453
6317,453
6318,453
6319,453
6320,453
6321,453
6322,452
6323,453
6324,453
6325,454
6327,453
6328,453
6329,453
6330,452
6331,453
6332,453
6333,453
6334,454
6335,454
6336,453
6337,453
6338,452
6339,452
6340,453
6341,453
6342,453
6343,453
6344,453
6345,452
6346,452
6347,452
6348,452
6349,453
6350,453
6351,453
6352,453
6353,453
6354,453
6355,453
6356,453
6357,453
6358,453
6359,447
6360,453
6361,453
6362,453
6363,452
6364,452
6365,453
6366,453
6367,453
6368,453
6370,453
6371,452
6372,452
6373,452
6374,453
6375,454
6376,453
6377,453
6378,453
6379,452
6380,452
6381,452
6382,452
6383,451
6384,453
6385,453
6386,453
6387,452
6388,452
6389,452
6390,451
6391,453
6392,453
6393,454
6394,453
6395,453
6396,452
6397,452
6398,453
6399,449
6400,453
6401,453
6402,453
6403,452
6404,452
6405,452
6406,452
6407,453
6408,453
6409,453
6410,453
6411,453
6413,452
6414,453
6415,453
6416,453
6417,453
6418,453
6419,453
6420,452
6421,452
6422,452
6423,452
6424,453
6425,453
6426,453
6427,453
6428,452
6429,452
6430,452
6431,452
6432,453
6433,453
6434,453
6435,453
6436,453
6437,452
6438,452
6439,452
6440,452
6441,453
6442,453
6443,453
6444,453
6445,452
6446,452
6447,452
6448,453
6449,453
6450,453
6451,453
6452,453
6453,453
6455,453
6456,452
6457,452
6458,453
6459,453
6460,453
6461,453
6462,453
6463,452
6464,452
6465,452
6466,452
6467,453
6468,453
6469,453
6470,452
6471,452
6472,452
6473,452
6474,453
6475,454
6476,453
6477,453
6478,453
6479,452
6480,452
6481,452
6482,452
6483,453
6484,453
6485,453
6486,453
6487,452
6488,452
6489,452
6490,453
6491,453
6492,453
6493,454
6494,453
6495,452
6496,452
6498,452
6499,452
6500,453
6501,453
6502,453
6503,452
6504,452
6505,452
6506,452
6507,453
6508,453
6509,453
6510,453
6511,453
6512,452
6513,452
6514,453
6515,453
6516,453
6517,454
6518,453
6519,453
6520,453
6521,452
6522,452
6523,452
6524,453
6525,453
6526,453
6527,453
6528,453
6529,452
6530,452
6531,453
6532,453
6533,453
6534,454
6535,453
6536,452
6537,452
6538,452
6539,453
6541,453
6542,453
6543,453
6544,453
6545,453
6546,452
6547,452
6548,452
6549,453
6550,453
6551,453
6552,453
6553,453
6554,453
6555,453
6556,452
6557,453
6558,453
6559,453
6560,453
6561,453
6562,452
6563,452
6564,452
6565,453
6566,453
6567,453
6568,453
6569,453
6570,452
6571,452
6572,452
6573,453
6574,453
6575,454
6576,453
6577,453
6578,452
6579,452
6580,452
6581,452
6583,453
6584,453
6585,453
6586,453
6587,452
6588,452
6589,452
6590,453
6591,453
6592,453
6593,453
6594,454
6595,453
6596,452
6597,452
6598,452
6599,453
6600,453
6601,453
6602,453
6603,452
6604,453
6605,452
6606,452
6607,452
6608,453
6609,453
6610,453
6611,452
6612,452
6613,453
6614,453
6615,453
6616,453
6617,453
6618,453
6619,453
6620,452
6621,452
6622,452
6623,453
6624,453
6626,453
6627,453
6628,453
6629,452
6630,452
6631,452
6632,452
6633,453
6634,453
6635,454
6636,453
6637,452
6638,452
6639,452
6640,453
6641,453
6642,453
6643,453
6644,453
6645,452
6646,452
6647,452
6648,453
6649,453
6650,453
6651,453
6652,453
6653,453
6654,452
6655,452
6656,452
6657,453
6658,453
6659,453
6660,453
6661,452
6662,452
6663,452
6664,452
6665,452
6666,453
6667,453
6669,453
6670,452
6671,452
6672,452
6673,452
6674,453
6675,454
6676,453
6677,453
6678,453
6679,452
6680,452
6681,452
6682,452
6683,453
6684,453
6685,453
6686,453
6687,453
6688,452
6689,452
6690,452
6691,453
6692,453
6693,453
6694,453
6695,452
6696,452
6697,452
6698,452
6699,453
6700,453
6701,453
6702,452
6703,452
6704,452
6705,452
6706,452
6707,452
6708,453
6709,453
6711,453
6712,452
6713,452
6714,452
6715,453
6716,452
6717,453
6718,452
6719,452
6720,452
6721,452
6722,452
6723,452
6724,452
6725,453
6726,453
6727,453
6728,452
6729,452
6730,452
6731,452
6732,453
6733,453
6734,453
6735,453
6736,452
6737,452
6738,452
6739,452
6740,452
6741,453
6742,453
6743,453
6744,452
6745,452
6746,452
6747,452
6748,453
6749,453
6750,453
6751,453
6752,453
6754,453
6755,453
6756,452
6757,453
6758,453
6759,453
6760,453
6761,453
6762,452
6763,452
6764,452
6765,452
6766,453
6767,453
6768,453
6769,453
6770,453
6771,452
6772,452
6773,453
6774,453
6775,454
6776,453
6777,453
6778,452
6779,452
6780,452
6781,452
6782,452
6783,453
6784,453
6785,453
6786,452
6787,452
6788,452
6789,452
6790,453
6791,453
6792,453
6793,453
6794,453
6795,453
6797,452
6798,452
6799,453
6800,453
6801,453
6802,453
6803,453
6804,452
6805,452
6806,452
6807,453
6808,453
6809,453
6810,453
6811,453
6812,452
6813,452
6814,453
6815,453
6816,453
6817,453
6818,453
6819,453
6820,453
6821,452
6822,452
6823,452
6824,453
6825,453
6826,453
6827,453
6828,452
6829,452
6830,452
6831,453
6832,453
6833,454
6834,454
6835,453
6836,453
6837,452
6839,452
6840,452
6841,453
6842,453
6843,453
6844,453
6845,453
6846,452
6847,452
6848,452
6849,453
6850,453
6851,453
6852,453
6853,453
6854,453
6855,453
6856,452
6857,453
6858,453
6859,453
6860,453
6861,453
6862,452
6863,452
6864,452
6865,453
6866,453
6867,453
6868,453
6869,453
6870,452
6871,452
6872,452
6873,454
6874,454
6875,453
6876,453
6877,453
6878,452
6879,452
6880,452
6882,452
6883,453
6884,453
6885,453
6886,453
6887,452
6888,452
6889,452
6890,452
6891,453
6892,453
6893,453
6894,453
6895,453
6896,452
6897,452
6898,452
6899,452
6900,448
6901,453
6902,453
6903,452
6904,452
6905,451
6906,452
6907,453
6908,453
6909,453
6910,453
6911,452
6912,452
6913,453
6914,453
6915,453
6916,453
6917,453
6918,453
6919,453
6920,451
6921,452
6922,453
6923,453
6925,453
6926,453
6927,453
6928,453
6929,452
6930,452
6931,452
6932,453
6933,453
6934,454
6935,453
6936,453
6937,452
6938,452
6939,452
6940,453
6941,453
6942,453
6943,453
6944,453
6945,453
6946,452
6947,453
6948,453
6949,453
6950,453
6951,453
6952,453
6953,453
6954,453
6955,453
6956,453
6957,453
6958,453
6959,453
6960,453
6961,453
6962,452
6963,452
6964,452
6965,453
6967,453
6968,453
6969,453
6970,453
6971,452
6972,452
6973,453
6974,454
6975,454
6976,453
6977,453
6978,453
6979,453
6980,452
6981,452
6982,452
6983,453
6984,453
6985,453
6986,453
6987,453
6988,452
6989,453
6990,453
6991,453
6992,453
6993,453
6994,453
6995,453
6996,452
6997,452
6998,453
6999,453
7000,453
7001,453
7002,453
7003,453
7004,453
7005,453
7006,453
7007,453
7008,453
7010,453
7011,453
7012,452
7013,452
7014,453
7015,453
7016,453
7017,453
7018,454
7019,453
7020,453
7021,452
7022,452
7023,453
7024,453
7025,453
7026,453
7027,453
7028,453
7029,452
7030,452
7031,453
7032,453
7033,454
7034,454
7035,454
7036,453
7037,453
7038,453
7039,453
7040,453
7041,453
7042,454
7043,453
7044,453
7045,452
7046,452
7047,453
7048,453
7049,453
7050,453
7051,453
7053,453
7054,453
7055,453
7056,452
7057,453
7058,453
7059,453
7060,453
7061,453
7062,452
7063,452
7064,452
7065,452
7066,453
7067,453
7068,453
7069,453
7070,453
7071,453
7072,452
7073,453
7074,454
7075,454
7076,453
7077,453
7078,453
7079,452
7080,452
7081,453
7082,453
7083,453
7084,453
7085,453
7086,453
7087,453
7088,452
7089,453
7090,453
7091,454
7092,453
7093,454
7095,453
7096,453
7097,452
7098,452
7099,453
7100,453
7101,454
7102,453
7103,453
7104,452
7105,452
7106,452
7107,453
7108,453
7109,453
7110,453
7111,453
7112,452
7113,452
7114,453
7115,453
7116,453
7117,453
7118,453
7119,453
7120,452
7121,452
7122,452
7123,453
7124,453
7125,453
7126,453
7127,453
7128,453
7129,452
7130,452
7131,453
7132,453
7133,453
7134,454
7135,453
7136,452
7138,452
7139,452
7140,452
7141,453
7142,453
7143,453
7144,453
7145,453
7146,452
7147,452
7148,453
7149,453
7150,453
7151,453
7152,453
7153,453
7154,453
7155,453
7156,452
7157,453
7158,453
7159,453
7160,453
7161,453
7162,453
7163,452
7164,453
7165,453
7166,453
7167,453
7168,453
7169,453
7170,453
7171,453
7172,452
7173,454
7174,454
7175,454
7176,454
7177,453
7178,453
7179,453
7181,453
7182,453
7183,453
7184,453
7185,453
7186,453
7187,453
7188,452
7189,453
7190,453
7191,453
7192,453
7193,453
7194,454
7195,453
7196,452
7197,453
7198,453
7199,453
7200,454
7201,453
7202,453
7203,453
7204,453
7205,453
7206,453
7207,453
7208,453
7209,454
7210,453
7211,453
7212,453
7213,453
7214,453
7215,454
7216,453
7217,453
7218,453
7219,453
7220,453
7221,453
7223,452
7224,453
7225,453
7226,453
7227,453
7228,453
7229,453
7230,453
7231,453
7232,453
7233,453
7234,454
7235,454
7236,453
7237,452
7238,452
7239,452
7240,453
7241,453
7242,454
7243,454
7244,453
7245,453
7246,452
7247,452
7248,453
7249,453
7250,453
7251,454
7252,453
7253,453
7254,453
7255,453
7256,453
7257,453
7258,454
7259,453
7260,453
7261,453
7262,453
7263,453
7264,452
7266,453
7267,454
7268,454
7269,453
7270,453
7271,453
7272,453
7273,453
7274,454
7275,454
7276,453
7277,453
7278,453
7279,452
7280,453
7281,452
7282,453
7283,454
7284,453
7285,452
7286,453
7287,453
7288,453
7289,453
7290,453
7291,453
7292,453
7293,454
7294,454
7295,453
7296,453
7297,453
7298,453
7299,453
7300,454
7301,454
7302,453
7303,453
7304,453
7305,453
7306,453
7307,453
7309,454
7310,454
7311,453
7312,453
7313,453
7314,453
7315,454
7316,454
7317,453
7318,453
7319,453
7320,453
7321,453
7322,453
7323,453
7324,453
7325,454
7326,454
7327,453
7328,453
7329,453
7330,453
7331,453
7332,453
7333,454
7334,454
7335,454
7336,453
7337,453
7338,453
7339,453
7340,453
7341,454
7342,454
7343,453
7344,453
7345,453
7346,453
7347,453
7348,453
7349,453
7351,454
7352,453
7353,453
7354,454
7355,453
7356,453
7357,453
7358,453
7359,454
7360,453
7361,453
7362,453
7363,453
7364,452
7365,453
7366,454
7367,454
7368,454
7369,453
7370,453
7371,453
7372,453
7373,453
7374,454
7375,454
7376,454
7377,453
7378,453
7379,453
7380,453
7381,453
7382,453
7383,453
7384,454
7385,453
7386,453
7387,453
7388,453
7389,453
7390,453
7391,453
7392,454
7394,454
7395,453
7396,453
7397,453
7398,451
7399,453
7400,454
7401,453
7402,454
7403,453
7404,453
7405,453
7406,453
7407,452
7408,453
7409,454
7410,454
7411,453
7412,453
7413,453
7414,453
7415,454
7416,454
7417,454
7418,453
7419,453
7420,453
7421,453
7422,453
7423,453
7424,453
7425,454
7426,454
7427,453
7428,453
7429,453
7430,453
7431,453
7432,453
7433,454
7434,454
7435,453
7437,453
7438,453
7439,453
7440,453
7441,453
7442,453
7443,454
7444,453
7445,453
7446,453
7447,452
7448,453
7449,453
7450,454
7451,454
7452,453
7453,453
7454,453
7455,453
7456,453
7457,453
7458,453
7459,454
7460,453
7461,453
7462,453
7463,452
7464,453
7465,453
7466,453
7467,454
7468,453
7469,453
7470,453
7471,453
7472,453
7473,454
7474,454
7475,454
7476,454
7477,453
7479,453
7480,453
7481,453
7482,453
7483,454
7484,454
7485,453
7486,453
7487,453
7488,453
7489,453
7490,453
7491,453
7492,454
7493,454
7494,454
7495,453
7496,453
7497,453
7498,453
7499,453
7500,453
7501,451
7502,453
7503,453
7504,453
7505,453
7506,453
7507,453
7508,453
7509,454
7510,453
7511,453
7512,453
7513,453
7514,453
7515,454
7516,453
7517,454
7518,454
7519,453
7520,452
7522,452
7523,453
7524,453
7525,453
7526,454
7527,453
7528,453
7529,453
7530,453
7531,453
7532,453
7533,453
7534,454
7535,454
7536,453
7537,453
7538,453
7539,453
7540,453
7541,453
7542,454
7543,453
7544,453
7545,453
7546,453
7547,453
7548,453
7549,453
7550,453
7551,453
7552,453
7553,453
7554,453
7555,453
7556,453
7557,453
7558,453
7559,453
7560,453
7561,453
7562,453
7563,453
7565,453
7566,453
7567,454
7568,454
7569,453
7570,452
7571,453
7572,453
7573,453
7574,453
7575,454
7576,454
7577,454
7578,453
7579,451
7580,452
7581,452
7582,453
7583,454
7584,453
7585,453
7586,453
7587,453
7588,453
7589,453
7590,452
7591,453
7592,454
7593,454
7594,453
7595,453
7596,453
7597,453
7598,453
7599,453
7600,453
7601,453
7602,453
7603,453
7604,453
7605,453
7607,452
7608,453
7609,454
7610,454
7611,453
7612,453
7613,453
7614,453
7615,453
7616,454
7617,454
7618,453
7619,453
7620,453
7621,453
7622,453
7623,453
7624,453
7625,454
7626,454
7627,453
7628,453
7629,453
7630,453
7631,453
7632,453
7633,454
7634,454
7635,454
7636,453
7637,453
7638,453
7639,453
7640,453
7641,453
7642,453
7643,453
7644,453
7645,453
7646,452
7647,453
7648,453
7650,453
7651,453
7652,453
7653,453
7654,453
7655,453
7656,453
7657,453
7658,454
7659,453
7660,451
7661,453
7662,453
7663,453
7664,452
7665,451
7666,453
7667,454
7668,453
7669,453
7670,453
7671,452
7672,452
7673,452
7674,454
7675,454
7676,454
7677,453
7678,453
7679,453
7680,453
7681,452
7682,452
7683,453
7684,453
7685,453
7686,453
7687,453
7688,453
7689,453
7690,453
7691,454
7693,454
7694,454
7695,453
7696,453
7697,453
7698,453
7699,453
7700,453
7701,453
7702,453
7703,453
7704,453
7705,453
7706,453
7707,453
7708,454
7709,454
7710,454
7711,453
7712,453
7713,453
7714,453
7715,454
7716,454
7717,454
7718,454
7719,453
7720,453
7721,453
7722,453
7723,453
7724,453
7725,454
7726,454
7727,453
7728,453
7729,452
7730,452
7731,453
7732,453
7733,454
7735,454
7736,454
7737,453
7738,452
7739,453
7740,453
7741,453
7742,454
7743,454
7744,453
7745,453
7746,452
7747,453
7748,453
7749,453
7750,454
7751,454
7752,453
7753,453
7754,453
7755,453
7756,453
7757,453
7758,453
7759,454
7760,453
7761,453
7762,452
7763,453
7764,453
7765,453
7766,453
7767,453
7768,453
7769,453
7770,453
7771,452
7772,452
7773,454
7774,454
7775,454
7776,454
7778,453
7779,453
7780,452
7781,451
7782,453
7783,453
7784,454
7785,454
7786,453
7787,453
7788,453
7789,453
7790,453
7791,453
7792,454
7793,454
7794,454
7795,454
7796,453
7797,453
7798,453
7799,453
7800,454
7801,454
7802,453
7803,453
7804,453
7805,453
7806,453
7807,454
7808,454
7809,454
7810,453
7811,453
7812,453
7813,453
7814,453
7815,454
7816,454
7817,454
7818,453
7819,453
7821,453
7822,452
7823,453
7824,453
7825,453
7826,454
7827,454
7828,453
7829,453
7830,453
7831,453
7832,453
7833,454
7834,454
7835,454
7836,453
7837,453
7838,453
7839,453
7840,453
7841,453
7842,454
7843,454
7844,453
7845,453
7846,453
7847,453
7848,453
7849,454
7850,454
7851,454
7852,453
7853,453
7854,453
7855,453
7856,453
7857,453
7858,453
7859,454
7860,453
7861,453
7863,452
7864,452
7865,453
7866,453
7867,454
7868,453
7869,453
7870,453
7871,453
7872,453
7873,453
7874,454
7875,454
7876,454
7877,454
7878,453
7879,453
7880,452
7881,453
7882,453
7883,453
7884,454
7885,454
7886,453
7887,453
7888,453
7889,453
7890,453
7891,454
7892,454
7893,454
7894,454
7895,454
7896,453
7897,453
7898,453
7899,453
7900,454
7901,453
7902,453
7903,453
7904,453
7906,453
7907,453
7908,454
7909,454
7910,454
7911,453
7912,453
7913,453
7914,453
7915,454
7916,453
7917,453
7918,454
7919,453
7920,453
7921,453
7922,453
7923,453
7924,453
7925,454
7926,453
7927,453
7928,453
7929,453
7930,453
7931,453
7932,453
7933,454
7934,454
7935,454
7936,453
7937,453
7938,453
7939,453
7940,453
7941,454
7942,454
7943,453
7944,453
7945,453
7946,453
7947,453
7949,453
7950,453
7951,454
7952,454
7953,453
7954,453
7955,453
7956,453
7957,453
7958,454
7959,453
7960,453
7961,453
7962,453
7963,453
7964,453
7965,453
7966,453
7967,454
7968,454
7969,453
7970,453
7971,453
7972,453
7973,453
7974,454
7975,454
7976,454
7977,453
7978,453
7979,453
7980,453
7981,453
7982,454
7983,454
7984,454
7985,453
7986,453
7987,453
7988,453
7989,453
7991,453
7992,454
7993,454
7994,454
7995,454
7996,453
7997,453
7998,450
7999,453
8000,453
8001,454
8002,453
8003,453
8004,453
8005,452
8006,453
8007,453
8008,454
8009,454
8010,453
8011,453
8012,453
8013,453
8014,453
8015,454
8016,454
8017,454
8018,453
8019,453
8020,453
8021,453
8022,453
8023,453
8024,453
8025,454
8026,454
8027,453
8028,453
8029,453
8030,453
8031,453
8032,453
8034,454
8035,454
8036,454
8037,453
8038,453
8039,453
8040,453
8041,454
8042,454
8043,453
8044,453
8045,453
8046,453
8047,453
8048,453
8049,453
8050,454
8051,454
8052,453
8053,453
8054,453
8055,454
8056,453
8057,453
8058,454
8059,453
8060,453
8061,453
8062,453
8063,452
8064,453
8065,453
8066,454
8067,454
8068,454
8069,453
8070,453
8071,453
8072,453
8073,454
8074,454
8075,454
8077,454
8078,453
8079,453
8080,453
8081,453
8082,453
8083,453
8084,454
8085,454
8086,453
8087,453
8088,453
8089,453
8090,453
8091,453
8092,454
8093,454
8094,454
8095,453
8096,453
8097,453
8098,453
8099,453
8100,454
8101,453
8102,453
8103,453
8104,453
8105,453
8106,453
8107,453
8108,454
8109,454
8110,453
8111,453
8112,453
8113,453
8114,454
8115,454
8116,454
8117,454
8119,454
8120,453
8121,453
8122,453
8123,453
8124,453
8125,454
8126,454
8127,454
8128,453
8129,453
8130,452
8131,453
8132,453
8133,454
8134,454
8135,454
8136,453
8137,453
8138,453
8139,453
8140,453
8141,453
8142,454
8143,453
8144,453
8145,453
8146,453
8147,453
8148,453
8149,453
8150,454
8151,454
8152,453
8153,453
8154,453
8155,453
8156,453
8157,454
8158,454
8159,453
8160,453
8162,453
8163,453
8164,453
8165,453
8166,453
8167,454
8168,454
8169,453
8170,453
8171,453
8172,453
8173,453
8174,454
8175,454
8176,454
8177,453
8178,453
8179,453
8180,453
8181,453
8182,453
8183,453
8184,454
8185,453
8186,453
8187,453
8188,453
8189,453
8190,453
8191,454
8192,454
8193,454
8194,454
8195,453
8196,453
8197,453
8198,453
8199,454
8200,454
8201,454
8202,453
8203,453
8205,453
8206,453
8207,453
8208,454
8209,454
8210,454
8211,454
8212,453
8213,453
8214,453
8215,454
8216,454
8217,454
8218,454
8219,453
8220,453
8221,453
8222,453
8223,453
8224,453
8225,454
8226,454
8227,454
8228,453
8229,453
8230,453
8231,453
8232,454
8233,454
8234,454
8235,454
8236,453
8237,453
8238,453
8239,453
8240,454
8241,454
8242,454
8243,454
8244,453
8245,453
8247,453
8248,453
8249,453
8250,454
8251,454
8252,454
8253,453
8254,453
8255,453
8256,453
8257,453
8258,454
8259,454
8260,454
8261,453
8262,453
8263,453
8264,453
8265,453
8266,454
8267,454
8268,454
8269,454
8270,453
8271,453
8272,453
8273,453
8274,454
8275,455
8276,454
8277,453
8278,453
8279,453
8280,453
8281,453
8282,453
8283,454
8284,454
8285,453
8286,453
8287,453
8288,453
8290,453
8291,453
8292,454
8293,454
8294,454
8295,454
8296,453
8297,453
8298,453
8299,453
8300,454
8301,454
8302,454
8303,453
8304,453
8305,453
8306,453
8307,453
8308,454
8309,454
8310,453
8311,453
8312,453
8313,453
8314,454
8315,454
8316,454
8317,454
8318,454
8319,453
8320,453
8321,453
8322,453
8323,453
8324,454
8325,454
8326,454
8327,453
8328,453
8329,453
8330,453
8331,453
8333,453
8334,454
8335,454
8336,454
8337,453
8338,453
8339,453
8340,453
8341,454
8342,454
8343,454
8344,454
8345,453
8346,453
8347,453
8348,453
8349,453
8350,454
8351,454
8352,454
8353,453
8354,453
8355,453
8356,453
8357,453
8358,454
8359,454
8360,454
8361,453
8362,453
8363,453
8364,453
8365,453
8366,454
8367,454
8368,454
8369,453
8370,453
8371,453
8372,453
8373,454
8375,454
8376,454
8377,454
8378,453
8379,453
8380,453
8381,453
8382,453
8383,453
8384,454
8385,453
8386,453
8387,453
8388,453
8389,453
8390,453
8391,454
8392,454
8393,454
8394,454
8395,454
8396,453
8397,453
8398,453
8399,453
8400,454
8401,454
8402,454
8403,453
8404,453
8405,453
8406,453
8407,454
8408,454
8409,454
8410,453
8411,453
8412,453
8413,453
8414,454
8415,454
8416,454
8418,454
8419,453
8420,453
8421,453
8422,453
8423,453
8424,454
8425,454
8426,454
8427,453
8428,453
8429,453
8430,453
8431,453
8432,453
8433,454
8434,454
8435,454
8436,453
8437,453
8438,453
8439,453
8440,453
8441,453
8442,454
8443,453
8444,453
8445,453
8446,453
8447,453
8448,453
8449,453
8450,453
8451,453
8452,453
8453,453
8454,453
8455,453
8456,453
8457,453
8458,453
8459,453
8461,453
8462,453
8463,453
8464,452
8465,453
8466,453
8467,453
8468,453
8469,453
8470,453
8471,452
8472,453
8473,453
8474,454
8475,454
8476,454
8477,453
8478,453
8479,453
8480,452
8481,452
8482,453
8483,453
8484,453
8485,453
8486,453
8487,453
8488,453
8489,453
8490,453
8491,453
8492,454
8493,453
8494,454
8495,453
8496,453
8497,453
8498,453
8499,453
8500,454
8501,454
8503,453
8504,453
8505,453
8506,453
8507,453
8508,454
8509,454
8510,454
8511,453
8512,453
8513,453
8514,453
8515,454
8516,453
8517,453
8518,454
8519,453
8520,453
8521,453
8522,453
8523,453
8524,454
8525,454
8526,453
8527,453
8528,453
8529,453
8530,453
8531,453
8532,453
8533,454
8534,454
8535,454
8536,453
8537,453
8538,453
8539,453
8540,453
8541,454
8542,454
8543,454
8544,453
8546,453
8547,453
8548,453
8549,453
8550,454
8551,454
8552,453
8553,453
8554,453
8555,453
8556,453
8557,453
8558,453
8559,454
8560,454
8561,453
8562,453
8563,453
8564,453
8565,453
8566,453
8567,454
8568,453
8569,453
8570,453
8571,453
8572,453
8573,453
8574,454
8575,454
8576,454
8577,453
8578,452
8579,453
8580,452
8581,452
8582,453
8583,454
8584,453
8585,453
8586,453
8587,452
8589,452
8590,453
8591,453
8592,454
8593,454
8594,454
8595,454
8596,453
8597,452
8598,453
8599,453
8600,453
8601,453
8602,453
8603,453
8604,452
8605,452
8606,452
8607,453
8608,453
8609,453
8610,453
8611,453
8612,452
8613,452
8614,453
8615,453
8616,453
8617,453
8618,453
8619,453
8620,453
8621,452
8622,452
8623,453
8624,453
8625,453
8626,453
8627,453
8628,452
8629,452
8631,452
8632,453
8633,453
8634,454
8635,454
8636,453
8637,453
8638,452
8639,452
8640,453
8641,453
8642,453
8643,453
8644,453
8645,453
8646,452
8647,452
8648,453
8649,453
8650,453
8651,454
8652,453
8653,453
8654,453
8655,453
8656,453
8657,453
8658,454
8659,452
8660,451
8661,453
8662,453
8663,453
8664,453
8665,453
8666,453
8667,453
8668,453
8669,453
8670,453
8671,453
8672,453
8674,454
8675,454
8676,454
8677,454
8678,453
8679,453
8680,453
8681,453
8682,453
8683,453
8684,454
8685,454
8686,453
8687,453
8688,453
8689,453
8690,453
8691,454
8692,454
8693,454
8694,454
8695,453
8696,453
8697,453
8698,453
8699,453
8700,454
8701,454
8702,454
8703,453
8704,453
8705,453
8706,453
8707,453
8708,454
8709,454
8710,454
8711,453
8712,453
8713,453
8714,454
8715,454
8717,454
8718,454
8719,454
8720,453
8721,453
8722,453
8723,453
8724,453
8725,454
8726,454
8727,453
8728,453
8729,453
8730,453
8731,453
8732,453
8733,453
8734,454
8735,454
8736,453
8737,453
8738,453
8739,453
8740,453
8741,453
8742,454
8743,453
8744,453
8745,452
8746,452
8747,453
8748,453
8749,453
8750,453
8751,453
8752,453
8753,452
8754,453
8755,453
8756,452
8757,453
8759,453
8760,453
8761,453
8762,452
8763,452
8764,452
8765,452
8766,452
8767,453
8768,453
8769,453
8770,452
8771,452
8772,452
8773,452
8774,453
8775,453
8776,453
8777,452
8778,452
8779,452
8780,452
8781,452
8782,452
8783,453
8784,453
8785,453
8786,452
8787,452
8788,452
8789,452
8790,453
8791,453
8792,453
8793,453
8794,453
8795,453
8796,452
8797,452
8798,452
8799,453
8800,453
8802,453
8803,453
8804,452
8805,452
8806,452
8807,453
8808,453
8809,453
8810,453
8811,453
8812,453
8813,452
8814,453
8815,453
8816,453
8817,453
8818,453
8819,453
8820,453
8821,453
8822,452
8823,453
8824,453
8825,453
8826,453
8827,453
8828,453
8829,452
8830,453
8831,453
8832,453
8833,454
8834,454
8835,454
8836,453
8837,453
8838,450
8839,453
8840,453
8841,454
8842,454
8843,453
8845,453
8846,453
8847,453
8848,453
8849,453
8850,454
8851,453
8852,453
8853,453
8854,453
8855,453
8856,453
8857,453
8858,452
8859,452
8860,453
8861,453
8862,453
8863,452
8864,453
8865,453
8866,454
8867,454
8868,454
8869,453
8870,453
8871,453
8872,453
8873,453
8874,454
8875,454
8876,454
8877,453
8878,453
8879,453
8880,453
8881,453
8882,454
8883,453
8884,454
8885,453
8887,453
8888,453
8889,453
8890,453
8891,453
8892,454
8893,453
8894,454
8895,453
8896,453
8897,452
8898,453
8899,453
8900,453
8901,453
8902,453
8903,453
8904,452
8905,452
8906,452
8907,453
8908,453
8909,453
8910,453
8911,452
8912,452
8913,452
8914,452
8915,453
8916,452
8917,452
8918,452
8919,452
8920,451
8921,451
8922,451
8923,452
8924,451
8925,452
8926,452
8927,452
8928,451
8930,451
8931,452
8932,452
8933,451
8934,452
8935,453
8936,452
8937,450
8938,451
8939,451
8940,452
8941,451
8942,449
8943,452
8944,452
8945,450
8946,451
8947,451
8948,452
8949,452
8950,452
8951,452
8952,452
8953,451
8954,452
8955,452
8956,452
8957,451
8958,452
8959,452
8960,452
8961,451
8962,452
8963,452
8964,452
8965,452
8966,453
8967,453
8968,453
8969,452
8970,452
8971,452
8973,453
8974,453
8975,453
8976,454
8977,453
8978,452
8979,452
8980,452
8981,452
8982,453
8983,453
8984,453
8985,453
8986,453
8987,452
8988,453
8989,453
8990,453
8991,453
8992,454
8993,454
8994,454
8995,453
8996,453
8997,453
8998,453
8999,453
9000,453
9001,453
9002,453
9003,453
9004,453
9005,453
9006,453
9007,453
9008,454
9009,454
9010,453
9011,453
9012,453
9013,453
9015,454
9016,454
9017,453
9018,454
9019,453
9020,453
9021,453
9022,453
9023,453
9024,453
9025,454
9026,454
9027,453
9028,453
9029,452
9030,452
9031,453
9032,453
9033,453
9034,454
9035,454
9036,453
9037,452
9038,452
9039,452
9040,452
9041,451
9042,453
9043,453
9044,453
9045,452
9046,452
9047,451
9048,452
9049,453
9050,453
9051,453
9052,452
9053,452
9054,452
9055,452
9056,452
9058,453
9059,452
9060,453
9061,452
9062,452
9063,452
9064,452
9065,452
9066,452
9067,452
9068,452
9069,452
9070,452
9071,451
9072,451
9073,452
9074,452
9075,453
9076,452
9077,452
9078,451
9079,451
9080,451
9081,451
9082,452
9083,452
9084,452
9085,452
9086,451
9087,451
9088,451
9089,451
9090,452
9091,452
9092,452
9093,452
9094,452
9095,452
9096,451
9097,451
9098,452
9099,452
9101,452
9102,452
9103,452
9104,451
9105,451
9106,451
9107,452
9108,452
9109,452
9110,452
9111,452
9112,451
9113,451
9114,452
9115,452
9116,452
9117,452
9118,452
9119,452
9120,451
9121,452
9122,451
9123,452
9124,452
9125,453
9126,453
9127,452
9128,451
9129,452
9130,452
9131,452
9132,452
9133,453
9134,453
9135,453
9136,452
9137,452
9138,452
9139,452
9140,452
9141,453
9143,453
9144,453
9145,452
9146,452
9147,452
9148,452
9149,453
9150,453
9151,453
9152,453
9153,452
9154,453
9155,453
9156,453
9157,453
9158,453
9159,453
9160,453
9161,453
9162,452
9163,452
9164,452
9165,453
9166,453
9167,453
9168,453
9169,453
9170,452
9171,453
9172,453
9173,453
9174,454
9175,454
9176,453
9177,453
9178,452
9179,452
9180,452
9181,452
9182,453
9183,453
9184,453
9186,450
9187,452
9188,452
9189,452
9190,452
9191,453
9192,453
9193,453
9194,453
9195,453
9196,452
9197,452
9198,452
9199,452
9200,452
9201,452
9202,452
9203,452
9204,451
9205,451
9206,452
9207,452
9208,452
9209,452
9210,452
9211,452
9212,451
9213,451
9214,452
9215,452
9216,452
9217,452
9218,452
9219,451
9220,451
9221,451
9222,451
9223,451
9224,452
9225,452
9226,451
9227,451
9229,451
9230,451
9231,451
9232,451
9233,451
9234,452
9235,452
9236,451
9237,450
9238,450
9239,451
9240,451
9241,451
9242,451
9243,451
9244,451
9245,450
9246,450
9247,450
9248,450
9249,451
9250,451
9251,451
9252,451
9253,450
9254,451
9255,451
9256,451
9257,451
9258,451
9259,451
9260,451
9261,450
9262,450
9263,450
9264,451
9265,451
9266,451
9267,451
9268,451
9269,451
9271,451
9272,451
9273,451
9274,452
9275,452
9276,452
9277,452
9278,451
9279,451
9280,451
9281,451
9282,451
9283,452
9284,452
9285,452
9286,451
9287,451
9288,451
9289,451
9290,451
9291,452
9292,452
9293,452
9294,452
9295,452
9296,451
9297,451
9298,451
9299,448
9300,452
9301,452
9302,452
9303,452
9304,452
9305,451
9306,452
9307,452
9308,453
9309,453
9310,452
9311,452
9312,452
9314,452
9315,453
9316,453
9317,453
9318,453
9319,452
9320,452
9321,451
9322,452
9323,452
9324,452
9325,453
9326,453
9327,452
9328,452
9329,452
9330,452
9331,452
9332,452
9333,452
9334,453
9335,453
9336,452
9337,451
9338,451
9339,451
9340,452
9341,452
9342,452
9343,452
9344,452
9345,451
9346,451
9347,451
9348,452
9349,452
9350,452
9351,452
9352,452
9353,452
9354,452
9355,452
9357,452
9358,452
9359,452
9360,452
9361,451
9362,451
9363,451
9364,451
9365,451
9366,452
9367,452
9368,452
9369,451
9370,451
9371,451
9372,451
9373,451
9374,452
9375,452
9376,452
9377,451
9378,451
9379,450
9380,450
9381,451
9382,451
9383,451
9384,451
9385,451
9386,451
9387,450
9388,450
9389,450
9390,451
9391,451
9392,451
9393,451
9394,451
9395,451
9396,450
9397,450
9399,450
9400,451
9401,451
9402,451
9403,450
9404,450
9405,450
9406,450
9407,450
9408,450
9409,451
9410,451
9411,450
9412,450
9413,450
9414,451
9415,451
9416,451
9417,451
9418,451
9419,450
9420,450
9421,450
9422,450
9423,450
9424,451
9425,451
9426,451
9427,451
9428,450
9429,450
9430,450
9431,451
9432,451
9433,451
9434,452
9435,452
9436,451
9437,450
9438,451
9439,451
9440,451
9442,452
9443,452
9444,452
9445,451
9446,451
9447,451
9448,451
9449,452
9450,452
9451,452
9452,451
9453,451
9454,451
9455,452
9456,452
9457,452
9458,452
9459,452
9460,452
9461,451
9462,451
9463,451
9464,451
9465,452
9466,452
9467,452
9468,452
9469,451
9470,451
9471,452
9472,451
9473,451
9474,453
9475,453
9476,452
9477,452
9478,451
9479,451
9480,451
9481,452
9482,452
9483,452
9485,452
9486,452
9487,451
9488,451
9489,451
9490,452
9491,452
9492,452
9493,452
9494,452
9495,452
9496,452
9497,451
9498,451
9499,452
9500,452
9501,452
9502,452
9503,451
9504,451
9505,451
9506,451
9507,451
9508,452
9509,452
9510,451
9511,451
9512,451
9513,451
9514,451
9515,452
9516,451
9517,451
9518,451
9519,451
9520,450
9521,451
9522,451
9523,451
9524,451
9525,451
9527,451
9528,451
9529,450
9530,450
9531,450
9532,450
9533,451
9534,451
9535,451
9536,451
9537,450
9538,450
9539,450
9540,450
9541,450
9542,450
9543,450
9544,450
9545,449
9546,450
9547,449
9548,450
9549,450
9550,450
9551,450
9552,450
9553,450
9554,450
9555,450
9556,450
9557,450
9558,450
9559,449
9560,450
9561,449
9562,449
9563,448
9564,449
9565,450
9566,450
9567,450
9568,450
9570,450
9571,449
9572,450
9573,450
9574,451
9575,451
9576,451
9577,450
9578,450
9579,442
9580,449
9581,450
9582,450
9583,451
9584,451
9585,450
9586,450
9587,450
9588,450
9589,450
9590,451
9591,451
9592,451
9593,451
9594,451
9595,451
9596,450
9597,450
9598,451
9599,451
9600,451
9601,451
9602,451
9603,450
9604,450
9605,450
9606,451
9607,451
9608,451
9609,451
9610,451
9611,451
9613,451
9614,451
9615,451
9616,452
9617,451
9618,452
9619,451
9620,451
9621,450
9622,451
9623,451
9624,451
9625,451
9626,451
9627,451
9628,451
9629,451
9630,451
9631,451
9632,451
9633,451
9634,452
9635,451
9636,451
9637,451
9638,451
9639,451
9640,451
9641,451
9642,451
9643,452
9644,451
9645,451
9646,451
9647,451
9648,451
9649,451
9650,452
9651,451
9652,451
9653,450
9655,451
9656,451
9657,451
9658,451
9659,451
9660,451
9661,451
9662,450
9663,450
9664,450
9665,450
9666,451
9667,451
9668,451
9669,451
9670,450
9671,450
9672,450
9673,450
9674,451
9675,451
9676,451
9677,450
9678,449
9679,445
9680,449
9681,450
9682,450
9683,450
9684,450
9685,450
9686,450
9687,449
9688,449
9689,449
9690,450
9691,450
9692,450
9693,450
9694,450
9695,450
9696,449
9698,449
9699,449
9700,449
9701,446
9702,450
9703,450
9704,449
9705,449
9706,449
9707,449
9708,450
9709,450
9710,449
9711,449
9712,449
9713,449
9714,449
9715,449
9716,450
9717,450
9718,449
9719,449
9720,449
9721,449
9722,449
9723,449
9724,450
9725,450
9726,450
9727,450
9728,449
9729,449
9730,449
9731,449
9732,450
9733,450
9734,451
9735,451
9736,450
9737,450
9738,449
9739,450
9741,450
9742,451
9743,451
9744,451
9745,450
9746,450
9747,450
9748,450
9749,450
9750,451
9751,451
9752,451
9753,450
9754,450
9755,451
9756,450
9757,451
9758,450
9759,451
9760,451
9761,450
9762,450
9763,450
9764,450
9765,451
9766,451
9767,451
9768,451
9769,451
9770,450
9771,450
9772,450
9773,451
9774,451
9775,452
9776,451
9777,451
9778,450
9779,450
9780,450
9781,451
9783,451
9784,451
9785,451
9786,451
9787,450
9788,450
9789,450
9790,450
9791,451
9792,451
9793,451
9794,451
9795,451
9796,451
9797,450
9798,450
9799,451
9800,451
9801,451
9802,451
9803,450
9804,450
9805,450
9806,450
9807,451
9808,451
9809,451
9810,451
9811,450
9812,450
9813,450
9814,450
9815,451
9816,450
9817,451
9818,450
9819,450
9820,450
9821,450
9822,450
9823,450
9824,450
9826,450
9827,450
9828,450
9829,450
9830,450
9831,450
9832,450
9833,450
9834,451
9835,451
9836,450
9837,449
9838,449
9839,449
9840,450
9841,450
9842,450
9843,450
9844,450
9845,449
9846,449
9847,449
9848,449
9849,449
9850,450
9851,449
9852,449
9853,449
9854,449
9855,449
9856,449
9857,449
9858,449
9859,449
9860,449
9861,449
9862,448
9863,448
9864,449
9865,449
9866,449
9867,449
9869,449
9870,449
9871,449
9872,449
9873,449
9874,450
9875,450
9876,450
9877,450
9878,449
9879,449
9880,449
9881,449
9882,450
9883,450
9884,450
9885,450
9886,450
9887,449
9888,449
9889,449
9890,450
9891,450
9892,450
9893,450
9894,450
9895,450
9896,449
9897,449
9898,450
9899,450
9900,450
9901,450
9902,450
9903,450
9904,449
9905,450
9906,450
9907,450
9908,450
9909,450
9911,450
9912,450
9913,449
9914,450
9915,450
9916,451
9917,450
9918,450
9919,450
9920,450
9921,449
9922,449
9923,449
9924,450
9925,450
9926,450
9927,450
9928,450
9929,449
9930,450
9931,450
9932,450
9933,450
9934,451
9935,451
9936,450
9937,450
9938,449
9939,450
9940,447
9941,450
9942,450
9943,450
9944,450
9945,450
9946,449
9947,449
9948,450
9949,450
9950,450
9951,450
9952,450
9954,450
9955,450
9956,450
9957,450
9958,450
9959,451
9960,450
9961,446
9962,449
9963,450
9964,450
9965,450
9966,450
9967,450
9968,450
9969,450
9970,450
9971,450
9972,450
9973,450
9974,451
9975,451
9976,451
9977,450
9978,450
9979,449
9980,449
9981,450
9982,450
9983,450
9984,450
9985,450
9986,449
9987,449
9988,449
9989,449
9990,450
9991,450
9992,450
9993,450
9994,450
9995,449
9997,449
9998,449
9999,449
10000,450
10001,449
10002,449
10003,449
10004,449
10005,449
10006,449
10007,449
10008,449
10009,449
10010,449
10011,449
10012,449
10013,448
10014,449
10015,449
10016,449
10017,450
10018,449
10019,449
10020,449
10021,448
10022,449
10023,449
10024,449
10025,450
10026,450
10027,449
10028,449
10029,449
10030,449
10031,449
10032,450
10033,450
10034,450
10035,450
10036,449
10037,449
10039,449
10040,449
10041,450
10042,450
10043,450
10044,450
10045,449
10046,449
10047,449
10048,449
10049,450
10050,450
10051,450
10052,450
10053,449
10054,449
10055,450
10056,450
10057,450
10058,450
10059,450
10060,450
10061,450
10062,449
10063,449
10064,449
10065,449
10066,449
10067,450
10068,450
10069,450
10070,449
10071,449
10072,449
10073,449
10074,450
10075,450
10076,450
10077,449
10078,449
10079,449
10080,449
10082,449
10083,450
10084,450
10085,450
10086,449
10087,449
10088,449
10089,449
10090,449
10091,449
10092,450
10093,450
10094,450
10095,450
10096,450
10097,449
10098,449
10099,450
10100,450
10101,450
10102,450
10103,450
10104,449
10105,449
10106,449
10107,450
10108,450
10109,450
10110,450
10111,449
10112,449
10113,449
10114,450
10115,450
10116,450
10117,450
10118,450
10119,450
10120,449
10121,450
10122,450
10123,450
10125,450
10126,451
10127,450
10128,450
10129,449
10130,449
10131,450
10132,450
10133,450
10134,451
10135,451
10136,450
10137,449
10138,449
10139,449
10140,450
10141,450
10142,450
10143,450
10144,450
10145,449
10146,449
10147,449
10148,449
10149,449
10150,450
10151,450
10152,449
10153,448
10154,449
10155,449
10156,449
10157,449
10158,449
10159,449
10160,449
10161,449
10162,448
10163,449
10164,449
10165,449
10167,449
10168,449
10169,449
10170,449
10171,449
10172,449
10173,449
10174,449
10175,450
10176,450
10177,449
10178,449
10179,449
10180,449
10181,449
10182,449
10183,450
10184,449
10185,449
10186,449
10187,449
10188,448
10189,449
10190,449
10191,449
10192,449
10193,449
10194,450
10195,449
10196,449
10197,449
10198,449
10199,449
10200,449
10201,449
10202,449
10203,448
10204,449
10205,448
10206,449
10207,449
10208,449
10210,449
10211,449
10212,448
10213,448
10214,448
10215,449
10216,449
10217,449
10218,449
10219,448
10220,448
10221,448
10222,448
10223,448
10224,449
10225,449
10226,449
10227,449
10228,448
10229,448
10230,448
10231,449
10232,449
10233,449
10234,450
10235,450
10236,449
10237,449
10238,448
10239,449
10240,449
10241,449
10242,450
10243,450
10244,449
10245,449
10246,449
10247,449
10248,449
10249,450
10250,450
10251,450
10253,450
10254,449
10255,450
10256,450
10257,450
10258,450
10259,450
10260,450
10261,450
10262,449
10263,449
10264,449
10265,450
10266,450
10267,450
10268,450
10269,450
10270,450
10271,450
10272,450
10273,450
10274,450
10275,451
10276,450
10277,450
10278,449
10279,449
10280,449
10281,450
10282,450
10283,450
10284,450
10285,450
10286,449
10287,449
10288,449
10289,449
10290,450
10291,450
10292,450
10293,450
10295,450
10296,449
10297,449
10298,449
10299,449
10300,450
10301,450
10302,450
10303,449
10304,449
10305,449
10306,449
10307,449
10308,450
10309,450
10310,450
10311,449
10312,448
10313,449
10314,450
10315,450
10316,450
10317,450
10318,450
10319,450
10320,447
10321,443
10322,449
10323,449
10324,449
10325,450
10326,450
10327,449
10328,446
10329,449
10330,449
10331,449
10332,449
10333,449
10334,450
10335,450
10336,448
10338,448
10339,446
10340,449
10341,449
10342,449
10343,449
10344,449
10345,448
10346,449
10347,449
10348,448
10349,449
10350,449
10351,449
10352,449
10353,449
10354,449
10355,450
10356,450
10357,449
10358,449
10359,450
10360,450
10361,449
10362,449
10363,449
10364,449
10365,450
10366,450
10367,450
10368,450
10369,450
10370,450
10371,450
10372,450
10373,450
10374,451
10375,451
10376,450
10377,450
10378,450
10379,450
10381,450
10382,450
10383,451
10384,451
10385,451
10386,451
10387,451
10388,451
10389,451
10390,451
10391,452
10392,452
10393,452
10394,452
10395,452
10396,452
10397,451
10398,452
10399,452
10400,452
10401,452
10402,452
10403,451
10404,451
10405,451
10406,452
10407,452
10408,452
10409,452
10410,452
10411,452
10412,451
10413,451
10414,451
10415,452
10416,452
10417,452
10418,451
10419,451
10420,451
10421,451
10423,451
10424,451
10425,451
10426,451
10427,451
10428,451
10429,450
10430,450
10431,450
10432,451
10433,451
10434,451
10435,451
10436,451
10437,450
10438,450
10439,450
10440,450
10441,450
10442,451
10443,450
10444,450
10445,449
10446,449
10447,449
10448,450
10449,450
10450,450
10451,450
10452,450
10453,449
10454,450
10455,450
10456,450
10457,450
10458,450
10459,450
10460,450
10461,449
10462,449
10463,449
10464,449
10466,449
10467,450
10468,450
10469,450
10470,449
10471,449
10472,449
10473,449
10474,450
10475,450
10476,450
10477,449
10478,449
10479,449
10480,448
10481,449
10482,449
10483,449
10484,449
10485,449
10486,449
10487,448
10488,448
10489,448
10490,448
10491,448
10492,449
10493,449
10494,448
10495,448
10496,448
10497,448
10498,448
10499,448
10500,448
10501,448
10502,448
10503,447
10504,447
10505,447
10506,448
10507,448
10509,448
10510,448
10511,448
10512,448
10513,447
10514,448
10515,448
10516,448
10517,448
10518,448
10519,448
10520,448
10521,448
10522,448
10523,448
10524,448
10525,449
10526,449
10527,449
10528,449
10529,448
10530,448
10531,448
10532,449
10533,449
10534,450
10535,450
10536,449
10537,449
10538,449
10539,449
10540,449
10541,450
10542,450
10543,450
10544,449
10545,449
10546,449
10547,449
10548,449
10549,450
10551,450
10552,450
10553,450
10554,449
10555,449
10556,450
10557,450
10558,450
10559,449
10560,450
10561,449
10562,449
10563,449
10564,449
10565,449
10566,449
10567,449
10568,449
10569,449
10570,449
10571,449
10572,449
10573,449
10574,449
10575,450
10576,449
10577,449
10578,448
10579,448
10580,447
10581,448
10582,449
10583,449
10584,449
10585,448
10586,448
10587,448
10588,448
10589,448
10590,448
10591,448
10592,448
10594,448
10595,448
10596,448
10597,447
10598,448
10599,448
10600,448
10601,448
10602,448
10603,447
10604,447
10605,447
10606,447
10607,447
10608,448
10609,448
10610,448
10611,447
10612,447
10613,447
10614,448
10615,448
10616,448
10617,448
10618,447
10619,447
10620,447
10621,447
10622,447
10623,447
10624,447
10625,447
10626,447
10627,446
10628,446
10629,446
10630,446
10631,446
10632,446
10633,447
10634,447
10635,447
10637,446
10638,446
10639,446
10640,446
10641,446
10642,446
10643,446
10644,446
10645,446
10646,446
10647,446
10648,446
10649,446
10650,446
10651,446
10652,446
10653,446
10654,446
10655,447
10656,447
10657,447
10658,447
10659,447
10660,447
10661,447
10662,447
10663,447
10664,447
10665,447
10666,448
10667,448
10668,448
10669,448
10670,448
10671,448
10672,448
10673,448
10674,449
10675,449
10676,449
10677,448
10679,448
10680,448
10681,448
10682,449
10683,449
10684,449
10685,449
10686,449
10687,448
10688,449
10689,449
10690,449
10691,449
10692,450
10693,449
10694,449
10695,449
10696,449
10697,449
10698,449
10699,450
10700,450
10701,450
10702,450
10703,449
10704,449
10705,449
10706,449
10707,450
10708,450
10709,450
10710,450
10711,449
10712,449
10713,449
10714,450
10715,450
10716,450
10717,450
10718,449
10719,449
10720,448
10722,449
10723,449
10724,449
10725,449
10726,449
10727,449
10728,449
10729,448
10730,448
10731,448
10732,449
10733,449
10734,449
10735,449
10736,449
10737,448
10738,448
10739,448
10740,448
10741,449
10742,449
10743,449
10744,448
10745,448
10746,448
10747,448
10748,448
10749,448
10750,449
10751,449
10752,448
10753,448
10754,448
10755,448
10756,448
10757,448
10758,448
10759,448
10760,448
10761,448
10762,447
10763,447
10765,448
10766,448
10767,448
10768,448
10769,448
10770,447
10771,447
10772,447
10773,447
10774,448
10775,448
10776,448
10777,447
10778,447
10779,447
10780,447
10781,447
10782,447
10783,448
10784,448
10785,447
10786,447
10787,447
10788,447
10789,447
10790,447
10791,448
10792,448
10793,448
10794,448
10795,448
10796,448
10797,448
10798,448
10799,449
10800,449
10801,449
10802,448
10803,449
10804,449
10805,449
10807,449
10808,450
10809,450
10810,450
10811,450
10812,450
10813,449
10814,450
10815,450
10816,451
10817,451
10818,451
10819,451
10820,450
10821,450
10822,450
10823,451
10824,451
10825,451
10826,451
10827,451
10828,451
10829,451
10830,451
10831,451
10832,451
10833,452
10834,453
10835,452
10836,452
10837,451
10838,451
10839,451
10840,452
10841,452
10842,452
10843,452
10844,451
10845,451
10846,451
10847,451
10848,451
10850,452
10851,452
10852,452
10853,451
10854,451
10855,452
10856,452
10857,452
10858,452
10859,452
10860,452
10861,452
10862,451
10863,451
10864,451
10865,451
10866,451
10867,452
10868,451
10869,451
10870,451
10871,450
10872,450
10873,451
10874,451
10875,452
10876,451
10877,451
10878,450
10879,450
10880,450
10881,450
10882,450
10883,451
10884,450
10885,450
10886,450
10887,450
10888,450
10889,450
10890,450
10891,451
10893,451
10894,450
10895,450
10896,450
10897,449
10898,449
10899,450
10900,450
10901,450
10902,450
10903,449
10904,449
10905,449
10906,449
10907,450
10908,450
10909,450
10910,449
10911,449
10912,449
10913,448
10914,449
10915,449
10916,449
10917,449
10918,449
10919,449
10920,448
10921,449
10922,448
10923,449
10924,449
10925,449
10926,449
10927,449
10928,449
10929,448
10930,449
10931,449
10932,449
10933,449
10935,450
10936,450
10937,449
10938,449
10939,449
10940,450
10941,450
10942,450
10943,450
10944,450
10945,450
10946,450
10947,450
10948,450
10949,451
10950,451
10951,451
10952,451
10953,451
10954,451
10955,451
10956,451
10957,451
10958,452
10959,452
10960,452
10961,451
10962,451
10963,451
10964,451
10965,452
10966,452
10967,452
10968,452
10969,452
10970,451
10971,452
10972,452
10973,452
10974,453
10975,453
10976,453
10978,452
10979,452
10980,452
10981,452
10982,452
10983,453
10984,453
10985,453
10986,453
10987,452
10988,452
10989,452
10990,452
10991,453
10992,453
10993,453
10994,453
10995,453
10996,452
10997,452
10998,452
10999,452
11000,453
11001,453
11002,452
11003,452
11004,452
11005,451
11006,451
11007,452
11008,452
11009,452
11010,452
11011,452
11012,451
11013,451
11014,452
11015,452
11016,452
11017,452
11018,452
11019,451
11021,451
11022,451
11023,451
11024,451
11025,451
11026,452
11027,451
11028,451
11029,450
11030,450
11031,450
11032,451
11033,451
11034,451
11035,451
11036,451
11037,450
11038,450
11039,450
11040,450
11041,451
11042,451
11043,450
11044,450
11045,450
11046,450
11047,450
11048,450
11049,450
11050,450
11051,450
11052,450
11053,449
11054,450
11055,449
11056,450
11057,450
11058,450
11059,450
11060,450
11061,449
11063,449
11064,449
11065,449
11066,450
11067,450
11068,450
11069,450
11070,449
11071,449
11072,449
11073,450
11074,450
11075,451
11076,451
11077,450
11078,450
11079,449
11080,450
11081,450
11082,450
11083,450
11084,451
11085,451
11086,451
11087,451
11088,451
11089,451
11090,451
11091,452
11092,452
11093,452
11094,452
11095,452
11096,452
11097,452
11098,452
11099,450
11100,453
11101,452
11102,452
11103,452
11104,452
11106,452
11107,452
11108,453
11109,453
11110,453
11111,453
11112,452
11113,452
11114,452
11115,453
11116,454
11117,453
11118,453
11119,453
11120,452
11121,452
11122,453
11123,453
11124,453
11125,453
11126,453
11127,453
11128,452
11129,452
11130,452
11131,453
11132,453
11133,453
11134,454
11135,454
11136,453
11137,452
11138,452
11139,452
11140,453
11141,453
11142,453
11143,453
11144,452
11145,452
11146,452
11147,452
11149,452
11150,453
11151,453
11152,453
11153,452
11154,452
11155,452
11156,452
11157,452
11158,452
11159,452
11160,452
11161,452
11162,451
11163,451
11164,451
11165,451
11166,452
11167,452
11168,452
11169,451
11170,451
11171,451
11172,451
11173,451
11174,452
11175,452
11176,451
11177,451
11178,450
11179,450
11180,450
11181,450
11182,451
11183,451
11184,451
11185,450
11186,450
11187,450
11188,450
11189,450
11191,450
11192,450
11193,450
11194,450
11195,450
11196,450
11197,450
11198,450
11199,450
11200,450
11201,450
11202,450
11203,450
11204,450
11205,449
11206,450
11207,450
11208,451
11209,451
11210,451
11211,450
11212,450
11213,450
11214,451
11215,451
11216,452
11217,452
11218,452
11219,451
11220,451
11221,451
11222,451
11223,451
11224,452
11225,452
11226,452
11227,452
11228,452
11229,452
11230,452
11231,452
11232,453
11234,453
11235,454
11236,453
11237,453
11238,452
11239,452
11240,453
11241,453
11242,453
11243,453
11244,453
11245,453
11246,452
11247,453
11248,453
11249,453
11250,454
11251,454
11252,454
11253,453
11254,453
11255,453
11256,454
11257,453
11258,454
11259,454
11260,454
11261,453
11262,453
11263,453
11264,453
11265,453
11266,454
11267,454
11268,454
11269,453
11270,453
11271,453
11272,453
11273,454
11274,454
11275,455
11277,454
11278,453
11279,453
11280,453
11281,453
11282,453
11283,454
11284,454
11285,454
11286,453
11287,453
11288,453
11289,453
11290,453
11291,454
11292,454
11293,454
11294,453
11295,453
11296,453
11297,453
11298,453
11299,453
11300,452
11301,449
11302,453
11303,452
11304,452
11305,452
11306,452
11307,453
11308,453
11309,453
11310,453
11311,452
11312,452
11313,452
11314,452
11315,452
11316,452
11317,452
11319,452
11320,452
11321,451
11322,451
11323,452
11324,452
11325,452
11326,452
11327,452
11328,451
11329,451
11330,451
11331,451
11332,451
11333,452
11334,452
11335,452
11336,452
11337,451
11338,451
11339,451
11340,451
11341,452
11342,452
11343,452
11344,452
11345,451
11346,451
11347,451
11348,452
11349,452
11350,452
11351,452
11352,452
11353,452
11354,452
11355,452
11356,452
11357,453
11358,452
11359,453
11360,452
11362,452
11363,450
11364,452
11365,453
11366,453
11367,453
11368,453
11369,453
11370,453
11371,453
11372,453
11373,453
11374,454
11375,454
11376,455
11377,454
11378,453
11379,453
11380,453
11381,453
11382,454
11383,454
11384,455
11385,454
11386,454
11387,454
11388,453
11389,454
11390,454
11391,454
11392,454
11393,454
11394,454
11395,454
11396,454
11397,453
11398,454
11399,454
11400,455
11401,454
11402,454
11403,454
11405,454
11406,454
11407,454
11408,454
11409,455
11410,455
11411,454
11412,454
11413,454
11414,454
11415,454
11416,455
11417,455
11418,454
11419,454
11420,453
11421,453
11422,453
11423,454
11424,454
11425,454
11426,454
11427,454
11428,453
11429,453
11430,453
11431,453
11432,454
11433,454
11434,454
11435,454
11436,453
11437,453
11438,453
11439,453
11440,454
11441,454
11442,454
11443,453
11444,453
11445,453
11447,453
11448,453
11449,453
11450,453
11451,453
11452,453
11453,453
11454,453
11455,453
11456,453
11457,453
11458,453
11459,453
11460,452
11461,452
11462,452
11463,450
11464,452
11465,452
11466,453
11467,453
11468,453
11469,452
11470,451
11471,452
11472,452
11473,452
11474,453
11475,453
11476,453
11477,452
11478,452
11479,452
11480,452
11481,452
11482,452
11483,453
11484,453
11485,452
11486,452
11487,452
11488,452
11490,452
11491,453
11492,453
11493,453
11494,453
11495,453
11496,453
11497,453
11498,453
11499,453
11500,454
11501,454
11502,454
11503,453
11504,453
11505,453
11506,453
11507,454
11508,454
11509,454
11510,454
11511,454
11512,453
11513,453
11514,454
11515,454
11516,455
11517,454
11518,454
11519,454
11520,453
11521,454
11522,453
11523,454
11524,454
11525,454
11526,454
11527,454
11528,453
11529,453
11530,453
11531,454
11533,454
11534,454
11535,455
11536,454
11537,453
11538,453
11539,453
11540,454
11541,454
11542,454
11543,454
11544,454
11545,453
11546,453
11547,453
11548,454
11549,453
11550,454
11551,454
11552,453
11553,453
11554,453
11555,453
11556,454
11557,453
11558,454
11559,454
11560,453
11561,453
11562,453
11563,453
11564,453
11565,453
11566,454
11567,454
11568,453
11569,453
11570,453
11571,453
11572,453
11573,454
11575,454
11576,454
11577,454
11578,453
11579,453
11580,453
11581,453
11582,453
11583,454
11584,454
11585,454
11586,453
11587,453
11588,452
11589,453
11590,453
11591,454
11592,454
11593,454
11594,453
11595,453
11596,453
11597,453
11598,453
11599,453
11600,453
11601,450
11602,453
11603,453
11604,452
11605,453
11606,453
11607,453
11608,453
11609,453
11610,453
11611,452
11612,452
11613,452
11614,453
11615,453
11616,453
11618,453
11619,453
11620,452
11621,452
11622,452
11623,452
11624,453
11625,453
11626,453
11627,453
11628,453
11629,453
11630,453
11631,453
11632,453
11633,454
11634,454
11635,455
11636,454
11637,454
11638,452
11639,453
11640,454
11641,454
11642,454
11643,454
11644,454
11645,453
11646,452
11647,453
11648,454
11649,454
11650,454
11651,454
11652,454
11653,453
11654,454
11655,454
11656,454
11657,454
11658,454
11659,454
11661,454
11662,453
11663,452
11664,453
11665,453
11666,454
11667,454
11668,454
11669,454
11670,454
11671,453
11672,453
11673,453
11674,454
11675,455
11676,454
11677,454
11678,453
11679,452
11680,453
11681,453
11682,453
11683,453
11684,454
11685,454
11686,453
11687,453
11688,453
11689,453
11690,453
11691,453
11692,454
11693,454
11694,454
11695,453
11696,453
11697,453
11698,454
11699,454
11700,454
11701,454
11703,454
11704,453
11705,454
11706,453
11707,453
11708,454
11709,454
11710,454
11711,453
11712,453
11713,453
11714,453
11715,454
11716,454
11717,454
11718,454
11719,454
11720,453
11721,453
11722,453
11723,454
11724,454
11725,454
11726,454
11727,454
11728,454
11729,453
11730,453
11731,454
11732,454
11733,454
11734,455
11735,454
11736,454
11737,453
11738,453
11739,453
11740,454
11741,454
11742,454
11743,454
11744,454
11746,453
11747,453
11748,453
11749,454
11750,454
11751,454
11752,454
11753,454
11754,453
11755,454
11756,454
11757,454
11758,454
11759,453
11760,453
11761,453
11762,453
11763,453
11764,452
11765,453
11766,454
11767,454
11768,453
11769,453
11770,453
11771,452
11772,452
11773,453
11774,453
11775,454
11776,454
11777,453
11778,452
11779,452
11780,452
11781,452
11782,453
11783,453
11784,453
11785,453
11786,453
11787,452
11789,453
11790,453
11791,453
11792,454
11793,454
11794,453
11795,453
11796,453
11797,453
11798,453
11799,453
11800,454
11801,454
11802,454
11803,453
11804,453
11805,453
11806,453
11807,453
11808,454
11809,454
11810,453
11811,453
11812,453
11813,453
11814,453
11815,454
11816,454
11817,454
11818,454
11819,453
11820,453
11821,453
11822,453
11823,454
11824,454
11825,454
11826,454
11827,454
11828,453
11829,453
11831,453
11832,454
11833,454
11834,454
11835,455
11836,455
11837,454
11838,453
11839,454
11840,452
11841,449
11842,454
11843,455
11844,454
11845,454
11846,454
11847,454
11848,454
11849,454
11850,454
11851,455
11852,454
11853,454
11854,454
11855,454
11856,455
11857,454
11858,455
11859,455
11860,455
11861,454
11862,454
11863,454
11864,454
11865,454
11866,455
11867,455
11868,455
11869,454
11870,454
11871,454
11872,454
11874,454
11875,455
11876,455
11877,455
11878,454
11879,454
11880,454
11881,454
11882,454
11883,455
11884,455
11885,455
11886,454
11887,454
11888,453
11889,453
11890,453
11891,453
11892,453
11893,453
11894,452
11895,452
11896,451
11897,451
11898,451
11899,451
11900,451
11901,451
11902,451
11903,450
11904,450
11905,449
11906,449
11907,449
11908,450
11909,449
11910,449
11911,448
11912,448
11913,448
11914,449
11915,449
11917,448
11918,448
11919,448
11920,448
11921,448
11922,448
11923,448
11924,448
11925,448
11926,448
11927,448
11928,448
11929,448
11930,448
11931,448
11932,448
11933,449
11934,449
11935,449
11936,449
11937,449
11938,449
11939,449
11940,450
11941,450
11942,450
11943,451
11944,451
11945,450
11946,450
11947,451
11948,451
11949,452
11950,452
11951,452
11952,452
11953,452
11954,453
11955,453
11956,453
11957,453
11959,454
11960,454
11961,453
11962,453
11963,453
11964,453
11965,453
11966,454
11967,454
11968,454
11969,454
11970,453
11971,453
11972,453
11973,453
11974,454
11975,455
11976,455
11977,454
11978,454
11979,452
11980,448
11981,453
11982,453
11983,454
11984,454
11985,454
11986,453
11987,453
11988,453
11989,453
11990,454
11991,454
11992,454
11993,454
11994,454
11995,454
11996,453
11997,454
11998,454
11999,453
12000,454
12002,454
12003,454
12004,453
12005,453
12006,453
12007,453
12008,454
12009,454
12010,453
12011,453
12012,452
12013,452
12014,452
12015,453
12016,453
12017,453
12018,453
12019,454
12020,455
12021,456
12022,458
12023,458
12024,459
12025,459
12026,458
12027,457
12028,454
12029,452
12030,451
12031,451
12032,451
12033,451
12034,452
12035,452
12036,452
12037,451
12038,451
12039,452
12040,452
12041,452
12042,452
12043,452
12045,451
12046,450
12047,449
12048,448
12049,447
12050,447
12051,446
12052,446
12053,446
12054,445
12055,445
12056,445
12057,445
12058,445
12059,444
12060,444
12061,444
12062,444
12063,443
12064,443
12065,444
12066,444
12067,445
12068,445
12069,444
12070,445
12071,445
12072,446
12073,446
12074,447
12075,448
12076,448
12077,448
12078,448
12079,449
12080,449
12081,450
12082,450
12083,450
12084,449
12085,449
12087,448
12088,448
12089,449
12090,450
12091,451
12092,451
12093,452
12094,451
12095,452
12096,452
12097,452
12098,452
12099,452
12100,453
12101,453
12102,453
12103,453
12104,453
12105,453
12106,453
12107,453
12108,454
12109,454
12110,454
12111,453
12112,453
12113,453
12114,453
12115,454
12116,454
12117,454
12118,454
12119,453
12120,453
12121,453
12122,453
12123,453
12124,453
12125,454
12126,454
12127,453
12128,453
12130,453
12131,452
12132,453
12133,454
12134,454
12135,454
12136,453
12137,453
12138,452
12139,452
12140,451
12141,452
12142,453
12143,453
12144,452
12145,452
12146,452
12147,452
12148,452
12149,453
12150,454
12151,455
12152,455
12153,457
12154,458
12155,461
12156,464
12157,466
12158,468
12159,468
12160,468
12161,466
12162,464
12163,462
12164,460
12165,458
12166,457
12167,455
12168,454
12169,452
12170,450
12171,449
12173,448
12174,446
12175,447
12176,446
12177,444
12178,443
12179,441
12180,440
12181,440
12182,439
12183,438
12184,438
12185,437
12186,437
12187,436
12188,436
12189,436
12190,436
12191,436
12192,436
12193,435
12194,435
12195,435
12196,435
12197,434
12198,434
12199,434
12200,434
12201,434
12202,434
12203,433
12204,433
12205,434
12206,434
12207,434
12208,434
12209,435
12210,435
12211,435
12212,436
12213,436
12215,437
12216,438
12217,438
12218,439
12219,440
12220,441
12221,442
12222,443
12223,444
12224,445
12225,446
12226,447
12227,447
12228,448
12229,448
12230,449
12231,449
12232,450
12233,451
12234,452
12235,452
12236,452
12237,452
12238,452
12239,452
12240,453
12241,453
12242,453
12243,453
12244,453
12245,452
12246,452
12247,452
12248,452
12249,453
12250,453
12251,453
12252,453
12253,452
12254,453
12255,452
12256,453
12258,453
12259,453
12260,453
12261,453
12262,452
12263,452
12264,452
12265,452
12266,452
12267,452
12268,452
12269,452
12270,451
12271,451
12272,451
12273,451
12274,451
12275,452
12276,452
12277,450
12278,450
12279,450
12280,450
12281,450
12282,450
12283,451
12284,450
12285,451
12286,450
12287,451
12288,452
12289,454
12290,460
12291,469
12292,481
12293,493
12294,503
12295,507
12296,506
12297,500
12298,491
12299,482
12301,474
12302,466
12303,460
12304,454
12305,450
12306,447
12307,445
12308,440
12309,425
12310,402
12311,372
12312,338
12313,305
12314,270
12315,236
12316,202
12317,172
12318,142
12319,117
12320,95
12321,73
12322,56
12323,42
12324,32
12325,25
12326,20
12327,17
12328,15
12329,14
12330,14
12331,14
12332,14
12333,14
12334,14
12335,14
12336,13
12337,13
12338,13
12339,12
12340,12
12341,12
12343,12
12344,12
12345,11
12346,11
12347,10
12348,10
12349,9
12350,9
12351,9
12352,10
12353,16
12354,50
12355,126
12356,229
12357,334
12358,414
12359,446
12360,450
12361,452
12362,453
12363,451
12364,454
12365,454
12366,454
12367,454
12368,454
12369,454
12370,454
12371,454
12372,454
12373,455
12374,456
12375,456
12376,456
12377,454
12378,454
12379,454
12380,453
12381,454
12382,454
12383,454
12384,455
12386,454
12387,454
12388,454
12389,454
12390,454
12391,455
12392,455
12393,455
12394,454
12395,454
12396,454
12397,453
12398,453
12399,453
12400,453
12401,453
12402,452
12403,451
12404,451
12405,451
12406,451
12407,451
12408,450
12409,450
12410,450
12411,450
12412,449
12413,448
12414,449
12415,449
12416,450
12417,450
12418,450
12419,449
12420,449
12421,443
12422,417
12423,367
12424,305
12425,241
12426,188
12427,152
12429,128
12430,109
12431,91
12432,74
12433,57
12434,43
12435,32
12436,23
12437,19
12438,18
12439,18
12440,18
12441,18
12442,18
12443,18
12444,17
12445,17
12446,17
12447,17
12448,17
12449,17
12450,17
12451,17
12452,17
12453,16
12454,16
12455,16
12456,16
12457,16
12458,16
12459,16
12460,16
12461,15
12462,15
12463,15
12464,16
12465,16
12466,16
12467,16
12468,15
12469,15
12471,14
12472,14
12473,14
12474,14
12475,13
12476,13
12477,12
12478,11
12479,11
12480,10
12481,10
12482,10
12483,9
12484,9
12485,9
12486,9
12487,9
12488,13
12489,40
12490,107
12491,206
12492,311
12493,399
12494,442
12495,450
12496,452
12497,453
12498,455
12499,455
12500,455
12501,455
12502,455
12503,455
12504,455
12505,455
12506,455
12507,456
12508,456
12509,456
12510,455
12511,455
12512,455
12514,455
12515,455
12516,456
12517,456
12518,456
12519,455
12520,455
12521,454
12522,454
12523,455
12524,455
12525,455
12526,455
12527,455
12528,454
12529,453
12530,453
12531,454
12532,454
12533,454
12534,454
12535,454
12536,454
12537,453
12538,452
12539,452
12540,453
12541,453
12542,453
12543,453
12544,453
12545,453
12546,453
12547,453
12548,454
12549,454
12550,454
12551,454
12552,454
12553,454
12554,454
12555,445
12557,403
12558,322
12559,225
12560,134
12561,66
12562,32
12563,20
12564,19
12565,19
12566,19
12567,19
12568,19
12569,19
12570,18
12571,18
12572,18
12573,18
12574,19
12575,19
12576,19
12577,19
12578,18
12579,18
12580,18
12581,19
12582,19
12583,18
12584,18
12585,18
12586,17
12587,17
12588,17
12589,16
12590,16
12591,16
12592,16
12593,15
12594,15
12595,15
12596,15
12597,15
12599,15
12600,15
12601,15
12602,15
12603,14
12604,14
12605,14
12606,13
12607,13
12608,13
12609,13
12610,13
12611,12
12612,11
12613,11
12614,10
12615,10
12616,10
12617,9
12618,9
12619,9
12620,9
12621,9
12622,10
12623,12
12624,35
12625,98
12626,195
12627,301
12628,391
12629,441
12630,451
12631,454
12632,456
12633,457
12634,458
12635,458
12636,457
12637,456
12638,457
12639,456
12640,457
12642,457
12643,457
12644,457
12645,456
12646,456
12647,456
12648,455
12649,456
12650,456
12651,456
12652,456
12653,455
12654,454
12655,455
12656,455
12657,454
12658,455
12659,455
12660,455
12661,454
12662,454
12663,454
12664,454
12665,454
12666,454
12667,454
12668,454
12669,454
12670,454
12671,453
12672,453
12673,453
12674,454
12675,454
12676,454
12677,454
12678,454
12679,454
12680,454
12681,455
12682,455
12683,455
12685,455
12686,455
12687,455
12688,454
12689,454
12690,440
12691,388
12692,298
12693,198
12694,109
12695,50
12696,26
12697,21
12698,21
12699,21
12700,21
12701,21
12702,21
12703,21
12704,21
12705,21
12706,21
12707,21
12708,21
12709,21
12710,21
12711,21
12712,20
12713,20
12714,20
12715,21
12716,21
12717,20
12718,20
12719,19
12720,19
12721,19
12722,18
12723,18
12724,18
12725,17
12727,16
12728,16
12729,15
12730,15
12731,15
12732,16
12733,16
12734,16
12735,16
12736,16
12737,16
12738,16
12739,17
12740,17
12741,17
12742,17
12743,17
12744,17
12745,17
12746,18
12747,18
12748,19
12749,21
12750,25
12751,48
12752,89
12753,138
12754,190
12755,239
12756,282
12757,328
12758,373
12759,410
12760,438
12761,450
12762,452
12763,451
12764,452
12765,452
12766,453
12767,454
12768,453
12770,453
12771,453
12772,453
12773,453
12774,454
12775,455
12776,455
12777,455
12778,454
12779,453
12780,454
12781,454
12782,454
12783,455
12784,455
12785,455
12786,454
12787,454
12788,454
12789,455
12790,455
12791,455
12792,456
12793,455
12794,456
12795,455
12796,455
12797,455
12798,455
12799,456
12800,456
12801,456
12802,456
12803,456
12804,455
12805,456
12806,457
12807,457
12808,458
12809,458
12810,458
12811,457
12813,457
12814,456
12815,456
12816,455
12817,454
12818,454
12819,454
12820,453
12821,453
12822,453
12823,453
12824,454
12825,454
12826,454
12827,454
12828,454
12829,453
12830,453
12831,454
12832,454
12833,455
12834,455
12835,455
12836,455
12837,454
12838,454
12839,454
12840,454
12841,455
12842,455
12843,455
12844,455
12845,454
12846,454
12847,454
12848,454
12849,455
12850,455
12851,455
12852,454
12853,454
12855,455
12856,455
12857,455
12858,455
12859,455
12860,455
12861,455
12862,454
12863,454
12864,454
12865,454
12866,455
12867,455
12868,455
12869,455
12870,454
12871,454
12872,454
12873,454
12874,455
12875,456
12876,455
12877,455
12878,454
12879,453
12880,454
12881,454
12882,454
12883,454
12884,453
12885,455
12886,454
12887,454
12888,454
12889,454
12890,455
12891,454
12892,455
12893,455
12894,455
12895,454
12896,454
12898,454
12899,454
12900,454
12901,455
12902,455
12903,453
12904,454
12905,454
12906,454
12907,454
12908,455
12909,455
12910,455
12911,454
12912,454
12913,454
12914,454
12915,455
12916,455
12917,455
12918,455
12919,455
12920,454
12921,454
12922,454
12923,454
12924,455
12925,455
12926,455
12927,454
12928,454
12929,454
12930,454
12931,454
12932,455
12933,455
12934,455
12935,455
12936,455
12937,454
12938,454
12939,454
12941,454
12942,455
12943,455
12944,454
12945,454
12946,454
12947,454
12948,454
12949,455
12950,455
12951,455
12952,455
12953,454
12954,454
12955,455
12956,455
12957,454
12958,455
12959,455
12960,455
12961,455
12962,454
12963,454
12964,454
12965,454
12966,455
12967,455
12968,455
12969,454
12970,454
12971,454
12972,454
12973,454
12974,455
12975,456
12976,455
12977,454
12978,454
12979,454
12980,454
12981,454
12983,455
12984,455
12985,455
12986,455
12987,454
12988,454
12989,454
12990,454
12991,455
12992,455
12993,455
12994,455
12995,455
12996,455
12997,454
12998,454
12999,455
13000,455
13001,455
13002,455
13003,454
13004,454
13005,453
13006,454
13007,455
13008,455
13009,454
13010,455
13011,454
13012,454
13013,454
13014,455
13015,455
13016,456
13017,455
13018,455
13019,454
13020,454
13021,453
13022,454
13023,455
13024,455
13026,455
13027,455
13028,454
13029,454
13030,454
13031,454
13032,454
13033,455
13034,455
13035,455
13036,455
13037,454
13038,454
13039,454
13040,454
13041,455
13042,455
13043,455
13044,455
13045,454
13046,454
13047,454
13048,454
13049,455
13050,455
13051,455
13052,455
13053,454
13054,454
13055,454
13056,455
13057,455
13058,455
13059,455
13060,455
13061,454
13062,454
13063,454
13064,454
13065,454
13066,455
13067,455
13069,455
13070,454
13071,454
13072,454
13073,454
13074,454
13075,455
13076,455
13077,455
13078,454
13079,454
13080,454
13081,454
13082,454
13083,454
13084,455
13085,455
13086,454
13087,454
13088,454
13089,454
13090,455
13091,455
13092,455
13093,455
13094,455
13095,455
13096,454
13097,454
13098,454
13099,455
13100,455
13101,455
13102,454
13103,454
13104,454
13105,454
13106,454
13107,455
13108,455
13109,455
13111,454
13112,454
13113,454
13114,454
13115,455
13116,455
13117,455
13118,455
13119,455
13120,454
13121,454
13122,454
13123,454
13124,455
13125,455
13126,455
13127,455
13128,454
13129,454
13130,454
13131,454
13132,454
13133,455
13134,455
13135,455
13136,455
13137,454
13138,454
13139,454
13140,454
13141,455
13142,455
13143,455
13144,454
13145,454
13146,454
13147,454
13148,455
13149,455
13150,455
13151,455
13152,454
13154,454
13155,454
13156,454
13157,454
13158,455
13159,455
13160,455
13161,454
13162,454
13163,454
13164,454
13165,455
13166,454
13167,455
13168,455
13169,455
13170,454
13171,454
13172,454
13173,454
13174,455
13175,455
13176,456
13177,455
13178,454
13179,454
13180,454
13181,454
13182,454
13183,455
13184,455
13185,455
13186,454
13187,454
13188,454
13189,454
13190,454
13191,455
13192,455
13193,454
13194,455
13195,454
13197,455
13198,454
13199,454
13200,455
13201,455
13202,455
13203,454
13204,454
13205,454
13206,454
13207,455
13208,455
13209,455
13210,455
13211,455
13212,454
13213,454
13214,454
13215,455
13216,455
13217,455
13218,455
13219,454
13220,454
13221,454
13222,454
13223,455
13224,455
13225,455
13226,455
13227,455
13228,454
13229,454
13230,454
13231,454
13232,455
13233,455
13234,455
13235,455
13236,455
13237,454
13239,454
13240,454
13241,455
13242,455
13243,455
13244,455
13245,454
13246,454
13247,454
13248,454
13249,454
13250,455
13251,455
13252,455
13253,454
13254,454
13255,454
13256,454
13257,455
13258,455
13259,455
13260,452
13261,454
13262,454
13263,454
13264,452
13265,454
13266,454
13267,455
13268,455
13269,454
13270,454
13271,453
13272,454
13273,454
13274,455
13275,455
13276,455
13277,455
13278,454
13279,454
13280,450
13282,455
13283,455
13284,455
13285,455
13286,455
13287,454
13288,454
13289,454
13290,454
13291,455
13292,455
13293,455
13294,455
13295,455
13296,454
13297,454
13298,454
13299,454
13300,455
13301,455
13302,454
13303,454
13304,454
13305,454
13306,454
13307,455
13308,455
13309,455
13310,455
13311,454
13312,454
13313,454
13314,454
13315,455
13316,456
13317,455
13318,455
13319,455
13320,454
13321,454
13322,454
13323,454
13325,455
13326,455
13327,455
13328,454
13329,454
13330,454
13331,454
13332,454
13333,455
13334,455
13335,455
13336,455
13337,454
13338,454
13339,454
13340,454
13341,455
13342,455
13343,455
13344,455
13345,454
13346,454
13347,454
13348,454
13349,455
13350,455
13351,455
13352,454
13353,454
13354,454
13355,455
13356,454
13357,454
13358,455
13359,455
13360,454
13361,454
13362,454
13363,454
13364,454
13365,455
13367,455
13368,455
13369,455
13370,454
13371,454
13372,454
13373,454
13374,454
13375,455
13376,455
13377,455
13378,454
13379,454
13380,454
13381,454
13382,454
13383,455
13384,455
13385,455
13386,454
13387,454
13388,454
13389,454
13390,454
13391,455
13392,455
13393,455
13394,454
13395,454
13396,454
13397,454
13398,454
13399,455
13400,455
13401,455
13402,454
13403,454
13404,454
13405,454
13406,454
13407,455
13408,455
13410,455
13411,454
13412,454
13413,454
13414,454
13415,455
13416,455
13417,455
13418,455
13419,455
13420,454
13421,454
13422,454
13423,454
13424,455
13425,455
13426,455
13427,455
13428,454
13429,454
13430,454
13431,454
13432,454
13433,455
13434,455
13435,455
13436,455
13437,454
13438,454
13439,454
13440,454
13441,455
13442,455
13443,455
13444,454
13445,454
13446,454
13447,454
13448,454
13449,455
13450,455
13451,455
13453,455
13454,454
13455,454
13456,455
13457,455
13458,455
13459,455
13460,455
13461,454
13462,454
13463,454
13464,454
13465,454
13466,454
