Time (s),Intensity
2,455
3,454
4,455
5,455
6,454
7,453
8,453
9,434
10,406
11,409
12,408
13,419
14,444
15,418
16,424
17,415
18,421
19,426
20,419
21,446
22,422
23,421
24,420
25,423
26,442
27,431
28,446
29,423
30,431
31,425
32,427
33,448
34,426
35,441
36,428
37,433
38,430
39,433
40,450
41,430
42,434
43,436
45,437
46,444
47,435
48,449
49,436
50,435
51,429
52,435
53,450
54,435
55,440
56,436
57,439
58,448
59,439
60,447
61,438
62,441
63,440
64,441
65,451
66,439
67,440
68,437
69,439
70,450
71,438
72,443
73,436
74,437
75,440
76,441
77,451
78,439
79,445
80,436
81,439
82,448
83,442
84,449
85,439
86,441
88,436
89,441
90,452
91,439
92,441
93,436
94,441
95,449
96,441
97,448
98,438
99,443
100,440
101,441
102,450
103,442
104,446
105,438
106,441
107,446
108,443
109,450
110,438
111,441
112,442
113,441
114,450
115,439
116,446
117,439
118,441
119,445
120,443
121,451
122,438
123,444
124,440
125,441
126,451
127,442
128,445
130,438
131,445
132,447
133,439
134,450
135,441
136,442
137,440
138,443
139,450
140,439
141,446
142,441
143,441
144,444
145,443
146,451
147,442
148,443
149,438
150,441
151,450
152,439
153,447
154,442
155,443
156,440
157,443
158,450
159,438
160,445
161,440
162,441
163,452
164,442
165,446
166,441
167,443
168,438
169,443
170,451
171,440
173,445
174,440
175,441
176,447
177,443
178,452
179,446
180,451
181,454
182,451
183,453
184,455
185,464
186,455
187,465
188,453
189,449
190,453
191,450
192,454
193,454
194,455
195,454
196,456
197,462
198,454
199,453
200,454
201,455
202,454
203,455
204,454
205,451
206,450
207,455
208,455
209,454
210,454
211,455
212,455
213,454
214,454
216,454
217,454
218,454
219,454
220,452
221,455
222,454
223,454
224,454
225,452
226,439
227,454
228,454
229,454
230,454
231,454
232,454
233,454
234,454
235,454
236,454
237,455
238,454
239,454
240,454
241,454
242,454
243,455
244,455
245,453
246,455
247,454
248,450
249,453
250,453
251,453
252,454
253,454
254,454
255,454
256,453
258,453
259,453
260,454
261,454
262,455
263,454
264,454
265,454
266,452
267,444
268,453
269,454
270,454
271,454
272,454
273,454
274,454
275,454
276,454
277,454
278,455
279,455
280,455
281,454
282,454
283,454
284,454
285,454
286,455
287,454
288,455
289,454
290,454
291,454
292,454
293,454
294,454
295,454
296,454
297,454
298,454
299,454
301,453
302,454
303,454
304,455
305,455
306,454
307,454
308,454
309,453
310,454
311,454
312,455
313,454
314,455
315,454
316,454
317,453
318,454
319,454
320,455
321,455
322,454
323,455
324,454
325,454
326,454
327,454
328,454
329,455
330,454
331,454
332,454
333,453
334,454
335,454
336,454
337,454
338,454
339,454
340,454
341,453
342,454
344,454
345,455
346,454
347,454
348,454
349,454
350,453
351,453
352,454
353,454
354,455
355,455
356,454
357,454
358,453
359,454
360,454
361,455
362,455
363,455
364,455
365,455
366,454
367,454
368,453
369,454
370,455
371,454
372,454
373,454
374,454
375,453
376,454
377,454
378,454
379,454
380,454
381,454
382,453
383,454
384,454
386,454
387,455
388,454
389,454
390,454
391,454
392,453
393,454
394,454
395,455
396,455
397,455
398,454
399,454
400,454
401,454
402,454
403,455
404,455
405,455
406,454
407,453
408,454
409,454
410,454
411,454
412,455
413,454
414,454
415,454
416,454
417,454
418,454
419,454
420,454
421,454
422,454
423,454
424,454
425,454
426,454
427,454
429,455
430,455
431,454
432,454
433,454
434,454
435,454
436,454
437,455
438,455
439,454
440,454
441,454
442,454
443,454
444,455
445,455
446,455
447,454
448,454
449,454
450,453
451,454
452,454
453,454
454,454
455,454
456,454
457,454
458,454
459,454
460,454
461,455
462,455
463,455
464,455
465,454
466,454
467,453
468,453
469,454
470,454
472,455
473,454
474,454
475,453
476,454
477,454
478,454
479,455
480,454
481,454
482,453
483,454
484,454
485,454
486,454
487,455
488,454
489,454
490,454
491,454
492,454
493,454
494,454
495,455
496,455
497,454
498,454
499,454
500,454
501,454
502,454
503,455
504,455
505,455
506,454
507,454
508,454
509,454
510,454
511,454
512,455
514,454
515,454
516,454
517,454
518,454
519,453
520,454
521,455
522,455
523,454
524,454
525,454
526,454
527,454
528,455
529,454
530,455
531,454
532,454
533,454
534,454
535,454
536,454
537,455
538,455
539,454
540,454
541,454
542,454
543,455
544,455
545,455
546,455
547,454
548,454
549,454
550,454
551,454
552,454
553,455
554,455
555,455
557,454
558,454
559,454
560,454
561,454
562,455
563,455
564,455
565,455
566,454
567,454
568,454
569,455
570,455
571,455
572,455
573,454
574,453
575,454
576,454
577,455
578,455
579,455
580,455
581,454
582,454
583,454
584,455
585,454
586,455
587,455
588,455
589,454
590,454
591,454
592,454
593,454
594,455
595,455
596,455
597,455
598,454
600,454
601,454
602,454
603,454
604,455
605,455
606,455
607,454
608,454
609,454
610,454
611,454
612,455
613,455
614,455
615,454
616,454
617,454
618,454
619,454
620,455
621,454
622,454
623,455
624,454
625,454
626,454
627,454
628,455
629,455
630,455
631,454
632,454
633,454
634,454
635,454
636,455
637,454
638,454
639,454
640,454
642,454
643,454
644,455
645,455
646,455
647,455
648,454
649,454
650,453
651,454
652,454
653,454
654,455
655,455
656,454
657,454
658,454
659,454
660,454
661,455
662,455
663,455
664,455
665,455
666,454
667,454
668,454
669,454
670,454
671,455
672,454
673,454
674,453
675,454
676,454
677,454
678,454
679,454
680,454
681,454
682,454
683,454
685,454
686,454
687,455
688,454
689,454
690,454
691,454
692,454
693,454
694,454
695,455
696,455
697,455
698,454
699,454
700,454
701,454
702,454
703,455
704,455
705,455
706,455
707,454
708,454
709,454
710,454
711,454
712,455
713,454
714,454
715,454
716,454
717,454
718,454
719,454
720,454
721,455
722,454
723,454
724,454
725,454
726,454
728,454
729,455
730,454
731,454
732,454
733,453
734,453
735,454
736,454
737,455
738,454
739,454
740,454
741,454
742,453
743,454
744,455
745,455
746,454
747,454
748,454
749,453
750,453
751,454
752,454
753,454
754,454
755,454
756,454
757,453
758,453
759,454
760,454
761,454
762,454
763,455
764,455
765,454
766,453
767,453
768,454
770,454
771,455
772,454
773,454
774,453
775,454
776,454
777,454
778,454
779,454
780,455
781,454
782,454
783,454
784,454
785,454
786,454
787,454
788,454
789,454
790,454
791,453
792,454
793,454
794,454
795,454
796,454
797,454
798,453
799,453
800,453
801,454
802,454
803,455
804,455
805,455
806,454
807,454
808,453
809,453
810,454
811,455
813,454
814,454
815,454
816,454
817,453
818,453
819,454
820,454
821,455
822,454
823,454
824,454
825,454
826,454
827,454
828,454
829,454
830,454
831,454
832,454
833,453
834,453
835,454
836,454
837,454
838,454
839,454
840,454
841,453
842,453
843,454
844,455
845,455
846,455
847,454
848,454
849,454
850,453
851,453
852,454
853,454
854,454
856,454
857,454
858,453
859,453
860,454
861,454
862,454
863,455
864,455
865,454
866,454
867,453
868,454
869,454
870,454
871,454
872,455
873,454
874,454
875,453
876,453
877,454
878,454
879,454
880,454
881,454
882,453
883,454
884,454
885,454
886,454
887,454
888,454
889,454
890,454
891,454
892,454
893,454
894,454
895,455
896,454
898,454
899,454
900,454
901,454
902,454
903,454
904,455
905,455
906,454
907,454
908,453
909,453
910,454
911,454
912,454
913,455
914,455
915,454
916,454
917,453
918,454
919,454
920,455
921,454
922,454
923,454
924,454
925,454
926,454
927,454
928,455
929,454
930,454
931,454
932,453
933,453
934,454
935,454
936,454
937,454
938,455
939,454
941,454
942,453
943,454
944,455
945,455
946,455
947,454
948,454
949,454
950,454
951,453
952,454
953,454
954,455
955,454
956,454
957,453
958,454
959,453
960,454
961,454
962,454
963,455
964,455
965,454
966,454
967,454
968,454
969,454
970,455
971,454
972,454
973,454
974,454
975,454
976,454
977,454
978,455
979,455
980,454
981,454
982,454
984,454
985,454
986,454
987,454
988,454
989,454
990,454
991,453
992,453
993,454
994,454
995,455
996,455
997,454
998,454
999,454
1000,453
1001,454
1002,454
1003,455
1004,455
1005,455
1006,454
1007,454
1008,454
1009,454
1010,454
1011,454
1012,455
1013,455
1014,454
1015,454
1016,454
1017,453
1018,454
1019,454
1020,455
1021,454
1022,454
1023,454
1024,454
1026,454
1027,454
1028,454
1029,455
1030,455
1031,454
1032,454
1033,453
1034,454
1035,454
1036,454
1037,454
1038,454
1039,454
1040,454
1041,454
1042,454
1043,454
1044,455
1045,455
1046,455
1047,455
1048,454
1049,454
1050,453
1051,454
1052,454
1053,455
1054,455
1055,455
1056,454
1057,454
1058,454
1059,454
1060,454
1061,454
1062,455
1063,455
1064,455
1065,454
1066,454
1067,454
1069,454
1070,455
1071,454
1072,454
1073,454
1074,454
1075,454
1076,454
1077,454
1078,454
1079,455
1080,455
1081,454
1082,454
1083,454
1084,454
1085,454
1086,454
1087,455
1088,455
1089,454
1090,454
1091,454
1092,454
1093,454
1094,454
1095,455
1096,455
1097,455
1098,454
1099,454
1100,454
1101,454
1102,454
1103,455
1104,455
1105,455
1106,454
1107,454
1108,454
1109,454
1110,454
1112,455
1113,455
1114,455
1115,454
1116,454
1117,454
1118,454
1119,454
1120,455
1121,455
1122,455
1123,454
1124,454
1125,454
1126,454
1127,454
1128,454
1129,455
1130,455
1131,455
1132,454
1133,454
1134,454
1135,454
1136,454
1137,455
1138,455
1139,454
1140,454
1141,454
1142,454
1143,455
1144,455
1145,455
1146,455
1147,455
1148,454
1149,454
1150,454
1151,454
1152,454
1154,455
1155,455
1156,455
1157,454
1158,454
1159,454
1160,454
1161,454
1162,455
1163,455
1164,455
1165,455
1166,454
1167,454
1168,454
1169,454
1170,455
1171,455
1172,455
1173,454
1174,454
1175,454
1176,454
1177,454
1178,455
1179,455
1180,455
1181,454
1182,454
1183,454
1184,455
1185,455
1186,455
1187,455
1188,455
1189,454
1190,454
1191,454
1192,454
1193,454
1194,455
1195,455
1197,455
1198,455
1199,454
1200,453
1201,454
1202,454
1203,455
1204,455
1205,456
1206,455
1207,454
1208,454
1209,454
1210,454
1211,455
1212,455
1213,455
1214,454
1215,454
1216,454
1217,454
1218,454
1219,454
1220,455
1221,455
1222,455
1223,455
1224,454
1225,454
1226,454
1227,455
1228,455
1229,455
1230,455
1231,454
1232,454
1233,454
1234,454
1235,454
1236,455
1237,455
1238,455
1240,455
1241,454
1242,454
1243,454
1244,455
1245,455
1246,455
1247,455
1248,454
1249,454
1250,453
1251,454
1252,454
1253,455
1254,455
1255,455
1256,454
1257,454
1258,454
1259,454
1260,454
1261,455
1262,455
1263,455
1264,456
1265,455
1266,454
1267,454
1268,454
1269,455
1270,455
1271,455
1272,455
1273,454
1274,454
1275,454
1276,454
1277,455
1278,455
1279,455
1280,455
1282,454
1283,454
1284,455
1285,455
1286,455
1287,455
1288,455
1289,455
1290,455
1291,454
1292,454
1293,454
1294,454
1295,455
1296,455
1297,455
1298,454
1299,454
1300,454
1301,454
1302,454
1303,455
1304,455
1305,455
1306,454
1307,454
1308,454
1309,454
1310,454
1311,455
1312,455
1313,455
1314,455
1315,454
1316,454
1317,454
1318,454
1319,455
1320,455
1321,455
1322,454
1323,455
1325,454
1326,454
1327,454
1328,454
1329,455
1330,455
1331,455
1332,454
1333,454
1334,454
1335,454
1336,455
1337,455
1338,455
1339,455
1340,454
1341,454
1342,454
1343,454
1344,455
1345,455
1346,455
1347,455
1348,454
1349,454
1350,454
1351,454
1352,454
1353,455
1354,455
1355,455
1356,455
1357,454
1358,454
1359,454
1360,454
1361,455
1362,455
1363,456
1364,455
1365,454
1366,454
1368,454
1369,454
1370,455
1371,455
1372,455
1373,455
1374,454
1375,454
1376,454
1377,454
1378,455
1379,455
1380,455
1381,455
1382,454
1383,454
1384,455
1385,455
1386,455
1387,455
1388,455
1389,455
1390,454
1391,454
1392,454
1393,454
1394,455
1395,455
1396,455
1397,455
1398,454
1399,454
1400,454
1401,454
1402,454
1403,455
1404,455
1405,455
1406,455
1407,454
1408,454
1410,454
1411,455
1412,455
1413,455
1414,455
1415,454
1416,454
1417,454
1418,454
1419,455
1420,455
1421,455
1422,455
1423,455
1424,455
1425,454
1426,454
1427,454
1428,455
1429,455
1430,455
1431,455
1432,454
1433,454
1434,454
1435,454
1436,455
1437,455
1438,455
1439,455
1440,454
1441,454
1442,454
1443,455
1444,455
1445,455
1446,455
1447,454
1448,454
1449,454
1450,454
1451,454
1453,455
1454,455
1455,455
1456,455
1457,454
1458,454
1459,454
1460,454
1461,455
1462,455
1463,455
1464,455
1465,455
1466,454
1467,454
1468,454
1469,454
1470,455
1471,454
1472,455
1473,454
1474,454
1475,454
1476,454
1477,455
1478,455
1479,455
1480,455
1481,455
1482,454
1483,455
1484,455
1485,455
1486,455
1487,455
1488,455
1489,455
1490,454
1491,454
1492,454
1493,454
1494,455
1496,455
1497,455
1498,455
1499,454
1500,454
1501,454
1502,454
1503,455
1504,456
1505,455
1506,455
1507,454
1508,454
1509,454
1510,453
1511,449
1512,455
1513,455
1514,455
1515,454
1516,454
1517,454
1518,452
1519,454
1520,455
1521,455
1522,454
1523,455
1524,454
1525,454
1526,454
1527,454
1528,455
1529,455
1530,455
1531,454
1532,454
1533,454
1534,454
1535,454
1536,454
1538,455
1539,455
1540,455
1541,454
1542,454
1543,454
1544,455
1545,455
1546,455
1547,455
1548,454
1549,454
1550,453
1551,454
1552,454
1553,454
1554,455
1555,455
1556,455
1557,454
1558,454
1559,454
1560,454
1561,454
1562,455
1563,455
1564,455
1565,455
1566,454
1567,454
1568,454
1569,455
1570,454
1571,455
1572,455
1573,454
1574,454
1575,454
1576,454
1577,454
1578,455
1579,455
1581,455
1582,454
1583,454
1584,454
1585,454
1586,454
1587,455
1588,455
1589,455
1590,454
1591,454
1592,454
1593,454
1594,454
1595,455
1596,455
1597,455
1598,454
1599,454
1600,454
1601,454
1602,454
1603,455
1604,455
1605,455
1606,455
1607,454
1608,454
1609,454
1610,454
1611,454
1612,455
1613,455
1614,454
1615,454
1616,454
1617,454
1618,454
1619,454
1620,454
1621,455
1622,454
1624,454
1625,454
1626,454
1627,454
1628,454
1629,455
1630,455
1631,455
1632,454
1633,454
1634,454
1635,454
1636,454
1637,455
1638,455
1639,455
1640,454
1641,454
1642,454
1643,454
1644,455
1645,455
1646,455
1647,455
1648,454
1649,453
1650,453
1651,454
1652,454
1653,454
1654,455
1655,455
1656,454
1657,454
1658,453
1659,454
1660,454
1661,454
1662,455
1663,454
1664,455
1666,454
1667,454
1668,453
1669,454
1670,454
1671,454
1672,455
1673,454
1674,453
1675,454
1676,454
1677,454
1678,454
1679,454
1680,454
1681,454
1682,454
1683,454
1684,454
1685,454
1686,454
1687,455
1688,455
1689,454
1690,454
1691,453
1692,454
1693,454
1694,454
1695,454
1696,454
1697,454
1698,454
1699,454
1700,453
1701,454
1702,454
1703,455
1704,454
1705,454
1706,454
1707,453
1709,453
1710,453
1711,454
1712,454
1713,454
1714,454
1715,454
1716,453
1717,453
1718,453
1719,454
1720,454
1721,454
1722,454
1723,454
1724,454
1725,454
1726,453
1727,454
1728,454
1729,454
1730,454
1731,454
1732,453
1733,453
1734,453
1735,454
1736,454
1737,454
1738,454
1739,454
1740,453
1741,453
1742,453
1743,454
1744,455
1745,455
1746,454
1747,454
1748,453
1749,453
1750,453
1752,453
1753,453
1754,454
1755,454
1756,454
1757,453
1758,453
1759,453
1760,453
1761,454
1762,454
1763,454
1764,454
1765,454
1766,453
1767,453
1768,453
1769,453
1770,454
1771,453
1772,454
1773,454
1774,453
1775,453
1776,453
1777,453
1778,454
1779,454
1780,454
1781,453
1782,453
1783,454
1784,454
1785,454
1786,454
1787,454
1788,454
1789,454
1790,453
1791,453
1792,453
1794,453
1795,454
1796,454
1797,454
1798,454
1799,453
1800,453
1801,453
1802,453
1803,453
1804,454
1805,455
1806,454
1807,453
1808,453
1809,453
1810,453
1811,454
1812,454
1813,454
1814,454
1815,453
1816,453
1817,453
1818,453
1819,453
1820,454
1821,454
1822,453
1823,453
1824,453
1825,453
1826,453
1827,453
1828,454
1829,454
1830,454
1831,453
1832,453
1833,453
1834,453
1835,453
1837,453
1838,454
1839,453
1840,453
1841,453
1842,453
1843,453
1844,454
1845,454
1846,453
1847,453
1848,453
1849,453
1850,452
1851,452
1852,453
1853,453
1854,454
1855,453
1856,453
1857,453
1858,452
1859,453
1860,453
1861,453
1862,454
1863,454
1864,454
1865,453
1866,453
1867,452
1868,453
1869,453
1870,454
1871,453
1872,453
1873,453
1874,452
1875,452
1876,453
1877,453
1878,453
1880,454
1881,453
1882,453
1883,453
1884,453
1885,453
1886,453
1887,454
1888,454
1889,453
1890,450
1891,452
1892,452
1893,453
1894,453
1895,453
1896,453
1897,453
1898,453
1899,453
1900,452
1901,452
1902,453
1903,453
1904,454
1905,454
1906,453
1907,452
1908,452
1909,452
1910,453
1911,453
1912,453
1913,453
1914,453
1915,452
1916,452
1917,452
1918,453
1919,453
1920,453
1922,453
1923,453
1924,453
1925,453
1926,452
1927,453
1928,453
1929,453
1930,453
1931,453
1932,452
1933,451
1934,452
1935,452
1936,453
1937,453
1938,453
1939,453
1940,452
1941,452
1942,452
1943,452
1944,453
1945,453
1946,453
1947,453
1948,452
1949,452
1950,452
1951,452
1952,452
1953,453
1954,453
1955,453
1956,452
1957,452
1958,452
1959,452
1960,452
1961,453
1962,453
1963,453
1965,453
1966,452
1967,452
1968,452
1969,452
1970,452
1971,453
1972,453
1973,452
1974,452
1975,452
1976,452
1977,452
1978,452
1979,452
1980,453
1981,453
1982,452
1983,452
1984,452
1985,453
1986,453
1987,453
1988,453
1989,452
1990,452
1991,452
1992,452
1993,452
1994,452
1995,453
1996,453
1997,452
1998,452
1999,452
2000,451
2001,452
2002,452
2003,453
2004,453
2005,453
2006,452
2008,451
2009,452
2010,452
2011,452
2012,453
2013,453
2014,453
2015,452
2016,452
2017,452
2018,452
2019,452
2020,453
2021,453
2022,452
2023,452
2024,452
2025,452
2026,452
2027,452
2028,452
2029,452
2030,452
2031,452
2032,452
2033,452
2034,451
2035,452
2036,452
2037,452
2038,453
2039,452
2040,452
2041,451
2042,452
2043,452
2044,453
2045,453
2046,452
2047,452
2048,452
2050,451
2051,452
2052,447
2053,452
2054,453
2055,453
2056,452
2057,452
2058,452
2059,452
2060,452
2061,452
2062,452
2063,453
2064,453
2065,452
2066,452
2067,452
2068,452
2069,452
2070,452
2071,453
2072,452
2073,452
2074,452
2075,452
2076,452
2077,452
2078,452
2079,453
2080,453
2081,452
2082,452
2083,452
2084,452
2085,452
2086,452
2087,453
2088,452
2089,452
2090,452
2091,452
2093,452
2094,452
2095,452
2096,453
2097,453
2098,453
2099,452
2100,452
2101,452
2102,452
2103,452
2104,453
2105,453
2106,452
2107,452
2108,452
2109,452
2110,452
2111,452
2112,453
2113,453
2114,453
2115,452
2116,452
2117,452
2118,452
2119,453
2120,452
2121,453
2122,453
2123,453
2124,452
2125,452
2126,452
2127,452
2128,453
2129,453
2130,453
2131,452
2132,452
2133,452
2134,452
2136,452
2137,453
2138,453
2139,453
2140,452
2141,452
2142,452
2143,452
2144,453
2145,453
2146,453
2147,453
2148,452
2149,452
2150,451
2151,452
2152,452
2153,452
2154,452
2155,453
2156,453
2157,452
2158,452
2159,452
2160,452
2161,453
2162,453
2163,453
2164,453
2165,453
2166,452
2167,452
2168,452
2169,452
2170,452
2171,453
2172,452
2173,452
2174,452
2175,452
2176,452
2178,452
2179,453
2180,453
2181,452
2182,452
2183,452
2184,452
2185,452
2186,452
2187,453
2188,453
2189,453
2190,452
2191,452
2192,452
2193,452
2194,452
2195,452
2196,453
2197,453
2198,452
2199,452
2200,452
2201,452
2202,452
2203,452
2204,453
2205,453
2206,453
2207,452
2208,452
2209,452
2210,452
2211,452
2212,453
2213,453
2214,453
2215,452
2216,452
2217,452
2218,452
2219,452
2221,453
2222,453
2223,452
2224,452
2225,452
2226,452
2227,452
2228,452
2229,453
2230,453
2231,453
2232,452
2233,452
2234,452
2235,452
2236,452
2237,452
2238,452
2239,453
2240,452
2241,452
2242,452
2243,452
2244,453
2245,453
2246,453
2247,452
2248,452
2249,452
2250,451
2251,452
2252,452
2253,452
2254,453
2255,452
2256,452
2257,452
2258,451
2259,452
2260,452
2261,452
2262,452
2264,453
2265,453
2266,452
2267,452
2268,452
2269,452
2270,452
2271,452
2272,452
2273,452
2274,452
2275,452
2276,452
2277,452
2278,452
2279,452
2280,452
2281,452
2282,452
2283,452
2284,452
2285,452
2286,452
2287,452
2288,452
2289,452
2290,452
2291,451
2292,452
2293,452
2294,452
2295,452
2296,452
2297,452
2298,452
2299,452
2300,451
2301,452
2302,452
2303,453
2304,453
2306,452
2307,452
2308,451
2309,451
2310,452
2311,452
2312,452
2313,453
2314,452
2315,452
2316,451
2317,451
2318,451
2319,452
2320,452
2321,452
2322,452
2323,452
2324,452
2325,452
2326,451
2327,452
2328,452
2329,453
2330,452
2331,452
2332,452
2333,451
2334,451
2335,452
2336,452
2337,452
2338,452
2339,452
2340,451
2341,451
2342,451
2343,452
2344,452
2345,453
2346,452
2347,452
2349,452
2350,452
2351,451
2352,451
2353,452
2354,452
2355,452
2356,452
2357,452
2358,452
2359,451
2360,452
2361,452
2362,452
2363,452
2364,452
2365,453
2366,451
2367,451
2368,452
2369,452
2370,452
2371,452
2372,452
2373,452
2374,451
2375,452
2376,451
2377,452
2378,452
2379,452
2380,452
2381,452
2382,452
2383,452
2384,452
2385,452
2386,452
2387,452
2388,452
2389,452
2390,451
2392,451
2393,451
2394,452
2395,452
2396,452
2397,452
2398,452
2399,451
2400,451
2401,451
2402,451
2403,452
2404,453
2405,453
2406,452
2407,451
2408,451
2409,451
2410,451
2411,452
2412,452
2413,452
2414,451
2415,452
2416,451
2417,451
2418,451
2419,452
2420,452
2421,451
2422,452
2423,452
2424,452
2425,452
2426,451
2427,452
2428,452
2429,452
2430,449
2431,452
2432,451
2434,451
2435,451
2436,451
2437,452
2438,452
2439,452
2440,452
2441,451
2442,451
2443,451
2444,452
2445,452
2446,452
2447,452
2448,452
2449,451
2450,451
2451,451
2452,452
2453,452
2454,452
2455,452
2456,452
2457,451
2458,451
2459,451
2460,451
2461,452
2462,452
2463,452
2464,452
2465,452
2466,451
2467,451
2468,451
2469,451
2470,452
2471,452
2472,452
2473,452
2474,451
2475,451
2477,451
2478,452
2479,452
2480,452
2481,452
2482,451
2483,451
2484,452
2485,452
2486,452
2487,452
2488,452
2489,452
2490,452
2491,451
2492,451
2493,451
2494,451
2495,452
2496,452
2497,452
2498,451
2499,451
2500,451
2501,451
2502,451
2503,452
2504,452
2505,453
2506,452
2507,451
2508,451
2509,441
2510,451
2511,452
2512,452
2513,452
2514,452
2515,451
2516,451
2517,451
2518,451
2520,451
2521,452
2522,452
2523,452
2524,452
2525,451
2526,451
2527,451
2528,451
2529,451
2530,452
2531,452
2532,451
2533,451
2534,451
2535,451
2536,451
2537,452
2538,452
2539,452
2540,451
2541,451
2542,451
2543,451
2544,452
2545,452
2546,451
2547,452
2548,451
2549,451
2550,450
2551,451
2552,451
2553,451
2554,452
2555,452
2556,451
2557,451
2558,451
2559,451
2560,451
2562,451
2563,451
2564,452
2565,452
2566,451
2567,450
2568,450
2569,450
2570,451
2571,451
2572,451
2573,451
2574,451
2575,450
2576,450
2577,451
2578,451
2579,451
2580,451
2581,451
2582,450
2583,450
2584,451
2585,450
2586,450
2587,451
2588,451
2589,451
2590,450
2591,450
2592,450
2593,450
2594,450
2595,450
2596,451
2597,450
2598,450
2599,449
2600,449
2601,450
2602,450
2603,450
2605,451
2606,450
2607,450
2608,449
2609,449
2610,449
2611,449
2612,450
2613,450
2614,450
2615,449
2616,449
2617,448
2618,449
2619,449
2620,449
2621,449
2622,449
2623,449
2624,449
2625,449
2626,448
2627,449
2628,449
2629,449
2630,449
2631,449
2632,448
2633,448
2634,448
2635,448
2636,449
2637,449
2638,449
2639,448
2640,448
2641,448
2642,448
2643,449
2644,449
2645,449
2646,448
2648,448
2649,448
2650,448
2651,448
2652,447
2653,448
2654,448
2655,448
2656,448
2657,447
2658,447
2659,447
2660,448
2661,448
2662,448
2663,448
2664,448
2665,448
2666,447
2667,447
2668,447
2669,447
2670,448
2671,448
2672,447
2673,447
2674,447
2675,447
2676,447
2677,447
2678,447
2679,447
2680,447
2681,447
2682,447
2683,447
2684,447
2685,447
2686,447
2687,447
2688,447
2690,447
2691,446
2692,446
2693,446
2694,447
2695,447
2696,447
2697,447
2698,447
2699,447
2700,446
2701,446
2702,447
2703,447
2704,448
2705,448
2706,447
2707,446
2708,446
2709,446
2710,446
2711,446
2712,447
2713,447
2714,447
2715,446
2716,446
2717,446
2718,446
2719,446
2720,446
2721,447
2722,447
2723,446
2724,446
2725,446
2726,446
2727,446
2728,446
2729,447
2730,446
2731,446
2733,446
2734,446
2735,446
2736,446
2737,446
2738,446
2739,446
2740,446
2741,446
2742,446
2743,446
2744,446
2745,447
2746,446
2747,446
2748,446
2749,446
2750,446
2751,445
2752,446
2753,446
2754,446
2755,446
2756,446
2757,446
2758,445
2759,446
2760,446
2761,446
2762,446
2763,446
2764,446
2765,446
2766,446
2767,445
2768,446
2769,445
2770,446
2771,446
2772,446
2773,446
2774,445
2776,445
2777,445
2778,446
2779,446
2780,446
2781,446
2782,446
2783,445
2784,446
2785,446
2786,446
2787,446
2788,446
2789,446
2790,445
2791,445
2792,445
2793,445
2794,446
2795,446
2796,446
2797,446
2798,446
2799,445
2800,445
2801,445
2802,445
2803,446
2804,447
2805,446
2806,446
2807,445
2808,445
2809,445
2810,446
2811,446
2812,446
2813,446
2814,446
2815,445
2816,445
2818,445
2819,445
2820,446
2821,446
2822,446
2823,446
2824,446
2825,446
2826,445
2827,445
2828,446
2829,446
2830,446
2831,446
2832,445
2833,445
2834,445
2835,445
2836,445
2837,446
2838,446
2839,446
2840,445
2841,445
2842,445
2843,445
2844,446
2845,446
2846,446
2847,446
2848,446
2849,445
2850,445
2851,445
2852,446
2853,446
2854,446
2855,446
2856,446
2857,445
2858,445
2859,445
2861,445
2862,446
2863,446
2864,446
2865,446
2866,446
2867,445
2868,445
2869,445
2870,446
2871,446
2872,446
2873,446
2874,446
2875,445
2876,445
2877,446
2878,446
2879,446
2880,446
2881,446
2882,446
2883,445
2884,446
2885,446
2886,446
2887,446
2888,446
2889,446
2890,446
2891,446
2892,445
2893,446
2894,446
2895,446
2896,446
2897,446
2898,446
2899,445
2900,445
2901,446
2902,446
2904,447
2905,447
2906,447
2907,446
2908,446
2909,446
2910,446
2911,446
2912,446
2913,446
2914,446
2915,446
2916,446
2917,446
2918,446
2919,446
2920,446
2921,447
2922,446
2923,446
2924,446
2925,446
2926,446
2927,446
2928,446
2929,445
2930,446
2931,445
2932,446
2933,445
2934,446
2935,446
2936,446
2937,447
2938,447
2939,447
2940,446
2941,445
2942,446
2943,447
2944,447
2946,448
2947,447
2948,447
2949,446
2950,446
2951,446
2952,445
2953,447
2954,447
2955,447
2956,447
2957,447
2958,447
2959,447
2960,446
2961,447
2962,447
2963,448
2964,448
2965,448
2966,447
2967,447
2968,447
2969,446
2970,447
2971,447
2972,447
2973,447
2974,447
2975,447
2976,447
2977,447
2978,448
2979,448
2980,448
2981,447
2982,447
2983,447
2984,448
2985,448
2986,447
2987,448
2989,448
2990,448
2991,447
2992,447
2993,447
2994,447
2995,448
2996,448
2997,448
2998,448
2999,448
3000,448
3001,448
3002,448
3003,448
3004,449
3005,449
3006,448
3007,448
3008,448
3009,448
3010,448
3011,448
3012,449
3013,449
3014,449
3015,448
3016,448
3017,448
3018,448
3019,449
3020,449
3021,449
3022,448
3023,449
3024,449
3025,449
3026,448
3027,449
3028,449
3029,449
3030,448
3032,449
3033,448
3034,448
3035,448
3036,449
3037,449
3038,449
3039,449
3040,449
3041,449
3042,448
3043,448
3044,449
3045,450
3046,450
3047,449
3048,449
3049,449
3050,449
3051,448
3052,449
3053,449
3054,450
3055,449
3056,449
3057,449
3058,449
3059,449
3060,449
3061,449
3062,450
3063,449
3064,450
3065,450
3066,449
3067,449
3068,449
3069,450
3070,450
3071,450
3072,450
3074,450
3075,449
3076,449
3077,450
3078,450
3079,450
3080,450
3081,450
3082,450
3083,450
3084,450
3085,450
3086,450
3087,450
3088,451
3089,450
3090,450
3091,450
3092,450
3093,450
3094,450
3095,451
3096,451
3097,451
3098,450
3099,450
3100,450
3101,450
3102,450
3103,450
3104,451
3105,451
3106,450
3107,450
3108,450
3109,450
3110,450
3111,451
3112,451
3113,451
3114,451
3115,450
3117,450
3118,450
3119,450
3120,451
3121,451
3122,451
3123,451
3124,451
3125,451
3126,450
3127,450
3128,451
3129,451
3130,451
3131,451
3132,451
3133,450
3134,451
3135,450
3136,451
3137,451
3138,451
3139,451
3140,451
3141,450
3142,450
3143,451
3144,451
3145,452
3146,451
3147,451
3148,451
3149,451
3150,450
3151,450
3152,451
3153,451
3154,451
3155,451
3156,451
3157,450
3158,451
3160,451
3161,451
3162,451
3163,451
3164,452
3165,452
3166,451
3167,451
3168,450
3169,451
3170,451
3171,451
3172,451
3173,451
3174,451
3175,450
3176,451
3177,450
3178,451
3179,451
3180,451
3181,451
3182,451
3183,450
3184,451
3185,451
3186,451
3187,451
3188,451
3189,451
3190,451
3191,450
3192,450
3193,451
3194,451
3195,451
3196,451
3197,451
3198,451
3199,450
3200,450
3202,450
3203,451
3204,452
3205,452
3206,452
3207,451
3208,450
3209,451
3210,451
3211,451
3212,451
3213,451
3214,451
3215,451
3216,450
3217,450
3218,451
3219,451
3220,451
3221,451
3222,451
3223,451
3224,451
3225,451
3226,450
3227,451
3228,451
3229,451
3230,451
3231,451
3232,451
3233,450
3234,450
3235,451
3236,451
3237,451
3238,451
3239,451
3240,451
3241,450
3242,450
3243,451
3245,451
3246,452
3247,451
3248,451
3249,450
3250,450
3251,450
3252,450
3253,451
3254,451
3255,451
3256,451
3257,451
3258,450
3259,450
3260,450
3261,450
3262,451
3263,451
3264,451
3265,451
3266,450
3267,450
3268,450
3269,450
3270,451
3271,451
3272,451
3273,450
3274,450
3275,450
3276,450
3277,450
3278,451
3279,451
3280,451
3281,451
3282,450
3283,450
3284,450
3285,451
3286,451
3288,451
3289,451
3290,450
3291,450
3292,450
3293,450
3294,450
3295,450
3296,451
3297,451
3298,451
3299,450
3300,450
3301,450
3302,450
3303,450
3304,451
3305,451
3306,450
3307,450
3308,450
3309,450
3310,450
3311,450
3312,451
3313,451
3314,451
3315,450
3316,450
3317,450
3318,450
3319,450
3320,450
3321,451
3322,450
3323,450
3324,450
3325,450
3326,450
3327,450
3328,451
3330,451
3331,450
3332,450
3333,450
3334,450
3335,450
3336,450
3337,450
3338,451
3339,451
3340,450
3341,450
3342,450
3343,450
3344,451
3345,451
3346,451
3347,450
3348,450
3349,450
3350,449
3351,449
3352,449
3353,450
3354,450
3355,450
3356,450
3357,450
3358,450
3359,450
3360,450
3361,450
3362,450
3363,450
3364,451
3365,450
3366,450
3367,450
3368,449
3369,450
3370,450
3371,450
3373,450
3374,450
3375,450
3376,449
3377,449
3378,450
3379,450
3380,450
3381,450
3382,450
3383,450
3384,450
3385,450
3386,450
3387,450
3388,450
3389,450
3390,450
3391,450
3392,449
3393,449
3394,450
3395,450
3396,450
3397,450
3398,450
3399,450
3400,449
3401,449
3402,450
3403,450
3404,451
3405,451
3406,450
3407,449
3408,449
3409,449
3410,450
3411,450
3412,450
3413,450
3414,450
3416,450
3417,449
3418,449
3419,450
3420,450
3421,450
3422,450
3423,450
3424,450
3425,450
3426,450
3427,449
3428,450
3429,450
3430,451
3431,450
3432,450
3433,449
3434,449
3435,449
3436,450
3437,450
3438,450
3439,450
3440,450
3441,450
3442,449
3443,450
3444,450
3445,451
3446,450
3447,450
3448,450
3449,450
3450,448
3451,449
3452,450
3453,450
3454,450
3455,450
3456,450
3458,450
3459,449
3460,449
3461,450
3462,450
3463,450
3464,451
3465,450
3466,450
3467,449
3468,450
3469,449
3470,450
3471,450
3472,448
3473,450
3474,449
3475,449
3476,449
3477,450
3478,450
3479,450
3480,450
3481,450
3482,450
3483,449
3484,450
3485,450
3486,450
3487,450
3488,450
3489,450
3490,450
3491,449
3492,449
3493,449
3494,450
3495,450
3496,450
3497,450
3498,450
3499,449
3501,449
3502,450
3503,450
3504,451
3505,451
3506,451
3507,450
3508,450
3509,449
3510,449
3511,450
3512,450
3513,450
3514,450
3515,450
3516,450
3517,450
3518,449
3519,450
3520,450
3521,450
3522,450
3523,450
3524,450
3525,450
3526,449
3527,450
3528,450
3529,450
3530,450
3531,450
3532,450
3533,450
3534,449
3535,450
3536,450
3537,450
3538,450
3539,450
3540,450
3541,449
3542,449
3544,450
3545,451
3546,451
3547,450
3548,450
3549,450
3550,449
3551,450
3552,450
3553,450
3554,450
3555,450
3556,450
3557,450
3558,450
3559,449
3560,449
3561,450
3562,450
3563,451
3564,451
3565,450
3566,449
3567,450
3568,449
3569,450
3570,450
3571,450
3572,450
3573,450
3574,450
3575,450
3576,450
3577,450
3578,450
3579,450
3580,450
3581,450
3582,450
3583,450
3584,450
3586,450
3587,450
3588,451
3589,450
3590,450
3591,450
3592,450
3593,450
3594,450
3595,450
3596,450
3597,450
3598,450
3599,450
3600,450
3601,450
3602,450
3603,450
3604,451
3605,451
3606,450
3607,450
3608,450
3609,450
3610,450
3611,450
3612,450
3613,451
3614,450
3615,450
3616,450
3617,450
3618,450
3619,450
3620,451
3621,451
3622,450
3623,450
3624,450
3625,450
3626,450
3627,450
3629,451
3630,451
3631,451
3632,450
3633,450
3634,449
3635,450
3636,450
3637,450
3638,451
3639,450
3640,450
3641,450
3642,449
3643,449
3644,450
3645,451
3646,451
3647,451
3648,450
3649,450
3650,450
3651,450
3652,450
3653,450
3654,450
3655,451
3656,450
3657,450
3658,450
3659,450
3660,450
3661,450
3662,451
3663,451
3664,451
3665,451
3666,450
3667,450
3668,450
3669,450
3670,451
3672,451
3673,450
3674,450
3675,450
3676,450
3677,450
3678,450
3679,450
3680,451
3681,450
3682,450
3683,450
3684,450
3685,450
3686,450
3687,450
3688,450
3689,450
3690,445
3691,450
3692,450
3693,450
3694,450
3695,450
3696,450
3697,450
3698,450
3699,450
3700,450
3701,450
3702,450
3703,450
3704,451
3705,451
3706,450
3707,450
3708,449
3709,450
3710,450
3711,450
3712,450
3714,451
3715,450
3716,450
3717,450
3718,449
3719,450
3720,450
3721,450
3722,451
3723,450
3724,451
3725,450
3726,450
3727,450
3728,450
3729,451
3730,451
3731,450
3732,450
3733,450
3734,449
3735,450
3736,450
3737,450
3738,450
3739,450
3740,450
3741,450
3742,450
3743,450
3744,451
3745,451
3746,451
3747,451
3748,450
3749,450
3750,450
3751,450
3752,450
3753,450
3754,450
3755,451
3757,450
3758,450
3759,449
3760,450
3761,450
3762,450
3763,450
3764,451
3765,451
3766,450
3767,450
3768,450
3769,450
3770,450
3771,451
3772,450
3773,450
3774,450
3775,450
3776,450
3777,450
3778,450
3779,451
3780,451
3781,451
3782,450
3783,450
3784,450
3785,450
3786,450
3787,450
3788,450
3789,450
3790,450
3791,450
3792,450
3793,450
3794,450
3795,451
3796,451
3797,450
3798,450
3800,450
3801,450
3802,450
3803,450
3804,451
3805,451
3806,451
3807,450
3808,450
3809,449
3810,450
3811,450
3812,451
3813,451
3814,451
3815,450
3816,450
3817,450
3818,450
3819,450
3820,450
3821,451
3822,451
3823,450
3824,451
3825,450
3826,450
3827,450
3828,450
3829,451
3830,450
3831,450
3832,450
3833,450
3834,447
3835,450
3836,450
3837,451
3838,450
3839,450
3840,450
3842,449
3843,450
3844,450
3845,451
3846,451
3847,451
3848,450
3849,446
3850,450
3851,449
3852,450
3853,450
3854,451
3855,451
3856,451
3857,450
3858,450
3859,450
3860,450
3861,450
3862,451
3863,451
3864,451
3865,451
3866,450
3867,450
3868,450
3869,450
3870,451
3871,451
3872,451
3873,450
3874,450
3875,450
3876,450
3877,450
3878,451
3879,451
3880,451
3881,451
3882,450
3883,450
3885,450
3886,451
3887,450
3888,451
3889,450
3890,450
3891,450
3892,450
3893,450
3894,450
3895,450
3896,451
3897,451
3898,451
3899,450
3900,450
3901,450
3902,450
3903,450
3904,451
3905,451
3906,451
3907,450
3908,450
3909,450
3910,450
3911,450
3912,451
3913,451
3914,451
3915,450
3916,450
3917,450
3918,450
3919,450
3920,450
3921,451
3922,451
3923,450
3924,451
3925,450
3926,450
3928,450
3929,451
3930,451
3931,451
3932,450
3933,450
3934,450
3935,450
3936,450
3937,450
3938,451
3939,451
3940,450
3941,450
3942,450
3943,450
3944,451
3945,451
3946,451
3947,451
3948,451
3949,450
3950,450
3951,450
3952,450
3953,450
3954,450
3955,451
3956,450
3957,450
3958,450
3959,450
3960,450
3961,450
3962,451
3963,451
3964,451
3965,450
3966,449
3967,450
3968,450
3970,450
3971,450
3972,450
3973,450
3974,450
3975,449
3976,449
3977,449
3978,450
3979,450
3980,450
3981,450
3982,450
3983,450
3984,450
3985,450
3986,450
3987,450
3988,450
3989,450
3990,450
3991,449
3992,449
3993,449
3994,450
3995,450
3996,450
3997,451
3998,450
3999,450
4000,449
4001,450
4002,449
4003,450
4004,451
4005,451
4006,450
4007,450
4008,450
4009,449
4010,450
4011,450
4013,450
4014,450
4015,450
4016,450
4017,449
4018,450
4019,450
4020,450
4021,450
4022,450
4023,450
4024,450
4025,450
4026,450
4027,450
4028,450
4029,450
4030,451
4031,450
4032,450
4033,450
4034,450
4035,450
4036,450
4037,450
4038,451
4039,450
4040,450
4041,450
4042,450
4043,450
4044,451
4045,451
4046,451
4047,450
4048,450
4049,450
4050,450
4051,450
4052,450
4053,450
4054,450
4056,450
4057,450
4058,450
4059,450
4060,450
4061,450
4062,450
4063,451
4064,451
4065,451
4066,450
4067,449
4068,449
4069,450
4070,450
4071,450
4072,450
4073,450
4074,450
4075,449
4076,449
4077,450
4078,450
4079,450
4080,450
4081,450
4082,450
4083,449
4084,450
4085,450
4086,450
4087,450
4088,450
4089,450
4090,450
4091,449
4092,449
4093,450
4094,450
4095,450
4096,450
4098,450
4099,450
4100,449
4101,449
4102,449
4103,450
4104,450
4105,451
4106,451
4107,450
4108,449
4109,449
4110,450
4111,450
4112,450
4113,450
4114,450
4115,450
4116,449
4117,449
4118,449
4119,450
4120,450
4121,450
4122,450
4123,450
4124,450
4125,450
4126,449
4127,449
4128,450
4129,450
4130,450
4131,450
4132,449
4133,449
4134,449
4135,449
4136,450
4137,450
4138,450
4139,450
4141,450
4142,449
4143,449
4144,450
4145,450
4146,451
4147,450
4148,450
4149,449
4150,449
4151,449
4152,449
4153,450
4154,450
4155,450
4156,450
4157,450
4158,449
4159,449
4160,450
4161,450
4162,450
4163,450
4164,451
4165,450
4166,449
4167,449
4168,449
4169,449
4170,450
4171,450
4172,450
4173,450
4174,449
4175,449
4176,449
4177,449
4178,450
4179,450
4180,450
4181,449
4182,449
4184,449
4185,450
4186,450
4187,450
4188,450
4189,450
4190,450
4191,449
4192,449
4193,449
4194,449
4195,450
4196,450
4197,450
4198,450
4199,449
4200,449
4201,449
4202,449
4203,450
4204,450
4205,451
4206,450
4207,449
4208,449
4209,449
4210,449
4211,449
4212,450
4213,450
4214,450
4215,449
4216,449
4217,449
4218,449
4219,449
4220,450
4221,450
4222,449
4223,449
4224,450
4226,449
4227,449
4228,449
4229,450
4230,450
4231,450
4232,449
4233,449
4234,449
4235,449
4236,449
4237,450
4238,450
4239,449
4240,449
4241,449
4242,449
4243,449
4244,449
4245,450
4246,450
4247,450
4248,449
4249,449
4250,448
4251,449
4252,449
4253,449
4254,450
4255,449
4256,449
4257,449
4258,449
4259,449
4260,449
4261,449
4262,450
4263,450
4264,450
4265,449
4266,449
4267,449
4269,449
4270,449
4271,449
4272,449
4273,450
4274,449
4275,449
4276,449
4277,449
4278,449
4279,449
4280,450
4281,450
4282,449
4283,449
4284,449
4285,449
4286,449
4287,449
4288,449
4289,449
4290,449
4291,449
4292,449
4293,449
4294,449
4295,450
4296,450
4297,450
4298,449
4299,449
4300,449
4301,449
4302,449
4303,449
4304,450
4305,450
4306,450
4307,449
4308,449
4309,449
4310,449
4312,449
4313,449
4314,449
4315,449
4316,449
4317,449
4318,449
4319,449
4320,449
4321,450
4322,450
4323,449
4324,449
4325,449
4326,449
4327,449
4328,449
4329,450
4330,450
4331,449
4332,449
4333,449
4334,449
4335,449
4336,449
4337,450
4338,449
4339,449
4340,449
4341,449
4342,449
4343,449
4344,450
4345,450
4346,450
4347,449
4348,448
4349,448
4350,445
4351,449
4352,449
4354,449
4355,449
4356,449
4357,449
4358,449
4359,449
4360,449
4361,447
4362,449
4363,450
4364,450
4365,450
4366,450
4367,449
4368,449
4369,444
4370,449
4371,450
4372,450
4373,449
4374,449
4375,449
4376,449
4377,449
4378,449
4379,449
4380,450
4381,449
4382,449
4383,449
4384,449
4385,449
4386,449
4387,450
4388,450
4389,440
4390,449
4391,449
4392,449
4393,449
4394,449
4395,450
4397,450
4398,450
4399,449
4400,449
4401,449
4402,449
4403,449
4404,450
4405,450
4406,450
4407,449
4408,449
4409,449
4410,449
4411,449
4412,450
4413,450
4414,450
4415,449
4416,449
4417,449
4418,449
4419,449
4420,450
4421,450
4422,449
4423,449
4424,450
4425,450
4426,449
4427,449
4428,450
4429,450
4430,450
4431,450
4432,449
4433,449
4434,449
4435,449
4436,450
4437,450
4438,450
4440,450
4441,449
4442,449
4443,449
4444,449
4445,450
4446,451
4447,450
4448,450
4449,449
4450,448
4451,448
4452,449
4453,449
4454,450
4455,450
4456,450
4457,450
4458,449
4459,449
4460,449
4461,450
4462,450
4463,450
4464,450
4465,450
4466,449
4467,450
4468,449
4469,450
4470,450
4471,450
4472,450
4473,450
4474,450
4475,449
4476,449
4477,450
4478,450
4479,450
4480,450
4482,450
4483,450
4484,450
4485,450
4486,450
4487,450
4488,450
4489,450
4490,450
4491,450
4492,450
4493,450
4494,450
4495,450
4496,450
4497,450
4498,450
4499,450
4500,449
4501,449
4502,450
4503,450
4504,451
4505,451
4506,450
4507,450
4508,450
4509,449
4510,450
4511,450
4512,450
4513,450
4514,450
4515,450
4516,450
4517,449
4518,450
4519,450
4520,450
4521,450
4522,450
4523,450
4525,450
4526,450
4527,450
4528,450
4529,450
4530,451
4531,450
4532,450
4533,450
4534,450
4535,450
4536,450
4537,450
4538,450
4539,450
4540,450
4541,450
4542,450
4543,450
4544,450
4545,451
4546,451
4547,450
4548,450
4549,450
4550,450
4551,450
4552,450
4553,450
4554,450
4555,450
4556,450
4557,450
4558,450
4559,450
4560,450
4561,450
4562,451
4563,451
4564,451
4565,450
4566,450
4568,450
4569,449
4570,450
4571,450
4572,450
4573,450
4574,450
4575,449
4576,450
4577,450
4578,450
4579,450
4580,451
4581,450
4582,450
4583,450
4584,450
4585,450
4586,450
4587,450
4588,450
4589,450
4590,450
4591,450
4592,450
4593,450
4594,450
4595,450
4596,451
4597,451
4598,450
4599,450
4600,450
4601,450
4602,450
4603,450
4604,451
4605,451
4606,450
4607,450
4608,450
4610,449
4611,447
4612,450
4613,451
4614,451
4615,450
4616,450
4617,450
4618,450
4619,450
4620,450
4621,450
4622,450
4623,450
4624,450
4625,450
4626,450
4627,450
4628,450
4629,451
4630,451
4631,450
4632,450
4633,450
4634,450
4635,450
4636,450
4637,450
4638,451
4639,450
4640,450
4641,450
4642,449
4643,449
4644,450
4645,451
4646,450
4647,451
4648,450
4649,450
4650,450
4651,450
4653,450
4654,450
4655,451
4656,451
4657,450
4658,450
4659,450
4660,450
4661,450
4662,450
4663,450
4664,451
4665,451
4666,450
4667,450
4668,450
4669,450
4670,450
4671,450
4672,451
4673,450
4674,450
4675,450
4676,450
4677,450
4678,450
4679,450
4680,451
4681,450
4682,450
4683,450
4684,450
4685,450
4686,450
4687,450
4688,451
4689,450
4690,450
4691,446
4692,450
4693,450
4694,450
4696,451
4697,451
4698,451
4699,450
4700,450
4701,450
4702,450
4703,450
4704,451
4705,451
4706,451
4707,450
4708,450
4709,450
4710,450
4711,450
4712,451
4713,451
4714,451
4715,450
4716,450
4717,450
4718,450
4719,450
4720,450
4721,451
4722,451
4723,451
4724,451
4725,450
4726,450
4727,450
4728,451
4729,449
4730,449
4731,450
4732,450
4733,450
4734,450
4735,449
4736,450
4738,451
4739,451
4740,450
4741,449
4742,450
4743,450
4744,450
4745,451
4746,451
4747,451
4748,451
4749,450
4750,450
4751,450
4752,450
4753,450
4754,451
4755,451
4756,451
4757,450
4758,450
4759,450
4760,450
4761,450
4762,451
4763,451
4764,452
4765,451
4766,450
4767,450
4768,450
4769,450
4770,451
4771,451
4772,451
4773,450
4774,450
4775,450
4776,450
4777,450
4778,450
4779,451
4781,451
4782,451
4783,450
4784,450
4785,450
4786,451
4787,451
4788,451
4789,451
4790,451
4791,450
4792,450
4793,450
4794,450
4795,451
4796,451
4797,451
4798,450
4799,450
4800,450
4801,450
4802,450
4803,450
4804,451
4805,451
4806,451
4807,450
4808,450
4809,450
4810,450
4811,451
4812,451
4813,451
4814,451
4815,451
4816,450
4817,450
4818,450
4819,450
4820,451
4821,451
4822,451
4824,450
4825,451
4826,450
4827,450
4828,451
4829,451
4830,451
4831,451
4832,451
4833,451
4834,450
4835,450
4836,450
4837,451
4838,451
4839,451
4840,451
4841,451
4842,450
4843,450
4844,451
4845,451
4846,451
4847,451
4848,451
4849,450
4850,450
4851,450
4852,450
4853,451
4854,451
4855,451
4856,451
4857,451
4858,450
4859,450
4860,450
4861,451
4862,451
4863,451
4864,451
4866,451
4867,450
4868,450
4869,450
4870,451
4871,451
4872,451
4873,451
4874,450
4875,450
4876,450
4877,450
4878,451
4879,451
4880,451
4881,451
4882,451
4883,450
4884,451
4885,451
4886,451
4887,451
4888,451
4889,451
4890,451
4891,450
4892,450
4893,450
4894,450
4895,451
4896,451
4897,451
4898,451
4899,450
4900,450
4901,450
4902,451
4903,451
4904,452
4905,452
4906,451
4907,450
4909,450
4910,450
4911,451
4912,451
4913,451
4914,451
4915,451
4916,451
4917,450
4918,450
4919,450
4920,451
4921,451
4922,451
4923,451
4924,451
4925,451
4926,451
4927,451
4928,451
4929,451
4930,451
4931,451
4932,451
4933,450
4934,450
4935,450
4936,451
4937,451
4938,451
4939,451
4940,451
4941,450
4942,450
4943,450
4944,451
4945,451
4946,451
4947,451
4948,450
4949,450
4950,450
4952,450
4953,450
4954,451
4955,451
4956,451
4957,451
4958,450
4959,450
4960,450
4961,450
4962,451
4963,451
4964,451
4965,451
4966,451
4967,450
4968,450
4969,450
4970,451
4971,451
4972,451
4973,451
4974,451
4975,450
4976,450
4977,450
4978,450
4979,451
4980,451
4981,451
4982,451
4983,450
4984,451
4985,451
4986,451
4987,451
4988,451
4989,451
4990,450
4991,450
4992,450
4994,450
4995,450
4996,451
4997,451
4998,451
4999,451
5000,450
5001,450
5002,450
5003,450
5004,451
5005,451
5006,452
5007,451
5008,450
5009,450
5010,450
5011,451
5012,451
5013,451
5014,451
5015,451
5016,450
5017,450
5018,450
5019,450
5020,451
5021,451
5022,451
5023,451
5024,451
5025,451
5026,450
5027,450
5028,451
5029,451
5030,451
5031,451
5032,450
5033,450
5034,450
5035,450
5037,451
5038,451
5039,451
5040,451
5041,450
5042,450
5043,450
5044,450
5045,451
5046,451
5047,451
5048,451
5049,450
5050,450
5051,450
5052,450
5053,451
5054,451
5055,451
5056,451
5057,451
5058,450
5059,450
5060,450
5061,451
5062,451
5063,451
5064,451
5065,451
5066,450
5067,450
5068,450
5069,451
5070,451
5071,451
5072,451
5073,451
5074,450
5075,450
5076,450
5077,451
5078,451
5080,451
5081,451
5082,451
5083,450
5084,451
5085,451
5086,451
5087,451
5088,451
5089,451
5090,451
5091,451
5092,450
5093,450
5094,450
5095,451
5096,451
5097,451
5098,451
5099,451
5100,450
5101,450
5102,450
5103,451
5104,451
5105,451
5106,451
5107,451
5108,450
5109,449
5110,445
5111,450
5112,451
5113,451
5114,451
5115,448
5116,450
5117,450
5118,450
5119,450
5120,451
5122,451
5123,450
5124,451
5125,451
5126,451
5127,450
5128,451
5129,450
5130,451
5131,450
5132,451
5133,450
5134,450
5135,450
5136,451
5137,451
5138,451
5139,451
5140,451
5141,450
5142,450
5143,450
5144,450
5145,451
5146,451
5147,451
5148,451
5149,450
5150,450
5151,450
5152,450
5153,450
5154,451
5155,451
5156,451
5157,450
5158,450
5159,450
5160,450
5161,450
5162,451
5163,451
5165,452
5166,451
5167,450
5168,450
5169,450
5170,450
5171,451
5172,451
5173,451
5174,450
5175,450
5176,450
5177,450
5178,450
5179,451
5180,451
5181,451
5182,450
5183,450
5184,450
5185,450
5186,451
5187,451
5188,451
5189,451
5190,451
5191,450
5192,450
5193,450
5194,450
5195,451
5196,451
5197,451
5198,451
5199,450
5200,450
5201,450
5202,450
5203,451
5204,452
5205,452
5206,451
5208,451
5209,450
5210,450
5211,450
5212,450
5213,450
5214,451
5215,451
5216,451
5217,450
5218,450
5219,450
5220,451
5221,451
5222,451
5223,451
5224,451
5225,451
5226,450
5227,450
5228,450
5229,451
5230,451
5231,451
5232,451
5233,450
5234,450
5235,450
5236,450
5237,451
5238,451
5239,451
5240,450
5241,450
5242,450
5243,450
5244,451
5245,451
5246,451
5247,451
5248,451
5250,450
5251,450
5252,447
5253,450
5254,451
5255,451
5256,451
5257,451
5258,450
5259,450
5260,450
5261,450
5262,450
5263,451
5264,451
5265,451
5266,451
5267,450
5268,450
5269,450
5270,451
5271,451
5272,451
5273,451
5274,451
5275,450
5276,450
5277,450
5278,451
5279,451
5280,451
5281,451
5282,450
5283,450
5284,451
5285,451
5286,450
5287,451
5288,451
5289,451
5290,451
5291,450
5293,450
5294,450
5295,450
5296,451
5297,451
5298,451
5299,451
5300,450
5301,450
5302,450
5303,450
5304,451
5305,451
5306,451
5307,451
5308,450
5309,450
5310,450
5311,451
5312,451
5313,451
5314,451
5315,451
5316,450
5317,450
5318,450
5319,450
5320,451
5321,451
5322,451
5323,451
5324,451
5325,450
5326,450
5327,450
5328,451
5329,451
5330,450
5331,450
5332,450
5333,450
5334,450
5336,450
5337,450
5338,451
5339,451
5340,451
5341,451
5342,450
5343,450
5344,450
5345,451
5346,452
5347,451
5348,451
5349,444
5350,450
5351,450
5352,450
5353,450
5354,450
5355,451
5356,451
5357,450
5358,450
5359,450
5360,450
5361,451
5362,451
5363,451
5364,451
5365,451
5366,450
5367,450
5368,450
5369,450
5370,451
5371,451
5372,450
5373,451
5374,450
5375,450
5376,450
5378,450
5379,450
5380,451
5381,451
5382,450
5383,450
5384,450
5385,450
5386,451
5387,451
5388,451
5389,451
5390,451
5391,450
5392,450
5393,450
5394,450
5395,451
5396,451
5397,451
5398,451
5399,451
5400,450
5401,450
5402,450
5403,451
5404,451
5405,451
5406,451
5407,450
5408,450
5409,450
5410,450
5411,451
5412,451
5413,451
5414,451
5415,450
5416,450
5417,450
5418,450
5419,450
5421,450
5422,451
5423,451
5424,450
5425,451
5426,450
5427,450
5428,450
5429,451
5430,451
5431,451
5432,451
5433,451
5434,450
5435,450
5436,451
5437,451
5438,451
5439,451
5440,451
5441,450
5442,450
5443,450
5444,451
5445,451
5446,451
5447,451
5448,451
5449,450
5450,450
5451,450
5452,450
5453,450
5454,451
5455,451
5456,451
5457,450
5458,450
5459,450
5460,450
5461,451
5462,451
5464,451
5465,451
5466,451
5467,450
5468,450
5469,450
5470,451
5471,451
5472,451
5473,451
5474,450
5475,450
5476,450
5477,450
5478,450
5479,451
5480,451
5481,451
5482,450
5483,450
5484,451
5485,451
5486,451
5487,451
5488,451
5489,451
5490,451
5491,450
5492,450
5493,450
5494,450
5495,451
5496,451
5497,451
5498,451
5499,450
5500,450
5501,450
5502,450
5503,450
5504,451
5506,451
5507,450
5508,450
5509,450
5510,450
5511,450
5512,451
5513,451
5514,451
5515,451
5516,450
5517,450
5518,450
5519,450
5520,451
5521,451
5522,451
5523,451
5524,451
5525,451
5526,450
5527,450
5528,450
5529,451
5530,451
5531,451
5532,450
5533,450
5534,450
5535,450
5536,450
5537,451
5538,451
5539,451
5540,450
5541,450
5542,450
5543,450
5544,451
5545,451
5546,451
5547,451
5549,450
5550,450
5551,450
5552,450
5553,450
5554,450
5555,451
5556,451
5557,451
5558,450
5559,450
5560,450
5561,451
5562,451
5563,451
5564,451
5565,451
5566,451
5567,450
5568,450
5569,450
5570,450
5571,451
5572,451
5573,451
5574,451
5575,450
5576,450
5577,450
5578,451
5579,451
5580,451
5581,451
5582,450
5583,450
5584,451
5585,451
5586,451
5587,451
5588,451
5589,451
5590,451
5592,450
5593,450
5594,450
5595,450
5596,451
5597,451
5598,451
5599,451
5600,450
5601,450
5602,450
5603,450
5604,451
5605,451
5606,451
5607,451
5608,450
5609,450
5610,450
5611,450
5612,451
5613,451
5614,451
5615,451
5616,450
5617,450
5618,450
5619,450
5620,451
5621,451
5622,451
5623,451
5624,451
5625,451
5626,450
5627,450
5628,451
5629,451
5630,451
5631,451
5632,450
5634,450
5635,450
5636,450
5637,451
5638,451
5639,451
5640,451
5641,451
5642,450
5643,450
5644,450
5645,451
5646,451
5647,451
5648,451
5649,451
5650,450
5651,450
5652,450
5653,451
5654,451
5655,451
5656,451
5657,451
5658,450
5659,450
5660,450
5661,451
5662,451
5663,451
5664,452
5665,452
5666,451
5667,450
5668,450
5669,450
5670,451
5671,451
5672,451
5673,451
5674,450
5675,450
5677,450
5678,450
5679,451
5680,451
5681,451
5682,451
5683,450
5684,450
5685,451
5686,451
5687,451
5688,451
5689,451
5690,451
5691,450
5692,450
5693,450
5694,450
5695,450
5696,451
5697,451
5698,451
5699,451
5700,450
5701,450
5702,450
5703,450
5704,451
5705,451
5706,451
5707,451
5708,450
5709,450
5710,450
5711,450
5712,451
5713,451
5714,451
5715,450
5716,450
5717,450
5718,450
5720,450
5721,451
5722,451
5723,451
5724,450
5725,451
5726,451
5727,450
5728,449
5729,450
5730,451
5731,451
5732,451
5733,450
5734,447
5735,450
5736,449
5737,451
5738,451
5739,451
5740,451
5741,450
5742,450
5743,450
5744,451
5745,451
5746,452
5747,451
5748,450
5749,451
5750,450
5751,450
5752,449
5753,450
5754,451
5755,451
5756,451
5757,451
5758,450
5759,450
5760,450
5762,451
5763,451
5764,451
5765,451
5766,451
5767,450
5768,450
5769,450
5770,450
5771,451
5772,451
5773,451
5774,451
5775,450
5776,450
5777,450
5778,451
5779,451
5780,451
5781,451
5782,451
5783,450
5784,451
5785,451
5786,451
5787,451
5788,451
5789,451
5790,451
5791,451
5792,450
5793,450
5794,450
5795,451
5796,451
5797,451
5798,451
5799,450
5800,450
5801,450
5802,450
5803,450
5805,451
5806,451
5807,451
5808,451
5809,450
5810,450
5811,451
5812,451
5813,451
5814,451
5815,451
5816,451
5817,450
5818,450
5819,450
5820,451
5821,451
5822,451
5823,451
5824,451
5825,451
5826,451
5827,451
5828,451
5829,451
5830,451
5831,451
5832,451
5833,450
5834,450
5835,450
5836,450
5837,451
5838,451
5839,451
5840,451
5841,450
5842,450
5843,450
5844,451
5845,451
5846,451
5848,451
5849,451
5850,450
5851,450
5852,450
5853,450
5854,451
5855,451
5856,451
5857,451
5858,450
5859,450
5860,450
5861,450
5862,451
5863,451
5864,451
5865,451
5866,451
5867,450
5868,450
5869,450
5870,451
5871,451
5872,451
5873,451
5874,450
5875,450
5876,450
5877,450
5878,451
5879,451
5880,451
5881,451
5882,451
5883,450
5884,451
5885,451
5886,451
5887,451
5888,451
5890,451
5891,451
5892,450
5893,450
5894,450
5895,450
5896,451
5897,451
5898,451
5899,451
5900,450
5901,450
5902,450
5903,450
5904,451
5905,452
5906,452
5907,451
5908,450
5909,450
5910,450
5911,450
5912,451
5913,451
5914,451
5915,451
5916,451
5917,450
5918,450
5919,451
5920,451
5921,451
5922,451
5923,451
5924,451
5925,451
5926,450
5927,450
5928,451
5929,451
5930,451
5931,451
5933,451
5934,450
5935,450
5936,450
5937,451
5938,451
5939,451
5940,451
5941,451
5942,450
5943,450
5944,450
5945,451
5946,451
5947,451
5948,451
5949,451
5950,450
5951,450
5952,450
5953,450
5954,451
5955,451
5956,451
5957,451
5958,450
5959,450
5960,450
5961,450
5962,451
5963,451
5964,451
5965,451
5966,451
5967,450
5968,450
5969,451
5970,451
5971,451
5972,451
5973,451
5974,450
5976,451
5977,450
5978,450
5979,451
5980,451
5981,451
5982,451
5983,450
5984,450
5985,451
5986,451
5987,451
5988,451
5989,451
5990,451
5991,450
5992,450
5993,450
5994,450
5995,451
5996,451
5997,451
5998,451
5999,450
6000,450
6001,450
6002,450
6003,450
6004,451
6005,451
6006,451
6007,451
6008,450
6009,450
6010,450
6011,450
6012,451
6013,451
6014,451
6015,451
6016,450
6018,450
6019,450
6020,450
6021,451
6022,451
6023,451
6024,451
6025,451
6026,451
6027,450
6028,450
6029,451
6030,451
6031,451
6032,451
6033,450
6034,450
6035,450
6036,450
6037,451
6038,451
6039,451
6040,451
6041,451
6042,450
6043,450
6044,451
6045,451
6046,451
6047,451
6048,451
6049,450
6050,450
6051,450
6052,450
6053,450
6054,451
6055,451
6056,451
6057,450
6058,450
6059,450
6061,450
6062,451
6063,451
6064,451
6065,451
6066,451
6067,450
6068,450
6069,450
6070,451
6071,451
6072,451
6073,451
6074,451
6075,450
6076,450
6077,450
6078,450
6079,451
6080,451
6081,451
6082,451
6083,450
6084,450
6085,451
6086,451
6087,451
6088,451
6089,451
6090,451
6091,450
6092,450
6093,450
6094,450
6095,451
6096,451
6097,451
6098,451
6099,450
6100,450
6101,450
6102,450
6104,451
6105,451
6106,451
6107,451
6108,451
6109,450
6110,450
6111,450
6112,450
6113,451
6114,451
6115,451
6116,450
6117,450
6118,450
6119,450
6120,450
6121,451
6122,451
6123,451
6124,451
6125,451
6126,450
6127,450
6128,450
6129,451
6130,451
6131,451
6132,451
6133,450
6134,450
6135,450
6136,450
6137,451
6138,451
6139,451
6140,451
6141,450
6142,450
6143,450
6144,451
6146,451
6147,451
6148,451
6149,451
6150,450
6151,450
6152,450
6153,450
6154,451
6155,451
6156,451
6157,451
6158,450
6159,450
6160,450
6161,451
6162,451
6163,451
6164,451
6165,451
6166,451
6167,450
6168,451
6169,450
6170,451
6171,451
6172,451
6173,451
6174,451
6175,450
6176,450
6177,450
6178,451
6179,451
6180,451
6181,451
6182,451
6183,450
6184,451
6185,451
6186,451
6187,451
6189,451
6190,451
6191,451
6192,450
6193,450
6194,450
6195,451
6196,451
6197,451
6198,451
6199,451
6200,450
6201,450
6202,450
6203,450
6204,451
6205,451
6206,452
6207,451
6208,450
6209,450
6210,450
6211,450
6212,451
6213,451
6214,451
6215,451
6216,450
6217,450
6218,450
6219,450
6220,451
6221,451
6222,451
6223,451
6224,451
6225,451
6226,450
6227,450
6228,451
6229,451
6230,451
6232,451
6233,451
6234,451
6235,450
6236,451
6237,451
6238,451
6239,451
6240,451
6241,451
6242,450
6243,450
6244,451
6245,451
6246,451
6247,451
6248,451
6249,451
6250,450
6251,450
6252,450
6253,451
6254,451
6255,451
6256,451
6257,451
6258,450
6259,450
6260,450
6261,451
6262,451
6263,451
6264,452
6265,452
6266,451
6267,450
6268,451
6269,451
6270,451
6271,451
6272,451
6274,451
6275,450
6276,450
6277,450
6278,451
6279,451
6280,451
6281,451
6282,451
6283,451
6284,451
6285,451
6286,451
6287,451
6288,451
6289,451
6290,451
6291,451
6292,451
6293,450
6294,451
6295,451
6296,451
6297,451
6298,451
6299,451
6300,451
6301,450
6302,451
6303,451
6304,452
6305,452
6306,452
6307,451
6308,451
6309,451
6310,450
6311,451
6312,451
6313,452
6314,451
6315,451
6317,451
6318,450
6319,451
6320,451
6321,451
6322,451
6323,451
6324,451
6325,451
6326,451
6327,450
6328,451
6329,451
6330,451
6331,451
6332,451
6333,451
6334,451
6335,451
6336,451
6337,451
6338,451
6339,451
6340,451
6341,451
6342,451
6343,451
6344,451
6345,452
6346,452
6347,451
6348,452
6349,451
6350,451
6351,451
6352,450
6353,451
6354,451
6355,451
6356,451
6357,451
6358,451
6360,450
6361,451
6362,451
6363,451
6364,451
6365,452
6366,451
6367,451
6368,450
6369,451
6370,451
6371,451
6372,451
6373,451
6374,451
6375,450
6376,450
6377,451
6378,451
6379,451
6380,451
6381,451
6382,451
6383,451
6384,451
6385,451
6386,451
6387,451
6388,451
6389,451
6390,451
6391,451
6392,451
6393,451
6394,451
6395,451
6396,451
6397,451
6398,451
6399,451
6400,450
6402,450
6403,450
6404,451
6405,452
6406,452
6407,451
6408,451
6409,451
6410,450
6411,450
6412,451
6413,451
6414,451
6415,451
6416,451
6417,450
6418,450
6419,450
6420,451
6421,451
6422,451
6423,451
6424,451
6425,451
6426,451
6427,450
6428,450
6429,451
6430,451
6431,451
6432,451
6433,450
6434,450
6435,451
6436,451
6437,451
6438,451
6439,451
6440,451
6441,450
6442,450
6443,450
6445,451
6446,452
6447,451
6448,451
6449,451
6450,451
6451,450
6452,451
6453,451
6454,451
6455,452
6456,451
6457,451
6458,451
6459,451
6460,451
6461,451
6462,451
6463,451
6464,451
6465,452
6466,451
6467,450
6468,450
6469,451
6470,451
6471,451
6472,451
6473,451
6474,451
6475,450
6476,451
6477,451
6478,451
6479,451
6480,452
6481,451
6482,451
6483,451
6484,451
6485,451
6486,451
6488,451
6489,451
6490,451
6491,451
6492,450
6493,448
6494,451
6495,451
6496,451
6497,451
6498,451
6499,451
6500,450
6501,450
6502,450
6503,451
6504,451
6505,451
6506,452
6507,451
6508,451
6509,451
6510,451
6511,451
6512,451
6513,451
6514,451
6515,451
6516,451
6517,451
6518,451
6519,451
6520,451
6521,451
6522,451
6523,451
6524,451
6525,451
6526,451
6527,451
6528,451
6530,451
6531,451
6532,451
6533,451
6534,451
6535,451
6536,451
6537,451
6538,451
6539,451
6540,451
6541,451
6542,450
6543,450
6544,451
6545,451
6546,452
6547,451
6548,452
6549,451
6550,451
6551,451
6552,451
6553,451
6554,451
6555,452
6556,451
6557,451
6558,451
6559,450
6560,451
6561,451
6562,451
6563,451
6564,452
6565,452
6566,451
6567,450
6568,450
6569,451
6570,451
6571,451
6573,451
6574,451
6575,451
6576,450
6577,450
6578,450
6579,451
6580,451
6581,451
6582,451
6583,451
6584,450
6585,451
6586,451
6587,451
6588,451
6589,451
6590,451
6591,451
6592,450
6593,450
6594,451
6595,451
6596,451
6597,451
6598,451
6599,451
6600,451
6601,451
6602,451
6603,451
6604,452
6605,452
6606,452
6607,451
6608,451
6609,450
6610,451
6611,451
6612,451
6613,451
6614,452
6616,451
6617,451
6618,450
6619,450
6620,451
6621,451
6622,451
6623,451
6624,451
6625,451
6626,451
6627,451
6628,451
6629,451
6630,451
6631,451
6632,451
6633,451
6634,451
6635,451
6636,451
6637,451
6638,451
6639,451
6640,451
6641,451
6642,451
6643,450
6644,451
6645,451
6646,452
6647,452
6648,451
6649,451
6650,451
6651,450
6652,451
6653,451
6654,451
6655,451
6656,451
6658,451
6659,451
6660,451
6661,451
6662,451
6663,452
6664,451
6665,452
6666,452
6667,450
6668,451
6669,451
6670,451
6671,452
6672,452
6673,451
6674,451
6675,451
6676,451
6677,451
6678,451
6679,451
6680,452
6681,452
6682,451
6683,451
6684,451
6685,451
6686,452
6687,451
6688,451
6689,451
6690,451
6691,451
6692,451
6693,450
6694,451
6695,451
6696,452
6697,452
6698,452
6699,451
6701,451
6702,451
6703,451
6704,451
6705,452
6706,452
6707,452
6708,451
6709,451
6710,451
6711,450
6712,451
6713,451
6714,452
6715,451
6716,451
6717,451
6718,451
6719,451
6720,451
6721,451
6722,451
6723,452
6724,451
6725,451
6726,451
6727,450
6728,451
6729,451
6730,451
6731,451
6732,450
6733,450
6734,450
6735,451
6736,451
6737,451
6738,452
6739,451
6740,451
6741,451
6742,450
6744,450
6745,451
6746,452
6747,452
6748,452
6749,452
6750,451
6751,450
6752,450
6753,451
6754,451
6755,451
6756,452
6757,451
6758,451
6759,450
6760,451
6761,451
6762,451
6763,451
6764,452
6765,452
6766,451
6767,450
6768,451
6769,451
6770,451
6771,451
6772,452
6773,451
6774,451
6775,451
6776,451
6777,451
6778,451
6779,451
6780,452
6781,451
6782,451
6783,451
6784,451
6786,451
6787,451
6788,451
6789,451
6790,451
6791,451
6792,451
6793,451
6794,451
6795,451
6796,451
6797,451
6798,451
6799,451
6800,451
6801,451
6802,451
6803,451
6804,451
6805,452
6806,452
6807,451
6808,451
6809,447
6810,451
6811,451
6812,451
6813,450
6814,451
6815,451
6816,451
6817,450
6818,451
6819,451
6820,451
6821,451
6822,451
6823,451
6824,451
6825,451
6826,451
6827,451
6829,451
6830,451
6831,452
6832,451
6833,451
6834,451
6835,450
6836,450
6837,451
6838,451
6839,451
6840,451
6841,451
6842,451
6843,451
6844,451
6845,452
6846,452
6847,451
6848,451
6849,451
6850,451
6851,451
6852,451
6853,451
6854,451
6855,452
6856,452
6857,451
6858,451
6859,451
6860,451
6861,451
6862,451
6863,452
6864,452
6865,452
6866,451
6867,450
6868,451
6869,451
6870,451
6872,451
6873,451
6874,451
6875,451
6876,450
6877,451
6878,451
6879,451
6880,451
6881,451
6882,451
6883,451
6884,451
6885,451
6886,451
6887,451
6888,452
6889,452
6890,451
6891,451
6892,451
6893,451
6894,451
6895,451
6896,451
6897,452
6898,451
6899,451
6900,451
6901,451
6902,451
6903,451
6904,452
6905,452
6906,452
6907,451
6908,451
6909,451
6910,451
6911,451
6912,451
6914,451
6915,451
6916,451
6917,451
6918,451
6919,451
6920,451
6921,451
6922,451
6923,452
6924,452
6925,451
6926,451
6927,451
6928,451
6929,451
6930,451
6931,451
6932,450
6933,451
6934,451
6935,451
6936,451
6937,451
6938,451
6939,451
6940,451
6941,451
6942,451
6943,451
6944,451
6945,451
6946,452
6947,452
6948,452
6949,451
6950,451
6951,451
6952,451
6953,451
6954,451
6955,452
6957,452
6958,451
6959,451
6960,451
6961,451
6962,451
6963,451
6964,452
6965,452
6966,452
6967,451
6968,451
6969,451
6970,451
6971,451
6972,451
6973,451
6974,451
6975,451
6976,450
6977,451
6978,451
6979,451
6980,451
6981,452
6982,451
6983,451
6984,451
6985,451
6986,451
6987,451
6988,452
6989,451
6990,451
6991,451
6992,451
6993,451
6994,451
6995,451
6996,452
6997,452
6998,451
7000,451
7001,451
7002,451
7003,451
7004,451
7005,452
7006,452
7007,452
7008,451
7009,451
7010,451
7011,451
7012,451
7013,451
7014,452
7015,449
7016,451
7017,451
7018,451
7019,451
7020,451
7021,451
7022,452
7023,451
7024,451
7025,451
7026,451
7027,451
7028,451
7029,452
7030,451
7031,452
7032,452
7033,451
7034,451
7035,451
7036,451
7037,452
7038,452
7039,452
7040,452
7042,451
7043,451
7044,451
7045,452
7046,452
7047,452
7048,452
7049,452
7050,451
7051,451
7052,451
7053,451
7054,452
7055,452
7056,452
7057,452
7058,452
7059,451
7060,451
7061,451
7062,451
7063,452
7064,452
7065,453
7066,452
7067,451
7068,451
7069,451
7070,451
7071,452
7072,452
7073,452
7074,451
7075,451
7076,451
7077,451
7078,451
7079,452
7080,452
7081,452
7082,451
7083,451
7085,452
7086,452
7087,451
7088,452
7089,452
7090,452
7091,451
7092,452
7093,451
7094,451
7095,452
7096,452
7097,452
7098,452
7099,452
7100,452
7101,451
7102,451
7103,452
7104,452
7105,453
7106,453
7107,452
7108,452
7109,451
7110,452
7111,451
7112,450
7113,452
7114,453
7115,452
7116,452
7117,451
7118,452
7119,452
7120,452
7121,452
7122,452
7123,452
7124,452
7125,452
7126,452
7128,452
7129,452
7130,452
7131,453
7132,453
7133,452
7134,452
7135,452
7136,452
7137,452
7138,452
7139,453
7140,453
7141,453
7142,452
7143,452
7144,452
7145,453
7146,453
7147,453
7148,453
7149,448
7150,452
7151,452
7152,451
7153,450
7154,452
7155,453
7156,453
7157,453
7158,452
7159,452
7160,452
7161,452
7162,452
7163,453
7164,453
7165,453
7166,453
7167,452
7168,452
7170,452
7171,453
7172,453
7173,453
7174,453
7175,452
7176,452
7177,452
7178,452
7179,453
7180,453
7181,453
7182,453
7183,453
7184,452
7185,453
7186,453
7187,453
7188,453
7189,453
7190,453
7191,453
7192,452
7193,452
7194,453
7195,453
7196,453
7197,453
7198,453
7199,453
7200,453
7201,453
7202,453
7203,453
7204,453
7205,454
7206,454
7207,453
7208,453
7209,453
7210,453
7211,453
7213,453
7214,453
7215,454
7216,454
7217,453
7218,452
7219,453
7220,453
7221,453
7222,453
7223,453
7224,454
7225,453
7226,453
7227,453
7228,453
7229,453
7230,454
7231,454
7232,454
7233,453
7234,453
7235,453
7236,453
7237,453
7238,453
7239,454
7240,454
7241,453
7242,453
7243,453
7244,454
7245,454
7246,454
7247,454
7248,454
7249,454
7250,453
7251,453
7252,453
7253,453
7254,454
7256,454
7257,454
7258,454
7259,453
7260,453
7261,453
7262,453
7263,454
7264,454
7265,455
7266,454
7267,453
7268,453
7269,453
7270,453
7271,454
7272,454
7273,454
7274,454
7275,454
7276,453
7277,453
7278,454
7279,454
7280,454
7281,454
7282,454
7283,454
7284,454
7285,454
7286,454
7287,454
7288,454
7289,454
7290,454
7291,454
7292,453
7293,453
7294,454
7295,454
7296,454
7298,454
7299,454
7300,454
7301,453
7302,453
7303,454
7304,454
7305,455
7306,455
7307,454
7308,454
7309,454
7310,454
7311,454
7312,454
7313,455
7314,455
7315,455
7316,454
7317,454
7318,454
7319,454
7320,454
7321,455
7322,455
7323,455
7324,455
7325,455
7326,454
7327,454
7328,454
7329,455
7330,455
7331,455
7332,455
7333,454
7334,454
7335,454
7336,454
7337,455
7338,455
7339,455
7341,455
7342,454
7343,454
7344,454
7345,455
7346,455
7347,455
7348,455
7349,455
7350,454
7351,454
7352,454
7353,454
7354,454
7355,455
7356,455
7357,455
7358,455
7359,454
7360,454
7361,454
7362,455
7363,455
7364,455
7365,456
7366,455
7367,454
7368,454
7369,454
7370,455
7371,455
7372,455
7373,455
7374,455
7375,454
7376,454
7377,454
7378,455
7379,455
7380,455
7381,455
7382,455
7384,455
7385,455
7386,455
7387,455
7388,455
7389,455
7390,455
7391,455
7392,454
7393,453
7394,453
7395,453
7396,455
7397,455
7398,455
7399,455
7400,452
7401,454
7402,455
7403,455
7404,454
7405,456
7406,456
7407,455
7408,455
7409,455
7410,454
7411,455
7412,455
7413,455
7414,455
7415,455
7416,455
7417,455
7418,455
7419,455
7420,455
7421,456
7422,456
7423,455
7424,455
7426,456
7427,455
7428,455
7429,455
7430,454
7431,450
7432,455
7433,455
7434,455
7435,454
7436,455
7437,455
7438,455
7439,456
7440,456
7441,455
7442,455
7443,455
7444,455
7445,456
7446,456
7447,456
7448,456
7449,454
7450,455
7451,455
7452,455
7453,455
7454,453
7455,456
7456,456
7457,455
7458,455
7459,455
7460,455
7461,455
7462,455
7463,456
7464,456
7465,456
7466,456
7467,455
7469,455
7470,455
7471,456
7472,456
7473,456
7474,456
7475,456
7476,455
7477,455
7478,455
7479,455
7480,456
7481,456
7482,456
7483,455
7484,455
7485,455
7486,456
7487,455
7488,456
7489,456
7490,456
7491,456
7492,455
7493,455
7494,455
7495,455
7496,456
7497,456
7498,456
7499,456
7500,455
7501,455
7502,455
7503,455
7504,456
7505,457
7506,456
7507,456
7508,455
7509,455
7510,455
7512,455
7513,456
7514,456
7515,456
7516,456
7517,456
7518,455
7519,455
7520,455
7521,456
7522,456
7523,456
7524,456
7525,456
7526,456
7527,455
7528,455
7529,456
7530,456
7531,456
7532,456
7533,456
7534,455
7535,455
7536,455
7537,456
7538,456
7539,456
7540,456
7541,456
7542,455
7543,455
7544,455
7545,456
7546,457
7547,456
7548,456
7549,456
7550,455
7551,455
7552,455
7554,456
7555,456
7556,456
7557,456
7558,456
7559,455
7560,455
7561,455
7562,456
7563,456
7564,456
7565,457
7566,457
7567,455
7568,455
7569,455
7570,455
7571,456
7572,457
7573,456
7574,456
7575,455
7576,455
7577,455
7578,456
7579,456
7580,456
7581,456
7582,456
7583,456
7584,456
7585,456
7586,456
7587,456
7588,456
7589,456
7590,456
7591,456
7592,455
7593,455
7594,455
7595,456
7597,456
7598,456
7599,456
7600,456
7601,455
7602,455
7603,455
7604,456
7605,457
7606,457
7607,456
7608,456
7609,455
7610,455
7611,455
7612,456
7613,456
7614,456
7615,456
7616,456
7617,455
7618,455
7619,455
7620,456
7621,456
7622,456
7623,457
7624,456
7625,456
7626,456
7627,455
7628,455
7629,456
7630,454
7631,450
7632,456
7633,455
7634,455
7635,455
7636,455
7637,456
7638,456
7640,456
7641,456
7642,455
7643,455
7644,455
7645,456
7646,456
7647,456
7648,456
7649,456
7650,453
7651,455
7652,455
7653,455
7654,456
7655,456
7656,456
7657,456
7658,456
7659,455
7660,455
7661,455
7662,456
7663,456
7664,456
7665,457
7666,456
7667,455
7668,455
7669,456
7670,456
7671,456
7672,456
7673,456
7674,456
7675,455
7676,455
7677,455
7678,456
7679,456
7680,456
7682,456
7683,456
7684,455
7685,456
7686,456
7687,456
7688,456
7689,456
7690,456
7691,456
7692,455
7693,455
7694,455
7695,456
7696,456
7697,456
7698,456
7699,456
7700,456
7701,455
7702,455
7703,455
7704,456
7705,457
7706,457
7707,456
7708,456
7709,455
7710,455
7711,455
7712,456
7713,456
7714,456
7715,456
7716,456
7717,455
7718,455
7719,455
7720,455
7721,456
7722,456
7723,456
7725,456
7726,456
7727,456
7728,455
7729,456
7730,456
7731,456
7732,456
7733,456
7734,455
7735,455
7736,455
7737,455
7738,456
7739,456
7740,456
7741,456
7742,455
7743,455
7744,455
7745,456
7746,456
7747,456
7748,456
7749,456
7750,455
7751,455
7752,455
7753,455
7754,456
7755,456
7756,456
7757,456
7758,456
7759,455
7760,455
7761,455
7762,456
7763,456
7764,457
7765,456
7766,456
7768,455
7769,455
7770,455
7771,455
7772,456
7773,456
7774,456
7775,455
7776,455
7777,455
7778,455
7779,455
7780,456
7781,456
7782,456
7783,456
7784,455
7785,456
7786,456
7787,456
7788,456
7789,456
7790,456
7791,456
7792,455
7793,455
7794,455
7795,456
7796,456
7797,456
7798,456
7799,456
7800,455
7801,455
7802,455
7803,455
7804,456
7805,457
7806,457
7807,456
7808,455
7810,455
7811,455
7812,455
7813,456
7814,456
7815,456
7816,456
7817,455
7818,455
7819,455
7820,455
7821,456
7822,456
7823,456
7824,456
7825,456
7826,456
7827,455
7828,455
7829,456
7830,456
7831,456
7832,456
7833,455
7834,455
7835,455
7836,455
7837,456
7838,456
7839,456
7840,456
7841,455
7842,455
7843,455
7844,455
7845,456
7846,456
7847,456
7848,456
7849,455
7850,455
7851,455
7853,455
7854,455
7855,456
7856,456
7857,456
7858,455
7859,455
7860,455
7861,455
7862,455
7863,456
7864,456
7865,456
7866,456
7867,455
7868,455
7869,455
7870,455
7871,456
7872,456
7873,456
7874,456
7875,455
7876,455
7877,455
7878,455
7879,455
7880,456
7881,456
7882,456
7883,456
7884,455
7885,456
7886,456
7887,456
7888,456
7889,456
7890,456
7891,456
7892,455
7893,455
7894,455
7896,456
7897,456
7898,456
7899,456
7900,456
7901,455
7902,455
7903,455
7904,455
7905,456
7906,457
7907,456
7908,456
7909,455
7910,455
7911,455
7912,455
7913,456
7914,456
7915,456
7916,456
7917,455
7918,455
7919,455
7920,455
7921,456
7922,456
7923,456
7924,456
7925,456
7926,456
7927,455
7928,455
7929,456
7930,456
7931,456
7932,456
7933,455
7934,455
7935,455
7936,456
7938,456
7939,456
7940,456
7941,456
7942,456
7943,455
7944,455
7945,456
7946,456
7947,456
7948,456
7949,456
7950,456
7951,455
7952,455
7953,455
7954,456
7955,456
7956,456
7957,456
7958,455
7959,455
7960,455
7961,455
7962,455
7963,456
7964,456
7965,457
7966,456
7967,455
7968,455
7969,455
7970,456
7971,456
7972,456
7973,456
7974,456
7975,455
7976,455
7977,455
7978,455
7979,456
7981,456
7982,456
7983,456
7984,455
7985,455
7986,456
7987,455
7988,456
7989,456
7990,456
7991,456
7992,455
7993,455
7994,455
7995,455
7996,456
7997,456
7998,456
7999,456
8000,455
8001,455
8002,455
8003,455
8004,456
8005,456
8006,456
8007,456
8008,456
8009,455
8010,455
8011,455
8012,455
8013,456
8014,456
8015,456
8016,455
8017,455
8018,455
8019,455
8020,455
8021,456
8022,456
8024,456
8025,456
8026,456
8027,456
8028,455
8029,455
8030,456
8031,456
8032,456
8033,456
8034,455
8035,455
8036,455
8037,455
8038,455
8039,456
8040,456
8041,455
8042,455
8043,455
8044,455
8045,455
8046,456
8047,456
8048,456
8049,455
8050,451
8051,454
8052,454
8053,455
8054,455
8055,455
8056,456
8057,454
8058,455
8059,455
8060,455
8061,455
8062,455
8063,456
8064,455
8066,457
8067,456
8068,455
8069,455
8070,455
8071,455
8072,456
8073,455
8074,456
8075,455
8076,455
8077,454
8078,455
8079,455
8080,456
8081,456
8082,455
8083,455
8084,455
8085,455
8086,455
8087,455
8088,456
8089,456
8090,456
8091,455
8092,455
8093,455
8094,455
8095,455
8096,455
8097,456
8098,456
8099,455
8100,455
8101,455
8102,455
8103,455
8104,456
8105,456
8106,456
8107,455
8109,455
8110,454
8111,455
8112,455
8113,455
8114,456
8115,456
8116,455
8117,455
8118,455
8119,455
8120,455
8121,455
8122,455
8123,455
8124,455
8125,455
8126,455
8127,455
8128,455
8129,455
8130,455
8131,455
8132,455
8133,455
8134,454
8135,454
8136,454
8137,455
8138,455
8139,455
8140,455
8141,455
8142,455
8143,454
8144,455
8145,455
8146,456
8147,455
8148,455
8149,455
8150,454
8152,454
8153,454
8154,455
8155,455
8156,455
8157,455
8158,455
8159,454
8160,454
8161,454
8162,455
8163,455
8164,455
8165,456
8166,456
8167,454
8168,454
8169,454
8170,454
8171,455
8172,455
8173,455
8174,455
8175,454
8176,454
8177,454
8178,454
8179,455
8180,455
8181,455
8182,455
8183,454
8184,454
8185,455
8186,455
8187,455
8188,455
8189,455
8190,455
8191,455
8192,454
8194,454
8195,454
8196,455
8197,455
8198,455
8199,455
8200,455
8201,454
8202,454
8203,454
8204,454
8205,455
8206,455
8207,455
8208,454
8209,454
8210,454
8211,454
8212,454
8213,454
8214,455
8215,455
8216,454
8217,454
8218,454
8219,454
8220,454
8221,454
8222,455
8223,455
8224,454
8225,455
8226,454
8227,453
8228,454
8229,455
8230,454
8231,455
8232,454
8233,454
8234,454
8235,454
8237,454
8238,454
8239,455
8240,455
8241,455
8242,454
8243,454
8244,454
8245,455
8246,455
8247,455
8248,455
8249,455
8250,454
8251,454
8252,454
8253,454
8254,454
8255,454
8256,454
8257,454
8258,454
8259,453
8260,453
8261,453
8262,454
8263,454
8264,455
8265,455
8266,455
8267,454
8268,454
8269,454
8270,454
8271,454
8272,454
8273,454
8274,454
8275,453
8276,453
8277,453
8278,453
8280,454
8281,454
8282,454
8283,454
8284,454
8285,454
8286,454
8287,454
8288,454
8289,454
8290,454
8291,454
8292,454
8293,453
8294,453
8295,454
8296,454
8297,454
8298,454
8299,454
8300,454
8301,453
8302,453
8303,453
8304,454
8305,454
8306,454
8307,454
8308,453
8309,453
8310,453
8311,453
8312,453
8313,454
8314,454
8315,454
8316,453
8317,453
8318,453
8319,453
8320,453
8322,454
8323,454
8324,454
8325,454
8326,453
8327,453
8328,453
8329,453
8330,454
8331,453
8332,454
8333,453
8334,453
8335,453
8336,453
8337,453
8338,454
8339,454
8340,454
8341,453
8342,453
8343,453
8344,453
8345,454
8346,454
8347,453
8348,453
8349,453
8350,453
8351,453
8352,453
8353,453
8354,453
8355,454
8356,453
8357,453
8358,453
8359,452
8360,452
8361,453
8362,453
8363,454
8365,454
8366,454
8367,453
8368,453
8369,453
8370,453
8371,453
8372,453
8373,453
8374,453
8375,453
8376,452
8377,452
8378,452
8379,453
8380,453
8381,453
8382,453
8383,453
8384,452
8385,453
8386,453
8387,453
8388,453
8389,453
8390,453
8391,453
8392,452
8393,452
8394,452
8395,452
8396,452
8397,453
8398,453
8399,453
8400,452
8401,452
8402,452
8403,452
8404,453
8405,453
8406,453
8408,453
8409,452
8410,452
8411,452
8412,452
8413,452
8414,453
8415,453
8416,452
8417,452
8418,452
8419,452
8420,452
8421,452
8422,453
8423,453
8424,453
8425,453
8426,453
8427,452
8428,452
8429,452
8430,453
8431,453
8432,453
8433,452
8434,452
8435,452
8436,452
8437,452
8438,453
8439,453
8440,453
8441,452
8442,452
8443,452
8444,452
8445,452
8446,453
8447,453
8448,452
8450,452
8451,452
8452,452
8453,452
8454,452
8455,452
8456,452
8457,453
8458,452
8459,452
8460,452
8461,452
8462,452
8463,452
8464,452
8465,453
8466,453
8467,452
8468,452
8469,452
8470,452
8471,452
8472,453
8473,452
8474,452
8475,452
8476,452
8477,452
8478,452
8479,452
8480,452
8481,452
8482,452
8483,452
8484,451
8485,452
8486,452
8487,452
8488,452
8489,453
8490,452
8491,452
8493,452
8494,451
8495,451
8496,452
8497,452
8498,452
8499,452
8500,452
8501,452
8502,452
8503,451
8504,452
8505,453
8506,453
8507,452
8508,452
8509,452
8510,452
8511,452
8512,452
8513,452
8514,452
8515,453
8516,452
8517,452
8518,452
8519,451
8520,452
8521,452
8522,452
8523,452
8524,452
8525,452
8526,452
8527,451
8528,452
8529,452
8530,452
8531,453
8532,452
8533,452
8534,451
8536,451
8537,452
8538,452
8539,452
8540,452
8541,452
8542,452
8543,451
8544,451
8545,452
8546,453
8547,453
8548,453
8549,452
8550,452
8551,451
8552,451
8553,451
8554,452
8555,452
8556,452
8557,452
8558,452
8559,452
8560,452
8561,451
8562,452
8563,452
8564,452
8565,453
8566,452
8567,451
8568,451
8569,451
8570,452
8571,452
8572,452
8573,452
8574,452
8575,450
8576,451
8578,451
8579,451
8580,452
8581,453
8582,452
8583,452
8584,452
8585,452
8586,452
8587,452
8588,452
8589,452
8590,452
8591,452
8592,448
8593,451
8594,452
8595,452
8596,452
8597,452
8598,453
8599,452
8600,452
8601,452
8602,452
8603,452
8604,452
8605,453
8606,453
8607,452
8608,452
8609,452
8610,452
8611,452
8612,452
8613,453
8614,453
8615,452
8616,452
8617,452
8618,452
8619,452
8621,452
8622,452
8623,453
8624,452
8625,453
8626,452
8627,452
8628,452
8629,452
8630,452
8631,453
8632,453
8633,452
8634,452
8635,452
8636,451
8637,452
8638,452
8639,452
8640,453
8641,452
8642,452
8643,452
8644,452
8645,452
8646,452
8647,453
8648,453
8649,453
8650,452
8651,451
8652,452
8653,452
8654,452
8655,452
8656,452
8657,452
8658,452
8659,452
8660,451
8661,452
8662,452
8664,453
8665,453
8666,453
8667,453
8668,452
8669,452
8670,452
8671,452
8672,452
8673,453
8674,453
8675,452
8676,452
8677,452
8678,452
8679,452
8680,453
8681,453
8682,453
8683,452
8684,452
8685,452
8686,452
8687,452
8688,453
8689,453
8690,452
8691,452
8692,452
8693,452
8694,452
8695,452
8696,452
8697,453
8698,453
8699,452
8700,452
8701,452
8702,452
8703,452
8704,453
8706,453
8707,453
8708,453
8709,452
8710,452
8711,452
8712,452
8713,452
8714,453
8715,453
8716,453
8717,452
8718,452
8719,452
8720,452
8721,452
8722,453
8723,453
8724,453
8725,453
8726,453
8727,452
8728,452
8729,452
8730,453
8731,453
8732,453
8733,452
8734,452
8735,452
8736,452
8737,452
8738,453
8739,453
8740,453
8741,452
8742,452
8743,452
8744,452
8745,453
8746,453
8747,453
8749,453
8750,453
8751,452
8752,452
8753,452
8754,452
8755,453
8756,453
8757,453
8758,453
8759,452
8760,452
8761,452
8762,452
8763,453
8764,453
8765,453
8766,453
8767,453
8768,452
8769,452
8770,452
8771,453
8772,453
8773,453
8774,453
8775,452
8776,452
8777,452
8778,452
8779,452
8780,453
8781,453
8782,453
8783,452
8784,452
8785,453
8786,453
8787,453
8788,453
8789,453
8790,453
8792,453
8793,452
8794,452
8795,452
8796,452
8797,453
8798,453
8799,453
8800,453
8801,452
8802,452
8803,452
8804,453
8805,453
8806,454
8807,454
8808,453
8809,453
8810,452
8811,452
8812,452
8813,453
8814,453
8815,453
8816,453
8817,453
8818,452
8819,452
8820,452
8821,453
8822,453
8823,453
8824,453
8825,453
8826,453
8827,452
8828,453
8829,453
8830,453
8831,453
8832,453
8834,453
8835,452
8836,452
8837,452
8838,453
8839,453
8840,453
8841,453
8842,453
8843,452
8844,452
8845,453
8846,453
8847,453
8848,453
8849,453
8850,453
8851,452
8852,453
8853,452
8854,453
8855,453
8856,453
8857,453
8858,453
8859,453
8860,452
8861,452
8862,453
8863,453
8864,453
8865,454
8866,454
8867,453
8868,453
8869,453
8870,453
8871,453
8872,453
8873,454
8874,453
8875,453
8877,453
8878,453
8879,453
8880,453
8881,453
8882,454
8883,453
8884,453
8885,453
8886,453
8887,454
8888,453
8889,454
8890,454
8891,454
8892,453
8893,453
8894,453
8895,453
8896,454
8897,454
8898,453
8899,453
8900,453
8901,453
8902,453
8903,453
8904,453
8905,454
8906,454
8907,453
8908,453
8909,453
8910,453
8911,453
8912,453
8913,453
8914,454
8915,454
8916,453
8917,453
8918,453
8920,453
8921,453
8922,454
8923,454
8924,454
8925,454
8926,454
8927,453
8928,453
8929,453
8930,453
8931,454
8932,454
8933,454
8934,453
8935,453
8936,453
8937,453
8938,454
8939,454
8940,454
8941,453
8942,453
8943,453
8944,453
8945,454
8946,454
8947,454
8948,454
8949,453
8950,453
8951,453
8952,453
8953,453
8954,448
8955,454
8956,454
8957,453
8958,453
8959,453
8960,453
8962,453
8963,453
8964,454
8965,454
8966,454
8967,454
8968,453
8969,453
8970,452
8971,453
8972,454
8973,454
8974,454
8975,454
8976,453
8977,453
8978,453
8979,453
8980,454
8981,454
8982,454
8983,453
8984,453
8985,454
8986,454
8987,453
8988,454
8989,454
8990,454
8991,454
8992,453
8993,453
8994,453
8995,454
8996,454
8997,454
8998,454
8999,454
9000,453
9001,453
9002,453
9003,453
9005,454
9006,455
9007,454
9008,454
9009,453
9010,453
9011,453
9012,453
9013,454
9014,454
9015,454
9016,454
9017,454
9018,453
9019,453
9020,453
9021,454
9022,454
9023,454
9024,454
9025,454
9026,454
9027,453
9028,453
9029,453
9030,454
9031,454
9032,454
9033,454
9034,453
9035,453
9036,453
9037,454
9038,454
9039,454
9040,454
9041,454
9042,453
9043,453
9044,453
9045,454
9046,455
9048,454
9049,454
9050,454
9051,452
9052,453
9053,453
9054,453
9055,454
9056,454
9057,454
9058,454
9059,453
9060,453
9061,453
9062,454
9063,454
9064,454
9065,455
9066,455
9067,454
9068,453
9069,453
9070,454
9071,454
9072,454
9073,455
9074,454
9075,454
9076,454
9077,453
9078,454
9079,454
9080,454
9081,454
9082,454
9083,454
9084,454
9085,454
9086,454
9087,454
9088,454
9090,454
9091,454
9092,454
9093,453
9094,453
9095,454
9096,454
9097,454
9098,454
9099,454
9100,454
9101,454
9102,453
9103,453
9104,454
9105,455
9106,455
9107,455
9108,454
9109,454
9110,454
9111,454
9112,454
9113,454
9114,455
9115,455
9116,454
9117,454
9118,453
9119,453
9120,454
9121,454
9122,454
9123,454
9124,454
9125,454
9126,454
9127,453
9128,454
9129,454
9130,454
9131,454
9133,454
9134,454
9135,453
9136,454
9137,454
9138,454
9139,454
9140,455
9141,454
9142,454
9143,454
9144,453
9145,454
9146,454
9147,455
9148,455
9149,454
9150,454
9151,454
9152,453
9153,454
9154,454
9155,454
9156,454
9157,454
9158,454
9159,453
9160,454
9161,453
9162,454
9163,454
9164,454
9165,455
9166,455
9167,454
9168,454
9169,454
9170,454
9171,454
9172,455
9173,455
9174,454
9176,454
9177,453
9178,454
9179,454
9180,454
9181,454
9182,454
9183,454
9184,454
9185,454
9186,454
9187,454
9188,454
9189,454
9190,454
9191,454
9192,454
9193,453
9194,453
9195,453
9196,454
9197,454
9198,454
9199,454
9200,454
9201,453
9202,453
9203,454
9204,454
9205,455
9206,455
9207,455
9208,454
9209,453
9210,453
9211,454
9212,454
9213,454
9214,454
9215,454
9216,454
9218,454
9219,454
9220,454
9221,454
9222,454
9223,454
9224,454
9225,454
9226,454
9227,454
9228,454
9229,454
9230,454
9231,454
9232,455
9233,454
9234,454
9235,453
9236,454
9237,454
9238,455
9239,454
9240,454
9241,454
9242,454
9243,454
9244,453
9245,454
9246,455
9247,454
9248,454
9249,454
9250,454
9251,454
9252,453
9253,454
9254,454
9255,454
9256,454
9257,454
9258,454
9259,454
9261,453
9262,454
9263,454
9264,454
9265,454
9266,455
9267,454
9268,453
9269,453
9270,453
9271,454
9272,454
9273,454
9274,454
9275,454
9276,453
9277,453
9278,453
9279,454
9280,454
9281,454
9282,454
9283,454
9284,454
9285,454
9286,454
9287,454
9288,454
9289,454
9290,453
9291,453
9292,453
9293,453
9294,453
9295,453
9296,454
9297,454
9298,454
9299,454
9300,454
9301,453
9302,453
9304,454
9305,454
9306,455
9307,455
9308,454
9309,454
9310,454
9311,454
9312,454
9313,454
9314,454
9315,455
9316,454
9317,454
9318,453
9319,453
9320,453
9321,454
9322,454
9323,454
9324,454
9325,454
9326,454
9327,454
9328,454
9329,454
9330,454
9331,455
9332,452
9333,454
9334,453
9335,454
9336,453
9337,453
9338,454
9339,454
9340,454
9341,454
9342,454
9343,454
9344,453
9346,454
9347,455
9348,454
9349,454
9350,454
9351,453
9352,453
9353,452
9354,454
9355,454
9356,454
9357,454
9358,454
9359,454
9360,453
9361,453
9362,454
9363,454
9364,454
9365,455
9366,455
9367,454
9368,453
9369,453
9370,454
9371,454
9372,454
9373,454
9374,454
9375,453
9376,453
9377,453
9378,453
9379,454
9380,454
9381,454
9382,454
9383,454
9384,453
9385,454
9386,454
9387,454
9389,454
9390,454
9391,454
9392,454
9393,453
9394,453
9395,453
9396,454
9397,454
9398,454
9399,454
9400,454
9401,453
9402,453
9403,453
9404,453
9405,454
9406,454
9407,454
9408,454
9409,453
9410,453
9411,453
9412,453
9413,454
9414,454
9415,454
9416,453
9417,453
9418,453
9419,453
9420,453
9421,454
9422,454
9423,454
9424,454
9425,454
9426,453
9427,453
9428,453
9429,453
9430,454
9432,454
9433,454
9434,453
9435,453
9436,452
9437,453
9438,453
9439,454
9440,454
9441,454
9442,453
9443,453
9444,452
9445,453
9446,454
9447,454
9448,454
9449,453
9450,453
9451,453
9452,453
9453,453
9454,453
9455,453
9456,454
9457,453
9458,453
9459,453
9460,453
9461,453
9462,453
9463,453
9464,453
9465,454
9466,454
9467,453
9468,453
9469,453
9470,453
9471,453
9472,454
9474,454
9475,453
9476,453
9477,453
9478,453
9479,453
9480,453
9481,454
9482,454
9483,454
9484,453
9485,453
9486,453
9487,453
9488,453
9489,453
9490,454
9491,453
9492,453
9493,452
9494,453
9495,453
9496,453
9497,453
9498,454
9499,454
9500,453
9501,453
9502,453
9503,453
9504,453
9505,454
9506,454
9507,454
9508,453
9509,453
9510,453
9511,453
9512,453
9513,454
9514,454
9515,453
9517,453
9518,453
9519,453
9520,453
9521,453
9522,453
9523,454
9524,453
9525,453
9526,453
9527,453
9528,453
9529,453
9530,453
9531,453
9532,454
9533,453
9534,453
9535,453
9536,453
9537,453
9538,453
9539,453
9540,453
9541,453
9542,453
9543,453
9544,452
9545,453
9546,453
9547,453
9548,453
9549,453
9550,453
9551,452
9552,452
9553,452
9554,453
9555,453
9556,453
9557,453
9558,453
9560,452
9561,452
9562,452
9563,452
9564,453
9565,453
9566,453
9567,453
9568,452
9569,452
9570,452
9571,452
9572,453
9573,453
9574,453
9575,452
9576,452
9577,452
9578,452
9579,452
9580,452
9581,453
9582,452
9583,452
9584,452
9585,452
9586,452
9587,452
9588,452
9589,452
9590,452
9591,452
9592,452
9593,452
9594,451
9595,452
9596,452
9597,452
9598,452
9599,452
9600,452
9602,451
9603,452
9604,452
9605,452
9606,453
9607,453
9608,452
9609,452
9610,451
9611,451
9612,452
9613,452
9614,452
9615,452
9616,452
9617,452
9618,452
9619,452
9620,452
9621,452
9622,452
9623,452
9624,452
9625,453
9626,452
9627,452
9628,452
9629,452
9630,452
9631,453
9632,453
9633,452
9634,452
9635,451
9636,452
9637,452
9638,452
9639,452
9640,452
9641,452
9642,452
9643,451
9645,452
9646,452
9647,453
9648,453
9649,452
9650,452
9651,452
9652,451
9653,452
9654,452
9655,452
9656,452
9657,452
9658,452
9659,452
9660,452
9661,451
9662,452
9663,452
9664,452
9665,453
9666,453
9667,452
9668,451
9669,452
9670,452
9671,452
9672,452
9673,453
9674,452
9675,452
9676,452
9677,452
9678,451
9679,452
9680,452
9681,452
9682,452
9683,452
9684,451
9685,452
9686,452
9688,452
9689,452
9690,452
9691,452
9692,452
9693,451
9694,451
9695,451
9696,452
9697,452
9698,452
9699,452
9700,452
9701,451
9702,451
9703,451
9704,452
9705,452
9706,453
9707,452
9708,452
9709,451
9710,451
9711,451
9712,451
9713,452
9714,452
9715,452
9716,452
9717,451
9718,451
9719,451
9720,451
9721,451
9722,452
9723,451
9724,451
9725,451
9726,451
9727,451
9728,451
9730,451
9731,451
9732,452
9733,451
9734,451
9735,451
9736,451
9737,451
9738,451
9739,451
9740,451
9741,451
9742,451
9743,451
9744,451
9745,451
9746,452
9747,452
9748,451
9749,451
9750,451
9751,450
9752,451
9753,450
9754,451
9755,451
9756,452
9757,452
9758,451
9759,450
9760,450
9761,450
9762,451
9763,451
9764,451
9765,452
9766,452
9767,451
9768,451
9769,451
9770,451
9771,450
9773,451
9774,452
9775,451
9776,450
9777,450
9778,451
9779,451
9780,450
9781,451
9782,451
9783,451
9784,450
9785,451
9786,451
9787,451
9788,451
9789,452
9790,452
9791,451
9792,451
9793,451
9794,451
9795,451
9796,451
9797,451
9798,452
9799,452
9800,451
9801,451
9802,451
9803,451
9804,451
9805,452
9806,452
9807,452
9808,451
9809,451
9810,451
9811,451
9812,451
9813,451
9814,451
9816,452
9817,451
9818,451
9819,451
9820,451
9821,451
9822,451
9823,451
9824,452
9825,452
9826,452
9827,451
9828,451
9829,451
9830,451
9831,452
9832,451
9833,451
9834,451
9835,451
9836,451
9837,451
9838,451
9839,451
9840,452
9841,451
9842,451
9843,451
9844,451
9845,451
9846,452
9847,451
9848,452
9849,451
9850,451
9851,451
9852,451
9853,451
9854,451
9855,451
9856,451
9858,451
9859,451
9860,450
9861,451
9862,451
9863,451
9864,451
9865,452
9866,452
9867,452
9868,450
9869,450
9870,450
9871,451
9872,451
9873,451
9874,451
9875,451
9876,450
9877,450
9878,450
9879,451
9880,451
9881,451
9882,451
9883,451
9884,450
9885,450
9886,451
9887,450
9888,451
9889,451
9890,451
9891,451
9892,450
9893,450
9894,450
9895,450
9896,451
9897,451
9898,451
9899,451
9901,450
9902,450
9903,450
9904,450
9905,450
9906,451
9907,451
9908,451
9909,450
9910,450
9911,450
9912,450
9913,451
9914,451
9915,451
9916,451
9917,450
9918,450
9919,450
9920,450
9921,451
9922,451
9923,451
9924,451
9925,451
9926,451
9927,450
9928,450
9929,451
9930,451
9931,451
9932,451
9933,450
9934,450
9935,450
9936,450
9937,451
9938,451
9939,451
9940,451
9941,451
9942,450
9944,450
9945,450
9946,451
9947,451
9948,451
9949,451
9950,450
9951,450
9952,450
9953,450
9954,450
9955,450
9956,451
9957,451
9958,451
9959,450
9960,450
9961,450
9962,450
9963,451
9964,451
9965,451
9966,451
9967,451
9968,450
9969,450
9970,450
9971,450
9972,451
9973,451
9974,451
9975,451
9976,451
9977,450
9978,450
9979,450
9980,451
9981,451
9982,451
9983,450
9984,450
9986,451
9987,451
9988,451
9989,451
9990,451
9991,451
9992,451
9993,450
9994,450
9995,450
9996,450
9997,451
9998,451
9999,451
10000,451
10001,450
10002,450
10003,450
10004,450
10005,451
10006,451
10007,451
10008,451
10009,450
10010,450
10011,450
10012,450
10013,451
10014,451
10015,451
10016,451
10017,450
10018,450
10019,450
10020,450
10021,450
10022,451
10023,451
10024,450
10025,450
10026,450
10027,450
10029,450
10030,450
10031,451
10032,450
10033,450
10034,450
10035,450
10036,450
10037,450
10038,450
10039,451
10040,451
10041,450
10042,450
10043,450
10044,450
10045,450
10046,451
10047,451
10048,451
10049,450
10050,450
10051,449
10052,450
10053,450
10054,450
10055,450
10056,451
10057,450
10058,450
10059,450
10060,450
10061,450
10062,450
10063,450
10064,450
10065,451
10066,451
10067,450
10068,450
10069,450
10070,449
10072,450
10073,450
10074,450
10075,450
10076,450
10077,450
10078,450
10079,450
10080,450
10081,451
10082,451
10083,450
10084,450
10085,450
10086,450
10087,450
10088,450
10089,451
10090,451
10091,450
10092,450
10093,450
10094,450
10095,450
10096,450
10097,451
10098,451
10099,450
10100,450
10101,450
10102,450
10103,450
10104,450
10105,451
10106,451
10107,451
10108,450
10109,450
10110,450
10111,450
10112,450
10114,451
10115,450
10116,451
10117,450
10118,450
10119,450
10120,450
10121,450
10122,451
10123,451
10124,451
10125,451
10126,450
10127,450
10128,450
10129,450
10130,450
10131,450
10132,451
10133,451
10134,450
10135,450
10136,450
10137,450
10138,451
10139,451
10140,451
10141,450
10142,450
10143,450
10144,450
10145,451
10146,451
10147,451
10148,451
10149,450
10150,450
10151,450
10152,450
10153,450
10154,450
10155,451
10157,450
10158,451
10159,450
10160,450
10161,450
10162,450
10163,450
10164,450
10165,451
10166,451
10167,451
10168,450
10169,449
10170,450
10171,450
10172,450
10173,451
10174,450
10175,450
10176,450
10177,450
10178,450
10179,450
10180,450
10181,450
10182,450
10183,450
10184,450
10185,450
10186,450
10187,450
10188,450
10189,450
10190,450
10191,450
10192,449
10193,449
10194,449
10195,450
10196,450
10197,450
10198,450
10200,450
10201,449
10202,449
10203,449
10204,449
10205,450
10206,450
10207,451
10208,450
10209,450
10210,449
10211,449
10212,450
10213,450
10214,450
10215,450
10216,450
10217,450
10218,449
10219,449
10220,450
10221,450
10222,450
10223,450
10224,450
10225,450
10226,450
10227,449
10228,450
10229,450
10230,450
10231,450
10232,450
10233,450
10234,449
10235,449
10236,449
10237,450
10238,450
10239,450
10240,450
10242,450
10243,450
10244,449
10245,449
10246,450
10247,451
10248,450
10249,450
10250,450
10251,450
10252,450
10253,449
10254,450
10255,450
10256,450
10257,450
10258,450
10259,449
10260,449
10261,449
10262,450
10263,450
10264,450
10265,450
10266,450
10267,450
10268,450
10269,449
10270,449
10271,450
10272,450
10273,450
10274,450
10275,450
10276,449
10277,449
10278,450
10279,450
10280,450
10281,450
10282,450
10283,450
10285,450
10286,450
10287,450
10288,450
10289,450
10290,451
10291,450
10292,450
10293,450
10294,449
10295,450
10296,450
10297,450
10298,450
10299,450
10300,450
10301,449
10302,449
10303,450
10304,450
10305,451
10306,451
10307,451
10308,450
10309,450
10310,450
10311,450
10312,450
10313,450
10314,450
10315,450
10316,450
10317,450
10318,450
10319,449
10320,450
10321,450
10322,450
10323,450
10324,450
10325,450
10326,450
10328,449
10329,450
10330,450
10331,450
10332,450
10333,450
10334,450
10335,449
10336,449
10337,449
10338,449
10339,450
10340,448
10341,450
10342,449
10343,449
10344,449
10345,450
10346,450
10347,451
10348,450
10349,450
10350,449
10351,449
10352,449
10353,449
10354,449
10355,449
10356,450
10357,450
10358,449
10359,449
10360,449
10361,449
10362,449
10363,450
10364,450
10365,450
10366,450
10367,449
10368,449
10370,449
10371,449
10372,449
10373,450
10374,450
10375,449
10376,449
10377,449
10378,449
10379,449
10380,450
10381,450
10382,450
10383,450
10384,449
10385,449
10386,449
10387,450
10388,449
10389,450
10390,450
10391,450
10392,449
10393,449
10394,449
10395,449
10396,450
10397,450
10398,450
10399,450
10400,449
10401,449
10402,449
10403,449
10404,449
10405,450
10406,450
10407,450
10408,450
10409,449
10410,449
10411,449
10413,450
10414,450
10415,450
10416,450
10417,450
10418,449
10419,449
10420,449
10421,449
10422,450
10423,450
10424,450
10425,450
10426,450
10427,449
10428,449
10429,449
10430,450
10431,450
10432,450
10433,450
10434,449
10435,449
10436,449
10437,449
10438,449
10439,450
10440,450
10441,450
10442,449
10443,449
10444,449
10445,450
10446,450
10447,450
10448,450
10449,450
10450,449
10451,449
10452,449
10453,449
10454,450
10456,450
10457,450
10458,450
10459,450
10460,449
10461,449
10462,449
10463,450
10464,450
10465,450
10466,450
10467,450
10468,449
10469,449
10470,449
10471,449
10472,450
10473,450
10474,450
10475,450
10476,449
10477,449
10478,449
10479,450
10480,450
10481,450
10482,450
10483,450
10484,449
10485,449
10486,450
10487,449
10488,449
10489,450
10490,449
10491,449
10492,449
10493,449
10494,449
10495,449
10496,449
10498,450
10499,450
10500,449
10501,449
10502,449
10503,449
10504,449
10505,449
10506,450
10507,450
10508,450
10509,449
10510,449
10511,449
10512,449
10513,449
10514,450
10515,450
10516,449
10517,449
10518,449
10519,449
10520,449
10521,449
10522,450
10523,450
10524,449
10525,450
10526,450
10527,449
10528,449
10529,449
10530,450
10531,450
10532,450
10533,449
10534,449
10535,449
10536,449
10537,449
10538,450
10539,449
10541,449
10542,449
10543,449
10544,449
10545,449
10546,449
10547,450
10548,450
10549,450
10550,449
10551,449
10552,449
10553,449
10554,449
10555,449
10556,449
10557,450
10558,449
10559,449
10560,449
10561,449
10562,449
10563,449
10564,449
10565,450
10566,450
10567,449
10568,449
10569,449
10570,449
10571,449
10572,449
10573,450
10574,449
10575,449
10576,449
10577,449
10578,449
10579,449
10580,450
10581,450
10582,450
10584,449
10585,449
10586,450
10587,449
10588,449
10589,450
10590,450
10591,450
10592,449
10593,449
10594,449
10595,449
10596,449
10597,449
10598,450
10599,450
10600,449
10601,449
10602,449
10603,449
10604,449
10605,450
10606,450
10607,450
10608,449
10609,449
10610,449
10611,449
10612,449
10613,450
10614,450
10615,450
10616,449
10617,449
10618,449
10619,449
10620,449
10621,449
10622,450
10623,449
10624,449
10626,450
10627,449
10628,449
10629,449
10630,449
10631,449
10632,450
10633,450
10634,449
10635,449
10636,449
10637,449
10638,449
10639,450
10640,450
10641,449
10642,449
10643,449
10644,449
10645,449
10646,450
10647,450
10648,450
10649,449
10650,449
10651,449
10652,449
10653,449
10654,449
10655,449
10656,449
10657,449
10658,449
10659,449
10660,449
10661,449
10662,449
10663,449
10664,450
10665,450
10666,450
10667,449
10669,449
10670,449
10671,449
10672,449
10673,449
10674,449
10675,449
10676,449
10677,449
10678,449
10679,449
10680,449
10681,449
10682,450
10683,450
10684,449
10685,449
10686,449
10687,449
10688,449
10689,449
10690,449
10691,449
10692,449
10693,449
10694,449
10695,449
10696,449
10697,449
10698,449
10699,449
10700,449
10701,448
10702,448
10703,449
10704,449
10705,450
10706,450
10707,449
10708,449
10709,449
10710,448
10712,448
10713,449
10714,449
10715,448
10716,449
10717,449
10718,448
10719,448
10720,447
10721,449
10722,449
10723,449
10724,449
10725,449
10726,449
10727,449
10728,449
10729,449
10730,449
10731,449
10732,449
10733,449
10734,448
10735,447
10736,448
10737,449
10738,449
10739,449
10740,449
10741,449
10742,449
10743,448
10744,449
10745,449
10746,450
10747,450
10748,449
10749,449
10750,449
10751,449
10752,449
10754,449
10755,449
10756,449
10757,449
10758,449
10759,449
10760,449
10761,449
10762,449
10763,449
10764,449
10765,449
10766,450
10767,450
10768,449
10769,449
10770,449
10771,449
10772,449
10773,449
10774,449
10775,449
10776,449
10777,449
10778,449
10779,449
10780,449
10781,450
10782,449
10783,449
10784,449
10785,449
10786,449
10787,449
10788,449
10789,449
10790,450
10791,449
10792,449
10793,449
10794,449
10795,449
10797,449
10798,449
10799,450
10800,449
10801,449
10802,449
10803,449
10804,449
10805,449
10806,450
10807,450
10808,449
10809,449
10810,449
10811,449
10812,449
10813,449
10814,449
10815,449
10816,449
10817,449
10818,449
10819,449
10820,449
10821,449
10822,449
10823,450
10824,449
10825,450
10826,449
10827,449
10828,449
10829,449
10830,448
10831,449
10832,449
10833,449
10834,449
10835,449
10836,449
10837,449
10838,449
10840,449
10841,449
10842,449
10843,449
10844,449
10845,449
10846,449
10847,450
10848,449
10849,450
10850,449
10851,449
10852,448
10853,448
10854,449
10855,449
10856,449
10857,449
10858,449
10859,448
10860,448
10861,448
10862,449
10863,449
10864,449
10865,450
10866,449
10867,449
10868,448
10869,448
10870,449
10871,449
10872,449
10873,449
10874,449
10875,448
10876,448
10877,448
10878,448
10879,449
10880,449
10882,449
10883,449
10884,449
10885,448
10886,449
10887,448
10888,449
10889,449
10890,449
10891,449
10892,448
10893,448
10894,448
10895,448
10896,449
10897,449
10898,449
10899,449
10900,449
10901,448
10902,448
10903,448
10904,449
10905,450
10906,450
10907,449
10908,449
10909,449
10910,448
10911,449
10912,449
10913,449
10914,449
10915,449
10916,449
10917,449
10918,449
10919,449
10920,449
10921,449
10922,449
10923,449
10925,449
10926,449
10927,449
10928,449
10929,449
10930,449
10931,449
10932,449
10933,449
10934,449
10935,448
10936,449
10937,449
10938,449
10939,450
10940,449
10941,449
10942,449
10943,449
10944,449
10945,449
10946,449
10947,450
10948,450
10949,449
10950,449
10951,449
10952,449
10953,449
10954,449
10955,449
10956,450
10957,450
10958,449
10959,449
10960,449
10961,449
10962,449
10963,449
10964,450
10965,450
10966,449
10968,449
10969,449
10970,449
10971,449
10972,449
10973,450
10974,449
10975,449
10976,449
10977,449
10978,449
10979,449
10980,449
10981,450
10982,450
10983,449
10984,449
10985,449
10986,449
10987,450
10988,449
10989,449
10990,449
10991,449
10992,449
10993,449
10994,449
10995,449
10996,449
10997,449
10998,449
10999,449
11000,449
11001,449
11002,449
11003,449
11004,449
11005,450
11006,450
11007,449
11008,449
11010,448
11011,448
11012,448
11013,449
11014,449
11015,449
11016,449
11017,448
11018,448
11019,448
11020,448
11021,448
11022,449
11023,449
11024,449
11025,449
11026,449
11027,449
11028,448
11029,448
11030,449
11031,449
11032,449
11033,449
11034,448
11035,448
11036,448
11037,448
11038,449
11039,449
11040,449
11041,449
11042,448
11043,448
11044,448
11045,449
11046,449
11047,449
11048,449
11049,449
11050,448
11051,448
11053,448
11054,448
11055,449
11056,449
11057,449
11058,449
11059,448
11060,448
11061,448
11062,449
11063,449
11064,449
11065,449
11066,450
11067,449
11068,448
11069,448
11070,449
11071,449
11072,449
11073,449
11074,449
11075,449
11076,448
11077,448
11078,448
11079,449
11080,449
11081,449
11082,449
11083,449
11084,449
11085,449
11086,449
11087,449
11088,449
11089,449
11090,449
11091,449
11092,449
11093,448
11094,447
11096,449
11097,449
11098,449
11099,449
11100,449
11101,449
11102,448
11103,449
11104,449
11105,449
11106,450
11107,450
11108,449
11109,449
11110,448
11111,449
11112,449
11113,449
11114,450
11115,449
11116,449
11117,449
11118,449
11119,449
11120,449
11121,449
11122,449
11123,450
11124,449
11125,450
11126,449
11127,449
11128,449
11129,449
11130,449
11131,449
11132,449
11133,449
11134,448
11135,449
11136,449
11138,449
11139,449
11140,450
11141,449
11142,449
11143,448
11144,448
11145,449
11146,449
11147,450
11148,449
11149,449
11150,449
11151,448
11152,448
11153,448
11154,448
11155,449
11156,449
11157,448
11158,448
11159,448
11160,448
11161,448
11162,449
11163,448
11164,449
11165,449
11166,449
11167,448
11168,448
11169,448
11170,448
11171,448
11172,448
11173,448
11174,448
11175,448
11176,447
11177,448
11178,448
11179,448
11181,449
11182,449
11183,448
11184,448
11185,448
11186,448
11187,448
11188,448
11189,448
11190,448
11191,448
11192,448
11193,448
11194,448
11195,448
11196,448
11197,449
11198,449
11199,449
11200,448
11201,448
11202,448
11203,448
11204,448
11205,449
11206,449
11207,449
11208,448
11209,448
11210,448
11211,448
11212,448
11213,449
11214,449
11215,449
11216,449
11217,448
11218,448
11219,448
11220,449
11221,449
11222,449
11224,449
11225,449
11226,449
11227,449
11228,448
11229,449
11230,449
11231,449
11232,449
11233,449
11234,449
11235,449
11236,449
11237,449
11238,449
11239,449
11240,449
11241,449
11242,449
11243,449
11244,449
11245,449
11246,450
11247,450
11248,449
11249,449
11250,449
11251,449
11252,449
11253,449
11254,449
11255,449
11256,450
11257,449
11258,449
11259,449
11260,449
11261,449
11262,449
11263,449
11264,450
11266,450
11267,450
11268,449
11269,449
11270,449
11271,449
11272,449
11273,449
11274,449
11275,449
11276,449
11277,449
11278,449
11279,449
11280,449
11281,450
11282,450
11283,449
11284,449
11285,449
11286,449
11287,450
11288,450
11289,450
11290,450
11291,449
11292,449
11293,449
11294,449
11295,449
11296,449
11297,449
11298,449
11299,449
11300,448
11301,448
11302,448
11303,449
11304,449
11305,449
11306,450
11307,449
11309,448
11310,448
11311,448
11312,448
11313,445
11314,449
11315,449
11316,448
11317,448
11318,448
11319,448
11320,448
11321,448
11322,448
11323,449
11324,448
11325,448
11326,448
11327,448
11328,448
11329,448
11330,448
11331,448
11332,448
11333,448
11334,448
11335,448
11336,448
11337,448
11338,448
11339,448
11340,448
11341,448
11342,448
11343,448
11344,448
11345,448
11346,449
11347,449
11348,448
11349,448
11350,448
11352,448
11353,448
11354,448
11355,448
11356,448
11357,449
11358,448
11359,448
11360,448
11361,448
11362,448
11363,449
11364,449
11365,449
11366,449
11367,449
11368,448
11369,448
11370,448
11371,449
11372,449
11373,449
11374,449
11375,449
11376,448
11377,448
11378,449
11379,449
11380,449
11381,449
11382,449
11383,449
11384,449
11385,449
11386,449
11387,449
11388,449
11389,449
11390,449
11391,449
11392,449
11394,448
11395,448
11396,449
11397,449
11398,449
11399,450
11400,449
11401,449
11402,449
11403,449
11404,449
11405,449
11406,450
11407,450
11408,449
11409,449
11410,449
11411,449
11412,449
11413,449
11414,450
11415,450
11416,449
11417,449
11418,449
11419,449
11420,449
11421,449
11422,450
11423,450
11424,450
11425,450
11426,449
11427,449
11428,449
11429,449
11430,450
11431,449
11432,449
11433,449
11434,449
11435,449
11437,449
11438,449
11439,449
11440,450
11441,449
11442,449
11443,449
11444,449
11445,449
11446,450
11447,450
11448,449
11449,449
11450,449
11451,448
11452,448
11453,448
11454,448
11455,449
11456,449
11457,449
11458,449
11459,448
11460,448
11461,448
11462,448
11463,448
11464,448
11465,449
11466,449
11467,448
11468,448
11469,448
11470,448
11471,448
11472,448
11473,448
11474,448
11475,448
11476,447
11477,447
11478,448
11480,448
11481,448
11482,448
11483,448
11484,448
11485,448
11486,448
11487,448
11488,448
11489,448
11490,448
11491,448
11492,448
11493,447
11494,447
11495,448
11496,448
11497,448
11498,448
11499,448
11500,448
11501,448
11502,448
11503,448
11504,448
11505,449
11506,449
11507,449
11508,449
11509,448
11510,448
11511,448
11512,449
11513,449
11514,449
11515,449
11516,449
11517,448
11518,448
11519,448
11520,449
11522,449
11523,449
11524,449
11525,449
11526,449
11527,449
11528,449
11529,449
11530,449
11531,449
11532,450
11533,449
11534,449
11535,449
11536,449
11537,449
11538,449
11539,449
11540,449
11541,449
11542,449
11543,449
11544,449
11545,449
11546,450
11547,450
11548,450
11549,450
11550,449
11551,449
11552,449
11553,449
11554,449
11555,450
11556,450
11557,450
11558,449
11559,449
11560,449
11561,449
11562,450
11563,450
11565,450
11566,450
11567,450
11568,449
11569,449
11570,449
11571,449
11572,450
11573,450
11574,450
11575,449
11576,449
11577,449
11578,449
11579,449
11580,449
11581,449
11582,449
11583,449
11584,449
11585,449
11586,449
11587,449
11588,449
11589,449
11590,449
11591,449
11592,449
11593,449
11594,449
11595,449
11596,449
11597,449
11598,449
11599,449
11600,448
11601,448
11602,448
11603,448
11604,448
11605,449
11606,449
11608,449
11609,448
11610,448
11611,448
11612,448
11613,448
11614,448
11615,449
11616,448
11617,448
11618,448
11619,448
11620,448
11621,448
11622,448
11623,448
11624,448
11625,448
11626,448
11627,448
11628,447
11629,448
11630,448
11631,448
11632,448
11633,448
11634,447
11635,448
11636,447
11637,448
11638,448
11639,448
11640,448
11641,448
11642,448
11643,448
11644,448
11645,448
11646,449
11647,448
11648,449
11650,448
11651,447
11652,447
11653,447
11654,448
11655,448
11656,448
11657,449
11658,449
11659,448
11660,448
11661,448
11662,448
11663,449
11664,449
11665,449
11666,449
11667,449
11668,448
11669,448
11670,448
11671,449
11672,449
11673,449
11674,449
11675,449
11676,448
11677,449
11678,449
11679,449
11680,449
11681,449
11682,449
11683,449
11684,449
11685,449
11686,449
11687,449
11688,449
11689,449
11690,449
11691,450
11693,449
11694,449
11695,449
11696,449
11697,449
11698,450
11699,450
11700,449
11701,449
11702,449
11703,449
11704,449
11705,449
11706,450
11707,450
11708,450
11709,449
11710,449
11711,449
11712,449
11713,449
11714,449
11715,450
11716,449
11717,449
11718,448
11719,449
11720,449
11721,449
11722,449
11723,449
11724,449
11725,449
11726,449
11727,449
11728,449
11729,449
11730,449
11731,449
11732,449
11733,449
11734,448
11736,448
11737,449
11738,449
11739,449
11740,449
11741,449
11742,448
11743,448
11744,448
11745,448
11746,449
11747,449
11748,449
11749,449
11750,448
11751,448
11752,448
11753,448
11754,448
11755,448
11756,449
11757,448
11758,448
11759,448
11760,448
11761,448
11762,448
11763,448
11764,448
11765,448
11766,448
11767,448
11768,447
11769,447
11770,448
11771,448
11772,448
11773,448
11774,448
11775,448
11776,447
11778,447
11779,448
11780,448
11781,448
11782,448
11783,448
11784,448
11785,448
11786,448
11787,448
11788,448
11789,448
11790,449
11791,449
11792,448
11793,448
11794,448
11795,448
11796,448
11797,449
11798,449
11799,449
11800,448
11801,448
11802,448
11803,448
11804,449
11805,449
11806,449
11807,449
11808,449
11809,449
11810,448
11811,448
11812,449
11813,449
11814,449
11815,449
11816,449
11817,449
11818,449
11819,449
11821,449
11822,449
11823,450
11824,449
11825,449
11826,449
11827,449
11828,449
11829,449
11830,449
11831,449
11832,449
11833,449
11834,449
11835,449
11836,448
11837,449
11838,449
11839,449
11840,449
11841,449
11842,449
11843,449
11844,449
11845,449
11846,450
11847,450
11848,450
11849,449
11850,449
11851,449
11852,449
11853,449
11854,449
11855,450
11856,450
11857,450
11858,449
11859,449
11860,449
11861,449
11862,449
11864,450
11865,450
11866,450
11867,450
11868,449
11869,449
11870,449
11871,449
11872,449
11873,450
11874,450
11875,449
11876,449
11877,449
11878,449
11879,449
11880,449
11881,449
11882,449
11883,449
11884,449
11885,449
11886,449
11887,449
11888,449
11889,449
11890,449
11891,449
11892,448
11893,448
11894,448
11895,448
11896,449
11897,449
11898,449
11899,449
11900,448
11901,448
11902,448
11903,448
11904,448
11906,449
11907,449
11908,448
11909,448
11910,448
11911,448
11912,448
11913,448
11914,448
11915,449
11916,449
11917,448
11918,448
11919,448
11920,448
11921,448
11922,448
11923,448
11924,448
11925,448
11926,448
11927,448
11928,448
11929,448
11930,448
11931,441
11932,448
11933,448
11934,448
11935,448
11936,448
11937,448
11938,449
11939,449
11940,449
11941,448
11942,448
11943,448
11944,448
11945,449
11946,449
11947,449
11949,449
11950,449
11951,448
11952,448
11953,448
11954,449
11955,449
11956,449
11957,449
11958,449
11959,449
11960,449
11961,449
11962,449
11963,449
11964,449
11965,449
11966,450
11967,449
11968,449
11969,449
11970,449
11971,449
11972,449
11973,450
11974,450
11975,449
11976,449
11977,449
11978,449
11979,449
11980,450
11981,449
11982,450
11983,449
11984,449
11985,449
11986,449
11987,449
11988,450
11989,450
11990,449
11992,449
11993,449
11994,449
11995,449
11996,449
11997,449
11998,450
11999,450
12000,449
12001,449
12002,449
12003,449
12004,449
12005,450
12006,450
12007,450
12008,450
12009,449
12010,449
12011,449
12012,449
12013,450
12014,450
12015,450
12016,449
12017,449
12018,449
12019,449
12020,449
12021,449
12022,450
12023,450
12024,449
12025,449
12026,449
12027,449
12028,449
12029,449
12030,450
12031,450
12032,449
12034,449
12035,449
12036,449
12037,449
12038,449
12039,449
12040,449
12041,449
12042,449
12043,448
12044,448
12045,448
12046,449
12047,449
12048,449
12049,449
12050,448
12051,448
12052,448
12053,448
12054,448
12055,448
12056,449
12057,448
12058,448
12059,448
12060,448
12061,448
12062,448
12063,449
12064,449
12065,449
12066,449
12067,448
12068,448
12069,448
12070,448
12071,448
12072,448
12073,449
12074,448
12075,448
12077,448
12078,448
12079,448
12080,448
12081,449
12082,449
12083,449
12084,448
12085,448
12086,449
12087,449
12088,449
12089,449
12090,448
12091,449
12092,448
12093,448
12094,448
12095,448
12096,445
12097,449
12098,449
12099,449
12100,448
12101,448
12102,448
12103,448
12104,449
12105,449
12106,450
12107,450
12108,449
12109,449
12110,448
12111,449
12112,449
12113,449
12114,449
12115,450
12116,449
12117,449
12118,448
12120,449
12121,449
12122,449
12123,449
12124,450
12125,449
12126,449
12127,450
12128,449
12129,449
12130,449
12131,450
12132,450
12133,449
12134,449
12135,449
12136,449
12137,449
12138,449
12139,450
12140,450
12141,449
12142,449
12143,449
12144,449
12145,449
12146,450
12147,450
12148,450
12149,450
12150,449
12151,449
12152,448
12153,449
12154,449
12155,450
12156,450
12157,450
12158,449
12159,449
12160,449
12162,449
12163,449
12164,449
12165,450
12166,450
12167,450
12168,449
12169,449
12170,449
12171,449
12172,449
12173,449
12174,449
12175,449
12176,448
12177,448
12178,448
12179,449
12180,449
12181,449
12182,449
12183,449
12184,448
12185,448
12186,449
12187,449
12188,449
12189,449
12190,449
12191,448
12192,448
12193,448
12194,448
12195,449
12196,449
12197,449
12198,449
12199,449
12200,448
12201,448
12202,448
12203,448
12205,449
12206,449
12207,449
12208,449
12209,448
12210,448
12211,448
12212,448
12213,448
12214,449
12215,449
12216,448
12217,448
12218,448
12219,448
12220,448
12221,448
12222,449
12223,449
12224,449
12225,448
12226,449
12227,449
12228,449
12229,449
12230,449
12231,449
12232,449
12233,449
12234,448
12235,448
12236,448
12237,449
12238,449
12239,449
12240,449
12241,449
12242,449
12243,449
12244,449
12245,449
12246,449
12248,450
12249,450
12250,449
12251,449
12252,449
12253,449
12254,449
12255,449
12256,449
12257,449
12258,449
12259,449
12260,449
12261,449
12262,449
12263,449
12264,450
12265,449
12266,450
12267,449
12268,449
12269,449
12270,449
12271,449
12272,449
12273,450
12274,449
12275,449
12276,449
12277,449
12278,449
12279,449
12280,450
12281,450
12282,450
12283,449
12284,449
12285,449
12286,449
12287,449
12288,450
12290,450
12291,450
12292,449
12293,449
12294,449
12295,449
12296,449
12297,450
12298,450
12299,450
12300,449
12301,449
12302,449
12303,449
12304,449
12305,450
12306,450
12307,450
12308,449
12309,449
12310,449
12311,449
12312,449
12313,450
12314,450
12315,450
12316,449
12317,449
12318,449
12319,449
12320,449
12321,449
12322,449
12323,449
12324,449
12325,449
12326,449
12327,449
12328,448
12329,449
12330,449
12331,449
12333,449
12334,449
12335,448
12336,448
12337,449
12338,449
12339,449
12340,449
12341,449
12342,449
12343,448
12344,448
12345,448
12346,449
12347,450
12348,449
12349,449
12350,449
12351,448
12352,448
12353,448
12354,449
12355,449
12356,449
12357,449
12358,449
12359,449
12360,448
12361,449
12362,449
12363,449
12364,449
12365,449
12366,449
12367,449
12368,448
12369,449
12370,449
12371,449
12372,449
12373,449
12374,449
12376,449
12377,449
12378,449
12379,449
12380,449
12381,450
12382,449
12383,449
12384,449
12385,449
12386,449
12387,450
12388,449
12389,450
12390,450
12391,449
12392,449
12393,449
12394,449
12395,449
12396,450
12397,450
12398,450
12399,449
12400,449
12401,449
12402,449
12403,449
12404,449
12405,450
12406,450
12407,450
12408,449
12409,449
12410,449
12411,449
12412,449
12413,450
12414,450
12415,450
12416,449
12418,449
12419,449
12420,449
12421,449
12422,450
12423,450
12424,450
12425,449
12426,450
12427,450
12428,449
12429,449
12430,450
12431,450
12432,450
12433,449
12434,449
12435,449
12436,449
12437,449
12438,450
12439,450
12440,450
12441,450
12442,449
12443,449
12444,449
12445,449
12446,450
12447,450
12448,450
12449,449
12450,449
12451,449
12452,448
12453,448
12454,449
12455,449
12456,449
12457,448
12458,448
12459,448
12461,448
12462,448
12463,449
12464,449
12465,449
12466,449
12467,449
12468,448
12469,448
12470,448
12471,448
12472,449
12473,449
12474,448
12475,448
12476,448
12477,448
12478,448
12479,448
12480,449
12481,449
12482,448
12483,448
12484,448
12485,448
12486,449
12487,449
12488,449
12489,449
12490,449
12491,449
12492,449
12493,448
12494,449
12495,449
12496,449
12497,449
12498,449
12499,449
12500,449
12501,448
12502,449
12504,449
12505,449
12506,449
12507,450
12508,449
12509,449
12510,449
12511,449
12512,449
12513,449
12514,450
12515,449
12516,449
12517,449
12518,449
12519,449
12520,449
12521,449
12522,449
12523,450
12524,449
12525,449
12526,449
12527,449
12528,449
12529,450
12530,450
12531,450
12532,449
12533,449
12534,449
12535,449
12536,449
12537,449
12538,450
12539,450
12540,449
12541,449
12542,449
12543,449
12544,449
12546,450
12547,450
12548,450
12549,450
12550,449
12551,449
12552,449
12553,449
12554,449
12555,449
12556,450
12557,450
12558,449
12559,449
12560,449
12561,449
12562,449
12563,450
12564,450
12565,450
12566,450
12567,450
12568,449
12569,449
12570,449
12571,449
12572,449
12573,449
12574,449
12575,448
12576,448
12577,448
12578,448
12579,448
12580,448
12581,449
12582,449
12583,448
12584,448
12585,448
12586,448
12587,449
12589,449
12590,447
12591,448
12592,447
12593,448
12594,448
12595,448
12596,448
12597,448
12598,449
12599,448
12600,448
12601,448
12602,448
12603,448
12604,448
12605,449
12606,449
12607,449
12608,448
12609,448
12610,448
12611,448
12612,448
12613,449
12614,449
12615,449
12616,449
12617,448
12618,448
12619,448
12620,448
12621,449
12622,449
12623,449
12624,449
12625,449
12626,449
12627,449
12628,449
12629,449
12630,449
12632,449
12633,449
12634,448
12635,449
12636,449
12637,449
12638,449
12639,449
12640,450
12641,449
12642,449
12643,448
12644,449
12645,449
12646,450
12647,450
12648,449
12649,449
12650,449
12651,449
12652,448
12653,449
12654,449
12655,449
12656,449
12657,449
12658,449
12659,449
12660,449
12661,449
12662,449
12663,450
12664,450
12665,450
12666,450
12667,449
12668,449
12669,449
12670,449
12671,449
12672,449
12674,449
12675,449
12676,449
12677,449
12678,448
12679,449
12680,449
12681,449
12682,449
12683,449
12684,449
12685,448
12686,449
12687,449
12688,449
12689,449
12690,449
12691,449
12692,448
12693,448
12694,448
12695,448
12696,449
12697,449
12698,449
12699,448
12700,448
12701,448
12702,448
12703,448
12704,448
12705,449
12706,449
12707,448
12708,448
12709,447
12710,448
12711,448
12712,448
12713,448
12714,448
12715,448
12717,447
12718,447
12719,447
12720,448
12721,448
12722,448
12723,448
12724,448
12725,448
12726,448
12727,448
12728,448
12729,448
12730,448
12731,448
12732,448
12733,448
12734,447
12735,447
12736,448
12737,448
12738,448
12739,448
12740,448
12741,448
12742,447
12743,447
12744,448
12745,448
12746,449
12747,449
12748,448
12749,448
12750,448
12751,448
12752,448
12753,448
12754,448
12755,449
12756,449
12757,448
12758,448
12760,448
12761,448
12762,448
12763,448
12764,448
12765,448
12766,449
12767,449
12768,448
12769,448
12770,448
12771,448
12772,449
12773,449
12774,449
12775,448
12776,448
12777,448
12778,448
12779,449
12780,449
12781,449
12782,449
12783,449
12784,448
12785,448
12786,449
12787,449
12788,449
12789,449
12790,449
12791,448
12792,448
12793,448
12794,448
12795,448
12796,448
12797,448
12798,448
12799,448
12800,447
12802,447
12803,447
12804,447
12805,448
12806,448
12807,448
12808,447
12809,447
12810,447
12811,446
12812,447
12813,447
12814,447
12815,447
12816,447
12817,446
12818,446
12819,446
12820,446
12821,447
12822,447
12823,447
12824,447
12825,447
12826,447
12827,447
12828,447
12829,447
12830,447
12831,447
12832,447
12833,447
12834,447
12835,447
12836,447
12837,447
12838,447
12839,447
12840,447
12841,447
12842,447
12843,447
12845,447
12846,448
12847,448
12848,448
12849,447
12850,447
12851,447
12852,446
12853,446
12854,440
12855,447
12856,448
12857,448
12858,447
12859,447
12860,447
12861,447
12862,447
12863,448
12864,448
12865,448
12866,448
12867,448
12868,447
12869,447
12870,447
12871,448
12872,448
12873,447
12874,447
12875,447
12876,447
12877,447
12878,448
12879,448
12880,448
12881,448
12882,448
12883,448
12884,447
12885,448
12886,448
12888,448
12889,448
12890,448
12891,448
12892,448
12893,448
12894,448
12895,448
12896,448
12897,448
12898,448
12899,448
12900,448
12901,448
12902,448
12903,448
12904,448
12905,448
12906,449
12907,449
12908,448
12909,448
12910,447
12911,448
12912,448
12913,448
12914,448
12915,448
12916,448
12917,448
12918,448
12919,449
12920,449
12921,449
12922,450
12923,449
12924,448
12925,448
12926,448
12927,447
12928,447
12930,447
12931,447
12932,446
12933,446
12934,445
12935,445
12936,446
12937,446
12938,446
12939,446
12940,446
12941,446
12942,445
12943,445
12944,444
12945,445
12946,445
12947,444
12948,443
12949,443
12950,442
12951,441
12952,441
12953,441
12954,441
12955,441
12956,441
12957,441
12958,440
12959,440
12960,441
12961,441
12962,441
12963,441
12964,442
12965,442
12966,442
12967,442
12968,441
12969,442
12970,442
12971,442
12973,443
12974,443
12975,443
12976,443
12977,443
12978,443
12979,443
12980,444
12981,444
12982,444
12983,444
12984,444
12985,444
12986,445
12987,446
12988,446
12989,446
12990,446
12991,446
12992,446
12993,446
12994,446
12995,447
12996,447
12997,447
12998,447
12999,447
13000,447
13001,447
13002,447
13003,447
13004,447
13005,448
13006,448
13007,448
13008,447
13009,447
13010,447
13011,447
13012,447
13013,448
13014,448
13016,447
13017,447
13018,447
13019,447
13020,447
13021,448
13022,448
13023,448
13024,448
13025,447
13026,447
13027,448
13028,447
13029,448
13030,448
13031,448
13032,448
13033,448
13034,447
13035,447
13036,447
13037,447
13038,448
13039,447
13040,447
13041,447
13042,447
13043,447
13044,447
13045,447
13046,447
13047,448
13048,447
13049,447
13050,446
13051,446
13052,446
13053,446
13054,448
13055,450
13056,452
13058,454
13059,455
13060,456
13061,456
13062,456
13063,455
13064,454
13065,453
13066,453
13067,452
13068,451
13069,450
13070,450
13071,450
13072,449
13073,449
13074,449
13075,448
13076,447
13077,447
13078,447
13079,446
13080,446
13081,445
13082,444
13083,443
13084,443
13085,442
13086,442
13087,442
13088,441
13089,441
13090,440
13091,439
13092,439
13093,439
13094,438
13095,438
13096,438
13097,438
13098,438
13099,438
13101,437
13102,437
13103,438
13104,438
13105,438
13106,438
13107,438
13108,438
13109,438
13110,438
13111,437
13112,438
13113,440
13114,441
13115,442
13116,443
13117,443
13118,443
13119,444
13120,445
13121,445
13122,446
13123,445
13124,444
13125,443
13126,442
13127,442
13128,443
13129,443
13130,444
13131,445
13132,445
13133,444
13134,444
13135,445
13136,445
13137,446
13138,446
13139,446
13140,446
13141,446
13142,446
13144,446
13145,446
13146,447
13147,447
13148,447
13149,447
13150,447
13151,447
13152,447
13153,447
13154,447
13155,447
13156,448
13157,447
13158,447
13159,447
13160,447
13161,447
13162,447
13163,447
13164,447
13165,447
13166,447
13167,447
13168,447
13169,447
13170,447
13171,447
13172,447
13173,447
13174,447
13175,446
13176,446
13177,446
13178,446
13179,447
13180,447
13181,446
13182,446
13183,446
13184,446
13186,446
13187,446
13188,447
13189,446
13190,446
13191,446
13192,446
13193,447
13194,449
13195,451
13196,454
13197,457
13198,459
13199,461
13200,461
13201,462
13202,461
13203,460
13204,458
13205,456
13206,455
13207,453
13208,450
13209,448
13210,448
13211,447
13212,446
13213,445
13214,444
13215,443
13216,441
13217,440
13218,439
13219,438
13220,437
13221,437
13222,436
13223,436
13224,435
13225,434
13226,434
13227,434
13229,433
13230,433
13231,433
13232,432
13233,432
13234,431
13235,431
13236,431
13237,431
13238,431
13239,430
13240,430
13241,430
13242,430
13243,430
13244,430
13245,430
13246,430
13247,431
13248,430
13249,430
13250,430
13251,429
13252,428
13253,427
13254,426
13255,425
13256,424
13257,422
13258,420
13259,418
13260,416
13261,417
13262,419
13263,421
13264,426
13265,435
13266,440
13267,442
13268,442
13269,443
13270,444
13272,445
13273,445
13274,445
13275,445
13276,445
13277,446
13278,446
13279,447
13280,447
13281,447
13282,447
13283,447
13284,447
13285,447
13286,447
13287,447
13288,447
13289,448
13290,447
13291,447
13292,447
13293,447
13294,447
13295,447
13296,447
13297,447
13298,447
13299,447
13300,446
13301,446
13302,446
13303,447
13304,447
13305,447
13306,447
13307,447
13308,446
13309,446
13310,446
13311,444
13312,444
13314,446
13315,446
13316,445
13317,445
13318,445
13319,445
13320,445
13321,445
13322,445
13323,445
13324,445
13325,445
13326,445
13327,445
13328,445
13329,445
13330,446
13331,446
13332,447
13333,448
13334,453
13335,462
13336,475
13337,491
13338,506
13339,516
13340,518
13341,514
13342,504
13343,490
13344,476
13345,465
13346,458
13347,453
13348,448
13349,443
13350,429
13351,404
13352,373
13353,341
13354,308
13355,273
13357,234
13358,192
13359,154
13360,126
13361,101
13362,78
13363,59
13364,43
13365,31
13366,22
13367,16
13368,14
13369,12
13370,12
13371,12
13372,12
13373,12
13374,12
13375,12
13376,12
13377,13
13378,13
13379,12
13380,12
13381,12
13382,12
13383,12
13384,11
13385,11
13386,10
13387,11
13388,10
13389,9
13390,8
13391,7
13392,7
13393,7
13394,6
13395,6
13396,7
13397,8
13398,23
13400,73
13401,162
13402,265
13403,362
13404,424
13405,443
13406,446
13407,447
13408,449
13409,449
13410,449
13411,450
13412,450
13413,450
13414,450
13415,450
13416,450
13417,450
13418,450
13419,449
13420,450
13421,450
13422,450
13423,450
13424,450
13425,449
13426,450
13427,450
13428,449
13429,450
13430,450
13431,450
13432,450
13433,449
13434,449
13435,449
13436,449
13437,450
13438,450
13439,450
13440,450
13442,449
13443,449
13444,449
13445,449
13446,449
13447,450
13448,449
13449,448
13450,448
13451,447
13452,447
13453,447
13454,447
13455,447
13456,447
13457,446
13458,446
13459,446
13460,446
13461,446
13462,447
13463,447
13464,447
13465,447
13466,448
13467,446
13468,428
13469,380
13470,305
13471,224
13472,148
13473,91
13474,59
13475,45
13476,39
13477,33
13478,29
13479,23
13480,18
13481,17
13482,17
13483,17
13485,17
13486,16
13487,17
13488,17
13489,17
13490,17
13491,17
13492,16
13493,16
13494,16
13495,16
13496,16
13497,16
13498,16
13499,16
13500,16
13501,15
13502,15
13503,15
13504,16
13505,15
13506,15
13507,15
13508,15
13509,14
13510,14
13511,14
13512,14
13513,14
13514,13
13515,13
13516,13
13517,13
13518,12
13519,12
13520,12
13521,11
13522,11
13523,11
13524,10
13525,10
13526,9
13528,9
13529,8
13530,8
13531,8
13532,7
13533,7
13534,7
13535,7
13536,7
13537,7
13538,18
13539,60
13540,140
13541,240
13542,340
13543,413
13544,442
13545,446
13546,449
13547,450
13548,450
13549,451
13550,451
13551,450
13552,450
13553,450
13554,451
13555,451
13556,451
13557,451
13558,450
13559,451
13560,451
13561,451
13562,451
13563,451
13564,451
13565,451
13566,451
13567,452
13568,451
13570,451
13571,451
13572,452
13573,452
13574,451
13575,451
13576,451
13577,451
13578,451
13579,451
13580,451
13581,451
13582,451
13583,451
13584,450
13585,450
13586,450
13587,450
13588,450
13589,450
13590,450
13591,449
13592,449
13593,449
13594,449
13595,449
13596,449
13597,450
13598,449
13599,449
13600,449
13601,449
13602,450
13603,451
13604,451
13605,451
13606,443
13607,400
13608,321
13609,227
13610,137
13611,71
13613,34
13614,20
13615,18
13616,18
13617,18
13618,18
13619,17
13620,18
13621,18
13622,17
13623,17
13624,17
13625,17
13626,17
13627,17
13628,17
13629,17
13630,16
13631,15
13632,17
13633,16
13634,17
13635,16
13636,16
13637,16
13638,16
13639,16
13640,15
13641,15
13642,15
13643,15
13644,15
13645,15
13646,15
13647,15
13648,15
13649,14
13650,14
13651,14
13652,14
13653,14
13654,14
13656,14
13657,14
13658,14
13659,13
13660,13
13661,12
13662,12
13663,12
13664,11
13665,10
13666,10
13667,9
13668,8
13669,8
13670,8
13671,7
13672,7
13673,7
13674,7
13675,7
13676,9
13677,24
13678,73
13679,158
13680,259
13681,355
13682,422
13683,447
13684,450
13685,452
13686,454
13687,455
13688,455
13689,455
13690,454
13691,454
13692,454
13693,454
13694,454
13695,454
13696,454
13698,454
13699,454
13700,454
13701,453
13702,453
13703,453
13704,453
13705,453
13706,454
13707,454
13708,453
13709,452
13710,452
13711,453
13712,453
13713,453
13714,453
13715,453
13716,453
13717,452
13718,452
13719,452
13720,452
13721,452
13722,452
13723,452
13724,451
13725,451
13726,451
13727,451
13728,451
13729,451
13730,451
13731,451
13732,452
13733,451
13734,452
13735,452
13736,452
13737,453
13738,453
13739,453
13741,453
13742,453
13743,453
13744,452
13745,451
13746,427
13747,366
13748,274
13749,179
13750,96
13751,45
13752,24
13753,19
13754,19
13755,20
13756,19
13757,19
13758,19
13759,19
13760,19
13761,19
13762,19
13763,19
13764,19
13765,19
13766,19
13767,19
13768,18
13769,19
13770,19
13771,19
13772,19
13773,18
13774,18
13775,18
13776,18
13777,18
13778,18
13779,18
13780,17
13781,17
13782,17
13784,16
13785,16
13786,16
13787,17
13788,17
13789,16
13790,16
13791,16
13792,16
13793,16
13794,16
13795,15
13796,15
13797,15
13798,15
13799,15
13800,15
13801,15
13802,15
13803,16
13804,17
13805,18
13806,19
13807,22
13808,39
13809,78
13810,127
13811,178
13812,224
13813,263
13814,303
13815,348
13816,390
13817,424
13818,444
13819,450
13820,450
13821,451
13822,451
13823,451
13824,451
13826,451
13827,451
13828,451
13829,452
13830,452
13831,452
13832,452
13833,452
13834,452
13835,452
13836,452
13837,453
13838,453
13839,454
13840,453
13841,453
13842,453
13843,453
13844,453
13845,453
13846,454
13847,455
13848,454
13849,454
13850,454
13851,454
13852,454
13853,454
13854,455
13855,455
13856,454
13857,454
13858,454
13859,454
13860,454
13861,454
13862,455
13863,455
13864,455
13865,455
13866,455
13867,455
13869,455
13870,456
13871,456
13872,457
13873,457
13874,457
13875,457
13876,456
13877,457
13878,457
13879,457
13880,457
13881,457
13882,455
13883,452
13884,445
13885,442
13886,447
13887,452
13888,452
13889,453
13890,453
13891,453
13892,453
13893,452
13894,453
13895,453
13896,454
13897,453
13898,454
13899,453
13900,452
13901,453
13902,453
13903,453
13904,453
13905,454
13906,454
13907,454
13908,453
13909,454
13910,454
13912,455
13913,455
13914,455
13915,456
13916,455
13917,456
13918,455
13919,455
13920,456
13921,456
13922,456
13923,456
13924,456
13925,456
13926,456
13927,456
13928,456
13929,456
13930,457
13931,457
13932,457
13933,456
13934,456
13935,456
13936,456
13937,456
13938,457
13939,456
13940,456
13941,456
13942,456
13943,456
13944,456
13945,456
13946,457
13947,458
13948,456
13949,456
13950,456
13951,456
13952,456
13954,456
13955,457
13956,457
13957,457
13958,456
13959,456
13960,456
13961,456
13962,456
13963,457
13964,457
13965,457
13966,457
13967,456
13968,456
13969,456
13970,457
13971,457
13972,457
13973,457
13974,457
13975,456
13976,456
13977,456
13978,456
13979,457
13980,457
13981,457
13982,457
13983,456
13984,456
13985,456
13986,457
13987,457
13988,457
13989,457
13990,456
13991,456
13992,456
13993,456
13994,456
13995,457
13997,457
13998,457
13999,457
14000,456
14001,456
14002,456
14003,456
14004,457
14005,457
14006,457
14007,457
14008,457
14009,456
14010,456
14011,457
14012,457
14013,457
14014,457
14015,457
14016,457
14017,456
14018,456
14019,456
14020,457
14021,457
14022,457
14023,457
14024,457
14025,456
14026,457
14027,457
14028,457
14029,457
14030,457
14031,457
14032,456
14033,456
14034,456
14035,456
14036,457
14037,457
14038,457
14040,457
14041,457
14042,457
14043,456
14044,456
14045,457
14046,458
14047,458
14048,458
14049,457
14050,456
14051,456
14052,456
14053,457
14054,457
14055,457
14056,457
14057,457
14058,457
14059,456
14060,456
14061,457
14062,457
14063,457
14064,457
14065,457
14066,457
14067,457
14068,457
14069,457
14070,457
14071,457
14072,457
14073,457
14074,457
14075,456
14076,456
14077,457
14078,457
14079,457
14080,457
14082,457
14083,457
14084,456
14085,457
14086,457
14087,458
14088,458
14089,457
14090,457
14091,457
14092,457
14093,456
14094,456
14095,457
14096,457
14097,457
14098,457
14099,457
14100,457
14101,457
14102,457
14103,457
14104,457
14105,457
14106,458
14107,457
14108,457
14109,456
14110,456
14111,457
14112,457
14113,457
14114,457
14115,457
14116,457
14117,457
14118,457
14119,457
14120,457
14121,457
14122,457
14123,457
14125,457
14126,457
14127,457
14128,458
14129,457
14130,458
14131,458
14132,457
14133,457
14134,456
14135,457
14136,457
14137,457
14138,458
14139,458
14140,457
14141,457
14142,457
14143,457
14144,457
14145,457
14146,458
14147,458
14148,457
14149,457
14150,457
14151,457
14152,457
14153,457
14154,457
14155,457
14156,457
14157,457
14158,456
14159,457
14160,457
14161,457
14162,457
14163,458
14164,458
14165,458
14166,457
14168,457
14169,457
14170,457
14171,458
14172,458
14173,457
14174,457
14175,457
14176,456
14177,456
14178,457
14179,457
14180,458
14181,458
14182,457
14183,457
14184,456
14185,457
14186,458
14187,457
14188,458
14189,457
14190,457
14191,457
14192,457
14193,457
14194,457
14195,457
14196,458
14197,458
14198,457
14199,457
14200,457
14201,457
14202,457
14203,457
14204,458
14205,458
14206,458
14207,458
14208,457
14210,457
14211,457
14212,457
14213,458
14214,458
14215,457
14216,457
14217,457
14218,457
14219,457
14220,457
14221,458
14222,458
14223,458
14224,457
14225,457
14226,457
14227,457
14228,458
14229,458
14230,458
14231,458
14232,457
14233,457
14234,457
14235,457
14236,457
14237,457
14238,458
14239,458
14240,457
14241,457
14242,457
14243,457
14244,457
14245,458
14246,458
14247,458
14248,457
14249,457
14250,457
14251,457
14253,457
14254,457
14255,458
14256,457
14257,457
14258,457
14259,457
14260,457
14261,457
14262,457
14263,458
14264,458
14265,458
14266,457
14267,457
14268,457
14269,457
14270,458
14271,458
14272,458
14273,458
14274,457
14275,457
14276,457
14277,457
14278,457
14279,458
14280,458
14281,458
14282,457
14283,457
14284,457
14285,457
14286,458
14287,458
14288,458
14289,457
14290,457
14291,457
14292,457
14293,457
14294,457
14296,457
14297,458
14298,457
14299,457
14300,457
14301,457
14302,457
14303,457
14304,457
14305,458
14306,458
14307,458
14308,457
14309,457
14310,457
14311,457
14312,458
14313,458
14314,458
14315,457
14316,457
14317,457
14318,457
14319,457
14320,457
14321,458
14322,458
14323,458
14324,457
14325,457
14326,458
14327,458
14328,458
14329,458
14330,458
14331,458
14332,457
14333,457
14334,457
14335,457
14336,457
14338,458
14339,458
14340,458
14341,457
14342,457
14343,457
14344,457
14345,457
14346,458
14347,459
14348,458
14349,458
14350,457
14351,457
14352,457
14353,457
14354,458
14355,458
14356,458
14357,458
14358,457
14359,457
14360,457
14361,457
14362,458
14363,458
14364,458
14365,457
14366,458
14367,457
14368,457
14369,457
14370,458
14371,458
14372,457
14373,457
14374,457
14375,457
14376,457
14377,455
14378,457
14379,458
14381,458
14382,458
14383,457
14384,457
14385,457
14386,458
14387,458
14388,458
14389,458
14390,458
14391,457
14392,457
14393,457
14394,454
14395,458
14396,458
14397,458
14398,458
14399,457
14400,457
14401,457
14402,457
14403,457
14404,458
14405,458
14406,458
14407,458
14408,457
14409,457
14410,458
14411,458
14412,458
14413,458
14414,458
14415,458
14416,457
14417,457
14418,457
14419,457
14420,458
14421,458
14422,458
14424,457
14425,457
14426,457
14427,458
14428,458
14429,458
14430,458
14431,458
14432,458
14433,457
14434,457
14435,457
14436,457
14437,458
14438,458
14439,458
14440,458
14441,457
14442,457
14443,457
14444,457
14445,458
14446,459
14447,459
14448,458
14449,457
14450,457
14451,457
14452,457
14453,458
14454,458
14455,458
14456,458
14457,457
14458,457
14459,457
14460,458
14461,458
14462,458
14463,458
14464,458
14466,458
14467,458
14468,458
14469,457
14470,458
14471,458
14472,458
14473,458
14474,458
14475,457
14476,457
14477,457
14478,458
14479,458
14480,458
14481,458
14482,458
14483,457
14484,457
14485,458
14486,458
14487,458
14488,458
14489,458
14490,458
14491,457
14492,457
14493,457
14494,458
14495,458
14496,458
14497,458
14498,458
14499,458
14500,457
14501,457
14502,458
14503,458
14504,458
14505,458
14506,458
14507,458
14509,458
14510,457
14511,457
14512,458
14513,458
14514,458
14515,458
14516,458
14517,457
14518,457
14519,458
14520,458
14521,458
14522,458
14523,458
14524,458
14525,458
14526,458
14527,458
14528,458
14529,458
14530,458
14531,458
14532,458
14533,457
14534,458
14535,457
14536,457
14537,458
14538,458
14539,458
14540,458
14541,458
14542,457
14543,457
14544,458
14545,458
14546,459
14547,459
14548,458
14549,457
14550,457
14552,457
14553,457
14554,458
14555,458
14556,458
14557,458
14558,457
14559,457
14560,457
14561,458
14562,458
14563,458
14564,458
14565,458
14566,458
14567,458
14568,457
14569,457
14570,458
14571,458
14572,458
14573,458
14574,458
14575,457
14576,457
14577,457
14578,458
14579,458
14580,458
14581,458
14582,457
14583,457
14584,457
14585,457
14586,458
14587,459
14588,458
14589,458
14590,458
14591,457
14592,457
14594,457
14595,458
14596,458
14597,458
14598,458
14599,457
14600,458
14601,457
14602,457
14603,458
14604,458
14605,458
14606,459
14607,458
14608,458
14609,457
14610,457
14611,458
14612,458
14613,458
14614,458
14615,458
14616,457
14617,457
14618,457
14619,458
14620,458
14621,458
14622,458
14623,458
14624,457
14625,457
14626,458
14627,458
14628,458
14629,458
14630,458
14631,458
14632,457
14633,457
14634,457
14635,458
14637,458
14638,458
14639,458
14640,458
14641,457
14642,457
14643,457
14644,457
14645,458
14646,459
14647,459
14648,458
14649,458
14650,457
14651,457
14652,458
14653,458
14654,458
14655,458
14656,458
14657,457
14658,457
14659,457
14660,457
14661,458
14662,458
14663,458
14664,458
14665,458
14666,458
14667,458
14668,457
14669,457
14670,457
14671,455
14672,458
14673,458
14674,458
14675,455
14676,457
14677,458
14678,458
14680,458
14681,458
14682,458
14683,457
14684,458
14685,457
14686,458
14687,458
14688,459
14689,458
14690,458
14691,457
14692,457
14693,457
14694,457
14695,458
14696,458
14697,458
14698,458
14699,457
14700,457
14701,458
14702,458
14703,458
14704,458
14705,458
14706,458
14707,458
14708,457
14709,457
14710,457
14711,458
14712,458
14713,458
14714,458
14715,458
14716,457
14717,457
14718,457
14719,457
14720,458
14722,458
14723,458
14724,458
14725,458
14726,458
14727,458
14728,458
14729,458
14730,458
14731,458
14732,458
14733,457
14734,457
14735,457
14736,458
14737,458
14738,458
14739,458
14740,458
14741,457
14742,457
14743,457
14744,458
14745,458
14746,459
14747,459
14748,458
14749,457
14750,457
14751,457
14752,457
14753,458
14754,458
14755,458
14756,458
14757,457
14758,457
14759,457
14760,457
14761,458
14762,458
14763,458
14765,458
14766,458
14767,458
14768,458
14769,458
14770,458
14771,458
14772,458
14773,458
14774,455
14775,457
14776,457
14777,457
14778,458
14779,458
14780,458
14781,458
14782,458
14783,458
14784,457
14785,458
14786,458
14787,458
14788,458
14789,458
14790,458
14791,458
14792,457
14793,457
14794,458
14795,458
14796,458
14797,458
14798,458
14799,458
14800,457
14801,457
14802,457
14803,458
14804,458
14805,458
14806,459
14808,458
14809,458
14810,458
14811,458
14812,458
14813,458
14814,458
14815,458
14816,457
14817,457
14818,457
14819,457
14820,458
14821,458
14822,458
14823,458
14824,457
14825,458
14826,458
14827,458
14828,458
14829,458
14830,458
14831,458
14832,458
14833,457
14834,458
14835,458
14836,458
14837,458
14838,459
14839,458
14840,458
14841,457
14842,457
14843,458
14844,458
14845,458
14846,459
14847,459
14848,458
14850,457
14851,454
14852,458
14853,458
14854,458
14855,458
14856,458
14857,457
14858,457
14859,457
14860,457
14861,458
14862,458
14863,458
14864,458
14865,458
14866,458
14867,458
14868,458
14869,458
14870,458
14871,458
14872,451
14873,458
14874,457
14875,457
14876,457
14877,457
14878,458
14879,458
14880,458
14881,458
14882,458
14883,457
14884,457
14885,457
14886,458
14887,459
14888,458
14889,458
14890,457
14891,457
14893,457
14894,457
14895,458
14896,458
14897,458
14898,458
14899,457
14900,457
14901,457
14902,457
14903,458
14904,458
14905,458
14906,458
14907,458
14908,458
14909,457
14910,457
14911,458
14912,458
14913,458
14914,458
14915,458
14916,457
14917,457
14918,457
14919,458
14920,458
14921,458
14922,458
14923,458
14924,457
14925,457
14926,458
14927,458
14928,458
14929,458
14930,458
14931,458
14932,457
14933,457
14934,457
14936,457
14937,458
14938,458
14939,458
14940,458
14941,458
14942,457
14943,457
14944,458
14945,458
14946,458
14947,459
14948,458
14949,457
14950,457
14951,457
14952,457
14953,458
14954,458
14955,458
14956,458
14957,458
14958,457
14959,457
14960,458
14961,458
14962,458
14963,458
14964,458
14965,458
14966,458
14967,458
14968,457
14969,458
14970,458
14971,458
14972,458
14973,458
14974,457
14975,457
14976,457
14978,458
14979,458
14980,458
14981,458
14982,458
14983,457
14984,457
14985,457
14986,458
14987,458
14988,458
14989,458
14990,457
14991,457
14992,456
14993,457
14994,457
14995,458
14996,458
14997,458
14998,458
14999,457
15000,457
15001,457
15002,457
15003,457
15004,458
15005,458
15006,458
15007,458
15008,457
15009,457
15010,457
15011,458
15012,458
15013,458
15014,458
15015,457
15016,457
15017,457
15018,457
15019,458
15021,458
15022,458
15023,458
15024,457
15025,457
15026,457
15027,458
15028,458
15029,458
15030,458
15031,458
15032,457
15033,457
15034,457
15035,457
15036,457
15037,458
15038,458
15039,458
15040,457
15041,457
15042,457
15043,457
15044,458
15045,458
15046,459
15047,458
15048,458
15049,457
15050,457
15051,457
15052,458
15053,458
15054,458
15055,458
15056,458
15057,457
15058,457
15059,457
15060,457
15061,458
15062,458
15064,458
15065,458
15066,457
15067,457
15068,458
15069,457
15070,458
15071,458
15072,458
15073,458
15074,457
15075,457
15076,457
15077,457
15078,458
15079,458
15080,458
15081,458
15082,457
15083,457
15084,457
15085,457
15086,458
15087,458
15088,458
15089,458
15090,457
15091,457
15092,457
15093,457
15094,458
15095,458
15096,458
15097,458
15098,458
15099,457
15100,457
15101,457
15102,458
15103,458
15104,458
15106,458
15107,458
15108,458
15109,457
15110,457
15111,457
15112,458
15113,458
15114,458
15115,457
15116,457
15117,457
15118,457
15119,457
15120,458
15121,458
15122,458
15123,458
15124,457
15125,457
15126,457
15127,458
15128,458
15129,458
15130,458
15131,457
15132,457
15133,457
15134,457
15135,457
15136,458
15137,458
15138,458
15139,458
15140,457
15141,457
15142,457
15143,457
15144,458
15145,458
15146,459
15147,459
15149,457
15150,457
15151,457
15152,457
15153,458
15154,458
15155,458
15156,457
15157,457
15158,457
15159,457
15160,457
15161,458
15162,458
15163,458
15164,458
15165,458
15166,458
15167,458
15168,458
15169,458
15170,458
15171,458
15172,458
15173,458
15174,457
15175,457
15176,457
15177,458
15178,458
15179,458
15180,458
15181,458
15182,457
15183,457
15184,457
15185,457
15186,458
15187,459
15188,458
15189,457
15190,457
15192,457
15193,458
15194,458
15195,458
15196,458
15197,458
15198,458
15199,457
15200,457
15201,457
15202,457
15203,458
15204,458
15205,458
15206,458
15207,458
15208,458
15209,457
15210,457
15211,458
15212,458
15213,458
15214,458
15215,457
15216,457
15217,457
15218,457
15219,457
15220,458
15221,458
15222,458
15223,457
15224,457
15225,457
15226,458
15227,458
15228,458
15229,458
15230,458
15231,458
15232,457
15234,457
15235,457
15236,457
15237,458
15238,458
15239,458
15240,457
15241,457
15242,457
15243,457
15244,457
15245,458
15246,458
15247,459
15248,458
15249,457
15250,457
15251,457
15252,457
15253,458
15254,458
15255,458
15256,458
15257,457
15258,457
15259,457
15260,457
15261,458
15262,458
15263,458
15264,458
15265,457
15266,457
15267,458
15268,457
15269,457
15270,458
15271,458
15272,457
15273,457
15274,457
15275,457
15277,457
15278,458
15279,458
15280,458
15281,458
15282,457
15283,457
15284,457
15285,457
15286,458
15287,458
15288,459
15289,458
15290,458
15291,457
15292,457
15293,457
15294,457
15295,458
15296,458
15297,458
15298,457
15299,457
15300,457
15301,457
15302,457
15303,458
15304,458
15305,457
15306,458
15307,458
15308,457
15309,457
15310,457
15311,458
15312,458
15313,458
15314,456
15315,457
15316,457
15317,457
15318,457
15320,458
15321,458
15322,458
15323,458
15324,457
15325,457
15326,457
15327,458
15328,458
15329,458
15330,458
15331,458
15332,457
15333,457
15334,457
15335,457
15336,458
15337,458
15338,458
15339,458
15340,458
15341,457
15342,457
15343,457
15344,458
15345,458
15346,459
15347,459
15348,458
15349,457
15350,457
15351,457
15352,458
15353,458
15354,458
15355,458
15356,458
15357,457
15358,457
15359,457
15360,457
15362,458
15363,458
15364,458
15365,457
15366,457
15367,458
15368,457
15369,457
15370,458
15371,458
15372,457
15373,456
15374,452
15375,457
15376,457
15377,457
15378,458
15379,458
15380,458
15381,458
15382,457
15383,457
15384,457
15385,458
15386,458
15387,459
15388,458
15389,458
15390,457
15391,457
15392,457
15393,457
15394,458
15395,458
15396,458
15397,457
15398,457
15399,457
15400,457
15401,457
15402,458
15403,458
15405,458
15406,458
15407,458
15408,458
15409,457
15410,457
15411,457
15412,458
15413,458
15414,458
15415,457
15416,457
15417,457
15418,457
15419,458
15420,458
15421,458
15422,458
15423,457
15424,457
15425,457
15426,457
15427,458
15428,458
15429,458
15430,458
15431,458
15432,457
15433,457
15434,457
15435,457
15436,458
15437,458
15438,458
15439,457
15440,457
15441,457
15442,457
15443,457
15444,458
15445,458
15446,459
15448,458
15449,457
15450,457
15451,457
15452,457
15453,457
15454,458
15455,458
15456,458
15457,457
15458,457
15459,457
15460,457
15461,457
15462,458
15463,458
15464,458
15465,457
15466,457
15467,457
15468,458
15469,457
15470,458
15471,458
15472,458
15473,457
15474,457
15475,457
15476,457
15477,458
15478,458
15479,458
15480,458
15481,458
15482,457
15483,457
15484,457
15485,458
15486,459
15487,459
15488,458
15490,458
15491,457
15492,457
15493,457
15494,457
15495,458
15496,458
15497,458
15498,458
15499,457
15500,457
15501,457
15502,458
15503,458
15504,458
15505,458
15506,458
15507,458
15508,458
15509,457
15510,458
15511,458
15512,458
15513,458
15514,458
15515,457
15516,457
15517,457
15518,457
15519,458
15520,458
15521,458
15522,458
15523,458
15524,457
15525,457
15526,458
15527,458
15528,458
15529,458
15530,458
15531,457
15533,457
15534,457
15535,457
15536,458
15537,458
15538,458
15539,458
15540,458
15541,457
15542,457
15543,457
15544,457
15545,458
15546,458
15547,458
15548,458
15549,457
15550,457
15551,457
15552,457
15553,458
15554,458
15555,458
15556,457
15557,457
15558,457
15559,457
15560,457
15561,458
15562,458
15563,458
15564,458
15565,457
15566,458
15567,458
15568,457
15569,458
15570,458
15571,458
15572,458
15573,457
15574,457
15576,457
15577,457
15578,457
15579,458
15580,458
15581,458
15582,457
15583,457
15584,457
15585,457
15586,457
15587,458
15588,459
15589,458
15590,457
15591,457
15592,457
15593,457
15594,457
15595,458
15596,458
15597,458
15598,457
15599,457
15600,457
15601,457
15602,457
15603,458
15604,458
15605,458
15606,458
15607,458
15608,457
15609,457
15610,457
15611,458
15612,458
15613,458
15614,457
15615,457
15616,457
15618,457
15619,457
15620,458
15621,458
15622,458
15623,457
15624,457
15625,457
15626,457
15627,458
15628,458
15629,458
15630,458
15631,458
15632,457
15633,457
15634,457
15635,457
15636,458
15637,458
15638,458
15639,457
15640,457
15641,457
15642,457
15643,457
15644,457
15645,458
15646,459
15647,458
15648,458
15649,457
15650,457
15651,457
15652,458
15653,458
15654,458
15655,458
15656,457
15657,457
15658,457
15659,457
15661,457
15662,458
15663,458
15664,458
15665,457
15666,457
15667,458
15668,458
15669,457
15670,458
15671,458
15672,458
15673,457
15674,457
15675,457
15676,457
15677,457
15678,458
15679,458
15680,458
15681,457
15682,457
15683,457
15684,457
15685,457
15686,458
15687,459
15688,458
15689,458
15690,457
15691,457
15692,457
15693,457
15694,458
15695,458
15696,458
15697,458
15698,457
15699,457
15700,457
15701,457
15702,458
15704,458
15705,458
15706,458
15707,458
15708,458
15709,457
15710,457
15711,458
15712,458
15713,458
15714,458
15715,457
15716,457
15717,457
15718,457
15719,457
15720,458
15721,458
15722,458
15723,457
15724,457
15725,457
15726,458
15727,458
15728,458
15729,458
15730,458
15731,458
15732,457
15733,457
15734,457
15735,458
15736,458
15737,458
15738,458
15739,457
15740,457
15741,457
15742,457
15743,458
15744,458
15746,458
15747,458
15748,458
15749,457
15750,457
15751,457
15752,451
15753,457
15754,458
15755,458
15756,457
15757,455
15758,457
15759,457
15760,457
15761,458
15762,458
15763,458
15764,457
15765,457
15766,457
15767,457
15768,458
15769,457
15770,458
15771,458
15772,458
15773,458
15774,457
15775,457
15776,457
15777,457
15778,458
15779,458
15780,458
15781,457
15782,457
15783,457
15784,457
15785,458
15786,458
15787,459
15789,458
15790,457
15791,457
15792,457
15793,457
15794,457
15795,458
15796,458
15797,458
15798,457
15799,457
15800,457
15801,457
15802,457
15803,458
15804,458
15805,458
15806,458
15807,457
15808,457
15809,457
15810,457
15811,457
15812,458
15813,458
15814,457
15815,457
15816,457
15817,457
15818,457
15819,458
15820,458
15821,458
15822,457
15823,457
15824,457
15825,457
15826,458
15827,458
15828,458
15829,458
15830,458
15832,457
15833,457
15834,457
15835,457
15836,457
15837,458
15838,458
15839,458
15840,457
15841,457
15842,457
15843,457
15844,457
15845,458
15846,458
15847,458
15848,458
15849,457
15850,457
15851,457
15852,458
15853,458
15854,458
15855,458
15856,457
15857,457
15858,457
15859,457
15860,457
15861,458
15862,458
15863,458
15864,458
15865,457
15866,458
15867,457
15868,458
15869,458
15870,458
15871,458
15872,457
15874,457
15875,457
15876,457
15877,457
15878,458
15879,458
15880,458
15881,457
