Time (s),Intensity
1,459
2,459
3,458
4,458
5,457
6,457
7,457
8,457
9,457
10,458
11,458
12,458
13,457
14,457
15,457
16,457
17,458
18,458
19,458
20,458
21,458
22,404
23,413
24,440
25,411
26,449
27,412
28,423
29,414
30,421
31,449
32,423
33,436
34,420
36,425
37,424
38,427
39,450
40,430
41,438
42,428
43,429
44,440
45,431
46,452
47,436
48,432
49,436
50,433
51,447
52,435
53,452
54,438
55,435
56,432
57,441
58,449
59,438
60,453
61,440
62,439
63,433
64,439
65,453
66,439
67,448
68,441
69,443
70,441
71,439
72,452
73,438
74,440
75,437
76,441
77,448
79,442
80,453
81,438
82,441
83,440
84,445
85,453
86,446
87,454
88,441
89,444
90,440
91,441
92,454
93,443
94,448
95,444
96,443
97,449
98,442
99,454
100,446
101,447
102,442
103,443
104,452
105,446
106,453
107,442
108,443
109,442
110,448
111,456
112,444
113,447
114,444
115,445
116,444
117,443
118,456
119,446
120,446
122,440
123,447
124,452
125,443
126,454
127,446
128,447
129,442
130,445
131,454
132,443
133,447
134,446
135,447
136,447
137,446
138,456
139,444
140,445
141,445
142,448
143,452
144,447
145,455
146,444
147,446
148,444
149,445
150,454
151,447
152,449
153,444
154,448
155,446
156,443
157,456
158,446
159,447
160,446
161,447
162,449
164,448
165,454
166,443
167,448
168,444
169,447
170,451
171,446
172,454
173,446
174,446
175,444
176,449
177,450
178,448
179,456
180,443
181,447
182,444
183,445
184,453
185,447
186,454
187,447
188,447
189,442
190,448
191,456
192,450
193,457
194,453
195,457
196,458
197,458
198,458
199,459
200,472
201,458
202,457
203,458
204,455
205,458
207,458
208,463
209,458
210,460
211,460
212,459
213,458
214,458
215,466
216,458
217,458
218,459
219,457
220,456
221,458
222,458
223,459
224,458
225,458
226,458
227,459
228,458
229,458
230,455
231,457
232,457
233,458
234,458
235,459
236,458
237,459
238,457
239,456
240,458
241,458
242,458
243,458
244,458
245,458
246,458
247,457
248,458
250,458
251,458
252,458
253,459
254,458
255,458
256,457
257,457
258,458
259,458
260,458
261,458
262,458
263,458
264,458
265,457
266,458
267,458
268,459
269,458
270,458
271,458
272,458
273,457
274,458
275,458
276,458
277,459
278,459
279,454
280,457
281,458
282,456
283,458
284,458
285,459
286,458
287,458
288,458
289,458
290,458
292,458
293,458
294,459
295,458
296,458
297,458
298,458
299,458
300,458
301,458
302,459
303,459
304,458
305,458
306,458
307,458
308,458
309,458
310,459
311,459
312,458
313,458
314,458
315,457
316,458
317,458
318,459
319,459
320,458
321,458
322,458
323,458
324,458
325,458
326,459
327,459
328,459
329,458
330,458
331,458
332,458
333,458
335,459
336,459
337,459
338,459
339,458
340,458
341,458
342,458
343,458
344,459
345,459
346,458
347,458
348,458
349,458
350,458
351,458
352,459
353,459
354,458
355,458
356,457
357,458
358,459
359,459
360,459
361,458
362,459
363,458
364,458
365,458
366,458
367,458
368,459
369,459
370,459
371,458
372,458
373,458
374,458
375,458
376,459
378,459
379,459
380,458
381,458
382,458
383,458
384,458
385,459
386,459
387,459
388,458
389,458
390,458
391,458
392,459
393,459
394,459
395,458
396,458
397,458
398,458
399,458
400,458
401,459
402,459
403,459
404,459
405,458
406,458
407,458
408,458
409,459
410,459
411,459
412,459
413,458
414,458
415,458
416,458
417,459
418,460
420,459
421,459
422,458
423,458
424,458
425,458
426,459
427,459
428,459
429,459
430,458
431,458
432,458
433,458
434,459
435,459
436,459
437,459
438,459
439,458
440,458
441,458
442,458
443,459
444,459
445,459
446,459
447,458
448,458
449,458
450,458
451,459
452,459
453,459
454,459
455,458
456,458
457,458
458,459
459,458
460,459
461,459
463,459
464,458
465,458
466,458
467,458
468,459
469,459
470,459
471,458
472,458
473,458
474,458
475,458
476,459
477,459
478,459
479,459
480,458
481,458
482,458
483,458
484,459
485,459
486,459
487,459
488,458
489,458
490,458
491,458
492,459
493,459
494,459
495,459
496,458
497,459
498,458
499,458
500,458
501,459
502,459
503,459
504,458
506,458
507,458
508,458
509,458
510,459
511,459
512,459
513,458
514,458
515,458
516,458
517,459
518,459
519,460
520,459
521,459
522,458
523,458
524,458
525,458
526,459
527,459
528,459
529,459
530,458
531,458
532,458
533,458
534,459
535,459
536,459
537,459
538,458
539,458
540,458
541,458
542,458
543,459
544,458
545,456
546,458
548,458
549,458
550,458
551,459
552,459
553,459
554,459
555,459
556,458
557,458
558,459
559,459
560,459
561,459
562,457
563,458
564,458
565,458
566,458
567,459
568,459
569,459
570,459
571,459
572,458
573,458
574,458
575,459
576,459
577,460
578,459
579,459
580,458
581,458
582,458
583,459
584,459
585,459
586,459
587,459
588,458
589,458
591,458
592,459
593,459
594,459
595,459
596,459
597,458
598,459
599,459
600,459
601,459
602,459
603,459
604,459
605,458
606,458
607,458
608,459
609,459
610,459
611,459
612,459
613,458
614,458
615,458
616,458
617,459
618,460
619,459
620,459
621,458
622,458
623,458
624,458
625,458
626,459
627,459
628,458
629,458
630,458
631,458
632,458
634,459
635,459
636,459
637,459
638,459
639,458
640,458
641,458
642,458
643,459
644,458
645,459
646,459
647,458
648,458
649,458
650,458
651,459
652,459
653,459
654,459
655,458
656,458
657,459
658,459
659,459
660,459
661,459
662,458
663,458
664,458
665,458
666,458
667,459
668,459
669,459
670,459
671,458
672,458
673,458
674,458
676,459
677,459
678,460
679,459
680,458
681,458
682,458
683,458
684,459
685,459
686,459
687,459
688,459
689,458
690,458
691,458
692,459
693,459
694,459
695,459
696,458
697,459
698,458
699,459
700,459
701,459
702,459
703,459
704,458
705,458
706,458
707,458
708,459
709,459
710,459
711,459
712,458
713,458
714,458
715,458
716,459
717,459
719,460
720,459
721,458
722,458
723,458
724,458
725,458
726,459
727,459
728,459
729,459
730,458
731,458
732,458
733,458
734,459
735,459
736,459
737,459
738,458
739,458
740,458
741,458
742,458
743,459
744,459
745,459
746,458
747,458
748,458
749,458
750,459
751,459
752,459
753,459
754,459
755,458
756,458
757,459
758,459
759,459
760,459
762,459
763,458
764,458
765,458
766,458
767,459
768,459
769,459
770,459
771,458
772,458
773,458
774,458
775,459
776,459
777,460
778,460
779,459
780,458
781,458
782,458
783,459
784,459
785,459
786,459
787,459
788,458
789,458
790,458
791,459
792,459
793,459
794,459
795,459
796,458
797,458
798,459
799,459
800,459
801,459
802,459
804,459
805,458
806,458
807,458
808,458
809,459
810,459
811,459
812,459
813,458
814,458
815,458
816,458
817,459
818,460
819,460
820,459
821,458
822,458
823,458
824,458
825,458
826,459
827,459
828,459
829,458
830,458
831,458
832,458
833,459
834,459
835,459
836,459
837,459
838,459
839,458
840,458
841,458
842,459
843,459
844,459
845,459
847,458
848,458
849,458
850,459
851,459
852,459
853,459
854,459
855,458
856,458
857,458
858,459
859,460
860,459
861,459
862,459
863,458
864,458
865,458
866,458
867,459
868,459
869,459
870,459
871,458
872,458
873,458
874,459
875,459
876,459
877,460
878,459
879,459
880,458
881,458
882,458
883,459
884,459
885,459
886,459
887,459
888,458
890,458
891,458
892,459
893,459
894,459
895,459
896,459
897,458
898,459
899,459
900,459
901,459
902,459
903,459
904,459
905,458
906,458
907,459
908,459
909,459
910,459
911,459
912,459
913,458
914,458
915,458
916,458
917,460
918,460
919,459
920,459
921,458
922,458
923,458
924,458
925,459
926,459
927,459
928,459
929,458
930,458
932,458
933,458
934,459
935,459
936,459
937,459
938,459
939,459
940,458
941,458
942,459
943,458
944,459
945,459
946,458
947,458
948,458
949,458
950,459
951,459
952,459
953,459
954,458
955,458
956,458
957,458
958,459
959,459
960,459
961,459
962,458
963,458
964,457
965,458
966,458
967,459
968,459
969,459
970,459
971,458
972,458
973,458
975,459
976,459
977,459
978,460
979,459
980,458
981,458
982,458
983,458
984,459
985,459
986,459
987,459
988,458
989,458
990,458
991,458
992,459
993,459
994,459
995,459
996,459
997,458
998,459
999,459
1000,459
1001,459
1002,459
1003,459
1004,458
1005,458
1006,458
1007,458
1008,459
1009,459
1010,459
1011,459
1012,458
1013,458
1014,458
1015,458
1016,458
1018,459
1019,460
1020,459
1021,459
1022,458
1023,458
1024,458
1025,459
1026,459
1027,459
1028,459
1029,459
1030,458
1031,458
1032,458
1033,458
1034,459
1035,459
1036,459
1037,459
1038,459
1039,459
1040,458
1041,459
1042,459
1043,459
1044,459
1045,459
1046,458
1047,458
1048,458
1049,458
1050,459
1051,459
1052,459
1053,459
1054,458
1055,458
1056,458
1057,459
1058,459
1060,459
1061,459
1062,458
1063,458
1064,458
1065,458
1066,458
1067,459
1068,459
1069,459
1070,459
1071,458
1072,458
1073,458
1074,458
1075,459
1076,459
1077,459
1078,460
1079,459
1080,458
1081,458
1082,458
1083,458
1084,459
1085,459
1086,459
1087,459
1088,458
1089,458
1090,458
1091,458
1092,459
1093,459
1094,459
1095,459
1096,458
1097,459
1098,459
1099,459
1100,459
1101,459
1103,459
1104,459
1105,458
1106,458
1107,458
1108,458
1109,459
1110,459
1111,459
1112,459
1113,458
1114,458
1115,458
1116,458
1117,459
1118,460
1119,460
1120,459
1121,458
1122,458
1123,458
1124,458
1125,458
1126,459
1127,459
1128,459
1129,458
1130,458
1131,458
1132,458
1133,459
1134,459
1135,458
1136,459
1137,459
1138,458
1139,457
1140,458
1141,459
1142,459
1143,459
1144,459
1146,458
1147,458
1148,458
1149,458
1150,459
1151,459
1152,458
1153,459
1154,458
1155,458
1156,457
1157,458
1158,459
1159,460
1160,458
1161,459
1162,458
1163,458
1164,457
1165,458
1166,458
1167,459
1168,459
1169,459
1170,459
1171,458
1172,457
1173,458
1174,458
1175,459
1176,458
1177,460
1178,459
1179,459
1180,458
1181,458
1182,458
1183,458
1184,459
1185,459
1186,459
1188,458
1189,458
1190,458
1191,458
1192,459
1193,459
1194,459
1195,459
1196,458
1197,458
1198,458
1199,458
1200,459
1201,459
1202,459
1203,459
1204,458
1205,458
1206,458
1207,457
1208,458
1209,459
1210,459
1211,459
1212,458
1213,458
1214,458
1215,458
1216,458
1217,459
1218,460
1219,459
1220,458
1221,458
1222,456
1223,458
1224,458
1225,459
1226,459
1227,459
1228,458
1229,458
1231,458
1232,458
1233,458
1234,459
1235,459
1236,459
1237,459
1238,459
1239,458
1240,458
1241,458
1242,459
1243,459
1244,459
1245,458
1246,458
1247,458
1248,458
1249,458
1250,459
1251,459
1252,459
1253,459
1254,458
1255,458
1256,458
1257,459
1258,459
1259,460
1260,459
1261,459
1262,458
1263,458
1264,458
1265,458
1266,458
1267,459
1268,459
1269,459
1270,458
1271,458
1272,458
1274,458
1275,458
1276,459
1277,459
1278,460
1279,459
1280,458
1281,458
1282,458
1283,458
1284,459
1285,459
1286,459
1287,459
1288,458
1289,458
1290,458
1291,458
1292,459
1293,459
1294,459
1295,458
1296,458
1297,458
1298,459
1299,459
1300,459
1301,459
1302,459
1303,459
1304,458
1305,458
1306,458
1307,458
1308,459
1309,459
1310,459
1311,459
1312,458
1313,458
1314,458
1316,458
1317,459
1318,459
1319,459
1320,459
1321,458
1322,458
1323,458
1324,458
1325,459
1326,459
1327,459
1328,459
1329,458
1330,458
1331,458
1332,458
1333,459
1334,459
1335,459
1336,459
1337,458
1338,458
1339,458
1340,458
1341,458
1342,459
1343,459
1344,459
1345,458
1346,458
1347,458
1348,458
1349,458
1350,459
1351,459
1352,459
1353,458
1354,458
1355,458
1356,458
1357,459
1359,459
1360,459
1361,459
1362,458
1363,458
1364,458
1365,458
1366,458
1367,458
1368,459
1369,459
1370,458
1371,458
1372,458
1373,458
1374,458
1375,458
1376,459
1377,459
1378,459
1379,458
1380,458
1381,458
1382,458
1383,458
1384,459
1385,459
1386,459
1387,458
1388,458
1389,458
1390,458
1391,458
1392,459
1393,459
1394,459
1395,458
1396,458
1397,458
1398,459
1399,458
1400,459
1402,459
1403,459
1404,458
1405,458
1406,458
1407,458
1408,458
1409,459
1410,459
1411,459
1412,458
1413,458
1414,458
1415,458
1416,458
1417,459
1418,460
1419,459
1420,458
1421,458
1422,458
1423,458
1424,458
1425,459
1426,459
1427,459
1428,458
1429,458
1430,458
1431,458
1432,458
1433,459
1434,459
1435,459
1436,459
1437,459
1438,458
1439,458
1440,458
1441,459
1442,459
1444,459
1445,459
1446,458
1447,458
1448,458
1449,458
1450,458
1451,459
1452,459
1453,458
1454,458
1455,458
1456,458
1457,458
1458,459
1459,459
1460,459
1461,459
1462,458
1463,458
1464,458
1465,458
1466,458
1467,459
1468,459
1469,459
1470,459
1471,458
1472,458
1473,458
1474,458
1475,459
1476,459
1477,459
1478,459
1479,458
1480,458
1481,458
1482,458
1483,458
1484,459
1485,459
1487,459
1488,458
1489,458
1490,458
1491,458
1492,458
1493,459
1494,459
1495,459
1496,458
1497,458
1498,458
1499,459
1500,459
1501,459
1502,459
1503,459
1504,458
1505,458
1506,458
1507,458
1508,458
1509,459
1510,459
1511,458
1512,458
1513,458
1514,458
1515,458
1516,458
1517,459
1518,459
1519,459
1520,458
1521,458
1522,458
1523,458
1524,458
1525,459
1526,459
1527,459
1528,458
1530,458
1531,458
1532,458
1533,458
1534,459
1535,459
1536,459
1537,458
1538,459
1539,458
1540,458
1541,458
1542,459
1543,459
1544,459
1545,458
1546,458
1547,458
1548,458
1549,458
1550,459
1551,459
1552,459
1553,459
1554,458
1555,458
1556,458
1557,458
1558,459
1559,459
1560,459
1561,459
1562,458
1563,458
1564,458
1565,458
1566,458
1567,459
1568,459
1569,459
1570,458
1572,458
1573,458
1574,458
1575,458
1576,459
1577,459
1578,459
1579,459
1580,458
1581,458
1582,458
1583,457
1584,450
1585,459
1586,459
1587,458
1588,458
1589,458
1590,458
1591,458
1592,459
1593,459
1594,459
1595,458
1596,458
1597,458
1598,458
1599,459
1600,459
1601,459
1602,458
1603,458
1604,458
1605,458
1606,458
1607,458
1608,459
1609,459
1610,459
1611,459
1612,458
1613,458
1615,458
1616,458
1617,459
1618,459
1619,459
1620,459
1621,458
1622,458
1623,458
1624,458
1625,459
1626,459
1627,459
1628,458
1629,458
1630,458
1631,458
1632,458
1633,458
1634,459
1635,459
1636,458
1637,459
1638,458
1639,459
1640,458
1641,459
1642,459
1643,459
1644,459
1645,458
1646,458
1647,458
1648,458
1649,458
1650,459
1651,459
1652,459
1653,458
1654,458
1655,458
1656,458
1658,459
1659,459
1660,459
1661,459
1662,458
1663,458
1664,458
1665,458
1666,458
1667,458
1668,459
1669,459
1670,459
1671,458
1672,458
1673,458
1674,458
1675,459
1676,459
1677,459
1678,459
1679,459
1680,458
1681,458
1682,458
1683,459
1684,459
1685,459
1686,459
1687,458
1688,458
1689,458
1690,458
1691,458
1692,458
1693,459
1694,458
1695,458
1696,458
1697,458
1698,458
1700,458
1701,459
1702,459
1703,459
1704,458
1705,458
1706,458
1707,458
1708,459
1709,459
1710,459
1711,459
1712,458
1713,458
1714,458
1715,458
1716,458
1717,459
1718,459
1719,459
1720,458
1721,458
1722,458
1723,458
1724,459
1725,459
1726,459
1727,459
1728,458
1729,458
1730,458
1731,458
1732,458
1733,459
1734,459
1735,459
1736,458
1737,458
1738,458
1739,458
1740,458
1741,458
1743,459
1744,459
1745,458
1746,458
1747,458
1748,458
1749,458
1750,458
1751,459
1752,459
1753,459
1754,458
1755,458
1756,458
1757,458
1758,459
1759,459
1760,459
1761,459
1762,458
1763,458
1764,458
1765,458
1766,458
1767,458
1768,459
1769,458
1770,458
1771,458
1772,458
1773,458
1774,458
1775,459
1776,459
1777,459
1778,459
1779,458
1780,458
1781,458
1782,458
1783,459
1784,459
1786,459
1787,458
1788,458
1789,457
1790,457
1791,458
1792,459
1793,459
1794,459
1795,458
1796,458
1797,457
1798,458
1799,459
1800,459
1801,459
1802,459
1803,458
1804,458
1805,458
1806,458
1807,458
1808,459
1809,459
1810,459
1811,458
1812,458
1813,458
1814,457
1815,458
1816,458
1817,459
1818,459
1819,459
1820,458
1821,458
1822,457
1823,458
1824,458
1825,459
1826,459
1828,459
1829,458
1830,458
1831,458
1832,458
1833,458
1834,459
1835,459
1836,458
1837,458
1838,458
1839,458
1840,458
1841,458
1842,458
1843,459
1844,459
1845,458
1846,458
1847,458
1848,458
1849,458
1850,458
1851,459
1852,459
1853,458
1854,458
1855,457
1856,458
1857,458
1858,459
1859,459
1860,459
1861,458
1862,458
1863,458
1864,458
1865,458
1866,458
1867,459
1868,459
1869,459
1871,458
1872,457
1873,458
1874,458
1875,458
1876,459
1877,459
1878,459
1879,458
1880,458
1881,457
1882,458
1883,458
1884,459
1885,459
1886,458
1887,458
1888,458
1889,458
1890,458
1891,458
1892,459
1893,459
1894,458
1895,458
1896,458
1897,458
1898,458
1899,459
1900,459
1901,459
1902,459
1903,458
1904,458
1905,458
1906,458
1907,458
1908,459
1909,458
1910,459
1911,458
1912,458
1914,458
1915,458
1916,458
1917,459
1918,459
1919,459
1920,458
1921,458
1922,458
1923,458
1924,458
1925,458
1926,459
1927,459
1928,458
1929,458
1930,458
1931,458
1932,458
1933,459
1934,459
1935,459
1936,459
1937,458
1938,458
1939,458
1940,458
1941,458
1942,459
1943,459
1944,458
1945,458
1946,458
1947,458
1948,458
1949,458
1950,459
1951,459
1952,459
1953,458
1954,457
1956,458
1957,458
1958,459
1959,459
1960,459
1961,459
1962,458
1963,457
1964,458
1965,457
1966,457
1967,458
1968,459
1969,459
1970,458
1971,458
1972,458
1973,457
1974,458
1975,459
1976,459
1977,459
1978,458
1979,458
1980,458
1981,458
1982,458
1983,459
1984,459
1985,457
1986,458
1987,458
1988,457
1989,458
1990,458
1991,458
1992,459
1993,459
1994,458
1995,458
1996,458
1997,458
1999,459
2000,459
2001,459
2002,459
2003,458
2004,458
2005,458
2006,458
2007,458
2008,458
2009,459
2010,459
2011,458
2012,458
2013,458
2014,458
2015,458
2016,458
2017,459
2018,459
2019,459
2020,458
2021,458
2022,458
2023,458
2024,458
2025,459
2026,459
2027,458
2028,458
2029,458
2030,458
2031,458
2032,458
2033,459
2034,459
2035,459
2036,458
2037,458
2038,458
2039,458
2040,458
2042,459
2043,459
2044,459
2045,458
2046,458
2047,458
2048,458
2049,458
2050,458
2051,459
2052,459
2053,458
2054,458
2055,458
2056,458
2057,458
2058,459
2059,459
2060,459
2061,458
2062,458
2063,458
2064,458
2065,458
2066,458
2067,459
2068,459
2069,458
2070,458
2071,457
2072,458
2073,458
2074,458
2075,459
2076,459
2077,459
2078,459
2079,458
2080,457
2081,458
2082,458
2084,459
2085,459
2086,459
2087,458
2088,458
2089,458
2090,458
2091,458
2092,459
2093,459
2094,459
2095,458
2096,458
2097,458
2098,458
2099,459
2100,459
2101,459
2102,459
2103,458
2104,458
2105,458
2106,458
2107,458
2108,459
2109,459
2110,459
2111,459
2112,458
2113,458
2114,458
2115,458
2116,458
2117,459
2118,459
2119,459
2120,458
2121,458
2122,458
2123,458
2124,459
2125,459
2127,459
2128,459
2129,458
2130,458
2131,458
2132,458
2133,459
2134,459
2135,459
2136,459
2137,458
2138,458
2139,458
2140,458
2141,458
2142,459
2143,459
2144,459
2145,458
2146,458
2147,458
2148,458
2149,458
2150,459
2151,459
2152,459
2153,458
2154,458
2155,458
2156,458
2157,459
2158,459
2159,459
2160,459
2161,458
2162,458
2163,458
2164,458
2165,458
2166,459
2167,459
2168,459
2170,458
2171,458
2172,458
2173,458
2174,458
2175,459
2176,459
2177,459
2178,459
2179,459
2180,458
2181,458
2182,458
2183,459
2184,459
2185,459
2186,459
2187,458
2188,458
2189,458
2190,458
2191,459
2192,459
2193,459
2194,459
2195,458
2196,458
2197,458
2198,459
2199,459
2200,459
2201,459
2202,459
2203,458
2204,458
2205,458
2206,458
2207,459
2208,459
2209,459
2210,459
2212,458
2213,458
2214,458
2215,458
2216,458
2217,459
2218,460
2219,459
2220,459
2221,458
2222,458
2223,451
2224,458
2225,459
2226,459
2227,459
2228,458
2229,458
2230,458
2231,458
2232,458
2233,459
2234,459
2235,459
2236,458
2237,458
2238,458
2239,459
2240,458
2241,459
2242,459
2243,459
2244,459
2245,458
2246,458
2247,458
2248,458
2249,459
2250,459
2251,459
2252,459
2253,458
2255,458
2256,458
2257,458
2258,459
2259,459
2260,459
2261,459
2262,459
2263,458
2264,458
2265,458
2266,459
2267,459
2268,459
2269,459
2270,458
2271,458
2272,458
2273,458
2274,459
2275,459
2276,459
2277,459
2278,459
2279,458
2280,458
2281,458
2282,459
2283,459
2284,459
2285,459
2286,458
2287,458
2288,457
2289,458
2290,458
2291,459
2292,459
2293,459
2294,458
2295,458
2296,458
2298,458
2299,459
2300,459
2301,459
2302,459
2303,458
2304,458
2305,458
2306,458
2307,458
2308,459
2309,459
2310,459
2311,458
2312,458
2313,458
2314,458
2315,458
2316,459
2317,459
2318,459
2319,459
2320,458
2321,458
2322,458
2323,458
2324,458
2325,459
2326,459
2327,459
2328,458
2329,458
2330,458
2331,458
2332,459
2333,459
2334,459
2335,459
2336,458
2337,458
2338,458
2340,458
2341,458
2342,459
2343,459
2344,459
2345,458
2346,458
2347,458
2348,458
2349,458
2350,459
2351,459
2352,459
2353,458
2354,458
2355,458
2356,458
2357,458
2358,459
2359,460
2360,459
2361,458
2362,458
2363,458
2364,458
2365,459
2366,459
2367,459
2368,459
2369,459
2370,458
2371,458
2372,458
2373,458
2374,459
2375,459
2376,459
2377,459
2378,459
2379,459
2380,458
2381,458
2383,459
2384,459
2385,459
2386,459
2387,458
2388,458
2389,458
2390,458
2391,458
2392,459
2393,459
2394,459
2395,458
2396,458
2397,458
2398,459
2399,459
2400,459
2401,459
2402,459
2403,458
2404,458
2405,458
2406,458
2407,458
2408,459
2409,459
2410,459
2411,458
2412,458
2413,458
2414,458
2415,458
2416,459
2417,459
2418,459
2419,459
2420,458
2421,458
2422,458
2423,458
2424,459
2426,459
2427,459
2428,458
2429,458
2430,458
2431,458
2432,458
2433,459
2434,459
2435,459
2436,459
2437,458
2438,458
2439,458
2440,458
2441,459
2442,459
2443,459
2444,459
2445,458
2446,458
2447,458
2448,458
2449,458
2450,459
2451,459
2452,459
2453,458
2454,458
2455,458
2456,458
2457,459
2458,459
2459,459
2460,459
2461,458
2462,458
2463,458
2464,458
2465,459
2466,459
2468,459
2469,458
2470,458
2471,458
2472,458
2473,458
2474,458
2475,459
2476,459
2477,459
2478,459
2479,459
2480,458
2481,458
2482,458
2483,459
2484,459
2485,459
2486,458
2487,456
2488,458
2489,458
2490,458
2491,459
2492,459
2493,459
2494,457
2495,458
2496,458
2497,458
2498,458
2499,459
2500,459
2501,459
2502,458
2503,458
2504,458
2505,458
2506,458
2507,459
2508,459
2509,459
2511,458
2512,458
2513,458
2514,458
2515,458
2516,459
2517,459
2518,459
2519,459
2520,458
2521,458
2522,458
2523,458
2524,458
2525,459
2526,459
2527,458
2528,458
2529,458
2530,458
2531,458
2532,458
2533,459
2534,459
2535,459
2536,458
2537,458
2538,458
2539,459
2540,458
2541,459
2542,459
2543,459
2544,459
2545,458
2546,458
2547,458
2548,458
2549,459
2550,459
2551,459
2552,458
2554,458
2555,458
2556,458
2557,458
2558,459
2559,460
2560,459
2561,459
2562,458
2563,458
2564,458
2565,458
2566,459
2567,459
2568,459
2569,459
2570,458
2571,458
2572,458
2573,458
2574,459
2575,459
2576,459
2577,459
2578,459
2579,459
2580,458
2581,458
2582,457
2583,459
2584,459
2585,459
2586,455
2587,458
2588,458
2589,458
2590,459
2591,459
2592,459
2593,459
2594,459
2596,458
2597,458
2598,459
2599,459
2600,459
2601,459
2602,459
2603,458
2604,458
2605,458
2606,458
2607,458
2608,459
2609,459
2610,459
2611,459
2612,458
2613,458
2614,458
2615,458
2616,459
2617,459
2618,460
2619,459
2620,458
2621,458
2622,458
2623,458
2624,459
2625,459
2626,459
2627,459
2628,458
2629,458
2630,458
2631,458
2632,459
2633,459
2634,459
2635,459
2636,458
2637,459
2639,458
2640,459
2641,459
2642,459
2643,459
2644,459
2645,459
2646,458
2647,458
2648,458
2649,459
2650,459
2651,459
2652,459
2653,458
2654,458
2655,458
2656,458
2657,459
2658,460
2659,460
2660,459
2661,459
2662,458
2663,458
2664,458
2665,458
2666,459
2667,459
2668,459
2669,459
2670,458
2671,458
2672,458
2673,458
2674,459
2675,459
2676,459
2677,459
2678,458
2679,458
2680,458
2682,459
2683,459
2684,459
2685,459
2686,459
2687,458
2688,458
2689,458
2690,458
2691,459
2692,459
2693,459
2694,459
2695,459
2696,458
2697,458
2698,459
2699,459
2700,459
2701,459
2702,459
2703,458
2704,458
2705,458
2706,458
2707,458
2708,459
2709,459
2710,459
2711,458
2712,458
2713,458
2714,458
2715,459
2716,459
2717,460
2718,460
2719,459
2720,458
2721,458
2722,458
2724,459
2725,459
2726,459
2727,459
2728,459
2729,458
2730,458
2731,458
2732,458
2733,459
2734,459
2735,459
2736,459
2737,458
2738,458
2739,459
2740,458
2741,459
2742,459
2743,459
2744,458
2745,458
2746,458
2747,458
2748,458
2749,459
2750,459
2751,459
2752,459
2753,458
2754,458
2755,458
2756,458
2757,459
2758,459
2759,460
2760,459
2761,458
2762,458
2763,458
2764,454
2765,458
2767,459
2768,459
2769,459
2770,458
2771,458
2772,458
2773,458
2774,459
2775,459
2776,459
2777,459
2778,459
2779,458
2780,458
2781,458
2782,458
2783,459
2784,459
2785,459
2786,458
2787,458
2788,458
2789,458
2790,459
2791,459
2792,459
2793,459
2794,459
2795,458
2796,458
2797,458
2798,459
2799,459
2800,459
2801,459
2802,459
2803,458
2804,458
2805,458
2806,459
2807,459
2808,459
2810,459
2811,459
2812,458
2813,458
2814,458
2815,458
2816,459
2817,459
2818,460
2819,459
2820,459
2821,458
2822,458
2823,458
2824,459
2825,459
2826,459
2827,459
2828,458
2829,458
2830,458
2831,458
2832,459
2833,459
2834,459
2835,459
2836,458
2837,458
2838,459
2839,459
2840,459
2841,459
2842,459
2843,459
2844,459
2845,459
2846,458
2847,458
2848,459
2849,459
2850,459
2852,459
2853,459
2854,458
2855,458
2856,458
2857,459
2858,459
2859,460
2860,459
2861,459
2862,458
2863,458
2864,458
2865,458
2866,455
2867,459
2868,459
2869,459
2870,458
2871,458
2872,458
2873,456
2874,459
2875,459
2876,459
2877,459
2878,459
2879,459
2880,458
2881,458
2882,458
2883,459
2884,459
2885,459
2886,458
2887,458
2888,458
2889,459
2890,459
2891,459
2892,460
2893,459
2895,458
2896,458
2897,458
2898,459
2899,459
2900,460
2901,459
2902,459
2903,459
2904,458
2905,458
2906,458
2907,459
2908,459
2909,459
2910,459
2911,459
2912,458
2913,458
2914,458
2915,458
2916,459
2917,459
2918,460
2919,459
2920,458
2921,458
2922,458
2923,458
2924,459
2925,459
2926,459
2927,459
2928,458
2929,458
2930,458
2931,458
2932,459
2933,459
2934,459
2935,459
2936,458
2938,459
2939,459
2940,459
2941,459
2942,459
2943,459
2944,459
2945,458
2946,458
2947,458
2948,458
2949,459
2950,459
2951,459
2952,459
2953,458
2954,458
2955,458
2956,459
2957,459
2958,460
2959,460
2960,459
2961,458
2962,458
2963,458
2964,458
2965,459
2966,458
2967,459
2968,459
2969,459
2970,458
2971,458
2972,458
2973,459
2974,459
2975,459
2976,459
2977,459
2978,459
2980,458
2981,458
2982,458
2983,459
2984,459
2985,459
2986,458
2987,458
2988,458
2989,458
2990,459
2991,459
2992,459
2993,459
2994,459
2995,458
2996,458
2997,458
2998,459
2999,459
3000,459
3001,459
3002,459
3003,458
3004,458
3005,458
3006,458
3007,459
3008,459
3009,459
3010,459
3011,459
3012,458
3013,458
3014,458
3015,459
3016,459
3017,459
3018,459
3019,459
3020,458
3021,457
3023,458
3024,459
3025,459
3026,459
3027,459
3028,458
3029,458
3030,458
3031,458
3032,459
3033,459
3034,459
3035,459
3036,458
3037,458
3038,458
3039,459
3040,459
3041,459
3042,459
3043,459
3044,458
3045,458
3046,458
3047,458
3048,458
3049,459
3050,459
3051,459
3052,459
3053,458
3054,458
3055,458
3056,459
3057,459
3058,460
3059,460
3060,459
3061,458
3062,458
3063,458
3064,458
3066,459
3067,459
3068,459
3069,459
3070,458
3071,458
3072,458
3073,458
3074,459
3075,459
3076,459
3077,458
3078,459
3079,458
3080,458
3081,458
3082,459
3083,459
3084,459
3085,459
3086,458
3087,458
3088,458
3089,458
3090,459
3091,459
3092,459
3093,459
3094,459
3095,458
3096,458
3097,458
3098,459
3099,460
3100,459
3101,459
3102,458
3103,458
3104,458
3105,458
3106,458
3108,459
3109,459
3110,459
3111,459
3112,458
3113,458
3114,458
3115,458
3116,459
3117,459
3118,459
3119,459
3120,458
3121,458
3122,458
3123,458
3124,458
3125,459
3126,459
3127,458
3128,458
3129,458
3130,458
3131,458
3132,459
3133,459
3134,459
3135,459
3136,458
3137,458
3138,458
3139,458
3140,459
3141,459
3142,459
3143,459
3144,458
3145,458
3146,458
3147,458
3148,458
3149,459
3151,459
3152,459
3153,458
3154,458
3155,458
3156,458
3157,459
3158,459
3159,459
3160,459
3161,458
3162,458
3163,458
3164,458
3165,458
3166,459
3167,459
3168,459
3169,459
3170,458
3171,458
3172,458
3173,458
3174,459
3175,459
3176,459
3177,458
3178,459
3179,458
3180,458
3181,458
3182,459
3183,459
3184,459
3185,458
3186,458
3187,458
3188,458
3189,458
3190,459
3191,459
3192,459
3194,459
3195,458
3196,458
3197,458
3198,459
3199,459
3200,459
3201,459
3202,459
3203,458
3204,458
3205,458
3206,458
3207,459
3208,459
3209,459
3210,459
3211,458
3212,458
3213,458
3214,458
3215,459
3216,459
3217,459
3218,459
3219,459
3220,458
3221,458
3222,458
3223,458
3224,459
3225,459
3226,459
3227,459
3228,458
3229,458
3230,458
3231,457
3232,459
3233,459
3234,459
3236,459
3237,458
3238,458
3239,459
3240,459
3241,459
3242,459
3243,459
3244,459
3245,458
3246,458
3247,458
3248,458
3249,459
3250,459
3251,459
3252,459
3253,458
3254,458
3255,458
3256,458
3257,458
3258,460
3259,459
3260,459
3261,458
3262,458
3263,458
3264,458
3265,459
3266,459
3267,459
3268,459
3269,458
3270,458
3271,458
3272,458
3273,459
3274,459
3275,459
3276,459
3277,459
3279,459
3280,458
3281,458
3282,459
3283,459
3284,459
3285,459
3286,458
3287,458
3288,458
3289,458
3290,459
3291,459
3292,459
3293,459
3294,458
3295,458
3296,458
3297,458
3298,459
3299,459
3300,459
3301,459
3302,458
3303,458
3304,458
3305,458
3306,459
3307,459
3308,459
3309,459
3310,459
3311,458
3312,458
3313,458
3314,458
3315,458
3316,459
3317,459
3318,459
3319,459
3320,458
3322,458
3323,458
3324,459
3325,459
3326,459
3327,459
3328,458
3329,458
3330,458
3331,458
3332,459
3333,459
3334,459
3335,459
3336,459
3337,458
3338,459
3339,459
3340,459
3341,459
3342,459
3343,459
3344,459
3345,458
3346,458
3347,458
3348,459
3349,459
3350,459
3351,459
3352,459
3353,458
3354,458
3355,458
3356,459
3357,459
3358,460
3359,460
3360,459
3361,458
3362,458
3364,458
3365,459
3366,459
3367,459
3368,459
3369,459
3370,458
3371,458
3372,458
3373,459
3374,459
3375,459
3376,459
3377,459
3378,459
3379,458
3380,458
3381,458
3382,459
3383,459
3384,459
3385,459
3386,458
3387,458
3388,458
3389,459
3390,459
3391,459
3392,459
3393,459
3394,459
3395,458
3396,458
3397,458
3398,459
3399,460
3400,459
3401,459
3402,459
3403,458
3404,458
3405,459
3407,459
3408,459
3409,459
3410,459
3411,459
3412,458
3413,458
3414,458
3415,459
3416,459
3417,459
3418,460
3419,459
3420,459
3421,458
3422,459
3423,459
3424,459
3425,459
3426,459
3427,459
3428,458
3429,458
3430,458
3431,459
3432,459
3433,459
3434,459
3435,459
3436,458
3437,458
3438,459
3439,459
3440,459
3441,459
3442,459
3443,459
3444,459
3445,458
3446,458
3447,459
3448,459
3450,459
3451,459
3452,459
3453,459
3454,458
3455,458
3456,458
3457,459
3458,460
3459,460
3460,460
3461,459
3462,458
3463,458
3464,458
3465,459
3466,459
3467,459
3468,459
3469,459
3470,458
3471,458
3472,459
3473,459
3474,459
3475,459
3476,459
3477,458
3478,459
3479,459
3480,458
3481,459
3482,459
3483,459
3484,459
3485,459
3486,459
3487,458
3488,459
3489,459
3490,459
3492,459
3493,459
3494,459
3495,458
3496,458
3497,458
3498,459
3499,460
3500,460
3501,459
3502,459
3503,458
3504,458
3505,458
3506,459
3507,459
3508,459
3509,459
3510,459
3511,458
3512,458
3513,458
3514,459
3515,459
3516,459
3517,460
3518,460
3519,459
3520,458
3521,459
3522,459
3523,459
3524,459
3525,459
3526,459
3527,459
3528,458
3529,458
3530,456
3531,459
3532,459
3533,459
3535,459
3536,458
3537,458
3538,457
3539,459
3540,459
3541,459
3542,459
3543,459
3544,459
3545,458
3546,458
3547,457
3548,459
3549,459
3550,459
3551,459
3552,459
3553,458
3554,458
3555,458
3556,458
3557,459
3558,460
3559,460
3560,459
3561,458
3562,458
3563,458
3564,458
3565,459
3566,459
3567,459
3568,459
3569,458
3570,458
3571,458
3572,459
3573,459
3574,459
3575,459
3576,459
3578,459
3579,459
3580,458
3581,459
3582,459
3583,459
3584,459
3585,459
3586,459
3587,458
3588,458
3589,458
3590,459
3591,459
3592,460
3593,459
3594,459
3595,458
3596,458
3597,459
3598,460
3599,460
3600,460
3601,459
3602,459
3603,458
3604,458
3605,459
3606,459
3607,459
3608,459
3609,459
3610,459
3611,458
3612,458
3613,459
3614,459
3615,459
3616,459
3617,460
3618,460
3620,459
3621,458
3622,458
3623,459
3624,459
3625,459
3626,459
3627,459
3628,458
3629,458
3630,458
3631,459
3632,459
3633,460
3634,459
3635,459
3636,459
3637,458
3638,459
3639,459
3640,459
3641,459
3642,459
3643,459
3644,458
3645,458
3646,458
3647,458
3648,459
3649,459
3650,459
3651,459
3652,459
3653,458
3654,458
3655,459
3656,459
3657,460
3658,460
3659,460
3660,458
3661,459
3663,459
3664,459
3665,459
3666,459
3667,459
3668,459
3669,459
3670,458
3671,458
3672,459
3673,459
3674,459
3675,460
3676,459
3677,459
3678,459
3679,459
3680,459
3681,459
3682,459
3683,460
3684,459
3685,459
3686,459
3687,458
3688,458
3689,459
3690,459
3691,460
3692,460
3693,459
3694,458
3695,458
3696,458
3697,458
3698,459
3699,460
3700,460
3701,459
3702,459
3703,458
3704,458
3706,459
3707,459
3708,459
3709,460
3710,459
3711,459
3712,458
3713,458
3714,459
3715,459
3716,459
3717,459
3718,460
3719,459
3720,459
3721,458
3722,459
3723,459
3724,459
3725,460
3726,459
3727,459
3728,459
3729,458
3730,459
3731,459
3732,459
3733,459
3734,460
3735,459
3736,459
3737,458
3738,459
3739,460
3740,459
3741,460
3742,459
3743,459
3744,459
3745,458
3746,458
3748,459
3749,459
3750,460
3751,460
3752,459
3753,459
3754,459
3755,459
3756,459
3757,459
3758,460
3759,460
3760,460
3761,459
3762,458
3763,458
3764,459
3765,459
3766,459
3767,460
3768,459
3769,459
3770,458
3771,458
3772,459
3773,459
3774,460
3775,459
3776,459
3777,459
3778,459
3779,459
3780,458
3781,459
3782,459
3783,460
3784,459
3785,459
3786,459
3787,458
3788,459
3789,459
3791,459
3792,460
3793,460
3794,459
3795,459
3796,458
3797,458
3798,459
3799,460
3800,460
3801,459
3802,459
3803,459
3804,458
3805,459
3806,459
3807,460
3808,460
3809,460
3810,459
3811,459
3812,459
3813,459
3814,459
3815,459
3816,460
3817,459
3818,460
3819,459
3820,458
3821,459
3822,459
3823,459
3824,460
3825,460
3826,459
3827,459
3828,458
3829,458
3830,459
3831,459
3832,459
3834,459
3835,459
3836,459
3837,458
3838,459
3839,459
3840,460
3841,459
3842,460
3843,460
3844,459
3845,459
3846,459
3847,459
3848,459
3849,459
3850,460
3851,460
3852,459
3853,459
3854,459
3855,459
3856,459
3857,460
3858,460
3859,460
3860,459
3861,459
3862,459
3863,459
3864,459
3865,459
3866,460
3867,460
3868,459
3869,458
3870,459
3871,459
3872,459
3873,459
3874,460
3876,460
3877,459
3878,459
3879,459
3880,460
3881,459
3882,459
3883,460
3884,460
3885,460
3886,459
3887,458
3888,459
3889,459
3890,459
3891,460
3892,460
3893,459
3894,459
3895,459
3896,459
3897,459
3898,460
3899,460
3900,460
3901,460
3902,458
3903,459
3904,459
3905,459
3906,459
3907,460
3908,460
3909,459
3910,459
3911,459
3912,459
3913,459
3914,459
3915,460
3916,460
3917,460
3919,460
3920,459
3921,459
3922,459
3923,459
3924,460
3925,460
3926,460
3927,459
3928,459
3929,459
3930,459
3931,459
3932,459
3933,460
3934,460
3935,459
3936,458
3937,459
3938,459
3939,460
3940,460
3941,460
3942,460
3943,458
3944,459
3945,458
3946,459
3947,459
3948,459
3949,460
3950,460
3951,459
3952,459
3953,459
3954,459
3955,459
3956,459
3957,460
3958,460
3959,460
3960,459
3962,459
3963,458
3964,459
3965,459
3966,459
3967,460
3968,460
3969,459
3970,459
3971,459
3972,459
3973,459
3974,460
3975,460
3976,459
3977,459
3978,459
3979,459
3980,459
3981,459
3982,460
3983,460
3984,460
3985,459
3986,459
3987,459
3988,459
3989,459
3990,460
3991,460
3992,460
3993,459
3994,459
3995,459
3996,459
3997,459
3998,460
3999,460
4000,460
4001,460
4002,459
4004,459
4005,459
4006,459
4007,460
4008,460
4009,460
4010,459
4011,459
4012,459
4013,459
4014,459
4015,459
4016,460
4017,460
4018,460
4019,459
4020,459
4021,458
4022,459
4023,460
4024,460
4025,460
4026,460
4027,459
4028,459
4029,459
4030,459
4031,459
4032,460
4033,460
4034,459
4035,459
4036,459
4037,459
4038,459
4039,460
4040,460
4041,460
4042,460
4043,459
4044,458
4045,459
4047,459
4048,459
4049,460
4050,460
4051,460
4052,460
4053,459
4054,459
4055,459
4056,459
4057,460
4058,460
4059,460
4060,460
4061,459
4062,459
4063,458
4064,459
4065,459
4066,460
4067,460
4068,459
4069,459
4070,459
4071,459
4072,459
4073,459
4074,460
4075,460
4076,460
4077,459
4078,459
4079,459
4080,459
4081,459
4082,460
4083,460
4084,460
4085,459
4086,459
4087,459
4088,459
4090,459
4091,460
4092,460
4093,459
4094,459
4095,459
4096,459
4097,459
4098,460
4099,460
4100,460
4101,460
4102,459
4103,459
4104,459
4105,459
4106,460
4107,460
4108,460
4109,460
4110,459
4111,459
4112,459
4113,459
4114,459
4115,460
4116,460
4117,460
4118,460
4119,460
4120,459
4121,459
4122,459
4123,460
4124,460
4125,460
4126,460
4127,459
4128,459
4129,458
4130,459
4132,459
4133,460
4134,460
4135,459
4136,459
4137,459
4138,459
4139,460
4140,460
4141,460
4142,460
4143,460
4144,459
4145,459
4146,459
4147,459
4148,459
4149,460
4150,460
4151,459
4152,459
4153,459
4154,458
4155,459
4156,459
4157,460
4158,460
4159,460
4160,459
4161,459
4162,458
4163,459
4164,459
4165,460
4166,460
4167,460
4168,459
4169,459
4170,459
4171,459
4172,459
4173,460
4175,460
4176,460
4177,459
4178,459
4179,459
4180,459
4181,459
4182,459
4183,459
4184,460
4185,459
4186,459
4187,459
4188,459
4189,459
4190,460
4191,460
4192,460
4193,459
4194,459
4195,459
4196,459
4197,459
4198,460
4199,460
4200,460
4201,459
4202,459
4203,459
4204,459
4205,459
4206,460
4207,460
4208,460
4209,460
4210,459
4211,459
4212,459
4213,459
4214,459
4215,460
4216,460
4218,460
4219,460
4220,459
4221,459
4222,459
4223,459
4224,460
4225,460
4226,460
4227,459
4228,459
4229,459
4230,459
4231,459
4232,460
4233,460
4234,460
4235,459
4236,459
4237,459
4238,460
4239,460
4240,460
4241,460
4242,460
4243,460
4244,459
4245,459
4246,459
4247,459
4248,460
4249,460
4250,460
4251,459
4252,459
4253,459
4254,459
4255,459
4256,460
4257,460
4258,460
4260,460
4261,459
4262,459
4263,459
4264,459
4265,459
4266,460
4267,460
4268,459
4269,459
4270,459
4271,459
4272,459
4273,459
4274,460
4275,460
4276,460
4277,459
4278,459
4279,459
4280,459
4281,459
4282,459
4283,460
4284,459
4285,459
4286,459
4287,459
4288,459
4289,459
4290,460
4291,460
4292,460
4293,459
4294,459
4295,459
4296,459
4297,459
4298,460
4299,461
4300,460
4301,459
4303,459
4304,459
4305,459
4306,459
4307,459
4308,460
4309,460
4310,459
4311,459
4312,459
4313,459
4314,459
4315,460
4316,460
4317,460
4318,460
4319,460
4320,459
4321,459
4322,459
4323,459
4324,460
4325,460
4326,459
4327,459
4328,459
4329,459
4330,459
4331,459
4332,460
4333,460
4334,459
4335,459
4336,459
4337,459
4338,460
4339,460
4340,460
4341,460
4342,460
4343,459
4344,459
4346,459
4347,459
4348,459
4349,460
4350,460
4351,460
4352,459
4353,459
4354,459
4355,459
4356,459
4357,460
4358,460
4359,460
4360,460
4361,459
4362,459
4363,459
4364,459
4365,459
4366,460
4367,460
4368,459
4369,459
4370,459
4371,458
4372,459
4373,459
4374,460
4375,460
4376,459
4377,459
4378,459
4379,459
4380,459
4381,459
4382,459
4383,460
4384,459
4385,459
4386,459
4388,458
4389,459
4390,459
4391,460
4392,460
4393,459
4394,459
4395,458
4396,459
4397,459
4398,460
4399,460
4400,460
4401,460
4402,459
4403,459
4404,458
4405,459
4406,459
4407,460
4408,460
4409,460
4410,459
4411,459
4412,459
4413,459
4414,459
4415,460
4416,459
4417,459
4418,459
4419,459
4420,459
4421,459
4422,459
4423,458
4424,457
4425,459
4426,459
4427,459
4428,459
4429,459
4431,459
4432,458
4433,460
4434,460
4435,459
4436,459
4437,458
4438,459
4439,460
4440,460
4441,460
4442,460
4443,459
4444,459
4445,458
4446,458
4447,459
4448,459
4449,460
4450,460
4451,459
4452,459
4453,459
4454,459
4455,458
4456,459
4457,460
4458,460
4459,460
4460,459
4461,459
4462,459
4463,459
4464,459
4465,459
4466,460
4467,459
4468,459
4469,459
4470,458
4471,459
4472,459
4474,460
4475,460
4476,460
4477,459
4478,459
4479,459
4480,459
4481,459
4482,460
4483,460
4484,460
4485,459
4486,458
4487,458
4488,459
4489,459
4490,459
4491,460
4492,460
4493,459
4494,458
4495,458
4496,458
4497,459
4498,460
4499,460
4500,460
4501,459
4502,459
4503,458
4504,459
4505,459
4506,459
4507,459
4508,460
4509,459
4510,459
4511,458
4512,459
4513,459
4514,459
4516,459
4517,460
4518,459
4519,459
4520,459
4521,459
4522,459
4523,459
4524,460
4525,460
4526,459
4527,458
4528,458
4529,458
4530,459
4531,459
4532,459
4533,459
4534,459
4535,459
4536,458
4537,459
4538,459
4539,460
4540,460
4541,460
4542,459
4543,459
4544,458
4545,459
4546,459
4547,459
4548,459
4549,460
4550,460
4551,459
4552,458
4553,458
4554,459
4555,459
4556,459
4557,459
4559,460
4560,460
4561,459
4562,459
4563,459
4564,459
4565,459
4566,459
4567,459
4568,459
4569,459
4570,458
4571,458
4572,459
4573,459
4574,459
4575,459
4576,459
4577,459
4578,459
4579,459
4580,459
4581,459
4582,459
4583,459
4584,459
4585,459
4586,458
4587,458
4588,459
4589,459
4590,460
4591,460
4592,459
4593,459
4594,459
4595,458
4596,459
4597,459
4598,460
4599,460
4600,459
4602,459
4603,458
4604,458
4605,459
4606,459
4607,459
4608,459
4609,460
4610,459
4611,458
4612,458
4613,458
4614,459
4615,460
4616,459
4617,459
4618,460
4619,459
4620,459
4621,459
4622,458
4623,459
4624,460
4625,459
4626,459
4627,459
4628,458
4629,459
4630,459
4631,459
4632,460
4633,460
4634,459
4635,459
4636,459
4637,458
4638,459
4639,460
4640,460
4641,460
4642,459
4644,459
4645,459
4646,458
4647,459
4648,459
4649,459
4650,460
4651,459
4652,459
4653,459
4654,458
4655,459
4656,459
4657,459
4658,460
4659,460
4660,459
4661,458
4662,458
4663,459
4664,459
4665,459
4666,459
4667,459
4668,459
4669,458
4670,458
4671,459
4672,459
4673,459
4674,459
4675,460
4676,459
4677,458
4678,459
4679,459
4680,459
4681,460
4682,460
4683,459
4684,459
4685,459
4687,458
4688,458
4689,459
4690,459
4691,460
4692,459
4693,459
4694,458
4695,459
4696,458
4697,459
4698,460
4699,460
4700,460
4701,459
4702,459
4703,458
4704,459
4705,458
4706,459
4707,459
4708,460
4709,459
4710,459
4711,459
4712,459
4713,459
4714,459
4715,459
4716,459
4717,459
4718,459
4719,459
4720,458
4721,458
4722,459
4723,459
4724,459
4725,459
4726,459
4727,458
4728,458
4730,458
4731,459
4732,459
4733,460
4734,459
4735,459
4736,458
4737,458
4738,459
4739,459
4740,460
4741,460
4742,459
4743,459
4744,458
4745,458
4746,459
4747,459
4748,459
4749,459
4750,460
4751,459
4752,458
4753,458
4754,458
4755,459
4756,459
4757,459
4758,460
4759,460
4760,459
4761,458
4762,458
4763,459
4764,459
4765,460
4766,460
4767,459
4768,459
4769,458
4770,458
4772,459
4773,459
4774,459
4775,459
4776,459
4777,459
4778,459
4779,459
4780,459
4781,459
4782,460
4783,459
4784,459
4785,459
4786,458
4787,458
4788,459
4789,459
4790,459
4791,459
4792,459
4793,459
4794,459
4795,458
4796,458
4797,459
4798,460
4799,460
4800,459
4801,459
4802,459
4803,458
4804,458
4805,459
4806,459
4807,459
4808,459
4809,459
4810,458
4811,455
4812,458
4813,459
4815,459
4816,459
4817,459
4818,459
4819,459
4820,459
4821,458
4822,458
4823,459
4824,460
4825,459
4826,458
4827,459
4828,458
4829,458
4830,459
4831,459
4832,459
4833,459
4834,459
4835,459
4836,459
4837,459
4838,459
4839,460
4840,460
4841,459
4842,459
4843,459
4844,458
4845,458
4846,459
4847,459
4848,459
4849,459
4850,459
4851,459
4852,458
4853,458
4854,458
4855,459
4856,459
4858,459
4859,460
4860,459
4861,458
4862,458
4863,458
4864,459
4865,459
4866,459
4867,459
4868,459
4869,458
4870,458
4871,458
4872,459
4873,459
4874,459
4875,459
4876,459
4877,458
4878,459
4879,459
4880,459
4881,459
4882,459
4883,459
4884,459
4885,459
4886,458
4887,458
4888,458
4889,459
4890,459
4891,459
4892,459
4893,459
4894,458
4895,458
4896,458
4897,459
4898,460
4900,460
4901,459
4902,459
4903,458
4904,458
4905,459
4906,459
4907,459
4908,459
4909,459
4910,459
4911,458
4912,458
4913,458
4914,459
4915,459
4916,459
4917,459
4918,459
4919,459
4920,459
4921,458
4922,459
4923,459
4924,459
4925,459
4926,459
4927,458
4928,458
4929,458
4930,459
4931,459
4932,459
4933,459
4934,459
4935,458
4936,458
4937,458
4938,460
4939,460
4940,459
4941,459
4943,459
4944,458
4945,458
4946,458
4947,459
4948,459
4949,459
4950,459
4951,459
4952,459
4953,458
4954,458
4955,459
4956,459
4957,460
4958,460
4959,459
4960,459
4961,459
4962,458
4963,459
4964,459
4965,459
4966,459
4967,459
4968,459
4969,458
4970,458
4971,459
4972,459
4973,459
4974,459
4975,460
4976,459
4977,458
4978,459
4979,459
4980,459
4981,459
4982,459
4983,459
4984,459
4986,458
4987,458
4988,458
4989,459
4990,459
4991,459
4992,459
4993,459
4994,458
4995,458
4996,458
4997,459
4998,459
4999,460
5000,459
5001,459
5002,458
5003,458
5004,458
5005,458
5006,459
5007,459
5008,459
5009,459
5010,458
5011,458
5012,458
5013,459
5014,459
5015,459
5016,459
5017,459
5018,459
5019,459
5020,458
5021,458
5022,459
5023,459
5024,459
5025,459
5026,459
5028,458
5029,458
5030,458
5031,459
5032,459
5033,459
5034,459
5035,459
5036,459
5037,458
5038,459
5039,460
5040,460
5041,460
5042,459
5043,458
5044,458
5045,458
5046,458
5047,459
5048,459
5049,459
5050,459
5051,458
5052,458
5053,458
5054,458
5055,459
5056,459
5057,459
5058,460
5059,459
5060,458
5061,458
5062,458
5063,459
5064,459
5065,460
5066,459
5067,459
5068,458
5069,458
5071,458
5072,459
5073,459
5074,459
5075,459
5076,459
5077,458
5078,458
5079,459
5080,459
5081,459
5082,459
5083,459
5084,459
5085,459
5086,458
5087,458
5088,458
5089,459
5090,459
5091,459
5092,459
5093,458
5094,458
5095,458
5096,458
5097,459
5098,460
5099,460
5100,459
5101,459
5102,458
5103,458
5104,459
5105,459
5106,459
5107,460
5108,459
5109,459
5110,458
5111,458
5112,458
5114,459
5115,459
5116,459
5117,459
5118,459
5119,459
5120,459
5121,458
5122,459
5123,459
5124,459
5125,459
5126,459
5127,458
5128,458
5129,458
5130,458
5131,459
5132,459
5133,459
5134,459
5135,458
5136,458
5137,458
5138,459
5139,459
5140,460
5141,459
5142,459
5143,459
5144,458
5145,458
5146,459
5147,459
5148,459
5149,459
5150,459
5151,458
5152,458
5153,458
5154,458
5156,459
5157,459
5158,459
5159,459
5160,459
5161,458
5162,458
5163,458
5164,458
5165,459
5166,459
5167,458
5168,458
5169,458
5170,458
5171,458
5172,459
5173,459
5174,459
5175,459
5176,459
5177,458
5178,459
5179,459
5180,459
5181,459
5182,459
5183,459
5184,459
5185,458
5186,458
5187,458
5188,459
5189,459
5190,459
5191,459
5192,458
5193,458
5194,458
5195,458
5196,458
5197,459
5199,460
5200,459
5201,459
5202,458
5203,458
5204,457
5205,458
5206,459
5207,459
5208,458
5209,459
5210,458
5211,458
5212,458
5213,458
5214,459
5215,459
5216,459
5217,459
5218,459
5219,459
5220,459
5221,459
5222,459
5223,459
5224,459
5225,459
5226,458
5227,458
5228,458
5229,458
5230,459
5231,459
5232,459
5233,459
5234,458
5235,458
5236,458
5237,458
5238,459
5239,460
5240,459
5242,459
5243,459
5244,458
5245,458
5246,458
5247,459
5248,459
5249,459
5250,459
5251,459
5252,458
5253,458
5254,458
5255,458
5256,459
5257,459
5258,459
5259,459
5260,459
5261,458
5262,458
5263,459
5264,459
5265,459
5266,459
5267,459
5268,458
5269,458
5270,458
5271,458
5272,459
5273,459
5274,459
5275,459
5276,458
5277,458
5278,459
5279,459
5280,459
5281,459
5282,459
5284,459
5285,459
5286,458
5287,458
5288,458
5289,459
5290,459
5291,459
5292,459
5293,458
5294,458
5295,458
5296,458
5297,459
5298,459
5299,460
5300,460
5301,459
5302,458
5303,458
5304,458
5305,459
5306,459
5307,459
5308,459
5309,459
5310,458
5311,458
5312,458
5313,458
5314,459
5315,459
5316,459
5317,459
5318,459
5319,458
5320,458
5321,458
5322,459
5323,459
5324,459
5325,459
5327,458
5328,458
5329,458
5330,458
5331,459
5332,459
5333,459
5334,458
5335,458
5336,458
5337,458
5338,459
5339,459
5340,459
5341,459
5342,459
5343,458
5344,458
5345,458
5346,458
5347,459
5348,459
5349,459
5350,459
5351,459
5352,458
5353,458
5354,458
5355,459
5356,459
5357,459
5358,459
5359,459
5360,458
5361,458
5362,458
5363,459
5364,459
5365,459
5366,459
5367,458
5368,458
5370,458
5371,458
5372,459
5373,459
5374,459
5375,459
5376,459
5377,458
5378,458
5379,458
5380,459
5381,459
5382,459
5383,459
5384,459
5385,458
5386,458
5387,458
5388,458
5389,459
5390,459
5391,459
5392,458
5393,458
5394,458
5395,458
5396,458
5397,458
5398,459
5399,459
5400,459
5401,458
5402,458
5403,458
5404,458
5405,459
5406,459
5407,459
5408,458
5409,458
5410,458
5412,458
5413,458
5414,458
5415,459
5416,459
5417,459
5418,458
5419,458
5420,458
5421,458
5422,458
5423,459
5424,459
5425,459
5426,458
5427,458
5428,458
5429,458
5430,458
5431,459
5432,459
5433,459
5434,459
5435,458
5436,458
5437,458
5438,459
5439,460
5440,459
5441,459
5442,459
5443,458
5444,458
5445,458
5446,458
5447,459
5448,459
5449,459
5450,459
5451,458
5452,458
5453,458
5455,458
5456,458
5457,459
5458,459
5459,459
5460,459
5461,458
5462,458
5463,458
5464,459
5465,459
5466,459
5467,459
5468,458
5469,458
5470,458
5471,458
5472,459
5473,459
5474,459
5475,459
5476,458
5477,458
5478,458
5479,458
5480,459
5481,459
5482,459
5483,459
5484,458
5485,458
5486,458
5487,458
5488,458
5489,459
5490,459
5491,459
5492,458
5493,458
5494,458
5495,458
5496,458
5498,459
5499,460
5500,459
5501,458
5502,458
5503,458
5504,458
5505,458
5506,459
5507,459
5508,459
5509,458
5510,458
5511,458
5512,458
5513,458
5514,459
5515,459
5516,459
5517,458
5518,458
5519,458
5520,459
5521,458
5522,459
5523,459
5524,459
5525,459
5526,458
5527,458
5528,458
5529,458
5530,459
5531,459
5532,459
5533,458
5534,458
5535,458
5536,458
5537,458
5538,459
5540,460
5541,459
5542,459
5543,458
5544,458
5545,458
5546,458
5547,458
5548,459
5549,459
5550,459
5551,458
5552,458
5553,458
5554,458
5555,458
5556,459
5557,459
5558,459
5559,459
5560,458
5561,458
5562,458
5563,458
5564,459
5565,459
5566,459
5567,458
5568,458
5569,458
5570,458
5571,458
5572,459
5573,459
5574,459
5575,458
5576,458
5577,458
5578,459
5579,458
5580,459
5581,459
5583,459
5584,459
5585,458
5586,458
5587,458
5588,458
5589,458
5590,459
5591,459
5592,458
5593,458
5594,458
5595,458
5596,458
5597,458
5598,459
5599,460
5600,459
5601,458
5602,458
5603,458
5604,458
5605,459
5606,459
5607,459
5608,459
5609,458
5610,458
5611,458
5612,458
5613,458
5614,459
5615,459
5616,459
5617,458
5618,458
5619,458
5620,458
5621,458
5622,459
5623,459
5624,459
5626,458
5627,458
5628,457
5629,458
5630,458
5631,459
5632,459
5633,459
5634,458
5635,458
5636,458
5637,458
5638,458
5639,459
5640,460
5641,459
5642,458
5643,458
5644,458
5645,458
5646,458
5647,459
5648,459
5649,458
5650,459
5651,458
5652,458
5653,458
5654,458
5655,459
5656,459
5657,459
5658,459
5659,458
5660,458
5661,458
5662,458
5663,458
5664,459
5665,459
5666,459
5668,458
5669,458
5670,458
5671,458
5672,458
5673,459
5674,458
5675,459
5676,458
5677,458
5678,457
5679,458
5680,459
5681,458
5682,459
5683,458
5684,458
5685,458
5686,458
5687,458
5688,458
5689,459
5690,459
5691,459
5692,458
5693,458
5694,457
5695,458
5696,458
5697,458
5698,459
5699,460
5700,459
5701,458
5702,458
5703,458
5704,458
5705,459
5706,459
5707,459
5708,459
5709,458
5711,458
5712,458
5713,458
5714,458
5715,459
5716,459
5717,459
5718,458
5719,459
5720,459
5721,458
5722,458
5723,459
5724,459
5725,459
5726,458
5727,458
5728,458
5729,458
5730,458
5731,459
5732,459
5733,459
5734,458
5735,458
5736,458
5737,458
5738,459
5739,459
5740,459
5741,458
5742,458
5743,458
5744,458
5745,458
5746,458
5747,459
5748,459
5749,459
5750,458
5751,458
5752,458
5754,458
5755,458
5756,458
5757,459
5758,459
5759,459
5760,458
5761,458
5762,458
5763,458
5764,458
5765,459
5766,459
5767,458
5768,458
5769,458
5770,458
5771,458
5772,459
5773,459
5774,459
5775,458
5776,458
5777,458
5778,458
5779,459
5780,459
5781,459
5782,459
5783,459
5784,458
5785,458
5786,458
5787,458
5788,459
5789,459
5790,459
5791,459
5792,458
5793,458
5794,458
5796,458
5797,459
5798,459
5799,460
5800,459
5801,458
5802,458
5803,457
5804,458
5805,458
5806,459
5807,459
5808,459
5809,458
5810,458
5811,457
5812,458
5813,458
5814,459
5815,459
5816,459
5817,458
5818,458
5819,458
5820,458
5821,458
5822,459
5823,459
5824,458
5825,458
5826,458
5827,458
5828,457
5829,458
5830,459
5831,459
5832,459
5833,458
5834,458
5835,458
5836,458
5837,458
5839,459
5840,459
5841,459
5842,458
5843,458
5844,458
5845,458
5846,458
5847,458
5848,459
5849,459
5850,458
5851,458
5852,458
5853,458
5854,458
5855,459
5856,459
5857,459
5858,459
5859,459
5860,458
5861,458
5862,458
5863,458
5864,459
5865,459
5866,458
5867,458
5868,458
5869,457
5870,458
5871,458
5872,458
5873,458
5874,459
5875,458
5876,458
5877,458
5878,458
5879,459
5880,459
5882,459
5883,459
5884,458
5885,458
5886,458
5887,458
5888,458
5889,459
5890,459
5891,459
5892,458
5893,458
5894,457
5895,458
5896,458
5897,459
5898,459
5899,459
5900,459
5901,458
5902,458
5903,458
5904,458
5905,458
5906,459
5907,459
5908,458
5909,458
5910,458
5911,458
5912,458
5913,459
5914,459
5915,459
5916,458
5917,458
5918,458
5919,458
5920,458
5921,459
5922,459
5924,459
5925,459
5926,458
5927,458
5928,458
5929,458
5930,459
5931,459
5932,459
5933,459
5934,458
5935,458
5936,458
5937,458
5938,458
5939,460
5940,460
5941,458
5942,458
5943,458
5944,458
5945,458
5946,458
5947,458
5948,459
5949,459
5950,458
5951,458
5952,458
5953,458
5954,458
5955,459
5956,459
5957,459
5958,459
5959,458
5960,458
5961,458
5962,458
5963,458
5964,459
5965,459
5967,458
5968,458
5969,458
5970,458
5971,458
5972,459
5973,459
5974,459
5975,458
5976,458
5977,458
5978,458
5979,458
5980,459
5981,459
5982,459
5983,458
5984,458
5985,458
5986,457
5987,458
5988,459
5989,459
5990,459
5991,459
5992,458
5993,458
5994,458
5995,458
5996,458
5997,458
5998,459
5999,459
6000,459
6001,458
6002,458
6003,458
6004,459
6005,459
6006,459
6007,459
6008,459
6010,458
6011,458
6012,458
6013,458
6014,459
6015,459
6016,459
6017,458
6018,458
6019,459
6020,458
6021,458
6022,458
6023,459
6024,459
6025,458
6026,458
6027,458
6028,458
6029,458
6030,458
6031,459
6032,459
6033,458
6034,458
6035,458
6036,458
6037,458
6038,459
6039,459
6040,459
6041,458
6042,458
6043,458
6044,458
6045,458
6046,458
6047,459
6048,459
6049,459
6050,458
6052,458
6053,458
6054,458
6055,458
6056,459
6057,459
6058,459
6059,459
6060,458
6061,458
6062,458
6063,458
6064,459
6065,459
6066,459
6067,459
6068,458
6069,458
6070,458
6071,458
6072,459
6073,459
6074,459
6075,458
6076,458
6077,458
6078,458
6079,459
6080,459
6081,459
6082,459
6083,458
6084,458
6085,458
6086,458
6087,458
6088,458
6089,459
6090,459
6091,458
6092,458
6093,458
6095,457
6096,458
6097,458
6098,459
6099,459
6100,459
6101,458
6102,457
6103,458
6104,458
6105,459
6106,459
6107,459
6108,459
6109,458
6110,458
6111,457
6112,458
6113,458
6114,458
6115,459
6116,459
6117,458
6118,458
6119,458
6120,458
6121,458
6122,459
6123,459
6124,459
6125,458
6126,458
6127,457
6128,458
6129,458
6130,458
6131,459
6132,459
6133,458
6134,458
6135,458
6136,458
6138,458
6139,459
6140,459
6141,459
6142,458
6143,455
6144,457
6145,458
6146,458
6147,457
6148,459
6149,459
6150,458
6151,458
6152,458
6153,458
6154,458
6155,459
6156,459
6157,459
6158,459
6159,459
6160,458
6161,458
6162,458
6163,458
6164,459
6165,459
6166,459
6167,458
6168,458
6169,458
6170,458
6171,459
6172,459
6173,459
6174,459
6175,458
6176,458
6177,458
6178,458
6180,459
6181,459
6182,459
6183,458
6184,458
6185,454
6186,457
6187,458
6188,458
6189,458
6190,457
6191,459
6192,458
6193,458
6194,457
6195,458
6196,458
6197,457
6198,459
6199,459
6200,459
6201,458
6202,458
6203,458
6204,458
6205,459
6206,457
6207,459
6208,458
6209,458
6210,458
6211,458
6212,458
6213,458
6214,459
6215,459
6216,458
6217,458
6218,458
6219,459
6220,458
6221,459
6223,459
6224,459
6225,459
6226,458
6227,458
6228,458
6229,458
6230,459
6231,459
6232,459
6233,459
6234,458
6235,458
6236,458
6237,458
6238,459
6239,460
6240,459
6241,459
6242,458
6243,458
6244,457
6245,458
6246,458
6247,459
6248,459
6249,459
6250,458
6251,458
6252,458
6253,458
6254,458
6255,459
6256,459
6257,459
6258,459
6259,458
6260,458
6261,458
6262,458
6263,459
6264,459
6266,459
6267,458
6268,458
6269,458
6270,458
6271,458
6272,459
6273,459
6274,459
6275,458
6276,458
6277,457
6278,458
6279,459
6280,459
6281,459
6282,459
6283,458
6284,458
6285,458
6286,458
6287,458
6288,458
6289,459
6290,459
6291,458
6292,458
6293,457
6294,458
6295,458
6296,458
6297,459
6298,459
6299,459
6300,458
6301,458
6302,458
6303,458
6304,458
6305,458
6306,459
6308,458
6309,458
6310,458
6311,458
6312,458
6313,458
6314,459
6315,459
6316,459
6317,458
6318,458
6319,458
6320,458
6321,458
6322,459
6323,459
6324,459
6325,458
6326,458
6327,458
6328,458
6329,458
6330,458
6331,459
6332,458
6333,458
6334,458
6335,458
6336,458
6337,458
6338,459
6339,459
6340,459
6341,458
6342,458
6343,458
6344,458
6345,458
6346,459
6347,459
6348,459
6349,459
6351,458
6352,458
6353,458
6354,458
6355,458
6356,459
6357,459
6358,458
6359,458
6360,458
6361,458
6362,458
6363,458
6364,459
6365,459
6366,458
6367,458
6368,458
6369,458
6370,458
6371,458
6372,458
6373,459
6374,459
6375,458
6376,457
6377,457
6378,458
6379,459
6380,459
6381,459
6382,458
6383,458
6384,458
6385,457
6386,458
6387,458
6388,459
6389,459
6390,459
6391,458
6392,458
6394,458
6395,458
6396,458
6397,459
6398,458
6399,459
6400,459
6401,458
6402,458
6403,458
6404,458
6405,458
6406,459
6407,459
6408,458
6409,458
6410,458
6411,458
6412,458
6413,458
6414,459
6415,459
6416,458
6417,458
6418,458
6419,458
6420,458
6421,458
6422,459
6423,459
6424,458
6425,458
6426,458
6427,457
6428,458
6429,458
6430,459
6431,458
6432,459
6433,458
6434,458
6436,458
6437,458
6438,458
6439,459
6440,459
6441,458
6442,458
6443,458
6444,457
6445,458
6446,458
6447,458
6448,459
6449,459
6450,458
6451,458
6452,458
6453,458
6454,458
6455,459
6456,459
6457,459
6458,458
6459,458
6460,458
6461,458
6462,458
6463,458
6464,458
6465,459
6466,458
6467,457
6468,458
6469,457
6470,458
6471,458
6472,459
6473,458
6474,458
6475,458
6476,457
6477,458
6479,458
6480,459
6481,459
6482,458
6483,458
6484,458
6485,457
6486,457
6487,458
6488,458
6489,458
6490,458
6491,458
6492,458
6493,458
6494,457
6495,457
6496,458
6497,458
6498,459
6499,459
6500,458
6501,457
6502,457
6503,458
6504,458
6505,458
6506,458
6507,458
6508,458
6509,458
6510,458
6511,458
6512,458
6513,458
6514,459
6515,458
6516,458
6517,457
6518,458
6519,458
6520,458
6522,458
6523,459
6524,459
6525,458
6526,457
6527,457
6528,458
6529,458
6530,458
6531,459
6532,459
6533,458
6534,457
6535,457
6536,458
6537,458
6538,458
6539,459
6540,459
6541,458
6542,457
6543,458
6544,457
6545,458
6546,458
6547,459
6548,459
6549,458
6550,458
6551,458
6552,458
6553,458
6554,458
6555,459
6556,459
6557,458
6558,458
6559,458
6560,458
6561,458
6562,458
6564,458
6565,459
6566,458
6567,458
6568,457
6569,457
6570,457
6571,458
6572,458
6573,458
6574,458
6575,458
6576,458
6577,457
6578,457
6579,458
6580,459
6581,459
6582,459
6583,458
6584,458
6585,458
6586,458
6587,458
6588,458
6589,459
6590,458
6591,458
6592,458
6593,458
6594,458
6595,458
6596,458
6597,459
6598,459
6599,459
6600,458
6601,457
6602,458
6603,458
6604,458
6605,459
6607,458
6608,458
6609,458
6610,457
6611,457
6612,458
6613,458
6614,459
6615,458
6616,458
6617,458
6618,458
6619,458
6620,458
6621,458
6622,459
6623,459
6624,459
6625,458
6626,458
6627,458
6628,458
6629,458
6630,458
6631,459
6632,458
6633,458
6634,458
6635,457
6636,458
6637,458
6638,459
6639,459
6640,459
6641,458
6642,457
6643,458
6644,458
6645,457
6646,459
6647,459
6648,458
6650,458
6651,458
6652,457
6653,457
6654,458
6655,458
6656,458
6657,459
6658,458
6659,458
6660,458
6661,457
6662,458
6663,458
6664,459
6665,458
6666,458
6667,458
6668,457
6669,458
6670,458
6671,458
6672,458
6673,459
6674,458
6675,458
6676,457
6677,457
6678,458
6679,459
6680,459
6681,459
6682,458
6683,458
6684,456
6685,457
6686,458
6687,458
6688,458
6689,459
6690,458
6692,458
6693,458
6694,457
6695,458
6696,458
6697,458
6698,459
6699,459
6700,458
6701,458
6702,458
6703,458
6704,451
6705,458
6706,458
6707,458
6708,458
6709,452
6710,457
6711,457
6712,458
6713,458
6714,458
6715,458
6716,458
6717,458
6718,458
6719,458
6720,458
6721,458
6722,459
6723,458
6724,453
6725,457
6726,457
6727,458
6728,457
6729,458
6730,459
6731,458
6732,458
6733,457
6735,458
6736,457
6737,458
6738,458
6739,459
6740,459
6741,458
6742,458
6743,457
6744,457
6745,457
6746,458
6747,458
6748,459
6749,458
6750,458
6751,458
6752,458
6753,458
6754,458
6755,458
6756,459
6757,458
6758,458
6759,458
6760,458
6761,457
6762,458
6763,458
6764,458
6765,458
6766,458
6767,458
6768,457
6769,457
6770,458
6771,458
6772,458
6773,458
6774,458
6775,457
6776,457
6778,457
6779,458
6780,458
6781,458
6782,458
6783,458
6784,458
6785,457
6786,457
6787,458
6788,458
6789,458
6790,459
6791,458
6792,458
6793,457
6794,457
6795,458
6796,458
6797,458
6798,458
6799,459
6800,458
6801,457
6802,457
6803,458
6804,458
6805,458
6806,458
6807,458
6808,458
6809,457
6810,457
6811,457
6812,458
6813,458
6814,458
6815,458
6816,458
6817,457
6818,458
6820,458
6821,458
6822,458
6823,458
6824,458
6825,458
6826,457
6827,457
6828,457
6829,458
6830,458
6831,458
6832,458
6833,458
6834,457
6835,457
6836,457
6837,458
6838,458
6839,459
6840,459
6841,458
6842,458
6843,457
6844,458
6845,458
6846,458
6847,458
6848,458
6849,458
6850,458
6851,457
6852,457
6853,458
6854,458
6855,458
6856,458
6857,458
6858,458
6859,458
6860,457
6861,457
6863,458
6864,458
6865,458
6866,458
6867,457
6868,457
6869,457
6870,457
6871,458
6872,458
6873,458
6874,458
6875,458
6876,457
6877,457
6878,457
6879,458
6880,459
6881,458
6882,458
6883,458
6884,457
6885,457
6886,457
6887,458
6888,458
6889,458
6890,458
6891,458
6892,457
6893,457
6894,457
6895,458
6896,458
6897,458
6898,459
6899,458
6900,458
6901,457
6902,457
6903,457
6904,458
6906,458
6907,458
6908,458
6909,457
6910,457
6911,457
6912,457
6913,458
6914,458
6915,458
6916,458
6917,457
6918,457
6919,458
6920,458
6921,458
6922,458
6923,458
6924,458
6925,457
6926,457
6927,457
6928,457
6929,458
6930,458
6931,458
6932,458
6933,458
6934,457
6935,457
6936,457
6937,458
6938,458
6939,459
6940,459
6941,458
6942,457
6943,457
6944,457
6945,458
6946,458
6948,458
6949,458
6950,457
6951,457
6952,457
6953,457
6954,458
6955,458
6956,458
6957,458
6958,457
6959,458
6960,457
6961,457
6962,458
6963,458
6964,458
6965,458
6966,458
6967,457
6968,457
6969,457
6970,457
6971,458
6972,458
6973,458
6974,458
6975,457
6976,457
6977,457
6978,458
6979,458
6980,459
6981,458
6982,457
6983,457
6984,457
6985,457
6986,457
6987,458
6988,458
6989,458
6991,458
6992,457
6993,457
6994,458
6995,458
6996,458
6997,458
6998,458
6999,458
7000,458
7001,457
7002,457
7003,457
7004,458
7005,458
7006,458
7007,458
7008,457
7009,457
7010,457
7011,457
7012,457
7013,458
7014,458
7015,458
7016,458
7017,457
7018,457
7019,457
7020,458
7021,458
7022,458
7023,458
7024,457
7025,457
7026,457
7027,457
7028,457
7029,458
7030,458
7031,458
7032,458
7034,457
7035,457
7036,457
7037,457
7038,458
7039,459
7040,459
7041,458
7042,457
7043,457
7044,457
7045,457
7046,458
7047,458
7048,458
7049,458
7050,457
7051,457
7052,457
7053,457
7054,457
7055,458
7056,458
7057,458
7058,457
7059,457
7060,458
7061,457
7062,457
7063,458
7064,458
7065,458
7066,457
7067,457
7068,457
7069,457
7070,458
7071,458
7072,458
7073,458
7074,457
7076,457
7077,457
7078,457
7079,458
7080,458
7081,458
7082,458
7083,457
7084,454
7085,456
7086,457
7087,457
7088,458
7089,456
7090,458
7091,458
7092,457
7093,457
7094,457
7095,457
7096,456
7097,458
7098,458
7099,458
7100,457
7101,457
7102,457
7103,457
7104,458
7105,458
7106,457
7107,458
7108,457
7109,457
7110,457
7111,457
7112,458
7113,458
7114,458
7115,458
7116,457
7117,457
7119,457
7120,458
7121,458
7122,458
7123,458
7124,458
7125,457
7126,457
7127,457
7128,457
7129,457
7130,458
7131,458
7132,458
7133,457
7134,457
7135,457
7136,457
7137,458
7138,458
7139,459
7140,458
7141,458
7142,457
7143,457
7144,458
7145,458
7146,458
7147,458
7148,458
7149,458
7150,457
7151,457
7152,457
7153,458
7154,458
7155,458
7156,458
7157,458
7158,457
7159,457
7160,457
7162,457
7163,458
7164,458
7165,458
7166,458
7167,457
7168,457
7169,457
7170,458
7171,458
7172,458
7173,458
7174,458
7175,457
7176,457
7177,457
7178,457
7179,458
7180,459
7181,458
7182,457
7183,457
7184,457
7185,457
7186,457
7187,457
7188,458
7189,458
7190,458
7191,457
7192,457
7193,457
7194,458
7195,458
7196,458
7197,458
7198,458
7199,458
7200,457
7201,457
7202,457
7204,457
7205,458
7206,458
7207,458
7208,457
7209,457
7210,457
7211,457
7212,457
7213,458
7214,458
7215,458
7216,458
7217,457
7218,457
7219,458
7220,458
7221,458
7222,458
7223,458
7224,458
7225,457
7226,457
7227,457
7228,457
7229,458
7230,458
7231,458
7232,458
7233,457
7234,457
7235,457
7236,457
7237,458
7238,459
7239,459
7240,458
7241,457
7242,457
7243,457
7244,457
7245,458
7247,458
7248,458
7249,458
7250,457
7251,457
7252,457
7253,457
7254,458
7255,458
7256,458
7257,458
7258,457
7259,458
7260,457
7261,457
7262,458
7263,458
7264,458
7265,458
7266,457
7267,457
7268,457
7269,457
7270,458
7271,458
7272,458
7273,458
7274,457
7275,457
7276,457
7277,457
7278,458
7279,458
7280,458
7281,458
7282,457
7283,457
7284,457
7285,457
7286,458
7287,458
7288,458
7290,458
7291,458
7292,457
7293,457
7294,457
7295,457
7296,457
7297,458
7298,458
7299,458
7300,458
7301,457
7302,457
7303,457
7304,457
7305,458
7306,458
7307,458
7308,457
7309,457
7310,457
7311,457
7312,458
7313,458
7314,458
7315,458
7316,457
7317,457
7318,458
7319,458
7320,458
7321,458
7322,458
7323,458
7324,458
7325,457
7326,457
7327,457
7328,458
7329,458
7330,458
7332,458
7333,458
7334,457
7335,457
7336,457
7337,457
7338,458
7339,459
7340,459
7341,458
7342,457
7343,457
7344,457
7345,458
7346,458
7347,458
7348,458
7349,458
7350,457
7351,457
7352,457
7353,458
7354,458
7355,458
7356,458
7357,458
7358,458
7359,458
7360,458
7361,458
7362,458
7363,458
7364,458
7365,458
7366,457
7367,457
7368,457
7369,457
7370,458
7371,458
7372,458
7373,458
7375,457
7376,457
7377,457
7378,457
7379,458
7380,459
7381,458
7382,458
7383,458
7384,457
7385,457
7386,457
7387,458
7388,458
7389,458
7390,458
7391,458
7392,457
7393,457
7394,457
7395,458
7396,458
7397,458
7398,458
7399,458
7400,458
7401,457
7402,457
7403,457
7404,458
7405,458
7406,458
7407,458
7408,457
7409,457
7410,457
7411,458
7412,458
7413,458
7414,458
7415,458
7416,458
7418,457
7419,458
7420,458
7421,458
7422,458
7423,458
7424,458
7425,457
7426,457
7427,457
7428,458
7429,458
7430,458
7431,458
7432,458
7433,457
7434,457
7435,457
7436,458
7437,458
7438,458
7439,459
7440,459
7441,458
7442,457
7443,458
7444,457
7445,458
7446,458
7447,458
7448,458
7449,458
7450,457
7451,457
7452,457
7453,458
7454,458
7455,458
7456,458
7457,458
7458,458
7460,458
7461,458
7462,458
7463,458
7464,458
7465,458
7466,458
7467,457
7468,457
7469,457
7470,458
7471,458
7472,459
7473,458
7474,458
7475,457
7476,457
7477,457
7478,458
7479,459
7480,459
7481,458
7482,458
7483,457
7484,457
7485,457
7486,457
7487,458
7488,458
7489,458
7490,458
7491,458
7492,457
7493,457
7494,457
7495,458
7496,458
7497,458
7498,458
7499,458
7500,458
7501,457
7503,457
7504,458
7505,458
7506,458
7507,458
7508,458
7509,457
7510,457
7511,457
7512,458
7513,458
7514,458
7515,458
7516,457
7517,457
7518,457
7519,458
7520,458
7521,458
7522,458
7523,458
7524,458
7525,457
7526,457
7527,457
7528,458
7529,458
7530,458
7531,458
7532,458
7533,457
7534,457
7535,457
7536,458
7537,458
7538,459
7539,459
7540,458
7541,457
7542,457
7543,457
7544,458
7546,458
7547,458
7548,458
7549,458
7550,457
7551,457
7552,457
7553,458
7554,458
7555,458
7556,458
7557,458
7558,457
7559,458
7560,458
7561,457
7562,458
7563,458
7564,458
7565,458
7566,457
7567,457
7568,457
7569,457
7570,458
7571,458
7572,458
7573,458
7574,457
7575,457
7576,457
7577,457
7578,458
7579,459
7580,459
7581,458
7582,458
7583,457
7584,457
7585,457
7586,458
7588,458
7589,458
7590,458
7591,458
7592,457
7593,457
7594,457
7595,458
7596,458
7597,458
7598,458
7599,458
7600,458
7601,457
7602,457
7603,457
7604,458
7605,458
7606,458
7607,457
7608,457
7609,457
7610,457
7611,457
7612,458
7613,458
7614,458
7615,458
7616,457
7617,457
7618,457
7619,458
7620,458
7621,458
7622,458
7623,457
7624,457
7625,457
7626,457
7627,457
7628,458
7629,458
7631,458
7632,458
7633,457
7634,457
7635,457
7636,457
7637,458
7638,458
7639,458
7640,458
7641,457
7642,457
7643,457
7644,457
7645,457
7646,458
7647,458
7648,457
7649,457
7650,457
7651,457
7652,457
7653,457
7654,457
7655,457
7656,457
7657,457
7658,457
7659,457
7660,457
7661,457
7662,457
7663,457
7664,457
7665,457
7666,456
7667,456
7668,456
7669,457
7670,457
7671,458
7672,457
7674,457
7675,457
7676,456
7677,456
7678,457
7679,457
7680,458
7681,457
7682,457
7683,457
7684,456
7685,456
7686,456
7687,457
7688,457
7689,457
7690,457
7691,456
7692,456
7693,456
7694,456
7695,457
7696,457
7697,457
7698,457
7699,457
7700,457
7701,456
7702,456
7703,457
7704,457
7705,457
7706,457
7707,457
7708,456
7709,456
7710,456
7711,457
7712,457
7713,457
7714,457
7716,456
7717,456
7718,456
7719,456
7720,457
7721,457
7722,457
7723,457
7724,456
7725,456
7726,456
7727,456
7728,457
7729,457
7730,457
7731,457
7732,457
7733,456
7734,456
7735,456
7736,456
7737,457
7738,457
7739,457
7740,457
7741,456
7742,455
7743,456
7744,456
7745,456
7746,456
7747,457
7748,456
7749,456
7750,456
7751,456
7752,456
7753,456
7754,456
7755,456
7756,456
7757,456
7759,456
7760,456
7761,456
7762,456
7763,456
7764,457
7765,456
7766,456
7767,456
7768,455
7769,456
7770,456
7771,456
7772,456
7773,456
7774,456
7775,455
7776,455
7777,455
7778,456
7779,457
7780,457
7781,456
7782,456
7783,455
7784,455
7785,455
7786,456
7787,456
7788,456
7789,456
7790,455
7791,455
7792,455
7793,455
7794,455
7795,456
7796,456
7797,456
7798,456
7799,456
7800,456
7802,455
7803,455
7804,456
7805,456
7806,456
7807,456
7808,455
7809,455
7810,455
7811,455
7812,456
7813,456
7814,456
7815,456
7816,455
7817,455
7818,455
7819,456
7820,456
7821,456
7822,456
7823,455
7824,455
7825,455
7826,455
7827,455
7828,455
7829,456
7830,456
7831,456
7832,455
7833,455
7834,455
7835,455
7836,455
7837,456
7838,456
7839,456
7840,456
7841,455
7842,454
7844,455
7845,455
7846,456
7847,456
7848,456
7849,455
7850,455
7851,455
7852,455
7853,455
7854,456
7855,456
7856,456
7857,455
7858,455
7859,455
7860,455
7861,455
7862,455
7863,456
7864,455
7865,455
7866,455
7867,455
7868,455
7869,455
7870,455
7871,456
7872,456
7873,455
7874,455
7875,455
7876,454
7877,455
7878,456
7879,456
7880,456
7881,455
7882,455
7883,455
7884,454
7885,455
7887,455
7888,455
7889,455
7890,455
7891,455
7892,455
7893,454
7894,455
7895,455
7896,456
7897,455
7898,455
7899,456
7900,455
7901,454
7902,455
7903,455
7904,455
7905,455
7906,455
7907,455
7908,455
7909,454
7910,454
7911,455
7912,455
7913,455
7914,455
7915,455
7916,454
7917,454
7918,455
7919,455
7920,456
7921,455
7922,455
7923,455
7924,454
7925,454
7926,454
7927,455
7928,455
7930,455
7931,455
7932,455
7933,455
7934,454
7935,454
7936,454
7937,455
7938,455
7939,456
7940,455
7941,455
7942,454
7943,451
7944,454
7945,455
7946,455
7947,454
7948,455
7949,454
7950,454
7951,454
7952,454
7953,455
7954,455
7955,455
7956,455
7957,454
7958,454
7959,454
7960,455
7961,455
7962,455
7963,455
7964,455
7965,454
7966,454
7967,454
7968,454
7969,454
7970,455
7972,455
7973,455
7974,454
7975,454
7976,454
7977,454
7978,454
7979,455
7980,455
7981,455
7982,454
7983,454
7984,454
7985,454
7986,454
7987,455
7988,455
7989,455
7990,454
7991,454
7992,454
7993,454
7994,454
7995,455
7996,455
7997,455
7998,454
7999,454
8000,454
8001,454
8002,454
8003,454
8004,455
8005,455
8006,454
8007,454
8008,454
8009,454
8010,454
8011,454
8012,455
8013,455
8015,454
8016,454
8017,454
8018,454
8019,454
8020,455
8021,455
8022,455
8023,455
8024,454
8025,454
8026,454
8027,454
8028,454
8029,455
8030,455
8031,454
8032,454
8033,453
8034,453
8035,453
8036,454
8037,454
8038,454
8039,455
8040,454
8041,453
8042,453
8043,453
8044,454
8045,454
8046,454
8047,454
8048,454
8049,453
8050,453
8051,453
8052,454
8053,454
8054,454
8055,454
8056,454
8058,454
8059,454
8060,454
8061,454
8062,454
8063,454
8064,454
8065,454
8066,454
8067,453
8068,453
8069,454
8070,454
8071,454
8072,454
8073,454
8074,453
8075,453
8076,453
8077,453
8078,454
8079,455
8080,455
8081,454
8082,454
8083,454
8084,453
8085,454
8086,454
8087,454
8088,454
8089,454
8090,454
8091,453
8092,453
8093,453
8094,454
8095,453
8096,454
8097,454
8098,454
8100,454
8101,453
8102,453
8103,454
8104,454
8105,454
8106,454
8107,454
8108,453
8109,453
8110,453
8111,453
8112,453
8113,454
8114,454
8115,454
8116,453
8117,453
8118,453
8119,454
8120,454
8121,454
8122,454
8123,454
8124,453
8125,453
8126,453
8127,453
8128,454
8129,454
8130,454
8131,453
8132,453
8133,453
8134,453
8135,453
8136,454
8137,454
8138,454
8139,454
8140,454
8141,453
8143,453
8144,453
8145,453
8146,454
8147,453
8148,453
8149,453
8150,453
8151,453
8152,453
8153,453
8154,454
8155,454
8156,454
8157,453
8158,453
8159,453
8160,453
8161,453
8162,454
8163,454
8164,454
8165,453
8166,453
8167,453
8168,453
8169,453
8170,454
8171,454
8172,454
8173,453
8174,453
8175,452
8176,453
8177,453
8178,454
8179,454
8180,454
8181,453
8182,453
8183,452
8184,452
8186,453
8187,453
8188,453
8189,453
8190,453
8191,453
8192,453
8193,453
8194,453
8195,453
8196,453
8197,454
8198,453
8199,453
8200,453
8201,453
8202,453
8203,453
8204,454
8205,453
8206,453
8207,453
8208,452
8209,452
8210,452
8211,453
8212,453
8213,454
8214,453
8215,453
8216,453
8217,453
8218,453
8219,454
8220,454
8221,453
8222,453
8223,453
8224,453
8225,453
8226,453
8228,453
8229,453
8230,454
8231,453
8232,453
8233,453
8234,452
8235,453
8236,453
8237,453
8238,453
8239,454
8240,454
8241,453
8242,452
8243,453
8244,453
8245,453
8246,454
8247,454
8248,453
8249,453
8250,453
8251,453
8252,453
8253,453
8254,453
8255,453
8256,453
8257,453
8258,453
8259,453
8260,453
8261,453
8262,453
8263,453
8264,453
8265,453
8266,452
8267,452
8268,453
8269,453
8271,454
8272,454
8273,453
8274,453
8275,453
8276,453
8277,453
8278,453
8279,454
8280,454
8281,453
8282,453
8283,452
8284,452
8285,453
8286,453
8287,453
8288,453
8289,453
8290,453
8291,453
8292,452
8293,452
8294,453
8295,453
8296,453
8297,453
8298,453
8299,453
8300,453
8301,453
8302,453
8303,453
8304,453
8305,453
8306,453
8307,452
8308,452
8309,452
8310,453
8311,453
8312,453
8314,453
8315,453
8316,452
8317,452
8318,452
8319,453
8320,454
8321,454
8322,453
8323,453
8324,453
8325,452
8326,452
8327,453
8328,453
8329,453
8330,453
8331,453
8332,452
8333,452
8334,452
8335,452
8336,453
8337,453
8338,453
8339,454
8340,453
8341,452
8342,452
8343,452
8344,453
8345,453
8346,453
8347,453
8348,453
8349,452
8350,452
8351,452
8352,452
8353,453
8354,453
8356,453
8357,453
8358,452
8359,452
8360,453
8361,453
8362,453
8363,453
8364,453
8365,452
8366,452
8367,452
8368,452
8369,453
8370,453
8371,453
8372,453
8373,453
8374,452
8375,452
8376,452
8377,452
8378,453
8379,453
8380,453
8381,452
8382,452
8383,452
8384,452
8385,452
8386,453
8387,453
8388,453
8389,452
8390,452
8391,452
8392,452
8393,452
8394,453
8395,453
8396,453
8397,453
8399,453
8400,452
8401,453
8402,452
8403,453
8404,453
8405,453
8406,453
8407,452
8408,452
8409,452
8410,452
8411,453
8412,453
8413,453
8414,453
8415,453
8416,452
8417,452
8418,452
8419,453
8420,453
8421,453
8422,453
8423,452
8424,452
8425,452
8426,452
8427,452
8428,453
8429,453
8430,453
8431,453
8432,452
8433,452
8434,452
8435,453
8436,453
8437,453
8438,453
8439,453
8440,453
8442,452
8443,452
8444,452
8445,453
8446,453
8447,453
8448,452
8449,452
8450,452
8451,452
8452,452
8453,453
8454,453
8455,453
8456,453
8457,452
8458,452
8459,452
8460,453
8461,453
8462,453
8463,453
8464,451
8465,452
8466,452
8467,452
8468,451
8469,452
8470,453
8471,453
8472,452
8473,450
8474,452
8475,452
8476,452
8477,452
8478,452
8479,453
8480,453
8481,452
8482,452
8484,451
8485,452
8486,452
8487,452
8488,453
8489,452
8490,452
8491,452
8492,452
8493,452
8494,452
8495,452
8496,453
8497,452
8498,452
8499,452
8500,452
8501,451
8502,452
8503,452
8504,453
8505,452
8506,452
8507,451
8508,451
8509,451
8510,452
8511,452
8512,452
8513,452
8514,452
8515,451
8516,451
8517,451
8518,452
8519,453
8520,453
8521,452
8522,452
8523,452
8524,452
8525,452
8527,452
8528,452
8529,452
8530,453
8531,452
8532,452
8533,452
8534,452
8535,452
8536,452
8537,452
8538,453
8539,453
8540,453
8541,452
8542,452
8543,452
8544,452
8545,452
8546,453
8547,452
8548,452
8549,452
8550,452
8551,452
8552,452
8553,452
8554,453
8555,453
8556,452
8557,452
8558,452
8559,452
8560,453
8561,452
8562,453
8563,451
8564,452
8565,452
8566,452
8567,449
8568,452
8570,453
8571,453
8572,453
8573,452
8574,452
8575,452
8576,452
8577,452
8578,452
8579,453
8580,453
8581,452
8582,452
8583,452
8584,447
8585,452
8586,452
8587,453
8588,453
8589,452
8590,452
8591,452
8592,451
8593,452
8594,452
8595,452
8596,453
8597,452
8598,452
8599,452
8600,452
8601,452
8602,452
8603,453
8604,453
8605,453
8606,452
8607,452
8608,452
8609,452
8610,452
8612,452
8613,452
8614,452
8615,452
8616,452
8617,452
8618,452
8619,452
8620,453
8621,453
8622,452
8623,452
8624,452
8625,452
8626,452
8627,452
8628,452
8629,453
8630,453
8631,452
8632,452
8633,451
8634,452
8635,452
8636,452
8637,452
8638,452
8639,453
8640,452
8641,451
8642,451
8643,451
8644,452
8645,452
8646,452
8647,452
8648,451
8649,451
8650,451
8651,451
8652,452
8653,452
8655,452
8656,452
8657,452
8658,451
8659,452
8660,452
8661,452
8662,452
8663,452
8664,452
8665,452
8666,451
8667,451
8668,451
8669,451
8670,452
8671,452
8672,452
8673,451
8674,451
8675,451
8676,451
8677,452
8678,452
8679,453
8680,452
8681,452
8682,451
8683,451
8684,451
8685,452
8686,452
8687,452
8688,452
8689,452
8690,451
8691,451
8692,452
8693,452
8694,452
8695,452
8696,452
8698,452
8699,452
8700,452
8701,452
8702,452
8703,452
8704,453
8705,453
8706,453
8707,452
8708,452
8709,451
8710,452
8711,452
8712,452
8713,452
8714,452
8715,452
8716,452
8717,452
8718,452
8719,453
8720,453
8721,453
8722,452
8723,452
8724,451
8725,451
8726,452
8727,452
8728,453
8729,453
8730,452
8731,452
8732,452
8733,452
8734,452
8735,452
8736,453
8737,453
8738,453
8740,453
8741,453
8742,452
8743,452
8744,452
8745,453
8746,453
8747,452
8748,452
8749,452
8750,452
8751,452
8752,452
8753,452
8754,453
8755,453
8756,452
8757,452
8758,452
8759,452
8760,453
8761,453
8762,453
8763,453
8764,453
8765,452
8766,452
8767,452
8768,452
8769,452
8770,453
8771,453
8772,452
8773,452
8774,452
8775,452
8776,452
8777,452
8778,453
8779,453
8780,453
8781,452
8783,452
8784,452
8785,452
8786,452
8787,453
8788,453
8789,452
8790,452
8791,452
8792,452
8793,451
8794,452
8795,452
8796,452
8797,452
8798,452
8799,452
8800,452
8801,451
8802,452
8803,452
8804,452
8805,452
8806,451
8807,451
8808,451
8809,451
8810,451
8811,452
8812,452
8813,452
8814,452
8815,451
8816,451
8817,451
8818,451
8819,452
8820,452
8821,452
8822,451
8823,451
8824,451
8826,451
8827,451
8828,451
8829,452
8830,452
8831,451
8832,451
8833,451
8834,451
8835,451
8836,452
8837,452
8838,452
8839,452
8840,452
8841,451
8842,451
8843,451
8844,452
8845,452
8846,452
8847,452
8848,452
8849,451
8850,451
8851,452
8852,452
8853,452
8854,452
8855,452
8856,452
8857,452
8858,451
8859,452
8860,453
8861,452
8862,452
8863,452
8864,452
8865,452
8866,452
8868,452
8869,452
8870,452
8871,453
8872,453
8873,452
8874,452
8875,452
8876,452
8877,452
8878,453
8879,453
8880,453
8881,453
8882,452
8883,452
8884,452
8885,452
8886,453
8887,453
8888,453
8889,453
8890,452
8891,452
8892,452
8893,452
8894,452
8895,453
8896,453
8897,453
8898,452
8899,453
8900,453
8901,452
8902,453
8903,453
8904,453
8905,453
8906,452
8907,452
8908,452
8909,452
8911,452
8912,453
8913,453
8914,453
8915,452
8916,452
8917,452
8918,452
8919,453
8920,454
8921,453
8922,453
8923,452
8924,452
8925,452
8926,452
8927,452
8928,453
8929,453
8930,453
8931,452
8932,452
8933,452
8934,452
8935,452
8936,452
8937,452
8938,452
8939,452
8940,452
8941,452
8942,452
8943,452
8944,452
8945,452
8946,452
8947,452
8948,452
8949,451
8950,451
8951,452
8952,452
8954,452
8955,452
8956,452
8957,451
8958,451
8959,452
8960,452
8961,452
8962,452
8963,452
8964,452
8965,451
8966,451
8967,451
8968,451
8969,451
8970,452
8971,452
8972,451
8973,451
8974,451
8975,451
8976,451
8977,451
8978,452
8979,452
8980,452
8981,451
8982,451
8983,451
8984,451
8985,451
8986,446
8987,451
8988,452
8989,451
8990,451
8991,451
8992,451
8993,451
8994,452
8996,452
8997,452
8998,451
8999,451
9000,452
9001,452
9002,452
9003,452
9004,452
9005,452
9006,452
9007,451
9008,452
9009,451
9010,452
9011,452
9012,452
9013,452
9014,452
9015,452
9016,452
9017,452
9018,452
9019,453
9020,453
9021,453
9022,452
9023,452
9024,452
9025,452
9026,452
9027,452
9028,453
9029,453
9030,452
9031,452
9032,452
9033,452
9034,452
9035,453
9036,453
9037,453
9039,453
9040,453
9041,453
9042,452
9043,452
9044,453
9045,453
9046,453
9047,453
9048,452
9049,452
9050,452
9051,452
9052,452
9053,453
9054,453
9055,453
9056,452
9057,452
9058,452
9059,453
9060,453
9061,453
9062,453
9063,453
9064,453
9065,452
9066,452
9067,452
9068,452
9069,453
9070,453
9071,453
9072,452
9073,452
9074,452
9075,452
9076,452
9077,452
9078,453
9079,453
9080,453
9082,452
9083,452
9084,452
9085,451
9086,447
9087,452
9088,452
9089,452
9090,452
9091,451
9092,451
9093,452
9094,452
9095,452
9096,452
9097,452
9098,451
9099,452
9100,451
9101,451
9102,452
9103,452
9104,452
9105,452
9106,451
9107,451
9108,451
9109,451
9110,451
9111,451
9112,451
9113,452
9114,451
9115,450
9116,451
9117,451
9118,451
9119,452
9120,452
9121,451
9122,451
9124,451
9125,450
9126,450
9127,451
9128,451
9129,451
9130,451
9131,451
9132,450
9133,450
9134,450
9135,451
9136,451
9137,451
9138,451
9139,451
9140,451
9141,451
9142,450
9143,451
9144,451
9145,451
9146,451
9147,451
9148,451
9149,450
9150,450
9151,451
9152,451
9153,451
9154,451
9155,451
9156,451
9157,451
9158,451
9159,452
9160,452
9161,451
9162,452
9163,452
9164,451
9165,451
9167,451
9168,451
9169,451
9170,452
9171,452
9172,452
9173,451
9174,451
9175,451
9176,451
9177,452
9178,452
9179,453
9180,453
9181,452
9182,451
9183,451
9184,452
9185,452
9186,452
9187,452
9188,453
9189,452
9190,452
9191,451
9192,452
9193,452
9194,452
9195,453
9196,453
9197,452
9198,452
9199,452
9200,452
9201,452
9202,452
9203,453
9204,453
9205,452
9206,452
9207,452
9208,451
9210,452
9211,452
9212,452
9213,452
9214,452
9215,451
9216,452
9217,451
9218,452
9219,452
9220,453
9221,453
9222,452
9223,451
9224,452
9225,452
9226,452
9227,451
9228,452
9229,452
9230,452
9231,451
9232,452
9233,451
9234,452
9235,451
9236,452
9237,452
9238,452
9239,452
9240,452
9241,451
9242,451
9243,451
9244,452
9245,452
9246,452
9247,451
9248,451
9249,451
9250,451
9252,451
9253,452
9254,452
9255,451
9256,451
9257,451
9258,450
9259,451
9260,451
9261,452
9262,451
9263,451
9264,451
9265,450
9266,450
9267,450
9268,450
9269,451
9270,451
9271,451
9272,450
9273,450
9274,450
9275,450
9276,450
9277,451
9278,451
9279,451
9280,451
9281,450
9282,450
9283,450
9284,450
9285,450
9286,450
9287,450
9288,450
9289,450
9290,450
9291,450
9292,450
9293,450
9295,451
9296,450
9297,450
9298,450
9299,450
9300,450
9301,451
9302,451
9303,451
9304,450
9305,450
9306,450
9307,450
9308,450
9309,450
9310,450
9311,451
9312,451
9313,451
9314,451
9315,450
9316,450
9317,450
9318,451
9319,452
9320,452
9321,451
9322,451
9323,451
9324,451
9325,451
9326,451
9327,451
9328,452
9329,452
9330,451
9331,451
9332,451
9333,451
9334,451
9335,451
9336,452
9338,452
9339,452
9340,452
9341,451
9342,451
9343,451
9344,451
9345,452
9346,452
9347,452
9348,451
9349,451
9350,451
9351,452
9352,452
9353,452
9354,452
9355,452
9356,451
9357,451
9358,451
9359,452
9360,452
9361,452
9362,452
9363,452
9364,451
9365,451
9366,451
9367,451
9368,451
9369,448
9370,452
9371,452
9372,451
9373,451
9374,451
9375,451
9376,451
9377,452
9378,452
9380,452
9381,452
9382,451
9383,451
9384,451
9385,450
9386,451
9387,452
9388,452
9389,451
9390,451
9391,451
9392,450
9393,451
9394,451
9395,451
9396,451
9397,451
9398,451
9399,451
9400,451
9401,451
9402,451
9403,451
9404,451
9405,450
9406,450
9407,450
9408,450
9409,450
9410,451
9411,451
9412,451
9413,450
9414,450
9415,450
9416,449
9417,450
9418,450
9419,451
9420,451
9421,450
9423,450
9424,450
9425,449
9426,450
9427,450
9428,450
9429,450
9430,450
9431,449
9432,449
9433,449
9434,449
9435,449
9436,450
9437,450
9438,450
9439,450
9440,450
9441,449
9442,449
9443,449
9444,450
9445,450
9446,450
9447,450
9448,449
9449,449
9450,449
9451,450
9452,450
9453,450
9454,450
9455,450
9456,450
9457,449
9458,450
9459,450
9460,451
9461,451
9462,450
9463,451
9464,450
9466,450
9467,446
9468,450
9469,450
9470,451
9471,451
9472,450
9473,450
9474,450
9475,450
9476,450
9477,451
9478,451
9479,451
9480,451
9481,451
9482,450
9483,450
9484,450
9485,450
9486,451
9487,451
9488,451
9489,451
9490,450
9491,450
9492,451
9493,451
9494,451
9495,451
9496,451
9497,451
9498,451
9499,451
9500,451
9501,451
9502,451
9503,451
9504,451
9505,451
9506,451
9508,450
9509,451
9510,451
9511,451
9512,452
9513,451
9514,451
9515,451
9516,451
9517,451
9518,451
9519,451
9520,452
9521,452
9522,451
9523,451
9524,451
9525,451
9526,451
9527,451
9528,452
9529,451
9530,451
9531,451
9532,450
9533,450
9534,451
9535,451
9536,451
9537,451
9538,451
9539,451
9540,451
9541,450
9542,451
9543,451
9544,451
9545,451
9546,451
9547,450
9548,450
9549,450
9551,450
9552,451
9553,451
9554,451
9555,451
9556,450
9557,450
9558,450
9559,450
9560,451
9561,451
9562,451
9563,450
9564,450
9565,449
9566,449
9567,450
9568,450
9569,450
9570,450
9571,450
9572,450
9573,449
9574,449
9575,449
9576,450
9577,450
9578,450
9579,450
9580,450
9581,449
9582,449
9583,449
9584,449
9585,450
9586,450
9587,450
9588,449
9589,449
9590,449
9591,449
9592,449
9594,449
9595,449
9596,449
9597,449
9598,449
9599,449
9600,449
9601,449
9602,449
9603,450
9604,449
9605,449
9606,449
9607,449
9608,449
9609,449
9610,449
9611,450
9612,450
9613,450
9614,449
9615,449
9616,449
9617,449
9618,450
9619,451
9620,451
9621,450
9622,450
9623,449
9624,449
9625,449
9626,450
9627,450
9628,450
9629,450
9630,450
9631,450
9632,449
9633,450
9634,450
9636,450
9637,450
9638,450
9639,450
9640,451
9641,450
9642,450
9643,450
9644,450
9645,451
9646,451
9647,450
9648,450
9649,450
9650,450
9651,450
9652,450
9653,451
9654,451
9655,450
9656,450
9657,450
9658,450
9659,451
9660,451
9661,451
9662,451
9663,450
9664,450
9665,450
9666,450
9667,450
9668,451
9669,451
9670,451
9671,451
9672,450
9673,450
9674,450
9675,450
9676,451
9677,451
9679,451
9680,451
9681,450
9682,450
9683,450
9684,450
9685,450
9686,451
9687,451
9688,450
9689,450
9690,450
9691,450
9692,450
9693,450
9694,450
9695,451
9696,450
9697,450
9698,450
9699,450
9700,450
9701,450
9702,450
9703,450
9704,450
9705,450
9706,450
9707,449
9708,449
9709,449
9710,450
9711,450
9712,450
9713,450
9714,449
9715,449
9716,449
9717,449
9718,450
9719,450
9720,450
9722,449
9723,449
9724,449
9725,448
9726,449
9727,449
9728,449
9729,449
9730,449
9731,449
9732,448
9733,448
9734,449
9735,449
9736,449
9737,449
9738,449
9739,449
9740,449
9741,448
9742,448
9743,449
9744,449
9745,449
9746,449
9747,449
9748,448
9749,448
9750,448
9751,448
9752,449
9753,449
9754,449
9755,449
9756,448
9757,448
9758,448
9759,449
9760,450
9761,449
9762,449
9764,449
9765,449
9766,449
9767,449
9768,449
9769,450
9770,450
9771,450
9772,449
9773,449
9774,449
9775,449
9776,449
9777,450
9778,450
9779,450
9780,450
9781,450
9782,449
9783,449
9784,449
9785,450
9786,450
9787,450
9788,450
9789,449
9790,449
9791,449
9792,449
9793,450
9794,450
9795,450
9796,450
9797,449
9798,449
9799,450
9800,450
9801,450
9802,450
9803,450
9804,450
9805,449
9807,449
9808,449
9809,449
9810,449
9811,450
9812,450
9813,450
9814,450
9815,449
9816,449
9817,449
9818,450
9819,450
9820,451
9821,450
9822,450
9823,449
9824,449
9825,449
9826,450
9827,450
9828,450
9829,450
9830,450
9831,449
9832,449
9833,449
9834,450
9835,450
9836,450
9837,450
9838,450
9839,450
9840,450
9841,449
9842,450
9843,450
9844,444
9845,450
9846,450
9847,449
9848,449
9850,449
9851,449
9852,449
9853,450
9854,449
9855,449
9856,449
9857,449
9858,449
9859,449
9860,450
9861,450
9862,450
9863,449
9864,449
9865,448
9866,448
9867,449
9868,449
9869,449
9870,449
9871,449
9872,449
9873,448
9874,448
9875,448
9876,449
9877,449
9878,449
9879,449
9880,449
9881,448
9882,448
9883,448
9884,448
9885,448
9886,448
9887,448
9888,448
9889,448
9890,448
9892,448
9893,448
9894,448
9895,449
9896,448
9897,448
9898,448
9899,448
9900,448
9901,449
9902,448
9903,449
9904,449
9905,448
9906,448
9907,448
9908,448
9909,448
9910,449
9911,449
9912,449
9913,449
9914,449
9915,448
9916,448
9917,449
9918,449
9919,450
9920,450
9921,449
9922,449
9923,449
9924,448
9925,449
9926,449
9927,450
9928,449
9929,450
9930,449
9931,449
9932,448
9933,449
9935,449
9936,449
9937,449
9938,449
9939,449
9940,449
9941,449
9942,449
9943,449
9944,450
9945,449
9946,449
9947,449
9948,448
9949,448
9950,449
9951,449
9952,449
9953,450
9954,449
9955,449
9956,449
9957,449
9958,449
9959,450
9960,450
9961,449
9962,449
9963,449
9964,449
9965,449
9966,449
9967,449
9968,449
9969,449
9970,449
9971,449
9972,449
9973,449
9974,449
9975,449
9976,449
9978,449
9979,449
9980,450
9981,450
9982,449
9983,449
9984,449
9985,449
9986,450
9987,450
9988,449
9989,449
9990,449
9991,449
9992,449
9993,449
9994,450
9995,450
9996,450
9997,449
9998,449
9999,449
10000,449
10001,449
10002,450
10003,450
10004,449
10005,449
10006,449
10007,449
10008,449
10009,449
10010,450
10011,449
10012,449
10013,449
10014,449
10015,448
10016,449
10017,449
10018,449
10020,450
10021,449
10022,449
10023,449
10024,448
10025,448
10026,448
10027,449
10028,449
10029,449
10030,448
10031,448
10032,448
10033,448
10034,448
10035,449
10036,449
10037,448
10038,448
10039,448
10040,448
10041,448
10042,448
10043,448
10044,448
10045,448
10046,448
10047,448
10048,448
10049,448
10050,448
10051,448
10052,448
10053,448
10054,448
10055,448
10056,448
10057,448
10058,448
10059,449
10060,449
10061,449
10063,449
10064,448
10065,448
10066,448
10067,448
10068,449
10069,449
10070,449
10071,449
10072,449
10073,448
10074,448
10075,449
10076,449
10077,449
10078,449
10079,449
10080,449
10081,449
10082,448
10083,448
10084,449
10085,449
10086,449
10087,449
10088,448
10089,448
10090,448
10091,448
10092,448
10093,449
10094,449
10095,449
10096,449
10097,448
10098,448
10099,449
10100,449
10101,449
10102,449
10103,449
10104,448
10106,448
10107,448
10108,448
10109,448
10110,448
10111,449
10112,448
10113,449
10114,448
10115,448
10116,448
10117,448
10118,449
10119,449
10120,450
10121,449
10122,449
10123,448
10124,449
10125,448
10126,449
10127,449
10128,449
10129,449
10130,449
10131,448
10132,448
10133,449
10134,449
10135,449
10136,449
10137,449
10138,449
10139,449
10140,449
10141,449
10142,449
10143,449
10144,449
10145,449
10146,449
10148,449
10149,448
10150,449
10151,449
10152,449
10153,449
10154,449
10155,449
10156,449
10157,449
10158,449
10159,449
10160,450
10161,450
10162,449
10163,449
10164,449
10165,448
10166,449
10167,449
10168,449
10169,449
10170,449
10171,449
10172,449
10173,448
10174,448
10175,448
10176,449
10177,449
10178,449
10179,449
10180,449
10181,448
10182,448
10183,448
10184,448
10185,448
10186,449
10187,448
10188,448
10189,448
10191,448
10192,447
10193,448
10194,448
10195,448
10196,448
10197,448
10198,448
10199,448
10200,448
10201,448
10202,448
10203,449
10204,448
10205,448
10206,448
10207,448
10208,448
10209,448
10210,448
10211,448
10212,448
10213,448
10214,448
10215,448
10216,448
10217,448
10218,448
10219,449
10220,449
10221,448
10222,448
10223,448
10224,440
10225,448
10226,448
10227,448
10228,449
10229,446
10230,448
10231,448
10232,448
10234,448
10235,449
10236,449
10237,448
10238,448
10239,448
10240,448
10241,448
10242,448
10243,448
10244,448
10245,448
10246,448
10247,448
10248,448
10249,447
10250,448
10251,448
10252,449
10253,448
10254,448
10255,448
10256,448
10257,448
10258,448
10259,448
10260,449
10261,449
10262,448
10263,448
10264,448
10265,448
10266,448
10267,448
10268,449
10269,449
10270,449
10271,448
10272,448
10273,448
10274,448
10276,448
10277,449
10278,449
10279,449
10280,449
10281,449
10282,448
10283,448
10284,449
10285,449
10286,449
10287,449
10288,449
10289,449
10290,449
10291,449
10292,449
10293,449
10294,450
10295,450
10296,449
10297,449
10298,449
10299,449
10300,450
10301,449
10302,450
10303,450
10304,449
10305,449
10306,449
10307,449
10308,449
10309,449
10310,449
10311,449
10312,449
10313,449
10314,448
10315,449
10316,449
10317,449
10319,449
10320,450
10321,449
10322,448
10323,448
10324,448
10325,448
10326,448
10327,449
10328,449
10329,449
10330,449
10331,448
10332,448
10333,448
10334,448
10335,449
10336,449
10337,449
10338,448
10339,448
10340,449
10341,449
10342,448
10343,448
10344,449
10345,449
10346,448
10347,448
10348,448
10349,448
10350,448
10351,448
10352,449
10353,449
10354,448
10355,448
10356,448
10357,448
10358,448
10359,449
10360,449
10362,449
10363,448
10364,448
10365,448
10366,448
10367,448
10368,448
10369,449
10370,449
10371,448
10372,448
10373,448
10374,448
10375,448
10376,448
10377,449
10378,448
10379,448
10380,448
10381,448
10382,448
10383,448
10384,448
10385,448
10386,448
10387,448
10388,448
10389,447
10390,447
10391,447
10392,448
10393,448
10394,448
10395,448
10396,447
10397,447
10398,447
10399,448
10400,448
10401,448
10402,448
10404,448
10405,448
10406,448
10407,447
10408,448
10409,448
10410,448
10411,448
10412,448
10413,448
10414,448
10415,448
10416,448
10417,448
10418,448
10419,449
10420,449
10421,449
10422,448
10423,448
10424,448
10425,449
10426,449
10427,449
10428,449
10429,449
10430,449
10431,449
10432,449
10433,449
10434,449
10435,450
10436,450
10437,450
10438,449
10439,449
10440,449
10441,449
10442,450
10443,450
10444,450
10445,450
10447,449
10448,449
10449,449
10450,449
10451,450
10452,450
10453,450
10454,450
10455,449
10456,449
10457,449
10458,449
10459,450
10460,450
10461,450
10462,450
10463,449
10464,449
10465,449
10466,449
10467,449
10468,450
10469,450
10470,449
10471,449
10472,449
10473,449
10474,449
10475,449
10476,449
10477,449
10478,449
10479,449
10480,449
10481,448
10482,448
10483,448
10484,449
10485,449
10486,449
10487,449
10488,448
10490,448
10491,448
10492,448
10493,449
10494,449
10495,449
10496,449
10497,448
10498,448
10499,448
10500,449
10501,449
10502,449
10503,448
10504,448
10505,448
10506,448
10507,448
10508,448
10509,448
10510,449
10511,449
10512,448
10513,448
10514,448
10515,448
10516,448
10517,448
10518,448
10519,449
10520,449
10521,448
10522,448
10523,448
10524,448
10525,448
10526,448
10527,448
10528,448
10529,447
10530,447
10532,447
10533,447
10534,447
10535,448
10536,448
10537,448
10538,447
10539,447
10540,447
10541,447
10542,447
10543,448
10544,448
10545,447
10546,447
10547,443
10548,447
10549,447
10550,447
10551,448
10552,448
10553,448
10554,448
10555,448
10556,448
10557,448
10558,448
10559,449
10560,449
10561,449
10562,449
10563,448
10564,448
10565,448
10566,448
10567,449
10568,449
10569,449
10570,449
10571,449
10572,449
10573,449
10575,449
10576,449
10577,450
10578,450
10579,450
10580,450
10581,450
10582,449
10583,449
10584,450
10585,450
10586,450
10587,450
10588,450
10589,449
10590,449
10591,449
10592,450
10593,450
10594,450
10595,450
10596,450
10597,450
10598,449
10599,450
10600,450
10601,451
10602,450
10603,450
10604,448
10605,449
10606,449
10607,450
10608,450
10609,448
10610,450
10611,450
10612,450
10613,449
10614,449
10615,449
10616,449
10618,450
10619,450
10620,451
10621,450
10622,449
10623,448
10624,448
10625,449
10626,448
10627,449
10628,450
10629,449
10630,449
10631,449
10632,449
10633,449
10634,449
10635,449
10636,449
10637,449
10638,449
10639,449
10640,449
10641,449
10642,449
10643,449
10644,449
10645,449
10646,449
10647,448
10648,448
10649,449
10650,449
10651,449
10652,449
10653,449
10654,449
10655,448
10656,448
10657,448
10658,448
10660,449
10661,449
10662,449
10663,448
10664,441
10665,447
10666,448
10667,448
10668,448
10669,448
10670,448
10671,448
10672,447
10673,447
10674,447
10675,447
10676,448
10677,447
10678,447
10679,448
10680,447
10681,447
10682,447
10683,447
10684,447
10685,448
10686,447
10687,447
10688,447
10689,447
10690,447
10691,447
10692,447
10693,448
10694,448
10695,448
10696,447
10697,447
10698,447
10699,448
10700,449
10701,448
10703,448
10704,449
10705,448
10706,448
10707,448
10708,448
10709,449
10710,449
10711,449
10712,449
10713,449
10714,449
10715,449
10716,449
10717,449
10718,450
10719,450
10720,451
10721,450
10722,450
10723,449
10724,449
10725,450
10726,450
10727,448
10728,450
10729,450
10730,450
10731,450
10732,450
10733,450
10734,450
10735,451
10736,451
10737,451
10738,450
10739,450
10740,451
10741,450
10742,451
10743,451
10744,451
10746,450
10747,450
10748,450
10749,450
10750,450
10751,450
10752,451
10753,451
10754,450
10755,450
10756,450
10757,449
10758,450
10759,450
10760,451
10761,451
10762,450
10763,450
10764,450
10765,449
10766,449
10767,450
10768,450
10769,450
10770,450
10771,450
10772,450
10773,449
10774,449
10775,449
10776,450
10777,450
10778,449
10779,450
10780,449
10781,449
10782,449
10783,449
10784,449
10785,450
10786,449
10788,449
10789,449
10790,448
10791,448
10792,449
10793,449
10794,449
10795,449
10796,449
10797,448
10798,448
10799,448
10800,449
10801,449
10802,449
10803,448
10804,448
10805,447
10806,447
10807,447
10808,448
10809,448
10810,448
10811,448
10812,448
10813,448
10814,447
10815,447
10816,447
10817,448
10818,448
10819,448
10820,448
10821,447
10822,447
10823,447
10824,447
10825,447
10826,447
10827,448
10828,447
10829,447
10831,447
10832,447
10833,447
10834,447
10835,448
10836,448
10837,448
10838,447
10839,447
10840,448
10841,448
10842,448
10843,448
10844,449
10845,447
10846,448
10847,448
10848,448
10849,448
10850,449
10851,449
10852,449
10853,449
10854,449
10855,449
10856,449
10857,449
10858,449
10859,450
10860,450
10861,450
10862,450
10863,449
10864,449
10865,446
10866,449
10867,450
10868,450
10869,451
10870,450
10871,450
10872,450
10874,450
10875,450
10876,451
10877,451
10878,451
10879,451
10880,451
10881,451
10882,450
10883,450
10884,451
10885,451
10886,451
10887,451
10888,451
10889,450
10890,450
10891,450
10892,451
10893,451
10894,451
10895,451
10896,450
10897,450
10898,450
10899,451
10900,451
10901,451
10902,451
10903,451
10904,450
10905,450
10906,450
10907,450
10908,450
10909,450
10910,451
10911,450
10912,450
10913,450
10914,449
10916,450
10917,450
10918,450
10919,450
10920,451
10921,450
10922,449
10923,449
10924,449
10925,449
10926,450
10927,450
10928,450
10929,449
10930,449
10931,449
10932,449
10933,449
10934,449
10935,449
10936,449
10937,449
10938,448
10939,449
10940,449
10941,449
10942,449
10943,449
10944,449
10945,448
10946,448
10947,448
10948,448
10949,448
10950,448
10951,449
10952,449
10953,448
10954,448
10955,448
10956,448
10957,448
10959,448
10960,449
10961,449
10962,448
10963,448
10964,447
10965,447
10966,448
10967,447
10968,448
10969,448
10970,448
10971,447
10972,447
10973,447
10974,447
10975,448
10976,448
10977,448
10978,448
10979,448
10980,448
10981,448
10982,448
10983,448
10984,448
10985,448
10986,448
10987,448
10988,448
10989,448
10990,448
10991,449
10992,449
10993,449
10994,449
10995,449
10996,449
10997,449
10998,449
10999,450
11000,450
11002,450
11003,450
11004,450
11005,450
11006,450
11007,449
11008,450
11009,450
11010,451
11011,451
11012,451
11013,450
11014,450
11015,450
11016,451
11017,451
11018,451
11019,451
11020,452
11021,451
11022,450
11023,450
11024,451
11025,451
11026,451
11027,451
11028,451
11029,451
11030,451
11031,450
11032,451
11033,451
11034,451
11035,452
11036,451
11037,451
11038,451
11039,451
11040,451
11041,451
11042,451
11044,451
11045,451
11046,451
11047,450
11048,450
11049,450
11050,451
11051,451
11052,451
11053,451
11054,450
11055,450
11056,450
11057,450
11058,450
11059,450
11060,451
11061,451
11062,450
11063,449
11064,450
11065,449
11066,450
11067,450
11068,450
11069,450
11070,450
11071,449
11072,449
11073,449
11074,449
11075,449
11076,449
11077,449
11078,449
11079,449
11080,449
11081,449
11082,449
11083,449
11084,449
11085,449
11087,449
11088,448
11089,448
11090,448
11091,448
11092,449
11093,449
11094,449
11095,449
11096,448
11097,448
11098,448
11099,448
11100,449
11101,449
11102,448
11103,448
11104,448
11105,448
11106,448
11107,448
11108,448
11109,448
11110,448
11111,448
11112,448
11113,448
11114,447
11115,447
11116,448
11117,448
11118,448
11119,448
11120,448
11121,448
11122,447
11123,448
11124,448
11125,448
11126,448
11127,449
11128,449
11130,448
11131,448
11132,448
11133,449
11134,449
11135,450
11136,449
11137,449
11138,449
11139,449
11140,449
11141,450
11142,450
11143,450
11144,450
11145,450
11146,450
11147,450
11148,450
11149,450
11150,450
11151,451
11152,451
11153,450
11154,450
11155,450
11156,450
11157,450
11158,451
11159,451
11160,452
11161,451
11162,451
11163,450
11164,450
11165,451
11166,451
11167,451
11168,451
11169,451
11170,451
11172,450
11173,450
11174,450
11175,451
11176,451
11177,451
11178,451
11179,451
11180,451
11181,451
11182,451
11183,451
11184,451
11185,451
11186,451
11187,451
11188,450
11189,450
11190,450
11191,450
11192,451
11193,451
11194,451
11195,451
11196,450
11197,450
11198,450
11199,450
11200,451
11201,451
11202,450
11203,450
11204,450
11205,449
11206,449
11207,449
11208,450
11209,450
11210,450
11211,450
11212,449
11213,449
11215,449
11216,449
11217,449
11218,450
11219,449
11220,450
11221,449
11222,449
11223,448
11224,448
11225,449
11226,449
11227,449
11228,449
11229,449
11230,448
11231,448
11232,448
11233,448
11234,449
11235,449
11236,448
11237,448
11238,448
11239,448
11240,448
11241,448
11242,448
11243,449
11244,448
11245,448
11246,447
11247,447
11248,447
11249,448
11250,448
11251,448
11252,448
11253,448
11254,447
11255,447
11256,447
11258,448
11259,448
11260,449
11261,449
11262,448
11263,448
11264,448
11265,447
11266,448
11267,447
11268,446
11269,449
11270,449
11271,448
11272,448
11273,448
11274,448
11275,448
11276,449
11277,449
11278,449
11279,449
11280,449
11281,449
11282,449
11283,449
11284,449
11285,447
11286,450
11287,450
11288,449
11289,449
11290,450
11291,450
11292,450
11293,451
11294,450
11295,450
11296,450
11297,450
11298,450
11300,451
11301,451
11302,451
11303,451
11304,451
11305,450
11306,450
11307,450
11308,451
11309,451
11310,451
11311,451
11312,451
11313,451
11314,451
11315,450
11316,451
11317,451
11318,452
11319,451
11320,452
11321,451
11322,450
11323,450
11324,450
11325,451
11326,451
11327,451
11328,451
11329,450
11330,450
11331,450
11332,450
11333,451
11334,451
11335,451
11336,451
11337,450
11338,450
11339,451
11340,451
11341,450
11343,451
11344,451
11345,451
11346,450
11347,450
11348,450
11349,450
11350,450
11351,450
11352,450
11353,450
11354,450
11355,449
11356,449
11357,449
11358,450
11359,450
11360,450
11361,450
11362,449
11363,449
11364,448
11365,448
11366,449
11367,449
11368,449
11369,449
11370,449
11371,448
11372,448
11373,448
11374,448
11375,449
11376,449
11377,448
11378,448
11379,448
11380,448
11381,448
11382,448
11383,448
11384,448
11386,448
11387,448
11388,448
11389,447
11390,447
11391,448
11392,448
11393,448
11394,448
11395,448
11396,447
11397,447
11398,447
11399,448
11400,448
11401,449
11402,448
11403,448
11404,448
11405,448
11406,448
11407,448
11408,448
11409,448
11410,448
11411,448
11412,448
11413,448
11414,448
11415,448
11416,449
11417,449
11418,449
11419,450
11420,450
11421,449
11422,449
11423,449
11424,449
11425,450
11426,450
11428,450
11429,450
11430,449
11431,450
11432,449
11433,450
11434,450
11435,451
11436,451
11437,450
11438,450
11439,450
11440,450
11441,450
11442,450
11443,451
11444,451
11445,450
11446,450
11447,450
11448,450
11449,450
11450,451
11451,451
11452,451
11453,451
11454,450
11455,450
11456,450
11457,450
11458,450
11459,451
11460,451
11461,451
11462,450
11463,450
11464,450
11465,450
11466,451
11467,451
11468,451
11469,451
11471,450
11472,450
11473,450
11474,450
11475,450
11476,451
11477,451
11478,450
11479,450
11480,450
11481,450
11482,450
11483,450
11484,450
11485,451
11486,450
11487,450
11488,450
11489,450
11490,449
11491,450
11492,450
11493,450
11494,450
11495,450
11496,449
11497,449
11498,449
11499,450
11500,450
11501,450
11502,450
11503,449
11504,449
11505,449
11506,449
11507,449
11508,449
11509,449
11510,449
11511,449
11512,449
11514,449
11515,448
11516,448
11517,449
11518,449
11519,449
11520,449
11521,449
11522,448
11523,448
11524,448
11525,448
11526,449
11527,449
11528,448
11529,448
11530,448
11531,448
11532,448
11533,448
11534,448
11535,449
11536,448
11537,448
11538,447
11539,448
11540,448
11541,449
11542,448
11543,449
11544,448
11545,448
11546,448
11547,447
11548,448
11549,448
11550,449
11551,449
11552,449
11553,449
11554,448
11556,448
11557,448
11558,449
11559,449
11560,450
11561,450
11562,450
11563,449
11564,449
11565,449
11566,450
11567,450
11568,450
11569,450
11570,450
11571,449
11572,449
11573,450
11574,450
11575,450
11576,450
11577,450
11578,450
11579,450
11580,450
11581,450
11582,450
11583,450
11584,451
11585,451
11586,450
11587,450
11588,450
11589,450
11590,450
11591,450
11592,451
11593,451
11594,451
11595,450
11596,450
11597,450
11599,450
11600,451
11601,451
11602,450
11603,450
11604,450
11605,450
11606,450
11607,450
11608,450
11609,450
11610,451
11611,450
11612,450
11613,450
11614,450
11615,450
11616,450
11617,451
11618,451
11619,451
11620,450
11621,450
11622,449
11623,449
11624,450
11625,450
11626,450
11627,450
11628,450
11629,449
11630,449
11631,449
11632,449
11633,450
11634,450
11635,450
11636,450
11637,449
11638,449
11639,449
11640,450
11642,450
11643,450
11644,450
11645,449
11646,449
11647,448
11648,447
11649,449
11650,449
11651,450
11652,449
11653,449
11654,448
11655,446
11656,449
11657,449
11658,449
11659,449
11660,447
11661,450
11662,449
11663,449
11664,444
11665,448
11666,449
11667,449
11668,449
11669,449
11670,449
11671,448
11672,448
11673,448
11674,449
11675,449
11676,449
11677,449
11678,449
11679,449
11680,449
11681,449
11682,449
11684,449
11685,449
11686,449
11687,449
11688,449
11689,449
11690,449
11691,449
11692,450
11693,450
11694,450
11695,449
11696,449
11697,449
11698,449
11699,449
11700,450
11701,451
11702,450
11703,450
11704,449
11705,450
11706,449
11707,450
11708,450
11709,450
11710,451
11711,450
11712,450
11713,450
11714,450
11715,450
11716,450
11717,450
11718,451
11719,451
11720,450
11721,450
11722,450
11723,450
11724,450
11725,451
11727,451
11728,450
11729,450
11730,450
11731,450
11732,450
11733,450
11734,451
11735,451
11736,451
11737,450
11738,450
11739,450
11740,451
11741,451
11742,450
11743,451
11744,450
11745,450
11746,450
11747,446
11748,450
11749,450
11750,450
11751,450
11752,450
11753,450
11754,449
11755,449
11756,449
11757,450
11758,450
11759,450
11760,450
11761,450
11762,449
11763,448
11764,449
11765,450
11766,450
11767,450
11768,450
11770,450
11771,449
11772,449
11773,449
11774,449
11775,449
11776,450
11777,450
11778,450
11779,449
11780,450
11781,450
11782,449
11783,450
11784,450
11785,450
11786,450
11787,450
11788,450
11789,449
11790,449
11791,450
11792,450
11793,450
11794,450
11795,449
11796,449
11797,449
11798,449
11799,450
11800,450
11801,450
11802,450
11803,449
11804,449
11805,449
11806,449
11807,449
11808,450
11809,450
11810,450
11812,449
11813,449
11814,449
11815,449
11816,450
11817,450
11818,450
11819,450
11820,450
11821,450
11822,449
11823,449
11824,449
11825,450
11826,450
11827,450
11828,450
11829,449
11830,449
11831,449
11832,450
11833,450
11834,450
11835,450
11836,450
11837,450
11838,450
11839,450
11840,450
11841,450
11842,450
11843,450
11844,450
11845,450
11846,449
11847,450
11848,450
11849,450
11850,450
11851,451
11852,451
11853,450
11855,450
11856,449
11857,450
11858,450
11859,450
11860,451
11861,451
11862,450
11863,450
11864,449
11865,450
11866,450
11867,450
11868,450
11869,450
11870,450
11871,450
11872,450
11873,449
11874,450
11875,450
11876,450
11877,450
11878,449
11879,449
11880,449
11881,449
11882,449
11883,450
11884,450
11885,450
11886,449
11887,449
11888,449
11889,449
11890,449
11891,449
11892,450
11893,449
11894,449
11895,449
11896,449
11898,449
11899,449
11900,450
11901,451
11902,450
11903,450
11904,449
11905,449
11906,444
11907,449
11908,450
11909,450
11910,450
11911,450
11912,449
11913,449
11914,449
11915,449
11916,450
11917,450
11918,450
11919,450
11920,450
11921,450
11922,449
11923,449
11924,448
11925,450
11926,450
11927,450
11928,449
11929,450
11930,449
11931,449
11932,449
11933,450
11934,450
11935,450
11936,449
11937,449
11938,449
11940,450
11941,450
11942,450
11943,450
11944,450
11945,449
11946,449
11947,449
11948,449
11949,450
11950,450
11951,450
11952,450
11953,450
11954,449
11955,450
11956,450
11957,450
11958,450
11959,450
11960,450
11961,450
11962,449
11963,449
11964,449
11965,449
11966,449
11967,450
11968,449
11969,449
11970,449
11971,449
11972,449
11973,449
11974,449
11975,450
11976,449
11977,449
11978,449
11979,449
11980,449
11981,448
11983,448
11984,449
11985,448
11986,448
11987,448
11988,447
11989,447
11990,447
11991,447
11992,447
11993,447
11994,447
11995,447
11996,447
11997,447
11998,447
11999,447
12000,448
12001,448
12002,448
12003,447
12004,447
12005,447
12006,447
12007,448
12008,448
12009,448
12010,448
12011,448
12012,448
12013,448
12014,448
12015,448
12016,449
12017,449
12018,449
12019,449
12020,449
12021,449
12022,448
12023,449
12024,449
12026,449
12027,450
12028,449
12029,449
12030,448
12031,449
12032,449
12033,449
12034,450
12035,450
12036,450
12037,449
12038,449
12039,449
12040,449
12041,450
12042,450
12043,450
12044,450
12045,450
12046,449
12047,449
12048,449
12049,450
12050,450
12051,450
12052,450
12053,449
12054,449
12055,449
12056,449
12057,449
12058,450
12059,451
12060,451
12061,450
12062,449
12063,449
12064,449
12065,450
12066,450
12068,450
12069,450
12070,450
12071,449
12072,449
12073,449
12074,450
12075,450
12076,450
12077,450
12078,449
12079,449
12080,449
12081,449
12082,449
12083,449
12084,449
12085,449
12086,449
12087,448
12088,449
12089,449
12090,450
12091,451
12092,451
12093,452
12094,452
12095,451
12096,451
12097,450
12098,450
12099,451
12100,450
12101,450
12102,449
12103,448
12104,448
12105,448
12106,448
12107,449
12108,449
12109,449
12111,449
12112,448
12113,448
12114,448
12115,448
12116,447
12117,447
12118,447
12119,447
12120,446
12121,446
12122,445
12123,444
12124,444
12125,444
12126,444
12127,444
12128,444
12129,443
12130,443
12131,443
12132,443
12133,444
12134,444
12135,444
12136,444
12137,444
12138,444
12139,444
12140,445
12141,445
12142,445
12143,445
12144,445
12145,445
12146,445
12147,446
12148,446
12149,446
12150,447
12151,447
12152,447
12154,447
12155,447
12156,447
12157,447
12158,447
12159,447
12160,448
12161,448
12162,448
12163,447
12164,448
12165,448
12166,449
12167,449
12168,449
12169,449
12170,449
12171,448
12172,449
12173,449
12174,449
12175,449
12176,449
12177,449
12178,449
12179,449
12180,449
12181,449
12182,449
12183,450
12184,450
12185,449
12186,449
12187,449
12188,449
12189,449
12190,449
12191,449
12192,450
12193,450
12194,449
12196,449
12197,449
12198,449
12199,449
12200,450
12201,450
12202,450
12203,449
12204,449
12205,449
12206,449
12207,449
12208,449
12209,450
12210,449
12211,449
12212,448
12213,448
12214,448
12215,449
12216,449
12217,449
12218,449
12219,448
12220,448
12221,448
12222,448
12223,448
12224,449
12225,450
12226,450
12227,450
12228,451
12229,451
12230,452
12231,453
12232,453
12233,453
12234,453
12235,453
12236,451
12237,450
12239,449
12240,449
12241,449
12242,448
12243,447
12244,447
12245,446
12246,445
12247,445
12248,445
12249,445
12250,444
12251,444
12252,443
12253,442
12254,441
12255,441
12256,441
12257,441
12258,441
12259,440
12260,441
12261,440
12262,440
12263,439
12264,438
12265,439
12266,438
12267,438
12268,438
12269,438
12270,438
12271,437
12272,437
12273,438
12274,438
12275,438
12276,438
12277,437
12278,437
12279,438
12280,438
12282,438
12283,438
12284,439
12285,439
12286,439
12287,439
12288,440
12289,441
12290,442
12291,443
12292,444
12293,445
12294,446
12295,447
12296,447
12297,448
12298,448
12299,448
12300,448
12301,448
12302,447
12303,447
12304,447
12305,447
12306,447
12307,447
12308,448
12309,448
12310,448
12311,448
12312,448
12313,448
12314,448
12315,449
12316,449
12317,449
12318,449
12319,449
12320,449
12321,449
12322,448
12324,449
12325,449
12326,449
12327,449
12328,449
12329,448
12330,448
12331,448
12332,449
12333,449
12334,449
12335,449
12336,449
12337,448
12338,448
12339,449
12340,449
12341,450
12342,449
12343,449
12344,449
12345,448
12346,448
12347,448
12348,448
12349,448
12350,449
12351,448
12352,448
12353,448
12354,447
12355,447
12356,447
12357,447
12358,447
12359,448
12360,448
12361,447
12362,447
12363,447
12364,447
12365,449
12367,451
12368,454
12369,458
12370,462
12371,465
12372,469
12373,472
12374,473
12375,471
12376,469
12377,466
12378,462
12379,459
12380,457
12381,455
12382,454
12383,452
12384,451
12385,449
12386,447
12387,446
12388,444
12389,441
12390,440
12391,439
12392,438
12393,437
12394,436
12395,435
12396,434
12397,434
12398,434
12399,434
12400,434
12401,433
12402,432
12403,432
12404,432
12405,432
12406,432
12407,432
12408,432
12410,432
12411,432
12412,431
12413,430
12414,429
12415,428
12416,426
12417,424
12418,421
12419,419
12420,416
12421,414
12422,410
12423,407
12424,405
12425,402
12426,398
12427,394
12428,389
12429,383
12430,377
12431,375
12432,375
12433,382
12434,397
12435,418
12436,437
12437,443
12438,444
12439,445
12440,446
12441,447
12442,448
12443,447
12444,447
12445,448
12446,448
12447,449
12448,449
12449,450
12450,450
12452,450
12453,449
12454,449
12455,449
12456,449
12457,449
12458,449
12459,449
12460,450
12461,450
12462,448
12463,448
12464,448
12465,448
12466,449
12467,449
12468,449
12469,449
12470,448
12471,448
12472,448
12473,448
12474,448
12475,448
12476,448
12477,448
12478,447
12479,447
12480,447
12481,447
12482,447
12483,447
12484,446
12485,446
12486,445
12487,445
12488,445
12489,445
12490,446
12491,446
12492,446
12493,446
12495,445
12496,445
12497,445
12498,446
12499,446
12500,447
12501,447
12502,447
12503,447
12504,450
12505,459
12506,479
12507,507
12508,538
12509,561
12510,572
12511,572
12512,561
12513,543
12514,520
12515,500
12516,483
12517,469
12518,458
12519,441
12520,418
12521,388
12522,355
12523,324
12524,290
12525,257
12526,222
12527,186
12528,160
12529,132
12530,108
12531,88
12532,70
12533,55
12534,43
12535,33
12536,24
12538,19
12539,14
12540,13
12541,13
12542,13
12543,13
12544,13
12545,13
12546,13
12547,13
12548,13
12549,13
12550,13
12551,13
12552,13
12553,12
12554,12
12555,12
12556,11
12557,10
12558,10
12559,10
12560,9
12561,8
12562,8
12563,8
12564,7
12565,9
12566,8
12567,8
12568,8
12569,9
12570,25
12571,76
12572,163
12573,265
12574,361
12575,425
12576,445
12577,447
12578,449
12580,450
12581,451
12582,452
12583,452
12584,451
12585,452
12586,451
12587,451
12588,451
12589,451
12590,451
12591,451
12592,451
12593,451
12594,451
12595,450
12596,450
12597,450
12598,450
12599,450
12600,451
12601,451
12602,450
12603,450
12604,450
12605,450
12606,450
12607,450
12608,450
12609,450
12610,450
12611,449
12612,449
12613,449
12614,449
12615,449
12616,450
12617,450
12618,449
12619,449
12620,449
12621,448
12623,448
12624,447
12625,447
12626,447
12627,446
12628,446
12629,445
12630,445
12631,446
12632,446
12633,446
12634,446
12635,446
12636,446
12637,446
12638,445
12639,432
12640,399
12641,345
12642,285
12643,225
12644,177
12645,143
12646,119
12647,96
12648,74
12649,54
12650,36
12651,24
12652,18
12653,18
12654,17
12655,17
12656,17
12657,17
12658,17
12659,17
12660,17
12661,16
12662,16
12663,16
12664,16
12666,16
12667,16
12668,16
12669,15
12670,15
12671,15
12672,15
12673,15
12674,14
12675,14
12676,14
12677,14
12678,14
12679,14
12680,14
12681,14
12682,14
12683,14
12684,14
12685,14
12686,14
12687,14
12688,13
12689,13
12690,13
12691,13
12692,12
12693,11
12694,11
12695,10
12696,10
12697,9
12698,9
12699,9
12700,8
12701,7
12702,7
12703,7
12704,7
12705,7
12706,7
12708,12
12709,39
12710,104
12711,199
12712,300
12713,387
12714,435
12715,446
12716,448
12717,450
12718,451
12719,451
12720,451
12721,451
12722,451
12723,451
12724,451
12725,451
12726,452
12727,451
12728,451
12729,451
12730,451
12731,451
12732,451
12733,452
12734,452
12735,451
12736,451
12737,451
12738,451
12739,451
12740,452
12741,452
12742,451
12743,451
12744,450
12745,450
12746,450
12747,450
12748,450
12749,451
12751,451
12752,450
12753,450
12754,449
12755,449
12756,449
12757,449
12758,449
12759,449
12760,450
12761,450
12762,449
12763,449
12764,449
12765,449
12766,450
12767,450
12768,450
12769,450
12770,450
12771,450
12772,450
12773,450
12774,450
12775,450
12776,433
12777,380
12778,290
12779,193
12780,107
12781,49
12782,24
12783,18
12784,17
12785,17
12786,17
12787,16
12788,16
12789,17
12790,17
12791,17
12792,17
12794,16
12795,16
12796,16
12797,16
12798,17
12799,17
12800,16
12801,16
12802,16
12803,16
12804,16
12805,16
12806,16
12807,16
12808,16
12809,15
12810,15
12811,15
12812,14
12813,14
12814,14
12815,14
12816,14
12817,14
12818,14
12819,14
12820,14
12821,13
12822,14
12823,14
12824,14
12825,14
12826,13
12827,12
12828,12
12829,11
12830,11
12831,10
12832,10
12833,9
12834,9
12836,8
12837,8
12838,8
12839,7
12840,8
12841,8
12842,8
12843,12
12844,35
12845,97
12846,193
12847,298
12848,388
12849,439
12850,449
12851,451
12852,452
12853,453
12854,453
12855,453
12856,454
12857,454
12858,454
12859,454
12860,454
12861,454
12862,453
12863,453
12864,453
12865,453
12866,453
12867,453
12868,453
12869,452
12870,451
12871,451
12872,452
12873,452
12874,452
12875,452
12876,452
12877,451
12879,451
12880,452
12881,452
12882,452
12883,451
12884,452
12885,451
12886,451
12887,450
12888,450
12889,450
12890,450
12891,451
12892,451
12893,450
12894,450
12895,450
12896,450
12897,450
12898,450
12899,451
12900,452
12901,452
12902,451
12903,451
12904,451
12905,451
12906,451
12907,452
12908,452
12909,452
12910,451
12911,441
12912,399
12913,319
12914,223
12915,134
12916,66
12917,31
12918,20
12919,18
12920,18
12922,18
12923,18
12924,18
12925,18
12926,18
12927,18
12928,18
12929,18
12930,18
12931,18
12932,18
12933,18
12934,18
12935,18
12936,17
12937,17
12938,17
12939,17
12940,17
12941,17
12942,16
12943,16
12944,16
12945,17
12946,16
12947,16
12948,15
12949,15
12950,15
12951,14
12952,14
12953,14
12954,14
12955,14
12956,14
12957,14
12958,14
12959,14
12960,14
12961,14
12962,14
12964,13
12965,15
12966,15
12967,15
12968,15
12969,15
12970,16
12971,17
12972,18
12973,22
12974,37
12975,72
12976,118
12977,174
12978,234
12979,289
12980,336
12981,374
12982,400
12983,418
12984,434
12985,445
12986,448
12987,448
12988,448
12989,449
12990,449
12991,450
12992,450
12993,450
12994,449
12995,450
12996,450
12997,450
12998,450
12999,451
13000,451
13001,452
13002,451
13003,450
13004,451
13005,450
13007,451
13008,451
13009,451
13010,451
13011,451
13012,451
13013,451
13014,451
13015,451
13016,452
13017,452
13018,452
13019,452
13020,452
13021,452
13022,452
13023,452
13024,453
13025,453
13026,452
13027,452
13028,452
13029,452
13030,452
13031,453
13032,453
13033,454
13034,454
13035,454
13036,453
13037,453
13038,453
13039,452
13040,452
13041,451
13042,450
13043,450
13044,450
13045,449
13046,449
13047,449
13048,450
13050,450
13051,450
13052,450
13053,450
13054,452
13055,455
13056,461
13057,470
13058,479
13059,489
13060,499
13061,509
13062,519
13063,529
13064,539
13065,546
13066,553
13067,557
13068,558
13069,554
13070,555
13071,553
13072,551
13073,549
13074,547
13075,545
13076,540
13077,537
13078,532
13079,528
13080,525
13081,522
13082,519
13083,516
13084,512
13085,510
13086,507
13087,506
13088,505
13089,504
13090,503
13092,503
13093,501
13094,500
13095,498
13096,497
13097,497
13098,496
13099,496
13100,496
13101,496
13102,494
13103,493
13104,492
13105,492
13106,492
13107,492
13108,491
13109,491
13110,491
13111,490
13112,489
13113,489
13114,489
13115,489
13116,489
13117,488
13118,488
13119,487
13120,488
13121,487
13122,487
13123,487
13124,487
13125,487
13126,487
13127,486
13128,486
13129,486
13130,486
13131,486
13132,486
13133,487
13135,487
13136,486
13137,486
13138,486
13139,486
13140,487
13141,487
13142,487
13143,487
13144,486
13145,486
13146,486
13147,486
13148,486
13149,487
13150,487
13151,486
13152,486
13153,486
13154,486
13155,486
13156,486
13157,486
13158,487
13159,486
13160,487
13161,486
13162,486
13163,486
13164,486
13165,486
13166,487
13167,487
13168,486
13169,486
13170,486
13171,486
13172,486
13173,486
13174,486
13175,486
13176,486
13178,486
13179,486
13180,486
13181,486
13182,487
13183,487
13184,486
13185,486
13186,486
13187,486
13188,486
13189,486
13190,486
13191,487
13192,487
13193,486
13194,486
13195,486
13196,486
13197,486
13198,486
13199,486
13200,487
13201,487
13202,486
13203,485
13204,486
13205,486
13206,486
13207,486
13208,487
13209,486
13210,486
13211,486
13212,486
13213,486
13214,487
13215,487
13216,487
13217,487
13218,486
13220,486
13221,486
13222,486
13223,486
13224,486
13225,487
13226,486
13227,486
13228,486
13229,486
13230,486
13231,486
13232,486
13233,487
13234,487
13235,486
13236,486
13237,486
13238,486
13239,486
13240,487
13241,487
13242,487
13243,486
13244,486
13245,485
13246,486
13247,486
13248,486
13249,487
13250,487
13251,486
13252,486
13253,486
13254,486
13255,486
13256,486
13257,487
13258,486
13259,487
13260,487
13261,486
13263,486
13264,486
13265,486
13266,486
13267,487
13268,486
13269,486
13270,486
13271,486
13272,486
13273,486
13274,486
13275,487
13276,486
13277,486
13278,486
13279,486
13280,486
13281,487
13282,487
13283,486
13284,487
13285,486
13286,486
13287,485
13288,486
13289,486
13290,486
13291,486
13292,487
13293,486
13294,486
13295,486
13296,486
13297,486
13298,487
13299,486
13300,487
13301,487
13302,486
13303,485
13304,486
13306,486
13307,486
13308,486
13309,487
13310,486
13311,486
13312,485
13313,485
13314,486
13315,486
13316,486
13317,486
13318,486
13319,486
13320,486
13321,486
13322,486
13323,486
13324,487
13325,487
13326,486
13327,486
13328,486
13329,486
13330,486
13331,486
13332,487
13333,487
13334,487
13335,486
13336,486
13337,486
13338,486
13339,486
13340,487
13341,487
13342,486
13343,486
13344,486
13345,486
13346,486
13348,486
13349,487
13350,487
13351,487
13352,486
13353,486
13354,486
13355,486
13356,486
13357,487
13358,487
13359,487
13360,487
13361,487
13362,486
13363,486
13364,486
13365,486
13366,487
13367,487
13368,486
13369,486
13370,486
13371,486
13372,486
13373,486
13374,486
13375,487
13376,486
13377,486
13378,486
13379,486
13380,486
13381,487
13382,487
13383,487
13384,486
13385,486
13386,486
13387,486
13388,486
13389,486
13391,487
13392,487
13393,486
13394,486
13395,486
13396,485
13397,486
13398,486
13399,486
13400,487
13401,487
13402,486
13403,485
13404,486
13405,486
13406,486
13407,487
13408,487
13409,486
13410,486
13411,486
13412,486
13413,486
13414,486
13415,486
13416,487
13417,487
13418,486
13419,486
13420,487
13421,487
13422,486
13423,486
13424,487
13425,486
13426,486
13427,486
13428,486
13429,486
13430,486
13431,487
13432,487
13434,487
13435,486
13436,486
13437,486
13438,486
13439,486
13440,487
13441,487
13442,487
13443,486
13444,485
13445,485
13446,486
13447,486
13448,486
13449,486
13450,486
13451,485
13452,486
13453,486
13454,486
13455,486
13456,486
13457,486
13458,485
13459,486
13460,487
13461,487
13462,486
13463,486
13464,486
13465,486
13466,486
13467,486
13468,486
13469,486
13470,486
13471,486
13472,486
13473,487
13474,487
13476,487
13477,486
13478,486
13479,486
13480,487
13481,487
13482,487
13483,487
13484,487
13485,487
13486,486
13487,486
13488,486
13489,486
13490,487
13491,487
13492,487
13493,486
13494,486
13495,486
13496,486
13497,486
13498,487
13499,487
13500,487
13501,487
13502,486
13503,486
13504,486
13505,486
13506,487
13507,487
13508,487
13509,487
13510,486
13511,486
13512,486
13513,486
13514,487
13515,487
13516,487
13517,487
13519,486
13520,486
13521,486
13522,487
13523,486
13524,486
13525,487
13526,486
13527,486
13528,486
13529,486
13530,486
13531,486
13532,487
13533,487
13534,486
13535,486
13536,486
13537,486
13538,486
13539,486
13540,487
13541,487
13542,487
13543,486
13544,486
13545,486
13546,486
13547,486
13548,487
13549,487
13550,487
13551,486
13552,486
13553,486
13554,486
13555,486
13556,486
13557,487
13558,487
13559,487
13560,487
13562,487
13563,486
13564,486
13565,486
13566,487
13567,487
13568,486
13569,486
13570,486
13571,486
13572,486
13573,487
13574,487
13575,487
13576,487
13577,486
13578,486
13579,486
13580,487
13581,487
13582,487
13583,487
13584,487
13585,486
13586,486
13587,486
13588,486
13589,486
13590,487
13591,487
13592,487
13593,486
13594,486
13595,486
13596,486
13597,487
13598,487
13599,487
13600,487
13601,487
13602,486
13604,486
13605,486
13606,487
13607,487
13608,487
13609,487
13610,486
13611,486
13612,486
13613,486
13614,486
13615,487
13616,487
13617,487
13618,487
13619,486
13620,487
13621,487
13622,486
13623,487
13624,487
13625,487
13626,486
13627,486
13628,486
13629,486
13630,486
13631,486
13632,487
13633,487
13634,487
13635,486
13636,486
13637,486
13638,486
13639,487
13640,487
13641,488
13642,486
13643,486
13644,486
13645,486
13647,486
13648,486
13649,486
13650,487
13651,487
13652,486
13653,486
13654,486
13655,486
13656,487
13657,487
13658,487
13659,487
13660,487
13661,487
13662,486
13663,486
13664,486
13665,487
13666,487
13667,487
13668,486
13669,486
13670,486
13671,486
13672,487
13673,486
13674,487
13675,487
13676,486
13677,486
13678,486
13679,486
13680,487
13681,487
13682,487
13683,487
13684,486
13685,485
13686,486
13687,486
13688,486
13690,487
13691,487
13692,487
13693,486
13694,486
13695,486
13696,486
13697,486
13698,487
13699,487
13700,487
13701,487
13702,487
13703,486
13704,486
13705,486
13706,484
13707,487
13708,487
13709,487
13710,486
13711,486
13712,486
13713,486
13714,487
13715,487
13716,487
13717,487
13718,487
13719,486
13720,487
13721,487
13722,486
13723,487
13724,487
13725,487
13726,486
13727,486
13728,486
13729,486
13730,487
13732,487
13733,487
13734,487
13735,486
13736,486
13737,486
13738,486
13739,486
13740,487
13741,487
13742,487
13743,486
13744,486
13745,486
13746,486
13747,486
13748,487
13749,487
13750,487
13751,487
13752,486
13753,486
13754,486
13755,486
13756,487
13757,487
13758,487
13759,487
13760,487
13761,487
13762,486
13763,486
13764,487
13765,487
13766,487
13767,487
13768,487
13769,486
13770,486
13771,486
13772,486
13773,487
13775,487
13776,487
13777,486
13778,486
13779,486
13780,487
13781,487
13782,487
13783,487
13784,487
13785,486
13786,486
13787,486
13788,486
13789,487
13790,487
13791,487
13792,486
13793,486
13794,486
13795,486
13796,486
13797,486
13798,487
13799,487
13800,487
13801,487
13802,486
13803,486
13804,486
13805,486
13806,487
13807,487
13808,487
13809,486
13810,486
13811,486
13812,486
13813,486
13814,487
13815,487
13816,487
13818,487
13819,486
13820,486
13821,487
13822,487
13823,487
13824,487
13825,487
13826,487
13827,486
13828,486
13829,486
13830,486
13831,487
13832,487
13833,487
13834,487
13835,486
13836,486
13837,486
13838,486
13839,487
13840,488
13841,488
13842,487
13843,486
13844,486
13845,486
13846,486
13847,487
13848,487
13849,487
13850,487
13851,486
13852,486
13853,486
13854,486
13855,487
13856,487
13857,487
13858,487
13860,487
13861,487
13862,487
13863,486
13864,487
13865,487
13866,487
13867,487
13868,486
13869,486
13870,486
13871,486
13872,486
13873,487
13874,487
13875,487
13876,487
13877,486
13878,486
13879,486
13880,487
13881,487
13882,487
13883,487
13884,487
13885,486
13886,486
13887,486
13888,486
13889,487
13890,487
13891,487
13892,487
13893,486
13894,486
13895,486
13896,486
13897,487
13898,487
13899,487
13900,487
13901,487
13903,486
13904,486
13905,486
13906,486
13907,487
13908,487
13909,487
13910,486
13911,486
13912,486
13913,486
13914,487
13915,487
13916,487
13917,487
13918,487
13919,486
13920,487
13921,487
13922,486
13923,487
13924,487
13925,487
13926,486
13927,486
13928,486
13929,486
13930,486
13931,487
13932,487
13933,487
13934,486
13935,486
13936,486
13937,486
13938,486
13939,487
13940,488
13941,487
13942,486
13943,486
13944,486
13946,486
13947,486
13948,486
13949,487
13950,487
13951,487
13952,486
13953,486
13954,486
13955,486
13956,487
13957,487
13958,487
13959,487
13960,487
13961,487
13962,486
13963,486
13964,486
13965,487
13966,487
13967,487
13968,486
13969,486
13970,486
13971,486
13972,487
13973,487
13974,487
13975,487
13976,486
13977,486
13978,486
13979,486
13980,487
13981,487
13982,487
13983,487
13984,486
13985,486
13986,486
13988,485
13989,486
13990,487
13991,487
13992,487
13993,487
13994,486
13995,486
13996,486
13997,486
13998,486
13999,487
14000,487
14001,487
14002,486
14003,486
14004,486
14005,486
14006,486
14007,486
14008,486
14009,487
14010,486
14011,486
14012,486
14013,486
14014,487
14015,487
14016,487
14017,487
14018,486
14019,486
14020,487
14021,487
14022,487
14023,487
14024,487
14025,487
14026,486
14027,486
14028,486
14029,486
14031,486
14032,487
14033,487
14034,487
14035,486
14036,486
14037,486
14038,486
14039,486
14040,487
14041,487
14042,487
14043,486
14044,486
14045,486
14046,486
14047,486
14048,487
14049,487
14050,487
14051,486
14052,486
14053,486
14054,486
14055,486
14056,487
14057,487
14058,487
14059,486
14060,487
14061,487
14062,486
14063,486
14064,487
14065,486
14066,486
14067,486
14068,486
14069,485
14070,486
14071,485
14072,486
14074,487
14075,487
14076,486
14077,486
14078,486
14079,485
14080,487
14081,487
14082,487
14083,487
14084,486
14085,482
14086,486
14087,485
14088,486
14089,487
14090,487
14091,487
14092,486
14093,486
14094,486
14095,486
14096,486
14097,487
14098,487
14099,487
14100,487
14101,487
14102,486
14103,486
14104,486
14105,486
14106,487
14107,487
14108,487
14109,486
14110,486
14111,486
14112,486
14113,487
14114,487
14116,487
14117,487
14118,486
14119,486
14120,486
