Time (s),Intensity
1,288
2,288
3,287
4,286
5,287
6,287
7,231
8,256
9,260
10,251
11,284
12,255
13,288
14,262
15,265
16,264
17,255
18,287
19,270
20,274
21,268
22,269
23,280
24,263
25,286
27,263
28,273
29,268
30,265
31,288
32,267
33,288
34,270
35,273
36,268
37,275
38,286
39,278
40,272
41,271
42,277
43,284
44,271
45,288
46,278
47,273
48,269
49,275
50,287
51,278
52,280
53,276
54,273
55,276
56,275
57,286
58,274
59,276
60,276
61,273
62,280
63,275
64,286
65,278
66,276
67,271
69,273
70,280
71,275
72,287
73,278
74,281
75,277
76,277
77,285
78,275
79,285
80,276
81,281
82,280
83,279
84,287
85,275
86,280
87,278
88,281
89,280
90,279
91,287
92,278
93,281
94,278
95,277
96,280
97,279
98,288
99,279
100,276
101,276
102,279
103,287
104,275
105,284
106,278
107,281
108,280
109,279
110,287
112,279
113,282
114,276
115,277
116,280
117,279
118,287
119,278
120,282
121,277
122,277
123,284
124,283
125,288
126,278
127,280
128,280
129,277
130,287
131,279
132,284
133,276
134,281
135,280
136,279
137,286
138,279
139,280
140,276
141,281
142,285
143,279
144,287
145,279
146,277
147,276
148,281
149,287
150,275
151,288
152,278
153,277
155,280
156,279
157,286
158,279
159,283
160,276
161,279
162,280
163,279
164,287
165,282
166,280
167,276
168,281
169,284
170,275
171,288
172,278
173,278
174,280
175,277
176,284
177,283
178,288
179,280
180,287
181,287
182,286
183,288
184,289
185,296
186,286
187,287
188,286
189,286
190,288
191,287
192,288
193,286
194,290
195,286
197,287
198,287
199,287
200,290
201,287
202,288
203,287
204,287
205,286
206,291
207,287
208,287
209,290
210,287
211,287
212,287
213,286
214,287
215,288
216,288
217,288
218,287
219,287
220,287
221,287
222,287
223,287
224,289
225,286
226,287
227,287
228,287
229,286
230,287
231,287
232,288
233,288
234,288
235,287
236,287
237,286
238,287
240,287
241,288
242,288
243,288
244,286
245,288
246,287
247,286
248,287
249,288
250,288
251,288
252,287
253,287
254,286
255,287
256,287
257,287
258,288
259,287
260,287
261,286
262,286
263,287
264,287
265,288
266,289
267,288
268,287
269,287
270,286
271,287
272,287
273,288
274,288
275,287
276,287
277,287
278,287
279,287
280,287
281,287
283,288
284,288
285,287
286,287
287,287
288,287
289,287
290,287
291,288
292,288
293,288
294,287
295,287
296,287
297,287
298,287
299,288
300,288
301,288
302,287
303,287
304,287
305,287
306,287
307,288
308,287
309,287
310,287
311,287
312,287
313,287
314,287
315,288
316,288
317,288
318,287
319,287
320,287
321,287
322,288
323,288
325,288
326,288
327,287
328,286
329,287
330,286
331,287
332,288
333,288
334,288
335,287
336,287
337,287
338,287
339,287
340,288
341,288
342,288
343,288
344,287
345,287
346,287
347,287
348,288
349,288
350,288
351,288
352,287
353,287
354,287
355,287
356,287
357,288
358,288
359,288
360,287
361,287
362,287
363,287
364,288
365,288
366,288
368,288
369,287
370,287
371,287
372,287
373,287
374,288
375,288
376,287
377,287
378,287
379,287
380,287
381,287
382,288
383,288
384,288
385,287
386,287
387,287
388,287
389,287
390,288
391,288
392,288
393,288
394,287
395,287
396,287
397,287
398,288
399,288
400,288
401,287
402,287
403,287
404,287
405,287
406,287
407,288
408,287
409,287
411,287
412,287
413,287
414,287
415,287
416,288
417,288
418,288
419,287
420,287
421,287
422,287
423,287
424,288
425,288
426,287
427,287
428,286
429,286
430,287
431,287
432,288
433,288
434,288
435,287
436,287
437,287
438,287
439,287
440,288
441,288
442,288
443,287
444,287
445,287
446,287
447,287
448,288
449,287
450,288
451,288
453,285
454,287
455,287
456,287
457,288
458,287
459,288
460,287
461,287
462,287
463,287
464,287
465,287
466,288
467,288
468,286
469,287
470,287
471,287
472,287
473,287
474,288
475,288
476,288
477,287
478,287
479,287
480,287
481,287
482,288
483,288
484,288
485,287
486,287
487,287
488,287
489,287
490,287
491,288
492,288
493,287
494,287
496,287
497,287
498,287
499,288
500,288
501,288
502,287
503,287
504,287
505,287
506,287
507,287
508,288
509,288
510,287
511,287
512,287
513,287
514,287
515,288
516,288
517,288
518,288
519,287
520,287
521,287
522,287
523,287
524,288
525,287
526,287
527,286
528,287
529,287
530,287
531,288
532,288
533,288
534,287
535,287
536,287
537,287
539,287
540,288
541,288
542,288
543,288
544,287
545,287
546,287
547,285
548,288
549,288
550,288
551,285
552,287
553,287
554,287
555,287
556,287
557,288
558,288
559,288
560,287
561,287
562,287
563,287
564,288
565,288
566,288
567,287
568,288
569,287
570,283
571,287
572,287
573,288
574,288
575,288
576,287
577,287
578,287
579,287
581,287
582,288
583,288
584,288
585,287
586,287
587,287
588,287
589,287
590,288
591,288
592,288
593,287
594,287
595,287
596,287
597,287
598,288
599,288
600,288
601,288
602,287
603,287
604,287
605,287
606,287
607,287
608,288
609,287
610,287
611,287
612,287
613,287
614,287
615,288
616,288
617,288
618,287
619,287
620,287
621,287
622,288
624,288
625,288
626,288
627,287
628,287
629,287
630,287
631,287
632,288
633,288
634,288
635,287
636,287
637,287
638,287
639,287
640,288
641,288
642,288
643,288
644,287
645,287
646,286
647,287
648,288
649,288
650,288
651,288
652,287
653,287
654,287
655,287
656,287
657,288
658,288
659,287
660,287
661,287
662,287
663,287
664,288
665,288
667,288
668,288
669,287
670,287
671,287
672,287
673,287
674,288
675,288
676,288
677,287
678,287
679,287
680,287
681,287
682,288
683,288
684,288
685,287
686,287
687,287
688,287
689,287
690,288
691,288
692,287
693,287
694,287
695,287
696,287
697,287
698,288
699,288
700,288
701,288
702,287
703,287
704,287
705,287
706,288
707,288
709,288
710,287
711,287
712,287
713,287
714,287
715,288
716,288
717,288
718,288
719,287
720,287
721,287
722,287
723,288
724,288
725,288
726,287
727,287
728,286
729,287
730,287
731,287
732,288
733,288
734,288
735,287
736,287
737,286
738,287
739,287
740,288
741,288
742,288
743,288
744,287
745,287
746,287
747,287
748,288
749,288
750,288
752,287
753,287
754,287
755,287
756,287
757,287
758,288
759,288
760,287
761,287
762,287
763,287
764,288
765,288
766,288
767,288
768,287
769,287
770,287
771,287
772,287
773,288
774,288
775,288
776,287
777,287
778,287
779,287
780,287
781,288
782,288
783,288
784,287
785,287
786,287
787,287
788,287
789,287
790,288
791,288
792,288
793,287
795,287
796,287
797,287
798,288
799,288
800,288
801,288
802,287
803,287
804,287
805,287
806,288
807,288
808,288
809,288
810,287
811,287
812,287
813,287
814,287
815,288
816,288
817,288
818,287
819,286
820,287
821,287
822,288
823,288
824,288
825,287
826,287
827,286
828,287
829,287
830,287
831,288
832,288
833,288
834,287
835,287
837,287
838,287
839,287
840,288
841,288
842,288
843,288
844,287
845,287
846,287
847,287
848,287
849,288
850,288
851,287
852,287
853,287
854,287
855,287
856,288
857,288
858,288
859,288
860,287
861,287
862,287
863,287
864,288
865,288
866,288
867,288
868,287
869,287
870,287
871,287
872,287
873,288
874,288
875,287
876,287
877,287
878,287
880,287
881,287
882,288
883,288
884,288
885,287
886,287
887,287
888,287
889,287
890,288
891,288
892,288
893,287
894,287
895,287
896,287
897,287
898,287
899,288
900,288
901,287
902,287
903,287
904,287
905,287
906,287
907,288
908,288
909,287
910,287
911,287
912,287
913,287
914,288
915,288
916,288
917,288
918,287
919,287
920,287
921,287
923,288
924,288
925,288
926,287
927,287
928,287
929,287
930,287
931,287
932,288
933,288
934,287
935,287
936,287
937,287
938,287
939,287
940,288
941,288
942,288
943,288
944,287
945,287
946,287
947,287
948,288
949,287
950,288
951,287
952,287
953,287
954,287
955,287
956,288
957,288
958,288
959,287
960,287
961,287
962,287
963,288
965,288
966,288
967,288
968,288
969,287
970,287
971,287
972,287
973,288
974,288
975,288
976,288
977,287
978,287
979,287
980,287
981,288
982,288
983,288
984,288
985,287
986,287
987,287
988,287
989,287
990,288
991,288
992,288
993,287
994,287
995,287
996,287
997,287
998,288
999,288
1000,287
1001,287
1002,287
1003,287
1004,287
1005,287
1006,288
1008,288
1009,287
1010,287
1011,287
1012,287
1013,287
1014,287
1015,288
1016,288
1017,288
1018,287
1019,287
1020,287
1021,287
1022,287
1023,288
1024,288
1025,288
1026,287
1027,287
1028,287
1029,287
1030,287
1031,288
1032,288
1033,288
1034,288
1035,287
1036,287
1037,287
1038,287
1039,288
1040,288
1041,288
1042,288
1043,288
1044,287
1045,287
1046,287
1047,288
1048,288
1049,288
1051,288
1052,287
1053,287
1054,287
1055,287
1056,287
1057,288
1058,288
1059,288
1060,287
1061,287
1062,287
1063,287
1064,288
1065,288
1066,288
1067,288
1068,287
1069,287
1070,287
1071,287
1072,287
1073,288
1074,288
1075,288
1076,287
1077,287
1078,287
1079,287
1080,287
1081,288
1082,288
1083,288
1084,288
1085,287
1086,287
1087,287
1088,287
1089,288
1090,288
1091,288
1093,287
1094,287
1095,287
1096,287
1097,287
1098,288
1099,288
1100,288
1101,288
1102,287
1103,287
1104,287
1105,287
1106,288
1107,288
1108,288
1109,288
1110,287
1111,287
1112,287
1113,287
1114,288
1115,288
1116,288
1117,287
1118,287
1119,287
1120,287
1121,287
1122,287
1123,288
1124,288
1125,288
1126,287
1127,287
1128,287
1129,287
1130,287
1131,288
1132,288
1133,288
1134,287
1136,287
1137,287
1138,287
1139,287
1140,288
1141,288
1142,287
1143,287
1144,287
1145,287
1146,287
1147,287
1148,287
1149,288
1150,288
1151,287
1152,287
1153,287
1154,287
1155,287
1156,288
1157,287
1158,288
1159,287
1160,287
1161,287
1162,287
1163,287
1164,288
1165,288
1166,288
1167,288
1168,287
1169,287
1170,287
1171,287
1172,287
1173,288
1174,288
1175,287
1176,287
1177,287
1179,287
1180,287
1181,288
1182,288
1183,288
1184,288
1185,287
1186,287
1187,287
1188,287
1189,287
1190,288
1191,288
1192,288
1193,287
1194,287
1195,287
1196,287
1197,287
1198,288
1199,288
1200,288
1201,287
1202,287
1203,287
1204,287
1205,287
1206,288
1207,288
1208,288
1209,287
1210,287
1211,287
1212,287
1213,287
1214,288
1215,288
1216,288
1217,288
1218,287
1219,287
1221,287
1222,287
1223,288
1224,288
1225,288
1226,288
1227,287
1228,287
1229,287
1230,287
1231,287
1232,288
1233,288
1234,288
1235,287
1236,287
1237,287
1238,287
1239,288
1240,288
1241,288
1242,288
1243,287
1244,287
1245,287
1246,287
1247,287
1248,288
1249,288
1250,288
1251,287
1252,287
1253,287
1254,287
1255,288
1256,288
1257,288
1258,288
1259,287
1260,287
1261,287
1262,287
1264,288
1265,288
1266,288
1267,288
1268,287
1269,287
1270,287
1271,287
1272,287
1273,287
1274,288
1275,288
1276,287
1277,287
1278,287
1279,287
1280,287
1281,288
1282,288
1283,288
1284,288
1285,287
1286,287
1287,287
1288,287
1289,288
1290,288
1291,288
1292,287
1293,287
1294,287
1295,287
1296,287
1297,288
1298,288
1299,288
1300,288
1301,287
1302,287
1303,287
1304,287
1305,288
1307,288
1308,288
1309,288
1310,287
1311,287
1312,287
1313,287
1314,288
1315,288
1316,288
1317,288
1318,287
1319,287
1320,287
1321,287
1322,287
1323,288
1324,288
1325,288
1326,287
1327,287
1328,287
1329,287
1330,287
1331,288
1332,288
1333,288
1334,287
1335,287
1336,287
1337,287
1338,287
1339,288
1340,288
1341,288
1342,288
1343,287
1344,287
1345,287
1346,287
1347,288
1349,288
1350,288
1351,287
1352,287
1353,287
1354,287
1355,287
1356,287
1357,288
1358,288
1359,287
1360,287
1361,286
1362,287
1363,287
1364,288
1365,288
1366,288
1367,288
1368,287
1369,287
1370,287
1371,287
1372,287
1373,288
1374,288
1375,287
1376,287
1377,287
1378,287
1379,287
1380,287
1381,288
1382,288
1383,288
1384,287
1385,287
1386,287
1387,287
1388,287
1389,288
1390,288
1392,287
1393,287
1394,287
1395,287
1396,287
1397,287
1398,287
1399,288
1400,288
1401,287
1402,287
1403,287
1404,287
1405,287
1406,288
1407,288
1408,288
1409,287
1410,287
1411,287
1412,287
1413,287
1414,287
1415,288
1416,288
1417,287
1418,287
1419,287
1420,287
1421,287
1422,288
1423,288
1424,288
1425,288
1426,287
1427,287
1428,287
1429,287
1430,288
1431,288
1432,288
1433,287
1435,287
1436,287
1437,287
1438,287
1439,287
1440,288
1441,288
1442,288
1443,288
1444,287
1445,287
1446,287
1447,288
1448,288
1449,287
1450,288
1451,286
1452,287
1453,287
1454,287
1455,287
1456,287
1457,288
1458,288
1459,286
1460,287
1461,287
1462,287
1463,287
1464,288
1465,288
1466,288
1467,286
1468,284
1469,287
1470,287
1471,287
1472,287
1473,288
1474,288
1475,287
1477,287
1478,287
1479,287
1480,287
1481,287
1482,288
1483,288
1484,288
1485,287
1486,287
1487,287
1488,287
1489,287
1490,288
1491,288
1492,287
1493,287
1494,287
1495,287
1496,287
1497,287
1498,288
1499,288
1500,287
1501,287
1502,287
1503,287
1504,287
1505,287
1506,287
1507,288
1508,288
1509,287
1510,287
1511,287
1512,287
1513,287
1514,288
1515,288
1516,288
1517,287
1518,287
1520,286
1521,286
1522,287
1523,288
1524,288
1525,288
1526,287
1527,287
1528,287
1529,287
1530,287
1531,287
1532,288
1533,288
1534,287
1535,287
1536,286
1537,287
1538,287
1539,287
1540,288
1541,288
1542,288
1543,287
1544,287
1545,287
1546,287
1547,288
1548,288
1549,288
1550,287
1551,287
1552,287
1553,287
1554,287
1555,288
1556,288
1557,288
1558,288
1559,287
1560,287
1561,287
1563,287
1564,288
1565,288
1566,288
1567,287
1568,287
1569,287
1570,287
1571,287
1572,287
1573,288
1574,288
1575,288
1576,287
1577,287
1578,287
1579,287
1580,287
1581,288
1582,288
1583,288
1584,288
1585,287
1586,287
1587,287
1588,287
1589,287
1590,288
1591,287
1592,287
1593,287
1594,287
1595,287
1596,287
1597,287
1598,288
1599,287
1600,287
1601,286
1602,287
1603,287
1605,287
1606,287
1607,288
1608,288
1609,288
1610,287
1611,287
1612,287
1613,287
1614,288
1615,288
1616,288
1617,288
1618,287
1619,286
1620,287
1621,287
1622,287
1623,288
1624,288
1625,287
1626,287
1627,287
1628,287
1629,287
1630,288
1631,288
1632,288
1633,288
1634,287
1635,286
1636,287
1637,287
1638,287
1639,288
1640,288
1641,288
1642,287
1643,287
1644,287
1645,287
1646,287
1648,288
1649,288
1650,287
1651,287
1652,287
1653,287
1654,287
1655,287
1656,287
1657,288
1658,287
1659,287
1660,287
1661,287
1662,287
1663,288
1664,288
1665,288
1666,288
1667,287
1668,287
1669,287
1670,287
1671,287
1672,287
1673,288
1674,288
1675,287
1676,287
1677,287
1678,287
1679,287
1680,287
1681,288
1682,288
1683,288
1684,287
1685,287
1686,287
1687,287
1688,287
1689,288
1691,288
1692,287
1693,287
1694,287
1695,287
1696,287
1697,287
1698,287
1699,288
1700,287
1701,287
1702,287
1703,287
1704,287
1705,287
1706,288
1707,288
1708,287
1709,287
1710,287
1711,287
1712,287
1713,287
1714,287
1715,288
1716,288
1717,287
1718,287
1719,287
1720,287
1721,287
1722,288
1723,288
1724,288
1725,288
1726,287
1727,287
1728,287
1729,287
1730,288
1731,288
1733,288
1734,287
1735,287
1736,287
1737,287
1738,287
1739,287
1740,288
1741,288
1742,288
1743,287
1744,287
1745,287
1746,287
1747,288
1748,288
1749,288
1750,287
1751,287
1752,287
1753,287
1754,287
1755,287
1756,288
1757,288
1758,288
1759,287
1760,287
1761,287
1762,287
1763,288
1764,288
1765,288
1766,287
1767,287
1768,287
1769,287
1770,287
1771,287
1772,287
1773,288
1774,288
1776,287
1777,287
1778,287
1779,287
1780,287
1781,288
1782,288
1783,288
1784,288
1785,287
1786,287
1787,287
1788,287
1789,287
1790,288
1791,288
1792,287
1793,287
1794,287
1795,287
1796,287
1797,287
1798,288
1799,288
1800,287
1801,287
1802,287
1803,287
1804,287
1805,287
1806,288
1807,288
1808,287
1809,287
1810,287
1811,287
1812,287
1813,287
1814,287
1815,288
1816,287
1817,287
1819,287
1820,286
1821,287
1822,287
1823,288
1824,288
1825,287
1826,287
1827,287
1828,287
1829,287
1830,287
1831,288
1832,288
1833,288
1834,287
1835,287
1836,286
1837,286
1838,287
1839,287
1840,287
1841,287
1842,287
1843,287
1844,287
1845,286
1846,287
1847,288
1848,288
1849,287
1850,287
1851,287
1852,287
1853,287
1854,287
1855,287
1856,288
1857,288
1858,287
1859,287
1861,287
1862,287
1863,287
1864,288
1865,288
1866,288
1867,287
1868,287
1869,287
1870,286
1871,287
1872,287
1873,288
1874,288
1875,287
1876,287
1877,287
1878,287
1879,287
1880,287
1881,288
1882,288
1883,288
1884,288
1885,287
1886,287
1887,287
1888,287
1889,287
1890,288
1891,288
1892,287
1893,287
1894,286
1895,287
1896,287
1897,288
1898,287
1899,287
1900,287
1901,287
1902,287
1904,287
1905,287
1906,288
1907,288
1908,288
1909,287
1910,287
1911,287
1912,287
1913,287
1914,288
1915,288
1916,288
1917,287
1918,287
1919,286
1920,287
1921,287
1922,288
1923,288
1924,288
1925,287
1926,287
1927,287
1928,287
1929,287
1930,288
1931,287
1932,288
1933,287
1934,287
1935,287
1936,286
1937,287
1938,287
1939,287
1940,288
1941,287
1942,287
1943,286
1944,287
1945,287
1947,287
1948,288
1949,288
1950,288
1951,287
1952,287
1953,287
1954,287
1955,287
1956,287
1957,288
1958,288
1959,287
1960,287
1961,287
1962,287
1963,287
1964,288
1965,288
1966,288
1967,287
1968,287
1969,287
1970,287
1971,287
1972,288
1973,286
1974,288
1975,287
1976,287
1977,287
1978,287
1979,287
1980,287
1981,288
1982,288
1983,288
1984,287
1985,287
1986,287
1987,287
1989,286
1990,286
1991,288
1992,287
1993,287
1994,287
1995,287
1996,287
1997,287
1998,287
1999,288
2000,288
2001,287
2002,286
2003,287
2004,287
2005,287
2006,288
2007,288
2008,288
2009,287
2010,287
2011,287
2012,287
2013,287
2014,288
2015,288
2016,287
2017,287
2018,286
2019,287
2020,287
2021,287
2022,288
2023,288
2024,288
2025,287
2026,287
2027,287
2028,287
2029,287
2030,288
2032,288
2033,288
2034,287
2035,287
2036,286
2037,287
2038,287
2039,287
2040,288
2041,288
2042,287
2043,287
2044,287
2045,287
2046,287
2047,287
2048,288
2049,286
2050,287
2051,287
2052,287
2053,286
2054,287
2055,287
2056,287
2057,288
2058,287
2059,287
2060,286
2061,286
2062,287
2063,288
2064,288
2065,288
2066,287
2067,287
2068,287
2069,287
2070,287
2071,287
2072,288
2073,288
2075,288
2076,287
2077,286
2078,287
2079,287
2080,287
2081,288
2082,288
2083,288
2084,287
2085,286
2086,287
2087,287
2088,287
2089,288
2090,288
2091,287
2092,287
2093,287
2094,287
2095,287
2096,287
2097,287
2098,288
2099,288
2100,287
2101,287
2102,287
2103,287
2104,287
2105,288
2106,288
2107,288
2108,287
2109,287
2110,287
2111,287
2112,287
2113,287
2114,288
2115,288
2117,287
2118,287
2119,287
2120,287
2121,287
2122,287
2123,288
2124,288
2125,288
2126,287
2127,286
2128,287
2129,287
2130,288
2131,288
2132,288
2133,287
2134,287
2135,287
2136,287
2137,287
2138,287
2139,288
2140,288
2141,287
2142,287
2143,287
2144,287
2145,287
2146,287
2147,288
2148,288
2149,288
2150,287
2151,287
2152,287
2153,287
2154,287
2155,288
2156,288
2157,288
2158,287
2160,287
2161,287
2162,287
2163,287
2164,288
2165,288
2166,288
2167,287
2168,287
2169,286
2170,287
2171,287
2172,287
2173,288
2174,288
2175,288
2176,287
2177,287
2178,287
2179,287
2180,287
2181,288
2182,288
2183,288
2184,287
2185,287
2186,287
2187,287
2188,287
2189,288
2190,288
2191,288
2192,287
2193,287
2194,287
2195,287
2196,288
2197,288
2198,288
2199,287
2200,287
2201,287
2203,287
2204,287
2205,287
2206,288
2207,288
2208,287
2209,287
2210,287
2211,287
2212,287
2213,287
2214,288
2215,288
2216,288
2217,287
2218,287
2219,287
2220,287
2221,287
2222,288
2223,288
2224,288
2225,287
2226,287
2227,287
2228,287
2229,287
2230,287
2231,288
2232,287
2233,287
2234,287
2235,287
2236,287
2237,287
2238,287
2239,288
2240,287
2241,287
2242,287
2243,287
2245,287
2246,287
2247,288
2248,288
2249,288
2250,287
2251,287
2252,286
2253,287
2254,287
2255,287
2256,288
2257,288
2258,287
2259,287
2260,287
2261,287
2262,287
2263,287
2264,288
2265,288
2266,288
2267,287
2268,279
2269,287
2270,287
2271,288
2272,288
2273,288
2274,287
2275,287
2276,287
2277,287
2278,287
2279,287
2280,287
2281,288
2282,288
2283,288
2284,287
2285,287
2286,287
2288,288
2289,287
2290,288
2291,288
2292,287
2293,287
2294,287
2295,287
2296,287
2297,288
2298,288
2299,288
2300,287
2301,287
2302,287
2303,287
2304,287
2305,288
2306,288
2307,288
2308,288
2309,287
2310,287
2311,287
2312,287
2313,288
2314,288
2315,287
2316,288
2317,287
2318,287
2319,287
2320,287
2321,287
2322,288
2323,288
2324,288
2325,287
2326,287
2327,287
2328,287
2329,288
2331,288
2332,288
2333,288
2334,287
2335,286
2336,287
2337,287
2338,287
2339,288
2340,288
2341,288
2342,287
2343,287
2344,287
2345,287
2346,287
2347,288
2348,283
2349,287
2350,288
2351,287
2352,286
2353,287
2354,287
2355,288
2356,288
2357,287
2358,287
2359,287
2360,287
2361,287
2362,287
2363,288
2364,288
2365,288
2366,287
2367,279
2368,285
2369,287
2370,287
2371,287
2373,288
2374,287
2375,287
2376,287
2377,287
2378,287
2379,287
2380,287
2381,288
2382,288
2383,288
2384,287
2385,287
2386,287
2387,287
2388,288
2389,288
2390,288
2391,288
2392,287
2393,287
2394,287
2395,287
2396,287
2397,288
2398,288
2399,287
2400,287
2401,287
2402,286
2403,287
2404,287
2405,288
2406,288
2407,288
2408,287
2409,287
2410,287
2411,287
2412,287
2413,287
2414,288
2416,288
2417,287
2418,286
2419,286
2420,287
2421,287
2422,287
2423,288
2424,288
2425,287
2426,287
2427,287
2428,287
2429,287
2430,288
2431,288
2432,287
2433,287
2434,287
2435,287
2436,287
2437,287
2438,287
2439,288
2440,288
2441,287
2442,287
2443,287
2444,287
2445,287
2446,287
2447,288
2448,288
2449,287
2450,287
2451,287
2452,287
2453,287
2454,287
2455,288
2456,287
2457,287
2459,287
2460,287
2461,287
2462,287
2463,287
2464,288
2465,288
2466,288
2467,287
2468,287
2469,287
2470,287
2471,287
2472,288
2473,288
2474,288
2475,287
2476,287
2477,286
2478,287
2479,287
2480,288
2481,288
2482,288
2483,288
2484,287
2485,287
2486,287
2487,287
2488,287
2489,288
2490,288
2491,287
2492,287
2493,286
2494,287
2495,287
2496,287
2497,288
2498,287
2499,287
2501,287
2502,287
2503,287
2504,287
2505,288
2506,288
2507,288
2508,287
2509,287
2510,286
2511,287
2512,287
2513,287
2514,288
2515,287
2516,287
2517,287
2518,287
2519,286
2520,287
2521,287
2522,288
2523,288
2524,288
2525,287
2526,287
2527,287
2528,287
2529,288
2530,288
2531,287
2532,288
2533,287
2534,287
2535,286
2536,286
2537,287
2538,288
2539,287
2540,287
2541,287
2542,287
2544,287
2545,287
2546,287
2547,287
2548,287
2549,288
2550,287
2551,287
2552,287
2553,287
2554,287
2555,286
2556,288
2557,288
2558,287
2559,287
2560,287
2561,287
2562,287
2563,288
2564,288
2565,288
2566,287
2567,287
2568,287
2569,287
2570,287
2571,287
2572,288
2573,288
2574,288
2575,287
2576,287
2577,287
2578,287
2579,287
2580,288
2581,288
2582,288
2583,287
2584,287
2585,287
2587,287
2588,287
2589,288
2590,288
2591,288
2592,287
2593,287
2594,286
2595,287
2596,287
2597,288
2598,287
2599,288
2600,287
2601,287
2602,287
2603,287
2604,287
2605,288
2606,288
2607,287
2608,287
2609,287
2610,287
2611,287
2612,287
2613,287
2614,288
2615,288
2616,287
2617,287
2618,286
2619,287
2620,287
2621,287
2622,288
2623,288
2624,288
2625,287
2626,287
2627,287
2629,287
2630,287
2631,288
2632,288
2633,287
2634,287
2635,287
2636,287
2637,287
2638,287
2639,288
2640,288
2641,288
2642,287
2643,287
2644,287
2645,287
2646,287
2647,288
2648,288
2649,288
2650,287
2651,287
2652,287
2653,287
2654,287
2655,288
2656,288
2657,287
2658,287
2659,287
2660,287
2661,287
2662,287
2663,288
2664,288
2665,288
2666,287
2667,287
2668,287
2669,287
2670,287
2672,287
2673,288
2674,288
2675,287
2676,287
2677,287
2678,286
2679,287
2680,288
2681,288
2682,288
2683,288
2684,288
2685,287
2686,287
2687,287
2688,287
2689,288
2690,288
2691,287
2692,287
2693,287
2694,287
2695,287
2696,287
2697,288
2698,288
2699,287
2700,287
2701,287
2702,287
2703,287
2704,288
2705,288
2706,288
2707,288
2708,287
2709,287
2710,286
2711,287
2712,287
2713,288
2715,287
2716,287
2717,287
2718,287
2719,287
2720,286
2721,287
2722,287
2723,288
2724,288
2725,287
2726,287
2727,287
2728,287
2729,287
2730,288
2731,288
2732,288
2733,287
2734,287
2735,287
2736,287
2737,287
2738,288
2739,288
2740,287
2741,287
2742,286
2743,287
2744,287
2745,287
2746,287
2747,288
2748,288
2749,287
2750,287
2751,287
2752,287
2753,287
2754,287
2755,287
2757,287
2758,287
2759,287
2760,286
2761,287
2762,287
2763,288
2764,288
2765,288
2766,287
2767,287
2768,287
2769,287
2770,287
2771,287
2772,287
2773,288
2774,287
2775,287
2776,287
2777,287
2778,287
2779,287
2780,287
2781,287
2782,287
2783,287
2784,287
2785,287
2786,287
2787,287
2788,287
2789,287
2790,288
2791,287
2792,287
2793,286
2794,287
2795,287
2796,288
2797,288
2798,287
2800,287
2801,287
2802,287
2803,287
2804,287
2805,288
2806,288
2807,287
2808,287
2809,287
2810,287
2811,286
2812,287
2813,287
2814,287
2815,288
2816,287
2817,287
2818,286
2819,287
2820,287
2821,287
2822,288
2823,288
2824,287
2825,287
2826,287
2827,287
2828,287
2829,287
2830,288
2831,288
2832,287
2833,287
2834,286
2835,287
2836,287
2837,287
2838,287
2839,288
2840,287
2841,287
2843,287
2844,287
2845,287
2846,287
2847,287
2848,287
2849,287
2850,287
2851,286
2852,286
2853,287
2854,287
2855,287
2856,287
2857,287
2858,287
2859,286
2860,287
2861,286
2862,287
2863,288
2864,288
2865,288
2866,287
2867,287
2868,287
2869,287
2870,286
2871,287
2872,288
2873,288
2874,288
2875,287
2876,287
2877,286
2878,285
2879,287
2880,287
2881,288
2882,287
2883,287
2885,287
2886,287
2887,287
2888,287
2889,286
2890,287
2891,287
2892,287
2893,287
2894,287
2895,286
2896,287
2897,287
2898,287
2899,287
2900,287
2901,287
2902,287
2903,287
2904,287
2905,287
2906,288
2907,288
2908,287
2909,287
2910,287
2911,286
2912,287
2913,287
2914,288
2915,288
2916,287
2917,287
2918,287
2919,287
2920,287
2921,288
2922,288
2923,288
2924,287
2925,287
2926,287
2928,287
2929,287
2930,287
2931,288
2932,288
2933,287
2934,286
2935,286
2936,286
2937,287
2938,287
2939,287
2940,288
2941,287
2942,287
2943,286
2944,287
2945,287
2946,287
2947,288
2948,288
2949,287
2950,287
2951,287
2952,287
2953,287
2954,287
2955,287
2956,287
2957,287
2958,287
2959,287
2960,287
2961,287
2962,287
2963,288
2964,288
2965,287
2966,287
2967,287
2968,287
2969,287
2971,287
2972,287
2973,288
2974,287
2975,287
2976,287
2977,287
2978,286
2979,287
2980,287
2981,287
2982,288
2983,288
2984,287
2985,287
2986,287
2987,287
2988,287
2989,288
2990,287
2991,287
2992,287
2993,287
2994,286
2995,287
2996,288
2997,287
2998,287
2999,287
3000,287
3001,287
3002,287
3003,287
3004,288
3005,288
3006,288
3007,287
3008,287
3009,286
3010,287
3011,287
3013,287
3014,288
3015,288
3016,287
3017,287
3018,286
3019,286
3020,287
3021,287
3022,288
3023,288
3024,288
3025,287
3026,287
3027,287
3028,287
3029,287
3030,287
3031,288
3032,288
3033,287
3034,287
3035,287
3036,287
3037,287
3038,287
3039,288
3040,287
3041,287
3042,286
3043,287
3044,287
3045,287
3046,287
3047,288
3048,288
3049,287
3050,287
3051,286
3052,287
3053,287
3054,288
3056,287
3057,287
3058,287
3059,287
3060,287
3061,286
3062,287
3063,288
3064,288
3065,288
3066,287
3067,287
3068,287
3069,287
3070,287
3071,287
3072,288
3073,287
3074,287
3075,287
3076,287
3077,286
3078,287
3079,287
3080,288
3081,287
3082,287
3083,287
3084,287
3085,287
3086,287
3087,287
3088,288
3089,288
3090,287
3091,287
3092,287
3093,287
3094,287
3095,287
3096,287
3097,288
3099,288
3100,287
3101,287
3102,287
3103,287
3104,287
3105,288
3106,288
3107,288
3108,287
3109,287
3110,287
3111,287
3112,287
3113,287
3114,288
3115,288
3116,287
3117,287
3118,286
3119,287
3120,287
3121,287
3122,287
3123,288
3124,288
3125,287
3126,287
3127,287
3128,287
3129,287
3130,288
3131,288
3132,287
3133,287
3134,286
3135,287
3136,287
3137,287
3138,287
3139,288
3141,287
3142,287
3143,287
3144,287
3145,287
3146,287
3147,287
3148,288
3149,287
3150,287
3151,287
3152,286
3153,287
3154,287
3155,287
3156,287
3157,287
3158,287
3159,287
3160,287
3161,287
3162,287
3163,288
3164,288
3165,288
3166,287
3167,286
3168,286
3169,287
3170,287
3171,287
3172,287
3173,287
3174,287
3175,286
3176,286
3177,286
3178,287
3179,287
3180,287
3181,287
3182,288
3184,287
3185,287
3186,286
3187,287
3188,287
3189,288
3190,287
3191,287
3192,287
3193,286
3194,287
3195,287
3196,287
3197,287
3198,288
3199,287
3200,287
3201,286
3202,287
3203,287
3204,288
3205,288
3206,287
3207,287
3208,287
3209,287
3210,287
3211,286
3212,287
3213,287
3214,288
3215,287
3216,287
3217,287
3218,286
3219,287
3220,287
3221,287
3222,288
3223,288
3224,287
3225,286
3227,286
3228,287
3229,287
3230,287
3231,288
3232,287
3233,287
3234,287
3235,286
3236,287
3237,287
3238,287
3239,287
3240,287
3241,287
3242,287
3243,287
3244,287
3245,287
3246,287
3247,288
3248,288
3249,287
3250,287
3251,286
3252,286
3253,287
3254,287
3255,287
3256,287
3257,287
3258,287
3259,286
3260,287
3261,286
3262,287
3263,288
3264,288
3265,287
3266,287
3267,286
3269,286
3270,286
3271,287
3272,288
3273,287
3274,287
3275,287
3276,286
3277,286
3278,286
3279,287
3280,287
3281,288
3282,287
3283,287
3284,287
3285,287
3286,286
3287,287
3288,287
3289,287
3290,287
3291,287
3292,287
3293,287
3294,287
3295,287
3296,288
3297,288
3298,287
3299,287
3300,287
3301,287
3302,287
3303,288
3304,288
3305,287
3306,288
3307,287
3308,287
3309,286
3310,287
3312,287
3313,287
3314,288
3315,288
3316,287
3317,287
3318,287
3319,287
3320,287
3321,287
3322,288
3323,288
3324,287
3325,287
3326,286
3327,287
3328,287
3329,287
3330,288
3331,288
3332,288
3333,287
3334,287
3335,286
3336,287
3337,287
3338,288
3339,288
3340,287
3341,287
3342,287
3343,287
3344,287
3345,287
3346,287
3347,288
3348,287
3349,287
3350,286
3351,286
3352,287
3353,287
3355,287
3356,288
3357,288
3358,287
3359,287
3360,286
3361,287
3362,287
3363,288
3364,288
3365,288
3366,287
3367,286
3368,287
3369,286
3370,287
3371,287
3372,288
3373,287
3374,287
3375,287
3376,287
3377,287
3378,287
3379,287
3380,287
3381,288
3382,287
3383,287
3384,287
3385,287
3386,287
3387,287
3388,288
3389,288
3390,287
3391,287
3392,287
3393,286
3394,287
3395,287
3397,288
3398,287
3399,287
3400,287
3401,287
3402,286
3403,287
3404,288
3405,288
3406,287
3407,283
3408,287
3409,287
3410,287
3411,287
3412,287
3413,287
3414,288
3415,287
3416,287
3417,287
3418,286
3419,287
3420,287
3421,287
3422,287
3423,288
3424,287
3425,287
3426,286
3427,287
3428,287
3429,287
3430,288
3431,287
3432,287
3433,287
3434,286
3435,287
3436,287
3437,287
3438,287
3440,287
3441,287
3442,287
3443,287
3444,286
3445,287
3446,287
3447,287
3448,287
3449,287
3450,287
3451,286
3452,287
3453,287
3454,287
3455,287
3456,288
3457,287
3458,287
3459,287
3460,286
3461,287
3462,287
3463,288
3464,288
3465,287
3466,287
3467,287
3468,286
3469,286
3470,287
3471,288
3472,288
3473,287
3474,287
3475,287
3476,287
3477,287
3478,287
3479,288
3480,288
3481,287
3483,287
3484,287
3485,287
3486,287
3487,287
3488,288
3489,287
3490,288
3491,287
3492,287
3493,287
3494,287
3495,287
3496,287
3497,288
3498,288
3499,287
3500,287
3501,287
3502,287
3503,288
3504,288
3505,288
3506,288
3507,287
3508,287
3509,286
3510,287
3511,287
3512,287
3513,288
3514,288
3515,287
3516,287
3517,286
3518,287
3519,287
3520,287
3521,288
3522,288
3523,288
3525,287
3526,287
3527,287
3528,287
3529,287
3530,287
3531,288
3532,288
3533,287
3534,286
3535,286
3536,287
3537,287
3538,287
3539,288
3540,288
3541,287
3542,286
3543,287
3544,287
3545,287
3546,288
3547,288
3548,287
3549,287
3550,287
3551,287
3552,287
3553,287
3554,287
3555,288
3556,288
3557,287
3558,287
3559,287
3560,287
3561,287
3562,287
3563,288
3564,288
3565,287
3566,287
3568,287
3569,287
3570,287
3571,287
3572,288
3573,288
3574,287
3575,287
3576,287
3577,287
3578,287
3579,287
3580,288
3581,288
3582,287
3583,287
3584,287
3585,287
3586,287
3587,287
3588,288
3589,288
3590,287
3591,287
3592,287
3593,286
3594,287
3595,287
3596,288
3597,288
3598,288
3599,287
3600,287
3601,287
3602,287
3603,288
3604,288
3605,288
3606,288
3607,287
3608,287
3609,287
3611,287
3612,287
3613,287
3614,288
3615,288
3616,287
3617,287
3618,287
3619,287
3620,287
3621,287
3622,288
3623,288
3624,288
3625,287
3626,287
3627,287
3628,287
3629,288
3630,288
3631,288
3632,287
3633,287
3634,286
3635,287
3636,287
3637,287
3638,288
3639,288
3640,287
3641,287
3642,287
3643,287
3644,287
3645,288
3646,288
3647,288
3648,288
3649,287
3650,287
3651,287
3653,287
3654,287
3655,288
3656,288
3657,288
3658,287
3659,287
3660,287
3661,287
3662,288
3663,288
3664,288
3665,288
3666,287
3667,287
3668,287
3669,287
3670,287
3671,288
3672,288
3673,288
3674,287
3675,287
3676,287
3677,287
3678,287
3679,288
3680,288
3681,288
3682,287
3683,287
3684,287
3685,287
3686,287
3687,288
3688,288
3689,288
3690,288
3691,287
3692,287
3693,287
3694,287
3696,288
3697,288
3698,288
3699,288
3700,287
3701,287
3702,287
3703,288
3704,288
3705,288
3706,288
3707,288
3708,287
3709,287
3710,287
3711,287
3712,288
3713,288
3714,288
3715,288
3716,287
3717,287
3718,287
3719,287
3720,288
3721,288
3722,288
3723,288
3724,288
3725,287
3726,287
3727,287
3728,288
3729,288
3730,288
3731,288
3732,288
3733,287
3734,287
3735,287
3736,288
3737,288
3739,288
3740,288
3741,288
3742,287
3743,288
3744,288
3745,288
3746,288
3747,288
3748,288
3749,288
3750,287
3751,287
3752,287
3753,288
3754,288
3755,288
3756,288
3757,288
3758,287
3759,287
3760,287
3761,288
3762,288
3763,289
3764,289
3765,288
3766,288
3767,287
3768,287
3769,288
3770,288
3771,289
3772,288
3773,288
3774,288
3775,286
3776,287
3777,287
3778,288
3779,288
3781,289
3782,288
3783,288
3784,288
3785,288
3786,288
3787,288
3788,288
3789,282
3790,288
3791,288
3792,287
3793,287
3794,287
3795,288
3796,288
3797,288
3798,288
3799,288
3800,288
3801,287
3802,288
3803,288
3804,288
3805,289
3806,288
3807,288
3808,288
3809,287
3810,287
3811,288
3812,288
3813,288
3814,288
3815,288
3816,287
3817,287
3818,287
3819,288
3820,288
3821,289
3822,289
3824,288
3825,288
3826,287
3827,287
3828,288
3829,288
3830,289
3831,288
3832,288
3833,288
3834,288
3835,287
3836,288
3837,288
3838,289
3839,289
3840,288
3841,288
3842,287
3843,288
3844,288
3845,288
3846,288
3847,289
3848,288
3849,288
3850,288
3851,288
3852,288
3853,288
3854,288
3855,288
3856,289
3857,288
3858,288
3859,288
3860,288
3861,288
3862,289
3863,289
3864,289
3865,288
3867,288
3868,288
3869,288
3870,288
3871,288
3872,289
3873,289
3874,288
3875,288
3876,288
3877,288
3878,288
3879,288
3880,289
3881,289
3882,288
3883,288
3884,288
3885,288
3886,288
3887,288
3888,289
3889,289
3890,288
3891,288
3892,288
3893,288
3894,288
3895,288
3896,289
3897,289
3898,289
3899,288
3900,288
3901,288
3902,288
3903,288
3904,289
3905,288
3906,288
3907,288
3909,288
3910,287
3911,288
3912,288
3913,289
3914,289
3915,289
3916,288
3917,288
3918,288
3919,288
3920,288
3921,289
3922,289
3923,289
3924,289
3925,288
3926,288
3927,288
3928,288
3929,289
3930,289
3931,289
3932,288
3933,288
3934,288
3935,287
3936,288
3937,289
3938,289
3939,289
3940,288
3941,288
3942,288
3943,288
3944,288
3945,289
3946,289
3947,289
3948,288
3949,288
3950,288
3952,288
3953,288
3954,289
3955,289
3956,289
3957,289
3958,288
3959,288
3960,288
3961,288
3962,289
3963,289
3964,289
3965,289
3966,288
3967,288
3968,288
3969,288
3970,288
3971,289
3972,289
3973,289
3974,288
3975,288
3976,288
3977,288
3978,288
3979,289
3980,289
3981,289
3982,288
3983,288
3984,288
3985,288
3986,288
3987,289
3988,289
3989,289
3990,288
3991,288
3992,288
3993,288
3995,288
3996,289
3997,289
3998,289
3999,289
4000,288
4001,288
4002,288
4003,288
4004,289
4005,289
4006,289
4007,288
4008,288
4009,288
4010,288
4011,288
4012,289
4013,289
4014,289
4015,289
4016,288
4017,287
4018,288
4019,288
4020,288
4021,288
4022,289
4023,289
4024,288
4025,288
4026,288
4027,288
4028,288
4029,289
4030,289
4031,288
4032,288
4033,288
4034,288
4035,288
4037,288
4038,289
4039,289
4040,289
4041,288
4042,288
4043,288
4044,288
4045,289
4046,289
4047,289
4048,289
4049,288
4050,288
4051,288
4052,288
4053,288
4054,289
4055,289
4056,289
4057,288
4058,288
4059,288
4060,288
4061,288
4062,288
4063,289
4064,289
4065,288
4066,288
4067,288
4068,288
4069,288
4070,289
4071,289
4072,289
4073,288
4074,288
4075,288
4076,288
4077,288
4078,289
4080,289
4081,289
4082,289
4083,288
4084,288
4085,288
4086,288
4087,288
4088,289
4089,289
4090,289
4091,288
4092,288
4093,288
4094,288
4095,289
4096,289
4097,289
4098,289
4099,288
4100,288
4101,288
4102,288
4103,289
4104,289
4105,289
4106,289
4107,288
4108,288
4109,288
4110,288
4111,288
4112,289
4113,289
4114,289
4115,288
4116,288
4117,288
4118,288
4119,288
4120,289
4121,289
4123,289
4124,289
4125,288
4126,288
4127,288
4128,288
4129,289
4130,289
4131,289
4132,288
4133,288
4134,288
4135,288
4136,288
4137,289
4138,289
4139,289
4140,289
4141,288
4142,288
4143,288
4144,288
4145,289
4146,289
4147,289
4148,289
4149,288
4150,288
4151,288
4152,288
4153,288
4154,289
4155,289
4156,289
4157,288
4158,288
4159,288
4160,288
4161,288
4162,289
4163,289
4165,289
4166,288
4167,288
4168,288
4169,288
4170,288
4171,289
4172,289
4173,289
4174,288
4175,288
4176,288
4177,288
4178,288
4179,289
4180,289
4181,289
4182,288
4183,288
4184,288
4185,288
4186,288
4187,289
4188,289
4189,289
4190,288
4191,288
4192,288
4193,288
4194,288
4195,289
4196,289
4197,289
4198,289
4199,288
4200,288
4201,288
4202,288
4203,289
4204,289
4205,289
4206,288
4208,288
4209,288
4210,288
4211,288
4212,289
4213,289
4214,289
4215,289
4216,288
4217,288
4218,288
4219,288
4220,288
4221,289
4222,289
4223,289
4224,288
4225,288
4226,288
4227,288
4228,289
4229,289
4230,289
4231,289
4232,289
4233,288
4234,288
4235,288
4236,288
4237,289
4238,289
4239,289
4240,288
4241,288
4242,288
4243,288
4244,289
4245,289
4246,289
4247,289
4248,288
4249,288
4251,288
4252,288
4253,288
4254,288
4255,289
4256,289
4257,288
4258,288
4259,288
4260,288
4261,288
4262,289
4263,289
4264,289
4265,289
4266,288
4267,288
4268,288
4269,288
4270,289
4271,289
4272,289
4273,288
4274,288
4275,288
4276,288
4277,288
4278,288
4279,289
4280,289
4281,289
4282,288
4283,288
4284,288
4285,288
4286,288
4287,286
4288,289
4289,289
4290,288
4291,288
4293,288
4294,287
4295,289
4296,289
4297,289
4298,288
4299,286
4300,288
4301,287
4302,288
4303,289
4304,289
4305,289
4306,289
4307,288
4308,288
4309,287
4310,288
4311,289
4312,288
4313,289
4314,289
4315,288
4316,288
4317,287
4318,288
4319,288
4320,288
4321,289
4322,289
4323,289
4324,288
4325,288
4326,288
4327,288
4328,288
4329,289
4330,289
4331,289
4332,288
4333,288
4334,287
4336,288
4337,288
4338,289
4339,289
4340,288
4341,288
4342,287
4343,287
4344,288
4345,288
4346,288
4347,289
4348,286
4349,288
4350,288
4351,288
4352,288
4353,288
4354,289
4355,289
4356,288
4357,288
4358,287
4359,288
4360,288
4361,288
4362,288
4363,289
4364,289
4365,288
4366,288
4367,287
4368,288
4369,288
4370,289
4371,289
4372,288
4373,288
4374,287
4375,287
4376,288
4377,288
4379,288
4380,289
4381,288
4382,288
4383,288
4384,288
4385,288
4386,288
4387,288
4388,288
4389,288
4390,288
4391,288
4392,288
4393,288
4394,288
4395,288
4396,288
4397,289
4398,288
4399,288
4400,287
4401,287
4402,288
4403,288
4404,288
4405,288
4406,288
4407,288
4408,287
4409,287
4410,288
4411,288
4412,288
4413,288
4414,288
4415,288
4416,287
4417,287
4418,287
4419,288
4421,288
4422,288
4423,288
4424,288
4425,288
4426,287
4427,288
4428,288
4429,288
4430,288
4431,288
4432,288
4433,287
4434,287
4435,287
4436,288
4437,288
4438,288
4439,288
4440,288
4441,287
4442,287
4443,287
4444,287
4445,288
4446,288
4447,288
4448,288
4449,287
4450,287
4451,287
4452,287
4453,288
4454,288
4455,288
4456,288
4457,287
4458,287
4459,287
4460,287
4461,288
4462,288
4464,288
4465,288
4466,287
4467,287
4468,287
4469,287
4470,287
4471,288
4472,288
4473,288
4474,287
4475,287
4476,287
4477,287
4478,287
4479,288
4480,288
4481,288
4482,287
4483,287
4484,287
4485,287
4486,287
4487,288
4488,288
4489,288
4490,287
4491,287
4492,287
4493,287
4494,287
4495,288
4496,288
4497,287
4498,287
4499,287
4500,286
4501,287
4502,287
4503,288
4504,288
4505,287
4507,287
4508,287
4509,287
4510,287
4511,287
4512,288
4513,288
4514,287
4515,287
4516,287
4517,287
4518,287
4519,287
4520,287
4521,287
4522,287
4523,288
4524,287
4525,287
4526,286
4527,287
4528,287
4529,287
4530,287
4531,287
4532,287
4533,286
4534,286
4535,287
4536,287
4537,287
4538,288
4539,287
4540,287
4541,286
4542,286
4543,287
4544,287
4545,287
4546,287
4547,287
4549,287
4550,286
4551,286
4552,287
4553,287
4554,287
4555,287
4556,287
4557,287
4558,286
4559,286
4560,286
4561,287
4562,287
4563,287
4564,288
4565,287
4566,286
4567,286
4568,286
4569,287
4570,286
4571,288
4572,287
4573,287
4574,286
4575,286
4576,286
4577,287
4578,287
4579,287
4580,287
4581,287
4582,286
4583,286
4584,287
4585,286
4586,287
4587,287
4588,287
4589,287
4590,286
4592,286
4593,286
4594,287
4595,287
4596,287
4597,287
4598,287
4599,287
4600,286
4601,286
4602,286
4603,287
4604,287
4605,287
4606,287
4607,287
4608,286
4609,286
4610,287
4611,287
4612,287
4613,287
4614,287
4615,287
4616,286
4617,286
4618,286
4619,287
4620,287
4621,287
4622,287
4623,287
4624,286
4625,286
4626,286
4627,287
4628,287
4629,287
4630,287
4631,287
4632,286
4633,286
4635,286
4636,287
4637,287
4638,287
4639,287
4640,287
4641,285
4642,286
4643,286
4644,287
4645,286
4646,287
4647,287
4648,287
4649,285
4650,286
4651,286
4652,287
4653,287
4654,287
4655,287
4656,287
4657,286
4658,286
4659,286
4660,287
4661,287
4662,287
4663,288
4664,287
4665,286
4666,286
4667,286
4668,286
4669,287
4670,287
4671,287
4672,287
4673,286
4674,286
4675,286
4677,286
4678,287
4679,287
4680,287
4681,287
4682,287
4683,286
4684,286
4685,286
4686,287
4687,287
4688,287
4689,287
4690,287
4691,286
4692,286
4693,286
4694,287
4695,287
4696,287
4697,287
4698,287
4699,287
4700,286
4701,286
4702,286
4703,287
4704,287
4705,287
4706,287
4707,286
4708,286
4709,286
4710,286
4711,287
4712,287
4713,287
4714,287
4715,287
4716,286
4717,286
4718,286
4720,287
4721,287
4722,287
4723,287
4724,287
4725,287
4726,286
4727,286
4728,287
4729,287
4730,287
4731,287
4732,287
4733,286
4734,286
4735,286
4736,287
4737,287
4738,287
4739,287
4740,287
4741,286
4742,286
4743,286
4744,287
4745,287
4746,287
4747,287
4748,282
4749,285
4750,287
4751,287
4752,287
4753,284
4754,287
4755,287
4756,287
4757,286
4758,286
4759,286
4760,287
4761,287
4763,287
4764,288
4765,287
4766,286
4767,286
4768,286
4769,286
4770,287
4771,287
4772,287
4773,287
4774,286
4775,286
4776,286
4777,286
4778,287
4779,287
4780,287
4781,287
4782,287
4783,286
4784,287
4785,287
4786,287
4787,287
4788,287
4789,287
4790,286
4791,286
4792,286
4793,286
4794,287
4795,287
4796,287
4797,287
4798,287
4799,286
4800,286
4801,286
4802,287
4803,287
4805,288
4806,287
4807,287
4808,282
4809,287
4810,287
4811,287
4812,286
4813,286
4814,287
4815,287
4816,286
4817,286
4818,286
4819,287
4820,287
4821,287
4822,287
4823,287
4824,287
4825,287
4826,286
4827,287
4828,287
4829,287
4830,287
4831,287
4832,287
4833,286
4834,286
4835,286
4836,287
4837,287
4838,288
4839,287
4840,286
4841,286
4842,287
4843,287
4844,287
4845,287
4846,287
4848,287
4849,286
4850,286
4851,286
4852,286
4853,287
4854,287
4855,287
4856,287
4857,286
4858,286
4859,286
4860,287
4861,287
4862,288
4863,288
4864,287
4865,287
4866,287
4867,287
4868,286
4869,287
4870,287
4871,287
4872,287
4873,287
4874,286
4875,286
4876,287
4877,287
4878,287
4879,288
4880,288
4881,287
4882,286
4883,287
4884,287
4885,287
4886,287
4887,287
4888,287
4889,287
4891,287
4892,286
4893,286
4894,287
4895,287
4896,287
4897,287
4898,287
4899,287
4900,286
4901,286
4902,287
4903,287
4904,288
4905,287
4906,287
4907,287
4908,286
4909,286
4910,287
4911,287
4912,287
4913,287
4914,287
4915,287
4916,286
4917,286
4918,286
4919,287
4920,287
4921,288
4922,287
4923,287
4924,287
4925,286
4926,287
4927,287
4928,287
4929,287
4930,287
4931,287
4933,287
4934,286
4935,287
4936,287
4937,287
4938,287
4939,287
4940,287
4941,286
4942,286
4943,287
4944,287
4945,287
4946,288
4947,288
4948,287
4949,287
4950,286
4951,286
4952,287
4953,287
4954,287
4955,287
4956,287
4957,287
4958,286
4959,286
4960,287
4961,287
4962,287
4963,288
4964,287
4965,287
4966,286
4967,286
4968,287
4969,287
4970,287
4971,287
4972,287
4973,286
4974,286
4976,286
4977,287
4978,287
4979,287
4980,287
4981,287
4982,287
4983,286
4984,287
4985,287
4986,287
4987,287
4988,287
4989,287
4990,287
4991,286
4992,286
4993,286
4994,287
4995,287
4996,288
4997,287
4998,287
4999,287
5000,286
5001,287
5002,287
5003,287
5004,288
5005,288
5006,287
5007,287
5008,286
5009,287
5010,287
5011,287
5012,287
5013,287
5014,287
5015,287
5016,286
5017,287
5019,286
5020,287
5021,288
5022,287
5023,287
5024,287
5025,287
5026,287
5027,287
5028,287
5029,288
5030,288
5031,287
5032,287
5033,287
5034,287
5035,287
5036,287
5037,287
5038,288
5039,287
5040,287
5041,287
5042,286
5043,287
5044,287
5045,288
5046,287
5047,287
5048,287
5049,286
5050,286
5051,287
5052,287
5053,287
5054,288
5055,287
5056,287
5057,287
5058,286
5059,287
5061,287
5062,287
5063,288
5064,288
5065,287
5066,286
5067,286
5068,286
5069,287
5070,287
5071,288
5072,287
5073,287
5074,287
5075,286
5076,286
5077,287
5078,287
5079,288
5080,287
5081,287
5082,287
5083,287
5084,287
5085,287
5086,287
5087,287
5088,288
5089,287
5090,287
5091,286
5092,287
5093,287
5094,287
5095,287
5096,288
5097,287
5098,287
5099,287
5100,286
5101,287
5102,287
5104,288
5105,288
5106,287
5107,287
5108,287
5109,287
5110,287
5111,287
5112,288
5113,288
5114,287
5115,287
5116,287
5117,286
5118,287
5119,287
5120,287
5121,288
5122,287
5123,287
5124,287
5125,287
5126,287
5127,287
5128,287
5129,287
5130,288
5131,287
5132,287
5133,286
5134,287
5135,287
5136,287
5137,287
5138,287
5139,287
5140,287
5141,287
5142,287
5143,287
5144,288
5145,288
5147,288
5148,287
5149,287
5150,287
5151,286
5152,287
5153,287
5154,287
5155,287
5156,287
5157,287
5158,287
5159,287
5160,287
5161,287
5162,288
5163,288
5164,288
5165,287
5166,287
5167,286
5168,287
5169,287
5170,287
5171,288
5172,287
5173,287
5174,287
5175,287
5176,287
5177,287
5178,288
5179,287
5180,288
5181,287
5182,286
5183,286
5184,287
5185,287
5186,287
5187,287
5189,288
5190,283
5191,287
5192,287
5193,287
5194,286
5195,288
5196,288
5197,286
5198,288
5199,287
5200,287
5201,286
5202,286
5203,288
5204,288
5205,288
5206,287
5207,287
5208,287
5209,286
5210,285
5211,288
5212,287
5213,288
5214,287
5215,286
5216,286
5217,287
5218,287
5219,287
5220,287
5221,288
5222,287
5223,287
5224,287
5225,287
5226,287
5227,287
5228,288
5229,288
5230,287
5232,287
5233,287
5234,287
5235,287
5236,287
5237,288
5238,288
5239,287
5240,287
5241,286
5242,287
5243,287
5244,288
5245,288
5246,288
5247,288
5248,287
5249,287
5250,286
5251,287
5252,287
5253,288
5254,287
5255,287
5256,287
5257,287
5258,286
5259,287
5260,287
5261,287
5262,288
5263,288
5264,287
5265,287
5266,287
5267,287
5268,287
5269,287
5270,287
5271,288
5272,287
5273,287
5275,286
5276,287
5277,287
5278,287
5279,288
5280,288
5281,287
5282,287
5283,287
5284,287
5285,287
5286,288
5287,288
5288,287
5289,287
5290,287
5291,286
5292,287
5293,287
5294,287
5295,288
5296,288
5297,287
5298,287
5299,287
5300,287
5301,286
5302,287
5303,288
5304,288
5305,288
5306,287
5307,287
5308,286
5309,287
5310,287
5311,288
5312,288
5313,287
5314,287
5315,287
5317,287
5318,287
5319,287
5320,287
5321,288
5322,288
5323,287
5324,287
5325,287
5326,287
5327,287
5328,287
5329,288
5330,287
5331,287
5332,287
5333,286
5334,287
5335,287
5336,287
5337,287
5338,287
5339,287
5340,287
5341,286
5342,287
5343,287
5344,287
5345,288
5346,287
5347,287
5348,287
5349,287
5350,286
5351,287
5352,287
5353,287
5354,287
5355,287
5356,287
5357,287
5358,287
5360,287
5361,287
5362,288
5363,288
5364,288
5365,287
5366,287
5367,286
5368,287
5369,287
5370,287
5371,288
5372,288
5373,287
5374,287
5375,286
5376,286
5377,287
5378,288
5379,287
5380,287
5381,287
5382,286
5383,286
5384,287
5385,287
5386,287
5387,288
5388,288
5389,287
5390,287
5391,287
5392,287
5393,287
5394,287
5395,287
5396,288
5397,287
5398,287
5399,286
5400,286
5401,287
5403,287
5404,288
5405,288
5406,287
5407,287
5408,287
5409,287
5410,287
5411,287
5412,288
5413,288
5414,287
5415,287
5416,287
5417,286
5418,287
5419,287
5420,288
5421,288
5422,287
5423,287
5424,287
5425,287
5426,287
5427,287
5428,288
5429,288
5430,287
5431,287
5432,287
5433,286
5434,287
5435,287
5436,288
5437,287
5438,287
5439,287
5440,287
5441,287
5442,287
5443,287
5445,287
5446,288
5447,288
5448,287
5449,286
5450,287
5451,287
5452,287
5453,287
5454,287
5455,288
5456,287
5457,287
5458,287
5459,287
5460,287
5461,288
5462,288
5463,288
5464,287
5465,287
5466,287
5467,286
5468,287
5469,287
5470,288
5471,287
5472,287
5473,287
5474,287
5475,287
5476,287
5477,287
5478,288
5479,288
5480,287
5481,287
5482,286
5483,287
5484,287
5485,287
5486,287
5488,287
5489,287
5490,287
5491,287
5492,286
5493,287
5494,287
5495,288
5496,288
5497,287
5498,287
5499,286
5500,286
5501,286
5502,287
5503,287
5504,288
5505,288
5506,287
5507,287
5508,286
5509,286
5510,287
5511,287
5512,287
5513,287
5514,287
5515,286
5516,286
5517,287
5518,287
5519,287
5520,287
5521,287
5522,287
5523,287
5524,287
5525,286
5526,287
5527,287
5528,287
5529,288
5531,287
5532,286
5533,286
5534,286
5535,287
5536,287
5537,287
5538,287
5539,287
5540,286
5541,286
5542,286
5543,287
5544,287
5545,287
5546,287
5547,287
5548,287
5549,286
5550,287
5551,286
5552,287
5553,287
5554,287
5555,287
5556,287
5557,287
5558,286
5559,287
5560,287
5561,287
5562,287
5563,288
5564,287
5565,286
5566,286
5567,287
5568,287
5569,288
5570,288
5571,286
5573,287
5574,287
5575,287
5576,286
5577,287
5578,288
5579,286
5580,287
5581,287
5582,287
5583,286
5584,287
5585,287
5586,287
5587,287
5588,288
5589,287
5590,287
5591,287
5592,287
5593,287
5594,285
5595,288
5596,288
5597,288
5598,286
5599,286
5600,286
5601,287
5602,287
5603,288
5604,288
5605,287
5606,287
5607,287
5608,287
5609,286
5610,287
5611,288
5612,287
5613,287
5614,287
5616,287
5617,286
5618,287
5619,287
5620,287
5621,287
5622,287
5623,287
5624,287
5625,287
5626,287
5627,287
5628,288
5629,288
5630,287
5631,287
5632,287
5633,287
5634,287
5635,287
5636,287
5637,287
5638,287
5639,287
5640,287
5641,286
5642,287
5643,287
5644,288
5645,288
5646,288
5647,287
5648,287
5649,287
5650,287
5651,287
5652,287
5653,287
5654,288
5655,287
5656,287
5657,286
5659,286
5660,287
5661,287
5662,288
5663,287
5664,288
5665,287
5666,287
5667,286
5668,287
5669,287
5670,287
5671,288
5672,287
5673,287
5674,286
5675,286
5676,287
5677,287
5678,287
5679,287
5680,287
5681,287
5682,287
5683,287
5684,287
5685,287
5686,288
5687,287
5688,287
5689,287
5690,287
5691,287
5692,287
5693,287
5694,287
5695,288
5696,288
5697,287
5698,286
5699,287
5701,286
5702,287
5703,287
5704,288
5705,288
5706,287
5707,287
5708,287
5709,287
5710,287
5711,287
5712,287
5713,288
5714,287
5715,287
5716,286
5717,286
5718,287
5719,287
5720,287
5721,287
5722,287
5723,287
5724,287
5725,287
5726,287
5727,287
5728,287
5729,288
5730,287
5731,287
5732,287
5733,287
5734,287
5735,287
5736,287
5737,288
5738,287
5739,287
5740,287
5741,286
5742,287
5744,287
5745,288
5746,288
5747,287
5748,287
5749,287
5750,286
5751,286
5752,287
5753,287
5754,287
5755,287
5756,287
5757,287
5758,286
5759,286
5760,287
5761,287
5762,288
5763,287
5764,287
5765,287
5766,286
5767,287
5768,287
5769,287
5770,287
5771,288
5772,287
5773,287
5774,287
5775,287
5776,287
5777,287
5778,288
5779,287
5780,287
5781,287
5782,286
5783,287
5784,287
5785,287
5787,288
5788,288
5789,287
5790,287
5791,287
5792,287
5793,287
5794,287
5795,287
5796,288
5797,287
5798,287
5799,286
5800,287
5801,287
5802,287
5803,288
5804,288
5805,288
5806,287
5807,287
5808,287
5809,287
5810,287
5811,287
5812,288
5813,288
5814,287
5815,287
5816,287
5817,287
5818,287
5819,288
5820,288
5821,288
5822,287
5823,287
5824,287
5825,287
5826,287
5827,287
5829,288
5830,288
5831,287
5832,287
5833,287
5834,287
5835,287
5836,288
5837,288
5838,288
5839,287
5840,287
5841,287
5842,287
5843,287
5844,288
5845,288
5846,288
5847,288
5848,287
5849,287
5850,287
5851,287
5852,288
5853,288
5854,288
5855,288
5856,287
5857,287
5858,287
5859,287
5860,288
5861,288
5862,288
5863,288
5864,288
5865,287
5866,287
5867,287
5868,288
5869,288
5870,288
5872,288
5873,287
5874,287
5875,287
5876,287
5877,287
5878,288
5879,288
5880,288
5881,287
5882,287
5883,287
5884,287
5885,288
5886,288
5887,288
5888,288
5889,287
5890,287
5891,287
5892,287
5893,287
5894,288
5895,288
5896,288
5897,287
5898,287
5899,287
5900,287
5901,287
5902,288
5903,288
5904,288
5905,287
5906,287
5907,287
5908,287
5909,287
5910,288
5911,288
5912,288
5913,288
5915,287
5916,287
5917,287
5918,287
5919,288
5920,288
5921,288
5922,288
5923,287
5924,287
5925,287
5926,287
5927,288
5928,288
5929,288
5930,288
5931,287
5932,287
5933,287
5934,287
5935,288
5936,288
5937,288
5938,288
5939,287
5940,287
5941,287
5942,287
5943,288
5944,288
5945,288
5946,288
5947,288
5948,287
5949,287
5950,287
5951,288
5952,288
5953,288
5954,288
5955,288
5957,287
5958,287
5959,287
5960,288
5961,288
5962,288
5963,287
5964,288
5965,288
5966,287
5967,287
5968,287
5969,288
5970,288
5971,288
5972,288
5973,287
5974,287
5975,287
5976,288
5977,288
5978,288
5979,289
5980,288
5981,288
5982,287
5983,287
5984,288
5985,288
5986,288
5987,288
5988,288
5989,288
5990,288
5991,287
5992,288
5993,288
5994,288
5995,288
5996,288
5997,288
5998,287
6000,287
6001,287
6002,288
6003,288
6004,289
6005,288
6006,288
6007,287
6008,287
6009,288
6010,288
6011,288
6012,288
6013,288
6014,288
6015,287
6016,287
6017,287
6018,288
6019,288
6020,288
6021,288
6022,288
6023,288
6024,288
6025,288
6026,288
6027,288
6028,288
6029,288
6030,288
6031,287
6032,287
6033,287
6034,288
6035,288
6036,288
6037,288
6038,288
6039,288
6040,287
6041,287
6043,288
6044,288
6045,289
6046,288
6047,288
6048,288
6049,287
6050,287
6051,288
6052,288
6053,288
6054,289
6055,288
6056,288
6057,288
6058,288
6059,288
6060,288
6061,288
6062,289
6063,289
6064,288
6065,288
6066,287
6067,288
6068,288
6069,288
6070,288
6071,288
6072,288
6073,288
6074,287
6075,287
6076,288
6077,289
6078,288
6079,288
6080,288
6081,287
6082,287
6083,288
6085,288
6086,288
6087,289
6088,289
6089,288
6090,288
6091,288
6092,288
6093,288
6094,288
6095,289
6096,288
6097,288
6098,288
6099,287
6100,287
6101,288
6102,289
6103,289
6104,289
6105,289
6106,288
6107,288
6108,288
6109,288
6110,288
6111,289
6112,289
6113,288
6114,288
6115,288
6116,288
6117,288
6118,288
6119,288
6120,289
6121,288
6122,288
6123,288
6124,288
6125,288
6126,288
6128,289
6129,289
6130,289
6131,288
6132,288
6133,287
6134,288
6135,288
6136,288
6137,289
6138,289
6139,288
6140,288
6141,288
6142,288
6143,288
6144,289
6145,289
6146,288
6147,289
6148,288
6149,288
6150,288
6151,288
6152,288
6153,289
6154,289
6155,288
6156,288
6157,288
6158,288
6159,288
6160,289
6161,289
6162,289
6163,289
6164,288
6165,288
6166,288
6167,288
6168,288
6169,289
6171,289
6172,289
6173,288
6174,288
6175,288
6176,288
6177,288
6178,289
6179,289
6180,288
6181,288
6182,288
6183,288
6184,288
6185,289
6186,288
6187,289
6188,289
6189,288
6190,288
6191,288
6192,288
6193,288
6194,289
6195,289
6196,289
6197,288
6198,288
6199,288
6200,288
6201,288
6202,289
6203,289
6204,289
6205,288
6206,288
6207,288
6208,288
6209,288
6210,289
6211,289
6213,289
6214,288
6215,288
6216,288
6217,288
6218,288
6219,288
6220,289
6221,289
6222,288
6223,288
6224,288
6225,288
6226,288
6227,289
6228,289
6229,289
6230,289
6231,288
6232,288
6233,288
6234,288
6235,288
6236,289
6237,289
6238,288
6239,288
6240,288
6241,288
6242,288
6243,289
6244,289
6245,289
6246,289
6247,288
6248,288
6249,288
6250,288
6251,288
6252,289
6253,289
6254,289
6256,288
6257,288
6258,288
6259,288
6260,288
6261,289
6262,289
6263,289
6264,289
6265,288
6266,288
6267,287
6268,288
6269,289
6270,289
6271,288
6272,288
6273,288
6274,288
6275,288
6276,288
6277,288
6278,289
6279,289
6280,288
6281,288
6282,288
6283,288
6284,288
6285,289
6286,289
6287,289
6288,288
6289,288
6290,288
6291,288
6292,288
6293,288
6294,289
6295,288
6296,289
6297,288
6299,288
6300,288
6301,288
6302,288
6303,289
6304,289
6305,289
6306,288
6307,288
6308,288
6309,288
6310,288
6311,289
6312,288
6313,289
6314,288
6315,288
6316,288
6317,288
6318,288
6319,288
6320,289
6321,288
6322,288
6323,288
6324,288
6325,288
6326,288
6327,288
6328,289
6329,289
6330,288
6331,288
6332,288
6333,288
6334,288
6335,289
6336,289
6337,288
6338,288
6339,288
6341,288
6342,288
6343,288
6344,289
6345,289
6346,289
6347,288
6348,288
6349,288
6350,288
6351,288
6352,289
6353,288
6354,289
6355,289
6356,288
6357,288
6358,287
6359,288
6360,288
6361,289
6362,289
6363,289
6364,288
6365,288
6366,288
6367,288
6368,288
6369,289
6370,289
6371,288
6372,288
6373,288
6374,288
6375,288
6376,288
6377,289
6378,289
6379,289
6380,288
6381,288
6382,287
6384,288
6385,289
6386,289
6387,288
6388,289
6389,288
6390,288
6391,288
6392,288
6393,288
6394,288
6395,289
6396,289
6397,288
6398,288
6399,288
6400,288
6401,288
6402,288
6403,289
6404,289
6405,289
6406,288
6407,287
6408,288
6409,288
6410,288
6411,289
6412,288
6413,288
6414,288
6415,287
6416,287
6417,288
6418,288
6419,288
6420,289
6421,288
6422,288
6423,288
6424,288
6425,288
6427,288
6428,289
6429,288
6430,288
6431,288
6432,287
6433,287
6434,288
6435,288
6436,288
6437,289
6438,288
6439,288
6440,287
6441,287
6442,288
6443,288
6444,289
6445,289
6446,288
6447,288
6448,287
6449,287
6450,288
6451,288
6452,288
6453,289
6454,288
6455,288
6456,288
6457,288
6458,287
6459,288
6460,288
6461,289
6462,288
6463,288
6464,288
6465,287
6466,288
6467,288
6469,288
6470,288
6471,288
6472,288
6473,288
6474,287
6475,287
6476,288
6477,288
6478,288
6479,288
6480,288
6481,288
6482,288
6483,288
6484,288
6485,288
6486,289
6487,288
6488,288
6489,288
6490,288
6491,287
6492,288
6493,288
6494,288
6495,288
6496,288
6497,288
6498,287
6499,288
6500,287
6501,288
6502,288
6503,289
6504,289
6505,288
6506,288
6507,287
6508,288
6509,288
6510,288
6512,288
6513,288
6514,288
6515,288
6516,287
6517,287
6518,288
6519,288
6520,288
6521,288
6522,288
6523,287
6524,288
6525,288
6526,288
6527,288
6528,288
6529,288
6530,288
6531,287
6532,287
6533,287
6534,288
6535,288
6536,288
6537,288
6538,288
6539,288
6540,287
6541,287
6542,287
6543,288
6544,289
6545,288
6546,288
6547,288
6548,288
6549,287
6550,287
6551,288
6552,288
6553,288
6555,288
6556,288
6557,287
6558,287
6559,288
6560,288
6561,288
6562,288
6563,288
6564,288
6565,288
6566,287
6567,287
6568,288
6569,284
6570,289
6571,287
6572,288
6573,288
6574,285
6575,287
6576,287
6577,288
6578,288
6579,288
6580,288
6581,286
6582,287
6583,287
6584,288
6585,289
6586,289
6587,289
6588,287
6589,288
6590,287
6591,287
6592,287
6593,288
6594,288
6595,288
6597,288
6598,287
6599,287
6600,287
6601,288
6602,288
6603,288
6604,289
6605,288
6606,288
6607,287
6608,287
6609,287
6610,288
6611,288
6612,288
6613,288
6614,288
6615,287
6616,287
6617,287
6618,288
6619,288
6620,288
6621,288
6622,288
6623,287
6624,287
6625,287
6626,288
6627,288
6628,288
6629,288
6630,288
6631,287
6632,287
6633,288
6634,288
6635,288
6636,288
6637,288
6638,288
6640,287
6641,288
6642,287
6643,288
6644,289
6645,289
6646,288
6647,288
6648,287
6649,287
6650,287
6651,288
6652,288
6653,288
6654,288
6655,288
6656,287
6657,287
6658,287
6659,288
6660,288
6661,288
6662,288
6663,288
6664,288
6665,288
6666,287
6667,287
6668,288
6669,288
6670,288
6671,288
6672,288
6673,288
6674,287
6675,288
6676,288
6677,288
6678,288
6679,288
6680,288
6681,287
6683,288
6684,288
6685,288
6686,288
6687,289
6688,288
6689,288
6690,288
6691,287
6692,287
6693,288
6694,288
6695,288
6696,288
6697,288
6698,287
6699,287
6700,287
6701,288
6702,288
6703,288
6704,289
6705,289
6706,288
6707,288
6708,288
6709,288
6710,288
6711,289
6712,289
6713,288
6714,288
6715,287
6716,288
6717,288
6718,288
6719,289
6720,289
6721,288
6722,288
6723,288
6725,288
6726,288
6727,288
6728,289
6729,289
6730,288
6731,288
6732,288
6733,288
6734,288
6735,288
6736,289
6737,289
6738,288
6739,288
6740,288
6741,288
6742,288
6743,288
6744,289
6745,289
6746,288
6747,288
6748,288
6749,288
6750,288
6751,288
6752,289
6753,289
6754,288
6755,288
6756,288
6757,288
6758,288
6759,288
6760,289
6761,289
6762,288
6763,288
6764,288
6765,288
6766,288
6768,288
6769,289
6770,289
6771,288
6772,288
6773,288
6774,288
6775,288
6776,288
6777,288
6778,289
6779,289
6780,288
6781,288
6782,288
6783,288
6784,288
6785,289
6786,289
6787,289
6788,288
6789,288
6790,288
6791,288
6792,288
6793,288
6794,289
6795,289
6796,289
6797,288
6798,288
6799,288
6800,288
6801,288
6802,288
6803,289
6804,289
6805,288
6806,288
6807,288
6808,288
6809,288
6811,289
6812,289
6813,288
6814,288
6815,287
6816,287
6817,288
6818,288
6819,288
6820,288
6821,289
6822,288
6823,288
6824,288
6825,288
6826,288
6827,289
6828,289
6829,288
6830,288
6831,288
6832,288
6833,288
6834,288
6835,288
6836,289
6837,288
6838,288
6839,287
6840,288
6841,288
6842,288
6843,289
6844,289
6845,289
6846,288
6847,288
6848,287
6849,288
6850,288
6851,288
6853,289
6854,289
6855,288
6856,288
6857,287
6858,288
6859,288
6860,288
6861,289
6862,288
6863,288
6864,288
6865,288
6866,288
6867,288
6868,288
6869,289
6870,289
6871,288
6872,288
6873,287
6874,288
6875,288
6876,288
6877,288
6878,289
6879,289
6880,288
6881,288
6882,288
6883,288
6884,288
6885,289
6886,288
6887,288
6888,288
6889,287
6890,288
6891,288
6892,288
6893,288
6894,288
6896,288
6897,288
6898,288
6899,287
6900,288
6901,288
6902,288
6903,288
6904,289
6905,288
6906,288
6907,288
6908,287
6909,288
6910,288
6911,288
6912,288
6913,288
6914,288
6915,287
6916,288
6917,288
6918,288
6919,289
6920,288
6921,288
6922,288
6923,288
6924,288
6925,288
6926,288
6927,289
6928,289
6929,288
6930,288
6931,287
6932,287
6933,288
6934,288
6935,288
6936,289
6937,288
6939,288
6940,288
6941,287
6942,288
6943,288
6944,289
6945,289
6946,289
6947,288
6948,288
6949,287
6950,288
6951,287
6952,289
6953,289
6954,289
6955,288
6956,285
6957,288
6958,287
6959,288
6960,288
6961,289
6962,288
6963,287
6964,288
6965,288
6966,288
6967,287
6968,288
6969,289
6970,288
6971,286
6972,287
6973,287
6974,288
6975,288
6976,288
6977,288
6978,288
6979,288
6981,288
6982,288
6983,288
6984,288
6985,289
6986,289
6987,289
6988,288
6989,288
6990,288
6991,287
6992,288
6993,288
6994,288
6995,288
6996,288
6997,288
6998,288
6999,288
7000,288
7001,288
7002,289
7003,289
7004,289
7005,288
7006,288
7007,288
7008,288
7009,289
7010,289
7011,289
7012,289
7013,288
7014,287
7015,288
7016,288
7017,288
7018,289
7019,289
7020,288
7021,288
7022,288
7024,288
7025,288
7026,288
7027,288
7028,289
7029,289
7030,288
7031,288
7032,288
7033,288
7034,288
7035,288
7036,289
7037,289
7038,288
7039,288
7040,288
7041,288
7042,288
7043,289
7044,289
7045,289
7046,288
7047,288
7048,288
7049,288
7050,288
7051,288
7052,289
7053,289
7054,288
7055,288
7056,288
7057,288
7058,288
7059,288
7060,289
7061,289
7062,288
7063,288
7064,288
7065,288
7067,288
7068,288
7069,289
7070,288
7071,286
7072,288
7073,288
7074,288
7075,288
7076,288
7077,288
7078,289
7079,289
7080,288
7081,288
7082,288
7083,288
7084,289
7085,289
7086,289
7087,288
7088,288
7089,288
7090,288
7091,288
7092,288
7093,289
7094,289
7095,289
7096,288
7097,288
7098,288
7099,288
7100,288
7101,288
7102,289
7103,289
7104,289
7105,288
7106,288
7107,288
7109,288
7110,288
7111,289
7112,289
7113,289
7114,288
7115,288
7116,288
7117,288
7118,289
7119,289
7120,289
7121,289
7122,288
7123,288
7124,288
7125,288
7126,288
7127,289
7128,289
7129,289
7130,288
7131,288
7132,288
7133,288
7134,288
7135,289
7136,289
7137,288
7138,288
7139,288
7140,288
7141,288
7142,288
7143,289
7144,289
7145,289
7146,288
7147,288
7148,288
7149,288
7150,288
7152,289
7153,289
7154,288
7155,288
7156,288
7157,288
7158,288
7159,288
7160,289
7161,289
7162,289
7163,288
7164,288
7165,288
7166,288
7167,288
7168,289
7169,289
7170,289
7171,289
7172,288
7173,288
7174,288
7175,288
7176,289
7177,289
7178,289
7179,289
7180,288
7181,288
7182,288
7183,288
7184,289
7185,289
7186,289
7187,288
7188,288
7189,288
7190,288
7191,288
7192,289
7193,289
7195,289
7196,289
7197,289
7198,288
7199,288
7200,288
7201,288
7202,289
7203,289
7204,289
7205,289
7206,288
7207,288
7208,288
7209,288
7210,289
7211,289
7212,289
7213,288
7214,288
7215,288
7216,288
7217,289
7218,289
7219,289
7220,289
7221,289
7222,288
7223,288
7224,288
7225,288
7226,289
7227,289
7228,289
7229,289
7230,288
7231,288
7232,288
7233,288
7234,288
7235,289
7237,289
7238,288
7239,288
7240,288
7241,288
7242,288
7243,289
7244,289
7245,290
7246,289
7247,288
7248,288
7249,288
7250,288
7251,289
7252,289
7253,289
7254,289
7255,288
7256,288
7257,288
7258,288
7259,289
7260,289
7261,289
7262,289
7263,289
7264,288
7265,288
7266,288
7267,289
7268,289
7269,289
7270,289
7271,289
7272,288
7273,288
7274,288
7275,289
7276,289
7277,289
7278,289
7280,289
7281,288
7282,288
7283,288
7284,289
7285,289
7286,289
7287,289
7288,289
7289,288
7290,288
7291,288
7292,288
7293,289
7294,289
7295,289
7296,289
7297,288
7298,288
7299,288
7300,288
7301,289
7302,289
7303,289
7304,289
7305,288
7306,288
7307,288
7308,288
7309,289
7310,289
7311,289
7312,289
7313,288
7314,288
7315,288
7316,288
7317,289
7318,289
7319,289
7320,289
7321,288
7323,288
7324,288
7325,288
7326,287
7327,289
7328,289
7329,289
7330,288
7331,288
7332,285
7333,288
7334,289
7335,289
7336,288
7337,289
7338,289
7339,288
7340,288
7341,288
7342,288
7343,288
7344,290
7345,289
7346,288
7347,288
7348,288
7349,288
7350,282
7351,289
7352,289
7353,289
7354,289
7355,288
7356,288
7357,288
7358,289
7359,289
7360,289
7361,289
7362,288
7363,289
7365,288
7366,288
7367,288
7368,289
7369,289
7370,289
7371,289
7372,289
7373,288
7374,288
7375,288
7376,289
7377,289
7378,289
7379,289
7380,288
7381,288
7382,288
7383,288
7384,289
7385,289
7386,289
7387,289
7388,289
7389,288
7390,288
7391,288
7392,289
7393,289
7394,289
7395,289
7396,289
7397,288
7398,288
7399,288
7400,289
7401,289
7402,289
7403,289
7404,289
7405,289
7406,288
7408,288
7409,288
7410,289
7411,290
7412,289
7413,289
7414,289
7415,288
7416,288
7417,288
7418,289
7419,289
7420,289
7421,289
7422,288
7423,288
7424,289
7425,289
7426,289
7427,289
7428,289
7429,289
7430,289
7431,288
7432,288
7433,289
7434,289
7435,289
7436,289
7437,289
7438,289
7439,288
7440,289
7441,289
7442,289
7443,290
7444,290
7445,289
7446,289
7447,288
7448,289
7449,288
7451,286
7452,289
7453,290
7454,289
7455,289
7456,288
7457,288
7458,288
7459,289
7460,289
7461,289
7462,289
7463,289
7464,289
7465,288
7466,289
7467,289
7468,289
7469,289
7470,289
7471,289
7472,288
7473,288
7474,288
7475,289
7476,289
7477,289
7478,289
7479,289
7480,289
7481,288
7482,289
7483,289
7484,289
7485,290
7486,289
7487,289
7488,289
7489,288
7490,288
7491,289
7493,289
7494,289
7495,289
7496,289
7497,288
7498,288
7499,288
7500,289
7501,289
7502,289
7503,289
7504,289
7505,289
7506,288
7507,288
7508,288
7509,289
7510,289
7511,289
7512,289
7513,289
7514,289
7515,288
7516,289
7517,289
7518,289
7519,290
7520,289
7521,289
7522,288
7523,289
7524,289
7525,289
7526,289
7527,290
7528,289
7529,289
7530,288
7531,288
7532,288
7533,289
7534,289
7536,289
7537,289
7538,289
7539,289
7540,288
7541,288
7542,288
7543,289
7544,290
7545,290
7546,289
7547,289
7548,288
7549,288
7550,289
7551,289
7552,289
7553,289
7554,289
7555,288
7556,288
7557,288
7558,289
7559,289
7560,290
7561,290
7562,289
7563,289
7564,289
7565,289
7566,288
7567,289
7568,287
7569,290
7570,290
7571,288
7572,289
7573,288
7574,288
7575,289
7576,289
7577,289
7579,289
7580,289
7581,289
7582,288
7583,288
7584,289
7585,290
7586,289
7587,289
7588,288
7589,289
7590,288
7591,288
7592,289
7593,289
7594,289
7595,289
7596,289
7597,289
7598,288
7599,288
7600,289
7601,289
7602,289
7603,289
7604,289
7605,289
7606,288
7607,288
7608,288
7609,289
7610,289
7611,289
7612,289
7613,289
7614,288
7615,288
7616,289
7617,289
7618,289
7619,289
7621,289
7622,289
7623,289
7624,289
7625,289
7626,289
7627,289
7628,290
7629,289
7630,289
7631,288
7632,288
7633,288
7634,289
7635,289
7636,289
7637,289
7638,289
7639,288
7640,288
7641,288
7642,289
7643,289
7644,290
7645,289
7646,289
7647,288
7648,288
7649,288
7650,289
7651,289
7652,289
7653,289
7654,289
7655,288
7656,288
7657,288
7658,288
7659,289
7660,289
7661,289
7662,289
7664,288
7665,288
7666,289
7667,288
7668,289
7669,289
7670,289
7671,289
7672,288
7673,288
7674,288
7675,288
7676,289
7677,289
7678,289
7679,289
7680,289
7681,288
7682,288
7683,288
7684,289
7685,289
7686,289
7687,289
7688,288
7689,288
7690,288
7691,288
7692,289
7693,289
7694,289
7695,289
7696,289
7697,288
7698,288
7699,288
7700,289
7701,289
7702,289
7703,289
7704,289
7705,288
7707,288
7708,288
7709,289
7710,289
7711,289
7712,289
7713,289
7714,288
7715,288
7716,288
7717,288
7718,289
7719,289
7720,289
7721,289
7722,288
7723,288
7724,288
7725,289
7726,289
7727,289
7728,289
7729,289
7730,288
7731,288
7732,288
7733,288
7734,288
7735,289
7736,289
7737,289
7738,288
7739,288
7740,288
7741,288
7742,289
7743,289
7744,289
7745,289
7746,288
7747,288
7749,288
7750,288
7751,289
7752,289
7753,289
7754,289
7755,288
7756,288
7757,288
7758,288
7759,289
7760,289
7761,289
7762,289
7763,288
7764,288
7765,288
7766,288
7767,288
7768,289
7769,289
7770,288
7771,286
7772,288
7773,288
7774,288
7775,288
7776,288
7777,289
7778,289
7779,288
7780,288
7781,288
7782,288
7783,288
7784,289
7785,289
7786,289
7787,288
7788,288
7789,288
7790,287
7792,287
7793,289
7794,288
7795,288
7796,288
7797,288
7798,288
7799,287
7800,288
7801,288
7802,289
7803,289
7804,288
7805,288
7806,288
7807,288
7808,288
7809,289
7810,288
7811,288
7812,288
7813,288
7814,287
7815,287
7816,288
7817,288
7818,288
7819,289
7820,288
7821,288
7822,288
7823,288
7824,288
7825,289
7826,289
7827,289
7828,288
7829,288
7830,288
7831,288
7832,288
7833,288
7835,288
7836,289
7837,289
7838,288
7839,288
7840,287
7841,287
7842,288
7843,288
7844,289
7845,289
7846,288
7847,288
7848,287
7849,284
7850,279
7851,289
7852,287
7853,289
7854,288
7855,284
7856,288
7857,287
7858,288
7859,288
7860,289
7861,288
7862,287
7863,285
7864,287
7865,286
7866,289
7867,288
7868,288
7869,287
7870,289
7871,288
7872,284
7873,288
7874,288
7875,288
7877,288
7878,288
7879,288
7880,288
7881,287
7882,287
7883,288
7884,288
7885,288
7886,289
7887,288
7888,288
7889,288
7890,287
7891,288
7892,288
7893,289
7894,289
7895,288
7896,288
7897,288
7898,288
7899,288
7900,288
7901,288
7902,289
7903,289
7904,288
7905,288
7906,288
7907,288
7908,288
7909,288
7910,286
7911,289
7912,288
7913,288
7914,288
7915,288
7916,288
7917,289
7918,289
7920,289
7921,288
7922,288
7923,287
7924,288
7925,289
7926,289
7927,289
7928,289
7929,288
7930,288
7931,288
7932,288
7933,288
7934,288
7935,289
7936,289
7937,289
7938,288
7939,288
7940,288
7941,288
7942,289
7943,289
7944,290
7945,289
7946,288
7947,288
7948,288
7949,288
7950,289
7951,289
7952,289
7953,289
7954,289
7955,288
7956,288
7957,288
7958,289
7959,289
7960,289
7961,289
7963,289
7964,289
7965,289
7966,289
7967,288
7968,289
7969,289
7970,289
7971,289
7972,288
7973,288
7974,288
7975,289
7976,289
7977,290
7978,290
7979,289
7980,289
7981,288
7982,289
7983,289
7984,289
7985,290
7986,289
7987,289
7988,288
7989,288
7990,288
7991,289
7992,289
7993,290
7994,289
7995,289
7996,289
7997,288
7998,288
7999,289
8000,289
8001,289
8002,289
8003,289
8005,289
8006,289
8007,288
8008,288
8009,288
8010,290
8011,290
8012,289
8013,289
8014,289
8015,288
8016,289
8017,289
8018,289
8019,290
8020,289
8021,289
8022,289
8023,288
8024,289
8025,289
8026,289
8027,289
8028,290
8029,289
8030,289
8031,289
8032,289
8033,289
8034,289
8035,290
8036,289
8037,289
8038,289
8039,289
8040,288
8041,289
8042,289
8043,290
8044,290
8045,289
8046,289
8048,289
8049,289
8050,289
8051,289
8052,290
8053,290
8054,289
8055,289
8056,289
8057,288
8058,289
8059,289
8060,290
8061,290
8062,289
8063,289
8064,289
8065,289
8066,289
8067,289
8068,289
8069,290
8070,289
8071,289
8072,289
8073,288
8074,289
8075,289
8076,290
8077,290
8078,290
8079,289
8080,289
8081,289
8082,288
8083,289
8084,290
8085,290
8086,289
8087,289
8088,288
8089,289
8091,288
8092,289
8093,290
8094,290
8095,289
8096,289
8097,289
8098,289
8099,289
8100,289
8101,290
8102,290
8103,289
8104,290
8105,289
8106,289
8107,289
8108,289
8109,290
8110,290
8111,290
8112,289
8113,289
8114,289
8115,289
8116,289
8117,289
8118,290
8119,289
8120,289
8121,289
8122,289
8123,289
8124,289
8125,290
8126,290
8127,290
8128,290
8129,289
8130,289
8131,289
8133,289
8134,289
8135,290
8136,290
8137,290
8138,289
8139,289
8140,289
8141,289
8142,289
8143,290
8144,290
8145,290
8146,289
8147,289
8148,288
8149,289
8150,290
8151,290
8152,290
8153,290
8154,289
8155,289
8156,289
8157,289
8158,289
8159,290
8160,290
8161,289
8162,289
8163,289
8164,289
8165,289
8166,289
8167,289
8168,290
8169,290
8170,289
8171,289
8172,289
8173,289
8174,289
8176,290
8177,290
8178,289
8179,289
8180,289
8181,288
8182,288
8183,289
8184,289
8185,290
8186,290
8187,289
8188,289
8189,289
8190,289
8191,289
8192,290
8193,290
8194,290
8195,289
8196,289
8197,289
8198,289
8199,289
8200,289
8201,290
8202,290
8203,290
8204,289
8205,289
8206,288
8207,289
8208,289
8209,290
8210,290
8211,289
8212,289
8213,289
8214,289
8215,289
8216,289
8217,289
8219,290
8220,290
8221,289
8222,289
8223,289
8224,289
8225,289
8226,290
8227,290
8228,289
8229,289
8230,289
8231,289
8232,289
8233,289
8234,290
8235,290
8236,290
8237,289
8238,289
8239,289
8240,289
8241,289
8242,289
8243,290
8244,290
8245,290
8246,289
8247,289
8248,289
8249,289
8250,289
8251,290
8252,290
8253,290
8254,289
8255,289
8256,289
8257,289
8258,290
8259,290
8261,290
8262,290
8263,289
8264,289
8265,289
8266,289
8267,289
8268,290
8269,290
8270,290
8271,289
8272,289
8273,289
8274,289
8275,289
8276,290
8277,290
8278,290
8279,289
8280,289
8281,289
8282,289
8283,289
8284,290
8285,290
8286,290
8287,289
8288,289
8289,289
8290,289
8291,289
8292,290
8293,290
8294,290
8295,290
8296,289
8297,289
8298,289
8299,289
8300,290
8301,290
8302,290
8304,290
8305,289
8306,289
8307,289
8308,289
8309,289
8310,290
8311,290
8312,290
8313,289
8314,289
8315,289
8316,289
8317,289
8318,290
8319,290
8320,290
8321,289
8322,289
8323,289
8324,289
8325,290
8326,290
8327,290
8328,290
8329,289
8330,289
8331,289
8332,289
8333,290
8334,290
8335,290
8336,290
8337,289
8338,289
8339,289
8340,289
8341,290
8342,290
8343,290
8344,290
8345,290
8347,289
8348,289
8349,289
8350,289
8351,290
8352,290
8353,290
8354,289
8355,289
8356,289
8357,289
8358,289
8359,290
8360,290
8361,290
8362,290
8363,289
8364,289
8365,289
8366,289
8367,290
8368,290
8369,290
8370,290
8371,289
8372,289
8373,289
8374,289
8375,290
8376,290
8377,290
8378,290
8379,289
8380,289
8381,289
8382,289
8383,290
8384,290
8385,290
8386,290
8387,289
8389,289
8390,289
8391,289
8392,290
8393,290
8394,290
8395,290
8396,289
8397,289
8398,289
8399,289
8400,290
8401,290
8402,290
8403,290
8404,290
8405,289
8406,289
8407,289
8408,290
8409,290
8410,290
8411,290
8412,290
8413,289
8414,289
8415,289
8416,289
8417,290
8418,290
8419,290
8420,290
8421,289
8422,289
8423,289
8424,290
8425,290
8426,290
8427,290
8428,290
8429,289
8430,289
8432,289
8433,289
8434,290
8435,290
8436,290
8437,290
8438,289
8439,289
8440,289
8441,289
8442,290
8443,290
8444,290
8445,290
8446,290
8447,289
8448,289
8449,289
8450,290
8451,290
8452,290
8453,290
8454,290
8455,289
8456,289
8457,289
8458,290
8459,291
8460,290
8461,290
8462,290
8463,290
8464,289
8465,290
8466,290
8467,290
8468,290
8469,290
8470,290
8471,289
8472,289
8473,289
8475,290
8476,290
8477,290
8478,290
8479,290
8480,289
8481,289
8482,289
8483,290
8484,290
8485,291
8486,291
8487,290
8488,290
8489,290
8490,289
8491,290
8492,290
8493,290
8494,291
8495,290
8496,290
8497,289
8498,290
8499,290
8500,290
8501,290
8502,291
8503,290
8504,290
8505,290
8506,289
8507,290
8508,290
8509,291
8510,291
8511,290
8512,290
8513,289
8514,289
8515,290
8517,290
8518,291
8519,291
8520,290
8521,290
8522,290
8523,290
8524,290
8525,291
8526,291
8527,290
8528,290
8529,290
8530,289
8531,289
8532,290
8533,290
8534,290
8535,291
8536,291
8537,290
8538,290
8539,289
8540,290
8541,290
8542,290
8543,290
8544,291
8545,291
8546,290
8547,290
8548,290
8549,290
8550,290
8551,291
8552,290
8553,290
8554,290
8555,289
8556,289
8557,290
8558,290
8560,290
8561,290
8562,290
8563,290
8564,289
8565,290
8566,290
8567,290
8568,290
8569,290
8570,289
8571,289
8572,290
8573,289
8574,289
8575,290
8576,290
8577,290
8578,290
8579,290
8580,289
8581,289
8582,289
8583,290
8584,291
8585,291
8586,290
8587,290
8588,290
8589,289
8590,290
8591,290
8592,291
8593,291
8594,290
8595,290
8596,290
8597,290
8598,289
8599,290
8600,290
8601,291
8603,291
8604,290
8605,290
8606,290
8607,290
8608,290
8609,291
8610,291
8611,291
8612,290
8613,290
8614,290
8615,290
8616,290
8617,290
8618,291
8619,291
8620,290
8621,290
8622,290
8623,290
8624,290
8625,291
8626,291
8627,290
8628,290
8629,290
8630,290
8631,290
8632,290
8633,290
8634,291
8635,290
8636,290
8637,290
8638,290
8639,289
8640,290
8641,290
8642,291
8643,291
8645,291
8646,290
8647,290
8648,290
8649,289
8650,288
8651,291
8652,291
8653,290
8654,290
8655,290
8656,289
8657,290
8658,290
8659,290
8660,290
8661,291
8662,290
8663,290
8664,291
8665,290
8666,290
8667,290
8668,291
8669,290
8670,291
8671,290
8672,290
8673,290
8674,290
8675,290
8676,290
8677,291
8678,290
8679,290
8680,289
8681,289
8682,290
8683,290
8684,290
8685,290
8686,290
8688,290
8689,289
8690,290
8691,290
8692,290
8693,290
8694,291
8695,290
8696,290
8697,289
8698,290
8699,290
8700,290
8701,290
8702,291
8703,290
8704,290
8705,290
8706,290
8707,290
8708,290
8709,290
8710,291
8711,291
8712,290
8713,289
8714,289
8715,290
8716,290
8717,291
8718,290
8719,290
8720,290
8721,289
8722,289
8723,289
8724,290
8725,290
8726,291
8727,290
8728,290
8729,289
8731,289
8732,289
8733,290
8734,290
8735,291
8736,290
8737,290
8738,290
8739,289
8740,290
8741,290
8742,290
8743,291
8744,291
8745,290
8746,290
8747,289
8748,289
8749,290
8750,290
8751,291
8752,290
8753,290
8754,290
8755,289
8756,289
8757,290
8758,290
8759,291
8760,290
8761,290
8762,290
8763,290
8764,290
8765,290
8766,290
8767,291
8768,291
8769,290
8770,290
8771,290
8773,290
8774,290
8775,290
8776,291
8777,291
8778,291
8779,290
8780,290
8781,290
8782,289
8783,290
8784,291
8785,291
8786,290
8787,290
8788,290
8789,290
8790,290
8791,290
8792,291
8793,291
8794,291
8795,290
8796,290
8797,290
8798,290
8799,289
8800,290
8801,291
8802,290
8803,290
8804,290
8805,290
8806,290
8807,290
8808,290
8809,291
8810,291
8811,290
8812,290
8813,290
8814,289
8816,290
8817,290
8818,291
8819,291
8820,291
8821,290
8822,289
8823,289
8824,290
8825,291
8826,291
8827,291
8828,290
8829,290
8830,290
8831,290
8832,290
8833,290
8834,291
8835,291
8836,290
8837,290
8838,289
8839,289
8840,290
8841,290
8842,291
8843,291
8844,291
8845,290
8846,289
8847,289
8848,290
8849,290
8850,290
8851,290
8852,290
8853,290
8854,289
8855,289
8856,289
8857,290
8859,290
8860,291
8861,290
8862,290
8863,289
8864,289
8865,290
8866,290
8867,290
8868,290
8869,290
8870,290
8871,289
8872,289
8873,289
8874,289
8875,290
8876,290
8877,290
8878,290
8879,289
8880,289
8881,289
8882,289
8883,290
8884,290
8885,290
8886,290
8887,289
8888,289
8889,289
8890,289
8891,290
8892,290
8893,290
8894,290
8895,290
8896,289
8897,289
8898,289
8899,290
8901,290
8902,290
8903,290
8904,290
8905,290
8906,290
8907,290
8908,289
8909,289
8910,291
8911,291
8912,290
8913,289
8914,289
8915,289
8916,290
8917,290
8918,290
8919,290
8920,290
8921,289
8922,289
8923,289
8924,290
8925,290
8926,291
8927,290
8928,290
8929,290
8930,289
8931,289
8932,290
8933,290
8934,290
8935,290
8936,290
8937,290
8938,290
8939,290
8940,290
8941,290
8942,291
8944,291
8945,291
8946,290
8947,289
8948,289
8949,290
8950,290
8951,291
8952,290
8953,290
8954,290
8955,289
8956,290
8957,290
8958,290
8959,291
8960,291
8961,291
8962,290
8963,290
8964,290
8965,290
8966,290
8967,291
8968,291
8969,291
8970,290
8971,290
8972,290
8973,290
8974,290
8975,291
8976,291
8977,291
8978,290
8979,290
8980,289
8981,290
8982,290
8983,290
8984,291
8985,291
8987,290
8988,290
8989,290
8990,290
8991,290
8992,291
8993,291
8994,291
8995,290
8996,290
8997,289
8998,290
8999,290
9000,290
9001,291
9002,290
9003,290
9004,290
9005,290
9006,290
9007,290
9008,290
9009,290
9010,290
9011,290
9012,290
9013,289
9014,289
9015,289
9016,290
9017,290
9018,290
9019,290
9020,290
9021,289
9022,289
9023,289
9024,290
9025,290
9026,290
9027,290
9029,290
9030,289
9031,289
9032,289
9033,289
9034,290
9035,290
9036,290
9037,289
9038,289
9039,289
9040,289
9041,289
9042,290
9043,290
9044,290
9045,290
9046,289
9047,289
9048,289
9049,289
9050,290
9051,290
9052,290
9053,289
9054,289
9055,289
9056,289
9057,289
9058,290
9059,290
9060,290
9061,290
9062,289
9063,289
9064,289
9065,289
9066,290
9067,290
9068,290
9069,290
9070,289
9072,289
9073,289
9074,289
9075,290
9076,290
9077,290
9078,290
9079,289
9080,289
9081,289
9082,289
9083,290
9084,290
9085,291
9086,290
9087,290
9088,289
9089,289
9090,289
9091,290
9092,290
9093,290
9094,290
9095,290
9096,289
9097,289
9098,290
9099,290
9100,290
9101,291
9102,290
9103,290
9104,290
9105,290
9106,290
9107,290
9108,290
9109,291
9110,291
9111,290
9112,290
9113,289
9115,290
9116,290
9117,290
9118,291
9119,291
9120,290
9121,290
9122,289
9123,289
9124,290
9125,291
9126,291
9127,291
9128,291
9129,290
9130,290
9131,289
9132,290
9133,290
9134,291
9135,291
9136,290
9137,290
9138,290
9139,289
9140,290
9141,290
9142,290
9143,291
9144,291
9145,290
9146,289
9147,290
9148,290
9149,290
9150,290
9151,291
9152,290
9153,290
9154,289
9155,289
9157,290
9158,290
9159,290
9160,291
9161,290
9162,290
9163,289
9164,289
9165,290
9166,290
9167,290
9168,290
9169,290
9170,290
9171,289
9172,289
9173,289
9174,290
9175,290
9176,290
9177,290
9178,290
9179,289
9180,289
9181,289
9182,289
9183,290
9184,290
9185,290
9186,289
9187,289
9188,289
9189,289
9190,289
9191,289
9192,289
9193,290
9194,290
9195,289
9196,289
9197,288
9198,289
9200,289
9201,290
9202,289
9203,289
9204,289
9205,289
9206,289
9207,289
9208,289
9209,285
9210,289
9211,290
9212,289
9213,288
9214,288
9215,288
9216,289
9217,289
9218,289
9219,289
9220,289
9221,288
9222,288
9223,289
9224,289
9225,289
9226,289
9227,290
9228,289
9229,288
9230,288
9231,284
9232,289
9233,290
9234,290
9235,289
9236,289
9237,289
9238,288
9239,289
9240,289
9241,290
9243,290
9244,290
9245,290
9246,289
9247,289
9248,289
9249,289
9250,291
9251,291
9252,290
9253,290
9254,289
9255,289
9256,289
9257,289
9258,290
9259,290
9260,290
9261,290
9262,289
9263,289
9264,289
9265,289
9266,290
9267,290
9268,290
9269,290
9270,290
9271,289
9272,289
9273,290
9274,290
9275,290
9276,290
9277,290
9278,290
9279,289
9280,289
9281,289
9282,290
9283,290
9285,291
9286,290
9287,290
9288,289
9289,289
9290,290
9291,290
9292,290
9293,290
9294,290
9295,290
9296,289
9297,289
9298,289
9299,290
9300,290
9301,290
9302,290
9303,290
9304,290
9305,289
9306,290
9307,290
9308,290
9309,290
9310,290
9311,290
9312,289
9313,289
9314,289
9315,290
9316,290
9317,290
9318,290
9319,290
9320,289
9321,289
9322,289
9323,289
9324,290
9325,290
9326,290
9328,290
9329,289
9330,287
9331,289
9332,288
9333,290
9334,289
9335,290
9336,290
9337,289
9338,289
9339,289
9340,289
9341,289
9342,289
9343,290
9344,289
9345,289
9346,289
9347,288
9348,288
9349,289
9350,290
9351,289
9352,289
9353,289
9354,288
9355,288
9356,288
9357,289
9358,289
9359,289
9360,289
9361,288
9362,288
9363,288
9364,288
9365,289
9366,289
9367,288
9368,289
9369,289
9371,288
9372,288
9373,288
9374,288
9375,289
9376,289
9377,289
9378,288
9379,288
9380,288
9381,288
9382,288
9383,289
9384,289
9385,289
9386,289
9387,288
9388,288
9389,288
9390,288
9391,289
9392,289
9393,289
9394,289
9395,288
9396,288
9397,288
9398,288
9399,289
9400,289
9401,289
9402,289
9403,289
9404,289
9405,289
9406,289
9407,289
9408,290
9409,290
9410,289
9411,289
9413,289
9414,289
9415,289
9416,289
9417,290
9418,290
9419,289
9420,289
9421,289
9422,289
9423,289
9424,290
9425,290
9426,290
9427,290
9428,290
9429,289
9430,289
9431,289
9432,290
9433,290
9434,290
9435,290
9436,290
9437,289
9438,289
9439,289
9440,289
9441,290
9442,290
9443,290
9444,290
9445,290
9446,289
9447,289
9448,289
9449,290
9450,290
9451,290
9452,290
9453,289
9454,289
9456,289
9457,289
9458,290
9459,290
9460,290
9461,290
9462,289
9463,289
9464,289
9465,289
9466,290
9467,290
9468,290
9469,290
9470,289
9471,289
9472,289
9473,289
9474,289
9475,290
9476,290
9477,289
9478,289
9479,289
9480,289
9481,288
9482,289
9483,289
9484,290
9485,290
9486,289
9487,288
9488,288
9489,288
9490,289
9491,289
9492,289
9493,289
9494,289
9495,288
9496,288
9497,288
9499,288
9500,289
9501,289
9502,289
9503,289
9504,288
9505,288
9506,288
9507,288
9508,289
9509,289
9510,289
9511,289
9512,288
9513,287
9514,288
9515,288
9516,288
9517,288
9518,289
9519,288
9520,288
9521,288
9522,288
9523,288
9524,288
9525,289
9526,289
9527,288
9528,288
9529,284
9530,287
9531,288
9532,288
9533,287
9534,289
9535,288
9536,288
9537,287
9538,288
9539,288
9541,288
9542,289
9543,289
9544,289
9545,289
9546,288
9547,288
9548,288
9549,288
9550,288
9551,289
9552,289
9553,288
9554,288
9555,288
9556,288
9557,288
9558,288
9559,289
9560,289
9561,288
9562,288
9563,288
9564,289
9565,289
9566,289
9567,289
9568,290
9569,289
9570,288
9571,288
9572,286
9573,289
9574,289
9575,289
9576,289
9577,289
9578,289
9579,289
9580,288
9581,289
9582,289
9584,290
9585,290
9586,290
9587,289
9588,289
9589,289
9590,289
9591,290
9592,290
9593,290
9594,289
9595,289
9596,289
9597,289
9598,289
9599,289
9600,290
9601,290
9602,290
9603,289
9604,289
9605,289
9606,289
9607,289
9608,289
9609,290
9610,290
9611,289
9612,287
9613,289
9614,289
9615,289
9616,290
9617,288
9618,289
9619,289
9620,289
9621,288
9622,289
9623,289
9624,290
9625,290
9627,290
9628,285
9629,289
9630,289
9631,288
9632,289
9633,289
9634,289
9635,289
9636,289
9637,289
9638,288
9639,288
9640,288
9641,289
9642,289
9643,289
9644,289
9645,289
9646,288
9647,288
9648,288
9649,289
9650,289
9651,289
9652,289
9653,288
9654,288
9655,288
9656,288
9657,288
9658,289
9659,289
9660,289
9661,288
9662,288
9663,288
9664,288
9665,288
9666,288
9667,288
9669,288
9670,288
9671,287
9672,287
9673,288
9674,288
9675,288
9676,288
9677,288
9678,288
9679,287
9680,287
9681,287
9682,287
9683,288
9684,288
9685,288
9686,288
9687,287
9688,287
9689,287
9690,288
9691,288
9692,288
9693,288
9694,288
9695,287
9696,287
9697,287
9698,287
9699,288
9700,288
9701,288
9702,288
9703,288
9704,288
9705,288
9706,288
9707,288
9708,288
9709,289
9710,288
9712,288
9713,287
9714,288
9715,288
9716,287
9717,288
9718,289
9719,288
9720,288
9721,288
9722,287
9723,288
9724,288
9725,289
9726,289
9727,289
9728,288
9729,287
9730,288
9731,288
9732,285
9733,289
9734,289
9735,289
9736,288
9737,288
9738,288
9739,288
9740,288
9741,289
9742,289
9743,289
9744,289
9745,288
9746,288
9747,288
9748,289
9749,289
9750,289
9751,289
9752,289
9753,288
9755,288
9756,288
9757,289
9758,289
9759,289
9760,289
9761,289
9762,288
9763,288
9764,288
9765,289
9766,289
9767,290
9768,289
9769,289
9770,288
9771,288
9772,288
9773,289
9774,289
9775,289
9776,289
9777,289
9778,288
9779,288
9780,288
9781,288
9782,289
9783,289
9784,289
9785,289
9786,289
9787,288
9788,288
9789,288
9790,289
9791,289
9792,289
9793,289
9794,288
9795,288
9797,288
9798,288
9799,288
9800,289
9801,289
9802,288
9803,288
9804,288
9805,288
9806,288
9807,288
9808,288
9809,289
9810,289
9811,288
9812,288
9813,288
9814,287
9815,288
9816,288
9817,288
9818,288
9819,288
9820,287
9821,287
9822,287
9823,287
9824,288
9825,288
9826,288
9827,288
9828,287
9829,287
9830,287
9831,287
9832,287
9833,288
9834,287
9835,287
9836,287
9837,287
9838,287
9840,287
9841,287
9842,288
9843,288
9844,287
9845,287
9846,287
9847,287
9848,287
9849,287
9850,288
9851,287
9852,287
9853,287
9854,287
9855,286
9856,287
9857,287
9858,288
9859,288
9860,288
9861,287
9862,287
9863,287
9864,287
9865,288
9866,288
9867,288
9868,288
9869,288
9870,288
9871,287
9872,288
9873,288
9874,288
9875,288
9876,288
9877,288
9878,287
9879,287
9880,287
9881,288
9883,288
9884,288
9885,289
9886,288
9887,287
9888,287
9889,288
9890,288
9891,288
9892,288
9893,288
9894,288
9895,288
9896,287
9897,287
9898,288
9899,288
9900,288
9901,288
9902,288
9903,288
9904,288
9905,288
9906,288
9907,288
9908,289
9909,289
9910,289
9911,288
9912,288
9913,288
9914,288
9915,288
9916,288
9917,289
9918,289
9919,288
9920,288
9921,288
9922,288
9923,288
9925,289
9926,289
9927,289
9928,288
9929,288
9930,288
9931,288
9932,288
9933,289
9934,289
9935,289
9936,288
9937,288
9938,288
9939,288
9940,288
9941,289
9942,289
9943,289
9944,289
9945,288
9946,288
9947,288
9948,288
9949,288
9950,288
9951,288
9952,288
9953,288
9954,288
9955,288
9956,288
9957,288
9958,289
9959,288
9960,288
9961,288
9962,287
9963,287
9964,288
9965,288
9966,288
9968,288
9969,288
9970,287
9971,287
9972,287
9973,287
9974,287
9975,288
9976,288
9977,288
9978,287
9979,287
9980,287
9981,287
9982,287
9983,287
9984,288
9985,288
9986,287
9987,286
9988,287
9989,287
9990,287
9991,287
9992,288
9993,287
9994,287
9995,286
9996,286
9997,286
9998,287
9999,287
10000,287
10001,287
10002,287
10003,286
10004,287
10005,287
10006,287
10007,287
10008,288
10009,286
10011,288
10012,287
10013,287
10014,287
10015,287
10016,288
10017,288
10018,288
10019,288
10020,287
10021,287
10022,287
10023,287
10024,288
10025,288
10026,289
10027,288
10028,287
10029,287
10030,287
10031,287
10032,288
10033,288
10034,288
10035,288
10036,287
10037,287
10038,287
10039,287
10040,288
10041,288
10042,288
10043,287
10044,288
10045,287
10046,287
10047,287
10048,287
10049,288
10050,288
10051,288
10053,288
10054,287
10055,287
10056,287
10057,288
10058,288
10059,288
10060,288
10061,288
10062,287
10063,287
10064,287
10065,288
10066,288
10067,288
10068,288
10069,288
10070,287
10071,287
10072,287
10073,288
10074,288
10075,288
10076,288
10077,288
10078,288
10079,287
10080,287
10081,287
10082,288
10083,288
10084,289
10085,288
10086,288
10087,287
10088,288
10089,288
10090,288
10091,288
10092,288
10093,288
10094,288
10096,288
10097,287
10098,288
10099,288
10100,288
10101,288
10102,288
10103,288
10104,288
10105,288
10106,288
10107,288
10108,288
10109,288
10110,288
10111,288
10112,287
10113,287
10114,287
10115,288
10116,288
10117,288
10118,288
10119,288
10120,287
10121,287
10122,287
10123,287
10124,288
10125,288
10126,288
10127,287
10128,287
10129,287
10130,286
10131,283
10132,287
10133,287
10134,288
10135,286
10136,287
10137,286
10139,286
10140,287
10141,287
10142,287
10143,286
10144,287
10145,287
10146,286
10147,286
10148,286
10149,286
10150,288
10151,287
10152,285
10153,286
10154,286
10155,286
10156,286
10157,287
10158,287
10159,287
10160,287
10161,286
10162,286
10163,286
10164,287
10165,287
10166,287
10167,287
10168,287
10169,287
10170,286
10171,286
10172,287
10173,287
10174,287
10175,288
10176,288
10177,287
10178,287
10179,286
10181,287
10182,287
10183,288
10184,288
10185,288
10186,288
10187,287
10188,287
10189,286
10190,287
10191,288
10192,288
10193,288
10194,287
10195,287
10196,287
10197,287
10198,287
10199,287
10200,288
10201,288
10202,287
10203,287
10204,287
10205,287
10206,287
10207,287
10208,288
10209,288
10210,287
10211,287
10212,287
10213,287
10214,287
10215,287
10216,288
10217,288
10218,288
10219,287
10220,287
10221,287
10222,287
10224,288
10225,288
10226,288
10227,288
10228,287
10229,287
10230,287
10231,286
10232,288
10233,288
10234,288
10235,288
10236,287
10237,287
10238,287
10239,287
10240,288
10241,288
10242,288
10243,288
10244,288
10245,287
10246,287
10247,287
10248,288
10249,288
10250,288
10251,288
10252,288
10253,287
10254,286
10255,287
10256,288
10257,288
10258,288
10259,288
10260,288
10261,288
10262,287
10263,287
10264,288
10265,288
10267,288
10268,288
10269,288
10270,287
10271,287
10272,287
10273,287
10274,288
10275,288
10276,288
10277,288
10278,287
10279,287
10280,287
10281,287
10282,287
10283,287
10284,288
10285,288
10286,287
10287,287
10288,286
10289,287
10290,287
10291,287
10292,287
10293,287
10294,286
10295,286
10296,286
10297,286
10298,287
10299,287
10300,287
10301,287
10302,286
10303,286
10304,286
10305,286
10306,286
10307,287
10309,287
10310,287
10311,286
10312,286
10313,286
10314,286
10315,286
10316,287
10317,287
10318,287
10319,286
10320,286
10321,286
10322,286
10323,286
10324,287
10325,287
10326,287
10327,287
10328,286
10329,286
10330,286
10331,286
10332,287
10333,287
10334,287
10335,287
10336,286
10337,286
10338,286
10339,286
10340,287
10341,287
10342,287
10343,287
10344,287
10345,286
10346,286
10347,286
10348,287
10349,287
10350,287
10352,287
10353,286
10354,286
10355,286
10356,286
10357,287
10358,287
10359,287
10360,287
10361,286
10362,286
10363,286
10364,286
10365,287
10366,287
10367,287
10368,287
10369,286
10370,286
10371,286
10372,286
10373,287
10374,287
10375,287
10376,287
10377,287
10378,286
10379,286
10380,286
10381,287
10382,287
10383,288
10384,288
10385,287
10386,287
10387,286
10388,287
10389,287
10390,288
10391,288
10392,288
10393,288
10395,287
10396,287
10397,287
10398,287
10399,287
10400,288
10401,288
10402,288
10403,287
10404,287
10405,287
10406,288
10407,288
10408,288
10409,288
10410,288
10411,288
10412,287
10413,287
10414,287
10415,288
10416,288
10417,288
10418,288
10419,287
10420,287
10421,287
10422,287
10423,287
10424,288
10425,288
10426,288
10427,287
10428,287
10429,287
10430,287
10431,287
10432,288
10433,288
10434,288
10435,287
10437,286
10438,286
10439,286
10440,287
10441,287
10442,287
10443,287
10444,287
10445,287
10446,286
10447,286
10448,286
10449,287
10450,287
10451,287
10452,286
10453,286
10454,286
10455,286
10456,286
10457,286
10458,287
10459,287
10460,286
10461,286
10462,286
10463,286
10464,286
10465,287
10466,287
10467,287
10468,286
10469,286
10470,286
10471,286
10472,286
10473,287
10474,287
10475,287
10476,287
10477,286
10478,286
10480,286
10481,286
10482,286
10483,287
10484,287
10485,287
10486,287
10487,286
10488,286
10489,286
10490,286
10491,287
10492,287
10493,287
10494,286
10495,286
10496,286
10497,286
10498,286
10499,287
10500,287
10501,286
10502,286
10503,286
10504,286
10505,286
10506,286
10507,287
10508,287
10509,286
10510,286
10511,279
10512,285
10513,286
10514,286
10515,286
10516,286
10517,287
10518,286
10519,286
10520,286
10521,286
10523,286
10524,284
10525,287
10526,287
10527,287
10528,286
10529,286
10530,286
10531,286
10532,287
10533,287
10534,287
10535,287
10536,286
10537,286
10538,286
10539,287
10540,287
10541,287
10542,288
10543,287
10544,287
10545,287
10546,287
10547,287
10548,287
10549,288
10550,288
10551,288
10552,287
10553,287
10554,287
10555,287
10556,287
10557,288
10558,288
10559,288
10560,288
10561,287
10562,287
10563,287
10565,288
10566,288
10567,288
10568,288
10569,288
10570,287
10571,287
10572,287
10573,288
10574,288
10575,288
10576,288
10577,288
10578,287
10579,287
10580,287
10581,288
10582,288
10583,288
10584,288
10585,288
10586,288
10587,287
10588,287
10589,287
10590,288
10591,288
10592,288
10593,287
10594,287
10595,287
10596,287
10597,287
10598,287
10599,288
10600,288
10601,287
10602,287
10603,287
10604,287
10605,287
10606,287
10608,287
10609,287
10610,287
10611,287
10612,286
10613,286
10614,286
10615,287
10616,287
10617,287
10618,287
10619,287
10620,286
10621,286
10622,286
10623,286
10624,287
10625,287
10626,287
10627,287
10628,286
10629,286
10630,286
10631,286
10632,287
10633,287
10634,287
10635,286
10636,286
10637,286
10638,286
10639,286
10640,287
10641,287
10642,287
10643,286
10644,286
10645,286
10646,286
10647,286
10648,286
10649,286
10651,286
10652,286
10653,286
10654,285
10655,285
10656,286
10657,286
10658,286
10659,286
10660,286
10661,286
10662,286
10663,285
10664,286
10665,286
10666,286
10667,286
10668,286
10669,286
10670,285
10671,285
10672,285
10673,286
10674,286
10675,286
10676,286
10677,286
10678,285
10679,285
10680,286
10681,286
10682,287
10683,287
10684,287
10685,286
10686,286
10687,286
10688,286
10689,286
10690,287
10691,287
10693,287
10694,287
10695,286
10696,286
10697,286
10698,287
10699,287
10700,288
10701,287
10702,287
10703,287
10704,287
10705,287
10706,287
10707,288
10708,288
10709,288
10710,288
10711,287
10712,287
10713,287
10714,288
10715,288
10716,288
10717,288
10718,288
10719,288
10720,287
10721,287
10722,288
10723,288
10724,288
10725,289
10726,288
10727,288
10728,287
10729,287
10730,288
10731,288
10732,288
10733,288
10734,288
10736,288
10737,287
10738,287
10739,288
10740,288
10741,288
10742,288
10743,288
10744,288
10745,288
10746,287
10747,287
10748,288
10749,288
10750,288
10751,288
10752,287
10753,287
10754,287
10755,287
10756,287
10757,288
10758,288
10759,287
10760,287
10761,287
10762,286
10763,287
10764,287
10765,288
10766,287
10767,287
10768,287
10769,287
10770,287
10771,286
10772,286
10773,287
10774,287
10775,287
10776,286
10777,286
10779,286
10780,286
10781,286
10782,286
10783,287
10784,287
10785,287
10786,286
10787,286
10788,286
10789,286
10790,286
10791,287
10792,287
10793,286
10794,286
10795,286
10796,286
10797,286
10798,286
10799,286
10800,286
10801,286
10802,286
10803,285
10804,286
10805,286
10806,286
10807,286
10808,286
10809,286
10810,286
10811,285
10812,285
10813,285
10814,286
10815,286
10816,286
10817,286
10818,286
10819,285
10821,285
10822,285
10823,285
10824,286
10825,287
10826,287
10827,286
10828,286
10829,285
10830,286
10831,286
10832,286
10833,286
10834,287
10835,287
10836,286
10837,286
10838,286
10839,287
10840,287
10841,287
10842,288
10843,287
10844,287
10845,287
10846,287
10847,287
10848,288
10849,288
10850,288
10851,288
10852,287
10853,287
10854,287
10855,288
10856,288
10857,288
10858,288
10859,288
10860,288
10861,288
10862,288
10864,288
10865,288
10866,289
10867,289
10868,288
10869,288
10870,288
10871,288
10872,288
10873,288
10874,288
10875,289
10876,289
10877,288
10878,288
10879,288
10880,288
10881,288
10882,288
10883,289
10884,289
10885,289
10886,288
10887,288
10888,288
10889,288
10890,289
10891,289
10892,288
10893,288
10894,288
10895,287
10896,288
10897,288
10898,288
10899,288
10900,288
10901,288
10902,287
10903,287
10904,288
10905,288
10907,288
10908,288
10909,288
10910,288
10911,287
10912,287
10913,287
10914,287
10915,287
10916,287
10917,288
10918,287
10919,287
10920,286
10921,286
10922,287
10923,287
10924,287
10925,288
10926,288
10927,287
10928,286
10929,286
10930,286
10931,287
10932,287
10933,287
10934,287
10935,286
10936,286
10937,286
10938,286
10939,286
10940,287
10941,287
10942,287
10943,286
10944,286
10945,286
10946,286
10947,286
10949,286
10950,286
10951,286
10952,286
10953,286
10954,285
10955,286
10956,286
10957,286
10958,286
10959,286
10960,286
10961,286
10962,285
10963,285
10964,286
10965,286
10966,286
10967,286
10968,286
10969,285
10970,285
10971,285
10972,285
10973,286
10974,287
10975,287
10976,286
10977,286
10978,286
10979,286
10980,286
10981,286
10982,286
10983,287
10984,287
10985,287
10986,286
10987,287
10988,286
10989,287
10990,287
10992,288
10993,288
10994,287
10995,287
10996,287
10997,287
10998,288
10999,288
11000,288
11001,288
11002,288
11003,288
11004,288
11005,288
11006,288
11007,289
11008,289
11009,289
11010,288
11011,288
11012,288
11013,288
11014,288
11015,289
11016,289
11017,289
11018,289
11019,288
11020,288
11021,288
11022,289
11023,289
11024,289
11025,289
11026,289
11027,289
11028,288
11029,288
11030,289
11031,289
11032,289
11033,289
11035,289
11036,288
11037,288
11038,288
11039,288
11040,289
11041,289
11042,289
11043,288
11044,288
11045,288
11046,288
11047,288
11048,288
11049,289
11050,289
11051,288
11052,288
11053,288
11054,288
11055,288
11056,288
11057,288
11058,288
11059,288
11060,288
11061,287
11062,287
11063,287
11064,288
11065,288
11066,288
11067,288
11068,287
11069,287
11070,287
11071,287
11072,287
11073,288
11074,288
11075,288
11077,287
11078,287
11079,287
11080,287
11081,287
11082,287
11083,288
11084,288
11085,287
11086,287
11087,287
11088,287
11089,287
11090,287
11091,287
11092,287
11093,287
11094,287
11095,286
11096,286
11097,286
11098,287
11099,287
11100,287
11101,287
11102,286
11103,286
11104,286
11105,286
11106,287
11107,287
11108,286
11109,286
11110,286
11111,285
11112,286
11113,286
11114,286
11115,286
11116,286
11117,286
11118,286
11120,286
11121,285
11122,286
11123,286
11124,287
11125,287
11126,287
11127,286
11128,286
11129,286
11130,286
11131,285
11132,285
11133,287
11134,287
11135,287
11136,287
11137,287
11138,286
11139,287
11140,288
11141,288
11142,288
11143,288
11144,288
11145,288
11146,288
11147,288
11148,288
11149,287
11150,288
11151,289
11152,288
11153,288
11154,288
11155,289
11156,289
11157,289
11158,289
11159,289
11160,288
11161,288
11163,288
11164,289
11165,290
11166,290
11167,289
11168,289
11169,289
11170,289
11171,288
11172,289
11173,289
11174,289
11175,290
11176,289
11177,289
11178,289
11179,289
11180,289
11181,289
11182,290
11183,290
11184,290
11185,289
11186,289
11187,288
11188,289
11189,289
11190,289
11191,290
11192,289
11193,289
11194,288
11195,288
11196,288
11197,289
11198,289
11199,289
11200,289
11201,288
11202,288
11203,288
11205,288
11206,289
11207,289
11208,289
11209,289
11210,288
11211,288
11212,288
11213,288
11214,288
11215,288
11216,289
11217,288
11218,288
11219,287
11220,287
11221,287
11222,288
11223,288
11224,288
11225,288
11226,288
11227,287
11228,287
11229,287
11230,287
11231,288
11232,288
11233,288
11234,287
11235,287
11236,287
11237,287
11238,287
11239,287
11240,288
11241,287
11242,287
11243,287
11244,287
11245,287
11246,286
11248,287
11249,287
11250,287
11251,287
11252,286
11253,286
11254,286
11255,286
11256,287
11257,286
11258,287
11259,287
11260,286
11261,286
11262,286
11263,286
11264,287
11265,287
11266,287
11267,287
11268,287
11269,286
11270,286
11271,286
11272,287
11273,287
11274,287
11275,288
11276,287
11277,287
11278,287
11279,287
11280,287
11281,288
11282,288
11283,288
11284,288
11285,288
11286,288
11287,288
11288,288
11289,288
11291,289
11292,289
11293,289
11294,288
11295,288
11296,288
11297,288
11298,289
11299,289
11300,289
11301,289
11302,289
11303,288
11304,288
11305,289
11306,289
11307,290
11308,290
11309,290
11310,289
11311,289
11312,289
11313,289
11314,289
11315,290
11316,290
11317,290
11318,289
11319,289
11320,289
11321,289
11322,289
11323,290
11324,290
11325,290
11326,289
11327,289
11328,289
11329,289
11330,289
11331,290
11333,290
11334,290
11335,289
11336,289
11337,289
11338,289
11339,289
11340,290
11341,289
11342,290
11343,289
11344,289
11345,289
11346,289
11347,289
11348,289
11349,289
11350,289
11351,289
11352,289
11353,288
11354,288
11355,288
11356,289
11357,289
11358,289
11359,289
11360,288
11361,288
11362,288
11363,288
11364,289
11365,289
11366,289
11367,288
11368,288
11369,287
11370,287
11371,288
11372,288
11373,288
11374,288
11376,288
11377,287
11378,287
11379,287
11380,287
11381,288
11382,288
11383,288
11384,288
11385,287
11386,287
11387,287
11388,287
11389,287
11390,288
11391,288
11392,287
11393,287
11394,287
11395,286
11396,286
11397,287
11398,287
11399,287
11400,287
11401,287
11402,286
11403,286
11404,287
11405,287
11406,287
11407,287
11408,288
11409,287
11410,286
11411,286
11412,286
11413,287
11414,287
11415,288
11416,288
11417,288
11419,287
11420,287
11421,287
11422,287
11423,288
11424,288
11425,289
11426,288
11427,288
11428,288
11429,287
11430,288
11431,288
11432,289
11433,289
11434,289
11435,288
11436,288
11437,288
11438,289
11439,289
11440,290
11441,290
11442,289
11443,289
11444,289
11445,289
11446,289
11447,289
11448,290
11449,290
11450,290
11451,290
11452,289
11453,289
11454,289
11455,289
11456,290
11457,290
11458,290
11459,290
11461,289
11462,289
11463,289
11464,289
11465,290
11466,290
11467,290
11468,290
11469,289
11470,289
11471,289
11472,290
11473,290
11474,290
11475,291
11476,290
11477,290
11478,289
11479,289
11480,289
11481,290
11482,290
11483,290
11484,290
11485,289
11486,289
11487,289
11488,289
11489,290
11490,290
11491,290
11492,290
11493,289
11494,289
11495,289
11496,289
11497,289
11498,290
11499,290
11500,290
11501,289
11502,289
11504,289
11505,289
11506,289
11507,289
11508,290
11509,289
11510,289
11511,288
11512,283
11513,289
11514,290
11515,289
11516,288
11517,289
11518,288
11519,287
11520,288
11521,287
11522,288
11523,288
11524,288
11525,289
11526,289
11527,288
11528,287
11529,288
11530,278
11531,289
11532,287
11533,288
11534,288
11535,287
11536,287
11537,287
11538,287
11539,288
11540,288
11541,288
11542,287
11543,287
11544,287
11545,287
11547,287
11548,288
11549,288
11550,288
11551,288
11552,287
11553,287
11554,287
11555,287
11556,288
11557,288
11558,288
11559,288
11560,287
11561,287
11562,287
11563,288
11564,288
11565,289
11566,289
11567,288
11568,288
11569,288
11570,288
11571,288
11572,288
11573,289
11574,289
11575,289
11576,289
11577,288
11578,288
11579,288
11580,289
11581,289
11582,290
11583,290
11584,289
11585,289
11586,289
11587,289
11589,289
11590,290
11591,290
11592,290
11593,290
11594,289
11595,289
11596,289
11597,289
11598,290
11599,290
11600,290
11601,290
11602,289
11603,289
11604,289
11605,290
11606,290
11607,291
11608,290
11609,289
11610,290
11611,289
11612,289
11613,289
11614,288
11615,291
11616,291
11617,290
11618,290
11619,289
11620,289
11621,290
11622,290
11623,291
11624,291
11625,291
11626,290
11627,290
11628,289
11629,291
11630,290
11632,290
11633,290
11634,290
11635,290
11636,290
11637,290
11638,289
11639,290
11640,290
11641,290
11642,290
11643,290
11644,289
11645,289
11646,290
11647,290
11648,290
11649,290
11650,290
11651,290
11652,289
11653,289
11654,289
11655,289
11656,290
11657,290
11658,290
11659,289
11660,289
11661,288
11662,289
11663,289
11664,289
11665,290
11666,289
11667,289
11668,288
11669,288
11670,288
11671,288
11672,289
11673,289
11675,289
11676,288
11677,288
11678,288
11679,288
11680,288
11681,288
11682,289
11683,289
11684,288
11685,288
11686,288
11687,287
11688,288
11689,288
11690,288
11691,288
11692,288
11693,288
11694,287
11695,287
11696,288
11697,288
11698,288
11699,288
11700,289
11701,288
11702,288
11703,288
11704,288
11705,289
11706,289
11707,289
11708,289
11709,288
11710,288
11711,288
11712,288
11713,289
11714,289
11715,289
11717,289
11718,289
11719,289
11720,289
11721,289
11722,289
11723,290
11724,290
11725,290
11726,290
11727,289
11728,289
11729,289
11730,289
11731,290
11732,290
11733,290
11734,290
11735,289
11736,289
11737,289
11738,290
11739,290
11740,290
11741,290
11742,290
11743,290
11744,290
11745,290
11746,290
11747,290
11748,290
11749,291
11750,290
11751,290
11752,290
11753,289
11754,290
11755,290
11756,291
11757,291
11758,290
11760,290
11761,289
11762,289
11763,290
11764,290
11765,290
11766,291
11767,290
11768,290
11769,289
11770,289
11771,290
11772,290
11773,290
11774,290
11775,290
11776,290
11777,290
11778,289
11779,289
11780,289
11781,290
11782,290
11783,290
11784,290
11785,290
11786,290
11787,289
11788,290
11789,290
11790,290
11791,290
11792,289
11793,289
11794,288
11795,288
11796,288
11797,289
11798,289
11799,289
11800,289
11801,288
11803,288
11804,288
11805,288
11806,289
11807,288
11808,289
11809,288
11810,288
11811,288
11812,288
11813,288
11814,288
11815,289
11816,289
11817,288
11818,288
11819,288
11820,288
11821,288
11822,288
11823,289
11824,289
11825,289
11826,289
11827,288
11828,288
11829,288
11830,288
11831,289
11832,289
11833,289
11834,288
11835,288
11836,288
11837,288
11838,288
11839,289
11840,289
11841,289
11842,289
11843,288
11845,288
11846,288
11847,289
11848,289
11849,289
11850,289
11851,289
11852,288
11853,288
11854,288
11855,289
11856,289
11857,290
11858,289
11859,289
11860,289
11861,289
11862,289
11863,289
11864,289
11865,290
11866,290
11867,290
11868,289
11869,289
11870,289
11871,289
11872,290
11873,290
11874,290
11875,290
11876,290
11877,289
11878,289
11879,290
11880,290
11881,290
11882,290
11883,290
11884,290
11885,290
11886,289
11888,289
11889,290
11890,290
11891,291
11892,290
11893,290
11894,289
11895,283
11896,289
11897,290
11898,291
11899,290
11900,290
11901,289
11902,290
11903,290
11904,290
11905,290
11906,291
11907,286
11908,290
11909,290
11910,288
11911,287
11912,289
11913,290
11914,290
11915,291
11916,290
11917,290
11918,289
11919,289
11920,289
11921,289
11922,290
11923,290
11924,290
11925,289
11926,289
11927,288
11928,288
11929,288
11931,289
11932,289
11933,289
11934,288
11935,288
11936,288
11937,288
11938,288
11939,288
11940,289
11941,289
11942,289
11943,288
11944,288
11945,288
11946,289
11947,289
11948,289
11949,289
11950,289
11951,288
11952,288
11953,288
11954,288
11955,289
11956,289
11957,289
11958,289
11959,288
11960,288
11961,288
11962,288
11963,288
11964,289
11965,290
11966,289
11967,289
11968,288
11969,288
11970,288
11971,289
11973,289
11974,290
11975,289
11976,289
11977,288
11978,289
11979,289
11980,289
11981,289
11982,290
11983,290
11984,289
11985,289
11986,289
11987,289
11988,289
11989,289
11990,288
11991,290
11992,289
11993,289
11994,289
11995,289
11996,289
11997,289
11998,290
11999,289
12000,289
12001,289
12002,289
12003,289
12004,289
12005,289
12006,290
12007,290
12008,290
12009,290
12010,290
12011,290
12012,290
12013,290
12014,290
12016,290
12017,290
12018,290
12019,289
12020,289
12021,290
12022,290
12023,290
12024,290
12025,291
12026,290
12027,289
12028,289
12029,289
12030,289
12031,290
12032,290
12033,290
12034,290
12035,289
12036,289
12037,289
12038,290
12039,290
12040,290
12041,290
12042,290
12043,289
12044,290
12045,290
12046,290
12047,290
12048,290
12049,290
12050,289
12051,289
12052,288
12053,288
12054,289
12055,289
12056,289
12057,289
12059,289
12060,288
12061,288
12062,288
12063,288
12064,288
12065,289
12066,289
12067,289
12068,288
12069,288
12070,288
12071,288
12072,289
12073,289
12074,289
12075,289
12076,288
12077,288
12078,288
12079,288
12080,289
12081,289
12082,289
12083,289
12084,289
12085,288
12086,288
12087,288
12088,289
12089,289
12090,289
12091,289
12092,289
12093,288
12094,288
12095,288
12096,289
12097,289
12098,289
12099,289
12101,289
12102,288
12103,288
12104,288
12105,289
12106,290
12107,289
12108,289
12109,289
12110,288
12111,289
12112,288
12113,289
12114,289
12115,290
12116,290
12117,289
12118,289
12119,289
12120,289
12121,289
12122,290
12123,290
12124,290
12125,290
12126,290
12127,289
12128,289
12129,289
12130,289
12131,288
12132,290
12133,289
12134,289
12135,288
12136,288
12137,288
12138,289
12139,289
12140,289
12141,289
12142,288
12144,288
12145,288
12146,289
12147,289
12148,289
12149,289
12150,289
12151,288
12152,288
12153,288
12154,288
12155,289
12156,289
12157,289
12158,289
12159,288
12160,288
12161,288
12162,288
12163,288
12164,289
12165,289
12166,289
12167,288
12168,288
12169,288
12170,284
12171,288
12172,289
12173,289
12174,289
12175,288
12176,288
12177,287
12178,287
12179,288
12180,288
12181,288
12182,288
12183,288
12184,288
12185,288
12187,287
12188,288
12189,288
12190,288
12191,289
12192,288
12193,288
12194,287
12195,287
12196,288
12197,288
12198,288
12199,288
12200,288
12201,288
12202,288
12203,288
12204,288
12205,288
12206,289
12207,289
12208,289
12209,288
12210,288
12211,288
12212,288
12213,288
12214,289
12215,289
12216,289
12217,288
12218,288
12219,288
12220,288
12221,289
12222,289
12223,289
12224,289
12225,289
12226,289
12227,288
12229,288
12230,288
12231,289
12232,289
12233,289
12234,289
12235,288
12236,288
12237,288
12238,289
12239,289
12240,289
12241,289
12242,289
12243,288
12244,288
12245,289
12246,289
12247,289
12248,289
12249,289
12250,289
12251,288
12252,288
12253,288
12254,289
12255,289
12256,289
12257,289
12258,289
12259,289
12260,288
12261,289
12262,289
12263,289
12264,290
12265,290
12266,290
12267,289
12268,289
12269,289
12270,289
12272,289
12273,289
12274,288
12275,287
12276,287
12277,287
12278,286
12279,287
12280,286
12281,287
12282,287
12283,287
12284,286
12285,286
12286,285
12287,285
12288,286
12289,286
12290,279
12291,285
12292,285
12293,284
12294,284
12295,284
12296,284
12297,284
12298,284
12299,283
12300,283
12301,283
12302,282
12303,282
12304,283
12305,283
12306,283
12307,283
12308,283
12309,282
12310,282
12311,283
12312,283
12313,283
12315,283
12316,284
12317,283
12318,283
12319,283
12320,283
12321,283
12322,284
12323,284
12324,284
12325,285
12326,284
12327,284
12328,284
12329,284
12330,285
12331,286
12332,286
12333,286
12334,286
12335,285
12336,286
12337,286
12338,286
12339,287
12340,287
12341,287
12342,287
12343,287
12344,287
12345,287
12346,288
12347,288
12348,288
12349,288
12350,288
12351,288
12352,287
12353,288
12354,288
12355,288
12357,289
12358,289
12359,289
12360,288
12361,288
12362,288
12363,288
12364,288
12365,289
12366,289
12367,288
12368,288
12369,288
12370,288
12371,288
12372,288
12373,289
12374,289
12375,288
12376,288
12377,288
12378,288
12379,288
12380,288
12381,288
12382,289
12383,288
12384,288
12385,288
12386,288
12387,288
12388,288
12389,288
12390,288
12391,288
12392,287
12393,287
12394,287
12395,287
12396,288
12397,288
12398,288
12400,287
12401,287
12402,287
12403,286
12404,287
12405,287
12406,287
12407,287
12408,286
12409,286
12410,286
12411,287
12412,287
12413,288
12414,289
12415,289
12416,289
12417,288
12418,287
12419,286
12420,285
12421,284
12422,284
12423,284
12424,283
12425,283
12426,282
12427,282
12428,282
12429,282
12430,283
12431,283
12432,283
12433,282
12434,281
12435,281
12436,280
12437,280
12438,280
12439,280
12440,280
12441,279
12443,278
12444,277
12445,277
12446,277
12447,276
12448,276
12449,275
12450,276
12451,276
12452,275
12453,275
12454,276
12455,276
12456,276
12457,276
12458,276
12459,276
12460,275
12461,275
12462,275
12463,276
12464,276
12465,277
12466,277
12467,276
12468,276
12469,277
12470,277
12471,277
12472,278
12473,278
12474,279
12475,279
12476,279
12477,279
12478,279
12479,279
12480,279
12481,280
12482,281
12483,281
12485,281
12486,282
12487,282
12488,283
12489,282
12490,285
12491,285
12492,285
12493,283
12494,285
12495,285
12496,286
12497,286
12498,287
12499,287
12500,287
12501,287
12502,286
12503,286
12504,287
12505,288
12506,288
12507,287
12508,287
12509,287
12510,285
12511,287
12512,287
12513,287
12514,287
12515,288
12516,287
12517,287
12518,286
12519,286
12520,286
12521,287
12522,287
12523,287
12524,287
12525,287
12526,287
12528,286
12529,286
12530,286
12531,287
12532,287
12533,287
12534,286
12535,285
12536,285
12537,286
12538,286
12539,286
12540,286
12541,286
12542,285
12543,285
12544,285
12545,285
12546,285
12547,285
12548,285
12549,286
12550,286
12551,285
12552,286
12553,287
12554,290
12555,292
12556,294
12557,294
12558,295
12559,294
12560,293
12561,292
12562,290
12563,289
12564,288
12565,287
12566,285
12567,285
12568,284
12569,283
12571,282
12572,282
12573,281
12574,280
12575,279
12576,278
12577,277
12578,276
12579,275
12580,275
12581,274
12582,274
12583,273
12584,272
12585,272
12586,271
12587,270
12588,270
12589,270
12590,270
12591,269
12592,269
12593,268
12594,268
12595,268
12596,268
12597,267
12598,268
12599,267
12600,267
12601,267
12602,267
12603,267
12604,267
12605,268
12606,268
12607,268
12608,268
12609,269
12610,269
12611,270
12613,271
12614,272
12615,273
12616,274
12617,275
12618,276
12619,277
12620,278
12621,279
12622,279
12623,278
12624,277
12625,277
12626,278
12627,278
12628,279
12629,279
12630,280
12631,281
12632,281
12633,281
12634,281
12635,281
12636,282
12637,282
12638,282
12639,283
12640,284
12641,284
12642,283
12643,284
12644,284
12645,284
12646,285
12647,285
12648,286
12649,285
12650,285
12651,285
12652,285
12653,285
12654,286
12656,286
12657,286
12658,286
12659,285
12660,285
12661,285
12662,285
12663,285
12664,286
12665,286
12666,285
12667,285
12668,284
12669,284
12670,284
12671,284
12672,284
12673,284
12674,284
12675,283
12676,283
12677,283
12678,283
12679,283
12680,283
12681,283
12682,283
12683,283
12684,283
12685,283
12686,283
12687,283
12688,284
12689,284
12690,284
12691,284
12692,284
12693,285
12694,287
12695,289
12696,293
12697,297
12699,300
12700,302
12701,303
12702,303
12703,302
12704,299
12705,296
12706,294
12707,291
12708,289
12709,287
12710,285
12711,283
12712,281
12713,280
12714,278
12715,276
12716,275
12717,274
12718,273
12719,272
12720,271
12721,271
12722,271
12723,270
12724,268
12725,266
12726,263
12727,257
12728,249
12729,241
12730,231
12731,219
12732,205
12733,189
12734,174
12735,160
12736,147
12737,135
12738,124
12739,115
12741,105
12742,93
12743,82
12744,74
12745,67
12746,60
12747,54
12748,47
12749,42
12750,37
12751,32
12752,29
12753,25
12754,22
12755,20
12756,18
12757,16
12758,14
12759,12
12760,11
12761,10
12762,10
12763,10
12764,16
12765,41
12766,91
12767,150
12768,210
12769,253
12770,272
12771,274
12772,278
12773,278
12774,279
12775,280
12776,280
12777,281
12778,281
12779,282
12780,282
12781,283
12782,283
12784,282
12785,284
12786,284
12787,284
12788,284
12789,285
12790,285
12791,285
12792,285
12793,285
12794,285
12795,285
12796,285
12797,286
12798,286
12799,286
12800,285
12801,285
12802,285
12803,285
12804,285
12805,285
12806,285
12807,285
12808,284
12809,282
12810,278
12811,283
12812,283
12813,283
12814,282
12815,282
12816,281
12817,281
12818,280
12819,280
12820,280
12821,281
12822,281
12823,281
12824,281
12825,280
12827,280
12828,280
12829,281
12830,281
12831,282
12832,282
12833,282
12834,282
12835,282
12836,282
12837,282
12838,283
12839,283
12840,283
12841,283
12842,284
12843,288
12844,296
12845,303
12846,308
12847,305
12848,291
12849,270
12850,243
12851,214
12852,183
12853,154
12854,125
12855,98
12856,76
12857,56
12858,42
12859,32
12860,25
12861,20
12862,19
12863,19
12864,20
12865,19
12866,18
12867,18
12869,18
12870,18
12871,18
12872,18
12873,18
12874,18
12875,18
12876,18
12877,17
12878,17
12879,17
12880,18
12881,17
12882,17
12883,17
12884,17
12885,16
12886,16
12887,17
12888,17
12889,17
12890,16
12891,16
12892,15
12893,15
12894,14
12895,14
12896,14
12897,13
12898,13
12899,12
12900,12
12901,10
12902,10
12903,10
12904,10
12905,9
12906,9
12907,9
12908,15
12909,41
12910,93
12912,157
12913,220
12914,262
12915,274
12916,276
12917,277
12918,278
12919,279
12920,280
12921,280
12922,281
12923,281
12924,282
12925,282
12926,282
12927,283
12928,283
12929,284
12930,284
12931,285
12932,285
12933,286
12934,285
12935,285
12936,286
12937,286
12938,287
12939,287
12940,287
12941,287
12942,286
12943,286
12944,287
12945,287
12946,287
12947,287
12948,287
12949,286
12950,286
12951,286
12952,285
12953,285
12955,285
12956,286
12957,285
12958,285
12959,284
12960,283
12961,283
12962,283
12963,283
12964,284
12965,284
12966,284
12967,284
12968,283
12969,284
12970,284
12971,284
12972,285
12973,285
12974,285
12975,284
12976,284
12977,280
12978,259
12979,210
12980,143
12981,82
12982,43
12983,26
12984,21
12985,21
12986,21
12987,21
12988,21
12989,20
12990,21
12991,21
12992,21
12993,20
12994,21
12995,21
12997,21
12998,21
12999,21
13000,20
13001,20
13002,20
13003,20
13004,20
13005,20
13006,20
13007,20
13008,19
13009,19
13010,18
13011,19
13012,17
13013,18
13014,18
13015,18
13016,17
13017,16
13018,16
13019,16
13020,17
13021,16
13022,16
13023,16
13024,16
13025,15
13026,15
13027,15
13028,15
13029,15
13030,15
13031,15
13032,14
13033,14
13034,13
13035,13
13036,13
13037,12
13038,12
13040,12
13041,11
13042,11
13043,10
13044,10
13045,9
13046,9
13047,9
13048,10
13049,16
13050,45
13051,97
13052,161
13053,222
13054,263
13055,275
13056,277
13057,279
13058,280
13059,281
13060,282
13061,282
13062,283
13063,284
13064,285
13065,285
13066,285
13067,285
13068,285
13069,286
13070,286
13071,287
13072,288
13073,287
13074,287
13075,287
13076,287
13077,287
13078,287
13079,288
13080,288
13081,288
13083,288
13084,288
13085,288
13086,287
13087,287
13088,287
13089,288
13090,288
13091,287
13092,286
13093,286
13094,286
13095,286
13096,286
13097,286
13098,286
13099,285
13100,285
13101,284
13102,284
13103,284
13104,284
13105,285
13106,285
13107,285
13108,285
13109,285
13110,285
13111,285
13112,285
13113,286
13114,286
13115,286
13116,286
13117,285
13118,283
13119,267
13120,228
13121,169
13122,106
13123,59
13125,34
13126,25
13127,23
13128,23
13129,23
13130,23
13131,23
13132,23
13133,22
13134,22
13135,22
13136,22
13137,22
13138,23
13139,23
13140,23
13141,22
13142,22
13143,21
13144,21
13145,21
13146,21
13147,20
13148,20
13149,20
13150,20
13151,19
13152,19
13153,19
13154,19
13155,19
13156,19
13157,18
13158,18
13159,18
13160,17
13161,17
13162,17
13163,17
13164,17
13165,16
13166,16
13168,15
13169,15
13170,16
13171,16
13172,16
13173,15
13174,15
13175,15
13176,15
13177,15
13178,14
13179,14
13180,14
13181,14
13182,14
13183,14
13184,14
13185,14
13186,14
13187,15
13188,16
13189,17
13190,18
13191,18
13192,19
13193,22
13194,40
13195,82
13196,141
13197,204
13198,256
13199,282
13200,287
13201,288
13202,289
13203,290
13204,291
13205,292
13206,292
13207,291
13208,290
13209,290
13211,290
13212,290
13213,291
13214,292
13215,291
13216,291
13217,291
13218,290
13219,290
13220,291
13221,291
13222,291
13223,291
13224,291
13225,291
13226,290
13227,290
13228,290
13229,290
13230,290
13231,290
13232,290
13233,289
13234,289
13235,289
13236,289
13237,289
13238,290
13239,290
13240,289
13241,288
13242,288
13243,288
13244,288
13245,288
13246,289
13247,288
13248,288
13249,288
13250,288
13251,288
13253,289
13254,289
13255,289
13256,290
13257,290
13258,290
13259,289
13260,289
13261,289
13262,289
13263,289
13264,288
13265,282
13266,256
13267,207
13268,143
13269,86
13270,49
13271,32
13272,27
13273,26
13274,26
13275,26
13276,26
13277,25
13278,26
13279,26
13280,26
13281,27
13282,27
13283,27
13284,27
13285,27
13286,27
13287,28
13288,28
13289,29
13290,28
13291,28
13292,28
13293,28
13294,28
13296,28
13297,28
13298,28
13299,27
13300,27
13301,26
13302,26
13303,25
13304,25
13305,26
13306,27
13307,30
13308,55
13309,108
13310,173
13311,250
13312,296
13313,314
13314,310
13315,307
13316,310
13317,303
13318,294
13319,291
13320,289
13321,290
13322,289
13323,289
13324,289
13325,289
13326,288
13327,288
13328,289
13329,289
13330,289
13331,289
13332,289
13333,288
13334,288
13335,288
13336,288
13337,289
13339,289
13340,289
13341,289
13342,288
13343,288
13344,288
13345,289
13346,289
13347,289
13348,289
13349,289
13350,289
13351,288
13352,288
13353,288
13354,289
13355,289
13356,289
13357,289
13358,289
13359,288
13360,288
13361,288
13362,289
13363,289
13364,289
13365,290
13366,289
13367,289
13368,288
13369,289
13370,289
13371,289
13372,289
13373,289
13374,289
13375,288
13376,288
13377,289
13378,289
13379,289
13381,290
13382,289
13383,289
13384,288
13385,288
13386,288
13387,289
13388,289
13389,289
13390,289
13391,289
13392,289
13393,288
13394,288
13395,289
13396,289
13397,290
13398,289
13399,289
13400,289
13401,288
13402,288
13403,289
13404,289
13405,290
13406,290
13407,289
13408,288
13409,288
13410,288
13411,289
13412,289
13413,289
13414,289
13415,289
13416,289
13417,288
13418,288
13419,289
13420,289
13421,289
13422,289
13424,289
13425,289
13426,289
13427,288
13428,288
13429,289
13430,289
13431,289
13432,289
13433,289
13434,288
13435,288
13436,289
13437,289
13438,289
13439,290
13440,289
13441,289
13442,289
13443,288
13444,288
13445,289
13446,290
13447,289
13448,289
13449,289
13450,289
13451,288
13452,288
13453,289
13454,289
13455,290
13456,290
13457,289
13458,289
13459,288
13460,288
13461,289
13462,289
13463,289
13464,290
13465,290
13467,289
13468,288
13469,288
13470,288
13471,290
13472,289
13473,290
13474,288
13475,289
13476,288
13477,288
13478,288
13479,289
13480,289
13481,289
13482,289
13483,289
13484,289
13485,289
13486,289
13487,289
13488,289
13489,289
13490,289
13491,289
13492,289
13493,288
13494,289
13495,289
13496,289
13497,290
13498,289
13499,289
13500,288
13501,289
13502,289
13503,289
13504,289
13505,290
13506,289
13507,289
13509,288
13510,288
13511,289
13512,289
13513,289
13514,289
13515,289
13516,289
13517,288
13518,288
13519,288
13520,288
13521,289
13522,289
13523,289
13524,289
13525,289
13526,288
13527,288
13528,289
13529,289
13530,289
13531,289
13532,289
13533,288
13534,288
13535,288
13536,289
13537,289
13538,289
13539,289
13540,289
13541,289
13542,288
13543,289
13544,289
13545,290
13546,290
13547,289
13548,289
13549,289
13550,289
13552,288
13553,289
13554,289
13555,290
13556,289
13557,289
13558,289
13559,288
13560,288
13561,289
13562,289
13563,289
13564,290
13565,289
13566,289
13567,289
13568,288
13569,288
13570,289
13571,289
13572,290
13573,290
13574,289
13575,288
13576,288
13577,288
13578,289
13579,289
13580,289
13581,290
13582,289
13583,289
13584,288
13585,289
13586,289
13587,289
13588,290
13589,288
13590,288
13591,289
13592,289
13593,289
13595,288
13596,289
13597,289
13598,289
13599,289
13600,289
13601,288
13602,288
13603,289
13604,289
13605,289
13606,290
13607,289
13608,289
13609,288
13610,288
13611,288
13612,289
13613,289
13614,289
13615,289
13616,289
13617,289
13618,288
13619,289
13620,289
13621,289
13622,289
13623,289
13624,289
13625,289
13626,289
13627,288
13628,289
13629,289
13630,289
13631,289
13632,289
13633,288
13634,288
13635,289
13637,289
13638,289
13639,289
13640,290
13641,289
13642,288
13643,288
13644,288
13645,289
13646,290
13647,289
13648,289
13649,289
13650,289
13651,289
13652,288
13653,289
13654,289
13655,290
13656,289
13657,289
13658,289
13659,288
13660,289
13661,289
13662,289
13663,289
13664,289
13665,289
13666,289
13667,288
13668,288
13669,289
13670,289
13671,289
13672,289
13673,289
13674,289
13675,289
13676,288
13677,288
13678,289
13680,289
13681,289
13682,289
13683,289
13684,288
13685,289
13686,289
13687,289
13688,289
13689,290
13690,289
13691,289
13692,288
13693,289
13694,289
13695,289
13696,289
13697,289
13698,289
13699,289
13700,288
13701,288
13702,289
13703,289
13704,289
13705,290
13706,290
13707,289
13708,289
13709,288
13710,288
13711,287
13712,289
13713,290
13714,289
13715,289
13716,289
13717,288
13718,289
13719,289
13720,289
13721,290
13723,290
13724,289
13725,289
13726,289
13727,289
13728,289
13729,289
13730,289
13731,290
13732,289
13733,289
13734,288
13735,288
13736,288
13737,289
13738,290
13739,289
13740,289
13741,289
13742,288
13743,288
13744,289
13745,289
13746,290
13747,289
13748,289
13749,289
13750,288
13751,288
13752,288
13753,289
13754,289
13755,290
13756,289
13757,289
13758,288
13759,288
13760,288
13761,289
13762,289
13763,290
13765,289
13766,289
13767,289
13768,288
13769,288
13770,289
13771,289
13772,289
13773,289
13774,289
13775,288
13776,288
13777,288
13778,288
13779,289
13780,289
13781,289
13782,289
13783,289
13784,288
13785,289
13786,289
13787,289
13788,289
13789,289
13790,284
13791,289
13792,287
13793,289
13794,288
13795,287
13796,289
13797,290
13798,289
13799,288
13800,289
13801,288
13802,288
13803,289
13804,290
13805,290
13806,290
13808,289
13809,288
13810,288
13811,283
13812,289
13813,290
13814,290
13815,289
13816,289
13817,288
13818,288
13819,289
13820,289
13821,289
13822,289
13823,289
13824,289
13825,289
13826,289
13827,288
13828,289
13829,290
13830,289
13831,289
13832,289
13833,289
13834,288
13835,288
13836,289
13837,289
13838,289
13839,289
13840,289
13841,288
13842,288
13843,288
13844,289
13845,289
13846,289
13847,289
13848,289
13849,288
13851,288
13852,288
13853,288
13854,289
13855,289
13856,289
13857,289
13858,289
13859,289
13860,288
13861,288
13862,289
13863,289
13864,289
13865,290
13866,289
13867,288
13868,288
13869,288
13870,289
13871,289
13872,289
13873,289
13874,288
13875,288
13876,288
13877,288
13878,289
13879,289
13880,289
13881,289
13882,289
13883,288
13884,288
13885,288
13886,289
13887,289
13888,290
13889,289
13890,289
13891,288
13893,288
13894,289
13895,289
13896,289
13897,289
13898,289
13899,289
13900,288
13901,288
13902,288
13903,289
13904,289
13905,289
13906,289
13907,289
13908,289
13909,288
13910,288
13911,288
13912,289
13913,289
13914,289
13915,289
13916,289
13917,288
13918,288
13919,289
13920,289
13921,289
13922,289
13923,289
13924,289
13925,289
13926,289
13927,288
13928,289
13929,289
13930,289
13931,289
13932,288
13933,288
13934,288
13936,288
13937,289
13938,289
13939,289
13940,289
13941,289
13942,288
13943,288
13944,288
13945,289
13946,290
13947,290
13948,289
13949,289
13950,288
13951,288
13952,289
13953,289
13954,289
13955,290
13956,289
13957,289
13958,288
13959,288
13960,288
13961,289
13962,289
13963,289
13964,289
13965,289
13966,289
13967,288
13968,288
13969,288
13970,289
13971,289
13972,289
13973,289
13974,289
13975,288
13976,288
13977,289
13979,289
13980,289
13981,289
13982,289
13983,289
13984,288
13985,289
13986,289
13987,289
13988,289
13989,289
13990,289
13991,289
13992,288
13993,288
13994,289
13995,289
13996,289
13997,289
13998,289
13999,289
14000,288
14001,288
14002,288
14003,289
14004,289
14005,289
14006,289
14007,289
14008,288
14009,288
14010,288
14011,289
14012,289
14013,289
14014,289
14015,289
14016,288
14017,288
14018,288
14019,289
14021,289
14022,289
14023,289
14024,289
14025,289
14026,288
14027,289
14028,289
14029,289
14030,289
14031,289
14032,289
14033,288
14034,288
14035,288
14036,289
14037,289
14038,289
14039,289
14040,289
14041,288
14042,288
14043,288
14044,288
14045,289
14046,289
14047,290
14048,289
14049,288
14050,288
14051,288
14052,289
14053,289
14054,289
14055,289
14056,289
14057,289
14058,288
14059,288
14060,288
14061,289
14062,289
14064,289
14065,289
14066,289
14067,289
14068,288
14069,288
14070,289
14071,289
14072,289
14073,289
14074,289
14075,288
14076,288
14077,288
14078,289
14079,289
14080,289
14081,289
14082,289
14083,288
14084,288
14085,289
14086,289
14087,289
14088,289
14089,289
14090,289
14091,288
14092,288
14093,288
14094,289
14095,289
14096,289
14097,289
14098,289
14099,289
14100,288
14101,288
14102,289
14103,289
14104,289
14105,290
14107,289
14108,289
14109,288
14110,288
14111,289
14112,289
14113,289
14114,289
14115,289
14116,288
14117,288
14118,288
14119,288
14120,289
14121,289
14122,290
14123,289
14124,288
14125,289
14126,289
14127,289
14128,289
14129,289
14130,289
14131,289
14132,289
14133,288
14134,288
14135,288
14136,289
14137,289
14138,289
14139,289
14140,289
14141,288
14142,288
14143,288
14144,288
14145,289
14146,289
14147,289
14149,289
14150,288
14151,288
14152,288
14153,289
14154,289
14155,289
14156,289
14157,289
14158,288
14159,288
14160,288
14161,289
14162,289
14163,289
14164,289
14165,289
14166,289
14167,288
14168,288
14169,289
14170,289
14171,289
14172,289
14173,289
14174,289
14175,288
14176,288
14177,288
14178,289
14179,289
14180,289
14181,289
14182,289
14183,288
14184,288
14185,289
14186,289
14187,289
14188,289
14189,289
14190,289
14192,288
14193,288
14194,288
14195,289
14196,289
14197,289
14198,289
14199,289
14200,288
14201,288
14202,288
14203,289
14204,289
14205,289
14206,289
14207,289
14208,288
14209,288
14210,288
14211,289
14212,289
14213,289
14214,289
14215,289
14216,288
14217,288
14218,288
14219,289
14220,289
14221,289
14222,289
14223,289
14224,288
14225,289
14226,289
14227,289
14228,289
14229,289
14230,289
14231,289
14232,288
14233,288
14235,288
14236,289
14237,289
14238,289
14239,289
14240,289
14241,288
14242,288
14243,288
14244,288
14245,289
14246,290
14247,290
14248,289
14249,288
14250,288
14251,288
14252,289
14253,289
14254,289
14255,290
14256,289
14257,289
14258,288
14259,288
14260,288
14261,289
14262,289
14263,289
14264,289
14265,289
14266,289
14267,288
14268,288
14269,288
14270,289
14271,290
14272,289
14273,289
14274,288
14275,288
14277,289
14278,289
14279,289
14280,289
14281,289
14282,289
14283,288
14284,288
14285,288
14286,289
14287,289
14288,290
14289,289
14290,289
14291,288
14292,288
14293,288
14294,289
14295,289
14296,289
14297,289
14298,289
14299,288
14300,288
14301,288
14302,288
14303,289
14304,289
14305,289
14306,289
14307,288
14308,288
14309,288
14310,288
14311,285
14312,290
14313,290
14314,289
14315,288
14316,286
14317,288
14318,289
14320,289
14321,290
14322,290
14323,289
14324,288
14325,289
14326,289
14327,289
14328,289
14329,289
14330,288
14331,285
14332,289
14333,289
14334,288
14335,288
14336,289
14337,289
14338,289
14339,289
14340,289
14341,288
14342,288
14343,289
14344,289
14345,289
14346,290
14347,289
14348,289
14349,288
14350,288
14351,288
14352,289
14353,289
14354,289
14355,289
14356,289
14357,288
14358,288
14359,288
14360,288
14361,289
14363,289
14364,289
14365,289
14366,289
14367,289
14368,288
14369,289
14370,289
14371,289
14372,289
14373,289
14374,289
14375,288
14376,288
14377,288
14378,289
14379,289
14380,289
14381,289
14382,289
14383,288
14384,288
14385,289
14386,289
14387,289
14388,289
14389,289
14390,289
14391,289
14392,288
14393,288
14394,289
14395,289
14396,290
14397,289
14398,289
14399,288
14400,288
14401,288
14402,289
14403,289
14405,289
14406,289
14407,289
14408,288
14409,288
14410,288
14411,289
14412,289
14413,289
14414,289
14415,289
14416,289
14417,288
14418,288
14419,289
14420,289
14421,289
14422,289
14423,289
14424,289
14425,289
14426,289
14427,289
14428,289
14429,290
14430,289
14431,289
14432,288
14433,288
14434,288
14435,289
14436,289
14437,289
14438,289
14439,289
14440,288
14441,288
14442,288
14443,288
14444,289
14445,290
14446,289
14448,289
14449,289
14450,288
14451,288
14452,289
14453,289
14454,289
14455,290
14456,289
14457,289
14458,288
14459,288
14460,288
14461,289
14462,289
14463,289
14464,289
14465,289
14466,289
14467,288
14468,289
14469,289
14470,289
14471,289
14472,289
14473,289
14474,288
14475,288
14476,288
14477,289
14478,289
14479,289
14480,289
14481,289
14482,288
14483,288
14484,288
14485,289
14486,289
14487,290
14488,289
14489,289
14491,289
14492,288
14493,288
14494,289
14495,289
14496,289
14497,289
14498,289
14499,288
14500,288
14501,288
14502,288
14503,289
14504,289
14505,290
14506,289
14507,289
14508,288
14509,288
14510,288
14511,289
14512,289
14513,289
14514,289
14515,289
14516,288
14517,288
14518,289
14519,289
14520,289
14521,289
14522,289
14523,289
14524,289
14525,289
14526,289
14527,289
14528,289
14529,289
14530,289
14531,289
14533,288
14534,288
14535,288
14536,289
14537,289
14538,289
14539,289
14540,289
14541,288
14542,288
14543,288
14544,289
14545,289
14546,290
14547,290
14548,289
14549,288
14550,288
14551,289
14552,289
14553,289
14554,290
14555,289
14556,289
14557,289
14558,288
14559,288
14560,289
14561,289
14562,289
14563,290
14564,289
14565,289
14566,289
14567,288
14568,288
14569,289
14570,289
14571,289
14572,289
14573,289
14574,288
14576,288
14577,288
14578,289
14579,289
14580,289
14581,289
14582,289
14583,288
14584,288
14585,288
14586,289
14587,290
14588,289
14589,289
14590,289
14591,288
14592,288
14593,289
14594,289
14595,289
14596,289
14597,289
14598,289
14599,288
14600,288
14601,288
14602,289
14603,289
14604,289
14605,289
14606,289
14607,288
14608,288
14609,288
14610,289
14611,289
14612,289
14613,289
14614,289
14615,288
14616,288
14617,288
14619,288
14620,289
14621,289
14622,289
14623,289
14624,288
14625,288
14626,289
